molecule_chembl_id,canonical_smiles,standard_type,standard_relation,standard_value,standard_units,pIC50,pchembl_value,assay_chembl_id,document_chembl_id,target_chembl_id,target_pref_name,target_organism,assay_type,activity_comment
CHEMBL1000,O=C(O)COCCN1CCN(C(c2ccccc2)c2ccc(Cl)cc2)CC1,IC50,=,30199.52,nM,4.519999959791458,4.52,CHEMBL766814,CHEMBL1136167,CHEMBL240,Voltage-gated inwardly rectifying potassium channel KCNH2,Homo sapiens,B,
CHEMBL1000,O=C(O)COCCN1CCN(C(c2ccccc2)c2ccc(Cl)cc2)CC1,IC50,=,30199.52,nM,4.519999959791458,4.52,CHEMBL829152,CHEMBL1139598,CHEMBL240,Voltage-gated inwardly rectifying potassium channel KCNH2,Homo sapiens,B,
CHEMBL1000,O=C(O)COCCN1CCN(C(c2ccccc2)c2ccc(Cl)cc2)CC1,IC50,=,30199.52,nM,4.519999959791458,4.52,CHEMBL954102,CHEMBL1150324,CHEMBL240,Voltage-gated inwardly rectifying potassium channel KCNH2,Homo sapiens,B,
CHEMBL1000,O=C(O)COCCN1CCN(C(c2ccccc2)c2ccc(Cl)cc2)CC1,IC50,=,31622.78,nM,4.499999953328896,4.5,CHEMBL1676103,CHEMBL1671772,CHEMBL240,Voltage-gated inwardly rectifying potassium channel KCNH2,Homo sapiens,B,
CHEMBL1000,O=C(O)COCCN1CCN(C(c2ccccc2)c2ccc(Cl)cc2)CC1,IC50,=,108000.0,nM,3.9665762445130506,,CHEMBL827807,CHEMBL1137856,CHEMBL240,Voltage-gated inwardly rectifying potassium channel KCNH2,Homo sapiens,B,
CHEMBL1008,CC(C)COCC(CN(Cc1ccccc1)c1ccccc1)N1CCCC1,IC50,=,22.91,nM,7.6399749108106025,7.64,CHEMBL1676103,CHEMBL1671772,CHEMBL240,Voltage-gated inwardly rectifying potassium channel KCNH2,Homo sapiens,B,
CHEMBL1008,CC(C)COCC(CN(Cc1ccccc1)c1ccccc1)N1CCCC1,IC50,=,33.0,nM,7.481486060122112,7.48,CHEMBL3430630,CHEMBL3430321,CHEMBL240,Voltage-gated inwardly rectifying potassium channel KCNH2,Homo sapiens,F,
CHEMBL1008,CC(C)COCC(CN(Cc1ccccc1)c1ccccc1)N1CCCC1,IC50,=,430.0,nM,6.366531544420413,6.37,CHEMBL827807,CHEMBL1137856,CHEMBL240,Voltage-gated inwardly rectifying potassium channel KCNH2,Homo sapiens,B,
CHEMBL1008,CC(C)COCC(CN(Cc1ccccc1)c1ccccc1)N1CCCC1,IC50,=,549.54,nM,6.260000690598032,6.26,CHEMBL766814,CHEMBL1136167,CHEMBL240,Voltage-gated inwardly rectifying potassium channel KCNH2,Homo sapiens,B,
CHEMBL1008,CC(C)COCC(CN(Cc1ccccc1)c1ccccc1)N1CCCC1,IC50,=,549.54,nM,6.260000690598032,6.26,CHEMBL832277,CHEMBL1142050,CHEMBL240,Voltage-gated inwardly rectifying potassium channel KCNH2,Homo sapiens,F,
CHEMBL1008,CC(C)COCC(CN(Cc1ccccc1)c1ccccc1)N1CCCC1,IC50,=,549.54,nM,6.260000690598032,6.26,CHEMBL829152,CHEMBL1139598,CHEMBL240,Voltage-gated inwardly rectifying potassium channel KCNH2,Homo sapiens,B,
CHEMBL1008,CC(C)COCC(CN(Cc1ccccc1)c1ccccc1)N1CCCC1,IC50,=,549.54,nM,6.260000690598032,6.26,CHEMBL954102,CHEMBL1150324,CHEMBL240,Voltage-gated inwardly rectifying potassium channel KCNH2,Homo sapiens,B,
CHEMBL1008,CC(C)COCC(CN(Cc1ccccc1)c1ccccc1)N1CCCC1,IC50,=,549.54,nM,6.260000690598032,6.26,CHEMBL1023674,CHEMBL1158373,CHEMBL240,Voltage-gated inwardly rectifying potassium channel KCNH2,Homo sapiens,B,
CHEMBL1008,CC(C)COCC(CN(Cc1ccccc1)c1ccccc1)N1CCCC1,IC50,=,550.0,nM,6.259637310505756,6.26,CHEMBL656604,CHEMBL1135758,CHEMBL240,Voltage-gated inwardly rectifying potassium channel KCNH2,Homo sapiens,F,
CHEMBL1008,CC(C)COCC(CN(Cc1ccccc1)c1ccccc1)N1CCCC1,IC50,=,1400.0,nM,5.853871964321762,5.85,CHEMBL4606403,CHEMBL4602729,CHEMBL240,Voltage-gated inwardly rectifying potassium channel KCNH2,Homo sapiens,B,
CHEMBL1079461,Cc1ncoc1-c1nnc(SCCCN2CC3CC3(c3cccc(Cl)c3)C2)n1C,IC50,=,316.23,nM,6.499996931948306,6.5,CHEMBL1107671,CHEMBL1153718,CHEMBL240,Voltage-gated inwardly rectifying potassium channel KCNH2,Homo sapiens,B,
CHEMBL1079461,Cc1ncoc1-c1nnc(SCCCN2CC3CC3(c3cccc(Cl)c3)C2)n1C,IC50,=,1258.93,nM,5.899998417198648,5.9,CHEMBL1107671,CHEMBL1153718,CHEMBL240,Voltage-gated inwardly rectifying potassium channel KCNH2,Homo sapiens,B,
CHEMBL1079461,Cc1ncoc1-c1nnc(SCCCN2CC3CC3(c3cccc(Cl)c3)C2)n1C,IC50,=,1584.89,nM,5.800000874803203,5.8,CHEMBL1107671,CHEMBL1153718,CHEMBL240,Voltage-gated inwardly rectifying potassium channel KCNH2,Homo sapiens,B,
CHEMBL1079462,Cc1ncoc1-c1nnc(SCCCN2CC3CC3(c3ccc(F)cc3)C2)n1C,IC50,=,316.23,nM,6.499996931948306,6.5,CHEMBL1107671,CHEMBL1153718,CHEMBL240,Voltage-gated inwardly rectifying potassium channel KCNH2,Homo sapiens,B,
CHEMBL1079462,Cc1ncoc1-c1nnc(SCCCN2CC3CC3(c3ccc(F)cc3)C2)n1C,IC50,=,1995.26,nM,5.700000503883016,5.7,CHEMBL1107671,CHEMBL1153718,CHEMBL240,Voltage-gated inwardly rectifying potassium channel KCNH2,Homo sapiens,B,
CHEMBL1079481,Cc1ncoc1-c1nnc(SCCCN2CC3CC3(c3ccc(C(F)(F)F)cc3)C2)n1C,IC50,=,1000.0,nM,6.0,6.0,CHEMBL1107671,CHEMBL1153718,CHEMBL240,Voltage-gated inwardly rectifying potassium channel KCNH2,Homo sapiens,B,
CHEMBL1079481,Cc1ncoc1-c1nnc(SCCCN2CC3CC3(c3ccc(C(F)(F)F)cc3)C2)n1C,IC50,=,1000.0,nM,6.0,6.0,CHEMBL1211615,CHEMBL1208692,CHEMBL240,Voltage-gated inwardly rectifying potassium channel KCNH2,Homo sapiens,B,
CHEMBL1079481,Cc1ncoc1-c1nnc(SCCCN2CC3CC3(c3ccc(C(F)(F)F)cc3)C2)n1C,IC50,=,1000.0,nM,6.0,6.0,CHEMBL1225700,CHEMBL1221332,CHEMBL240,Voltage-gated inwardly rectifying potassium channel KCNH2,Homo sapiens,B,
CHEMBL1079481,Cc1ncoc1-c1nnc(SCCCN2CC3CC3(c3ccc(C(F)(F)F)cc3)C2)n1C,IC50,=,1000.0,nM,6.0,6.0,CHEMBL1261450,CHEMBL1255216,CHEMBL240,Voltage-gated inwardly rectifying potassium channel KCNH2,Homo sapiens,B,
CHEMBL1079494,COc1ccc(C23CC2CN(CCCSc2nnc(-c4ocnc4C)n2C)C3)cc1Cl,IC50,=,794.33,nM,6.0999990348465305,6.1,CHEMBL1107671,CHEMBL1153718,CHEMBL240,Voltage-gated inwardly rectifying potassium channel KCNH2,Homo sapiens,B,
CHEMBL1079494,COc1ccc(C23CC2CN(CCCSc2nnc(-c4ocnc4C)n2C)C3)cc1Cl,IC50,=,1995.26,nM,5.700000503883016,5.7,CHEMBL1107671,CHEMBL1153718,CHEMBL240,Voltage-gated inwardly rectifying potassium channel KCNH2,Homo sapiens,B,
CHEMBL1079494,COc1ccc(C23CC2CN(CCCSc2nnc(-c4ocnc4C)n2C)C3)cc1Cl,IC50,=,3981.07,nM,5.40000018605658,5.4,CHEMBL1107671,CHEMBL1153718,CHEMBL240,Voltage-gated inwardly rectifying potassium channel KCNH2,Homo sapiens,B,
CHEMBL1079578,COc1ccc(C23CC2CN(CCCSc2nnc(-c4cccc5nc(C)ccc45)n2C)C3)cc1,IC50,=,630.96,nM,6.199998172182031,6.2,CHEMBL1107671,CHEMBL1153718,CHEMBL240,Voltage-gated inwardly rectifying potassium channel KCNH2,Homo sapiens,B,
CHEMBL1079578,COc1ccc(C23CC2CN(CCCSc2nnc(-c4cccc5nc(C)ccc45)n2C)C3)cc1,IC50,=,2511.89,nM,5.59999938302362,5.6,CHEMBL1107671,CHEMBL1153718,CHEMBL240,Voltage-gated inwardly rectifying potassium channel KCNH2,Homo sapiens,B,
CHEMBL1079837,COc1ccc(C23CC2CN(CCCSc2nnc(-c4ocnc4C)n2C)C3)cc1,IC50,=,1258.93,nM,5.899998417198648,5.9,CHEMBL1107671,CHEMBL1153718,CHEMBL240,Voltage-gated inwardly rectifying potassium channel KCNH2,Homo sapiens,B,
CHEMBL1079837,COc1ccc(C23CC2CN(CCCSc2nnc(-c4ocnc4C)n2C)C3)cc1,IC50,=,1995.26,nM,5.700000503883016,5.7,CHEMBL1107671,CHEMBL1153718,CHEMBL240,Voltage-gated inwardly rectifying potassium channel KCNH2,Homo sapiens,B,
CHEMBL1079837,COc1ccc(C23CC2CN(CCCSc2nnc(-c4ocnc4C)n2C)C3)cc1,IC50,=,2511.89,nM,5.59999938302362,5.6,CHEMBL1107671,CHEMBL1153718,CHEMBL240,Voltage-gated inwardly rectifying potassium channel KCNH2,Homo sapiens,B,
CHEMBL1079938,Cc1ncoc1-c1nnc(SCCCN2CC3CC3(c3cccc(C(F)(F)F)c3F)C2)n1C,IC50,=,1000.0,nM,6.0,6.0,CHEMBL1107671,CHEMBL1153718,CHEMBL240,Voltage-gated inwardly rectifying potassium channel KCNH2,Homo sapiens,B,
CHEMBL1079938,Cc1ncoc1-c1nnc(SCCCN2CC3CC3(c3cccc(C(F)(F)F)c3F)C2)n1C,IC50,=,3162.28,nM,5.499999678657065,5.5,CHEMBL1107671,CHEMBL1153718,CHEMBL240,Voltage-gated inwardly rectifying potassium channel KCNH2,Homo sapiens,B,
CHEMBL1079938,Cc1ncoc1-c1nnc(SCCCN2CC3CC3(c3cccc(C(F)(F)F)c3F)C2)n1C,IC50,=,3981.07,nM,5.40000018605658,5.4,CHEMBL1107671,CHEMBL1153718,CHEMBL240,Voltage-gated inwardly rectifying potassium channel KCNH2,Homo sapiens,B,
CHEMBL1079980,Cc1ncoc1-c1nnc(SCCCN2CC3CC3(c3cccc(F)c3)C2)n1C,IC50,=,1000.0,nM,6.0,6.0,CHEMBL1107671,CHEMBL1153718,CHEMBL240,Voltage-gated inwardly rectifying potassium channel KCNH2,Homo sapiens,B,
CHEMBL1079980,Cc1ncoc1-c1nnc(SCCCN2CC3CC3(c3cccc(F)c3)C2)n1C,IC50,=,1995.26,nM,5.700000503883016,5.7,CHEMBL1107671,CHEMBL1153718,CHEMBL240,Voltage-gated inwardly rectifying potassium channel KCNH2,Homo sapiens,B,
CHEMBL1080117,Cc1ccc2c(-c3nnc(SCCCN4CC5CC5(c5ccc(Cl)cc5)C4)n3C)cccc2n1,IC50,=,199.53,nM,6.699991797446187,6.7,CHEMBL1107671,CHEMBL1153718,CHEMBL240,Voltage-gated inwardly rectifying potassium channel KCNH2,Homo sapiens,B,
CHEMBL1080117,Cc1ccc2c(-c3nnc(SCCCN4CC5CC5(c5ccc(Cl)cc5)C4)n3C)cccc2n1,IC50,=,1584.89,nM,5.800000874803203,5.8,CHEMBL1107671,CHEMBL1153718,CHEMBL240,Voltage-gated inwardly rectifying potassium channel KCNH2,Homo sapiens,B,
CHEMBL1080117,Cc1ccc2c(-c3nnc(SCCCN4CC5CC5(c5ccc(Cl)cc5)C4)n3C)cccc2n1,IC50,=,1995.26,nM,5.700000503883016,5.7,CHEMBL1107671,CHEMBL1153718,CHEMBL240,Voltage-gated inwardly rectifying potassium channel KCNH2,Homo sapiens,B,
CHEMBL1080126,Cc1ncoc1-c1nnc(SCCCN2CC3CC3(c3ccc(C(F)(F)F)c(F)c3)C2)n1C,IC50,=,398.11,nM,6.399996913372259,6.4,CHEMBL1107671,CHEMBL1153718,CHEMBL240,Voltage-gated inwardly rectifying potassium channel KCNH2,Homo sapiens,B,
CHEMBL1080126,Cc1ncoc1-c1nnc(SCCCN2CC3CC3(c3ccc(C(F)(F)F)c(F)c3)C2)n1C,IC50,=,630.96,nM,6.199998172182031,6.2,CHEMBL1107671,CHEMBL1153718,CHEMBL240,Voltage-gated inwardly rectifying potassium channel KCNH2,Homo sapiens,B,
CHEMBL1080489,COc1cccc(C23CC2CN(CCCSc2nnc(-c4ocnc4C)n2C)C3)c1,IC50,=,1584.89,nM,5.800000874803203,5.8,CHEMBL1107671,CHEMBL1153718,CHEMBL240,Voltage-gated inwardly rectifying potassium channel KCNH2,Homo sapiens,B,
CHEMBL1080489,COc1cccc(C23CC2CN(CCCSc2nnc(-c4ocnc4C)n2C)C3)c1,IC50,=,3981.07,nM,5.40000018605658,5.4,CHEMBL1107671,CHEMBL1153718,CHEMBL240,Voltage-gated inwardly rectifying potassium channel KCNH2,Homo sapiens,B,
CHEMBL1080489,COc1cccc(C23CC2CN(CCCSc2nnc(-c4ocnc4C)n2C)C3)c1,IC50,=,6309.57,nM,5.200000237109354,5.2,CHEMBL1107671,CHEMBL1153718,CHEMBL240,Voltage-gated inwardly rectifying potassium channel KCNH2,Homo sapiens,B,
CHEMBL1080490,Cc1ncoc1-c1nnc(SCCCN2CC3CC3(c3ccc(Cl)cc3)C2)n1C,IC50,=,110.0,nM,6.958607314841775,6.96,CHEMBL1107673,CHEMBL1153718,CHEMBL240,Voltage-gated inwardly rectifying potassium channel KCNH2,Homo sapiens,B,
CHEMBL1080490,Cc1ncoc1-c1nnc(SCCCN2CC3CC3(c3ccc(Cl)cc3)C2)n1C,IC50,=,398.11,nM,6.399996913372259,6.4,CHEMBL1107671,CHEMBL1153718,CHEMBL240,Voltage-gated inwardly rectifying potassium channel KCNH2,Homo sapiens,B,
CHEMBL1080490,Cc1ncoc1-c1nnc(SCCCN2CC3CC3(c3ccc(Cl)cc3)C2)n1C,IC50,=,794.33,nM,6.0999990348465305,6.1,CHEMBL1107671,CHEMBL1153718,CHEMBL240,Voltage-gated inwardly rectifying potassium channel KCNH2,Homo sapiens,B,
CHEMBL1080787,CC(C)CN(C(=O)c1cccc(Cl)c1Cl)[C@H]1CCNC1,IC50,=,20000.0,nM,4.698970004336019,4.7,CHEMBL1112305,CHEMBL1154203,CHEMBL240,Voltage-gated inwardly rectifying potassium channel KCNH2,Homo sapiens,B,
CHEMBL1080787,CC(C)CN(C(=O)c1cccc(Cl)c1Cl)[C@H]1CCNC1,IC50,=,20000.0,nM,4.698970004336019,4.7,CHEMBL1120514,CHEMBL1155538,CHEMBL240,Voltage-gated inwardly rectifying potassium channel KCNH2,Homo sapiens,B,
CHEMBL1080846,Cc1ncoc1-c1nnc(SCCCN2CC3CC3(c3ccc(Cl)c(Cl)c3)C2)n1C,IC50,=,501.19,nM,6.299997602857746,6.3,CHEMBL1107671,CHEMBL1153718,CHEMBL240,Voltage-gated inwardly rectifying potassium channel KCNH2,Homo sapiens,B,
CHEMBL1080846,Cc1ncoc1-c1nnc(SCCCN2CC3CC3(c3ccc(Cl)c(Cl)c3)C2)n1C,IC50,=,1000.0,nM,6.0,6.0,CHEMBL1107671,CHEMBL1153718,CHEMBL240,Voltage-gated inwardly rectifying potassium channel KCNH2,Homo sapiens,B,
CHEMBL1081023,Cc1ncoc1-c1nnc(SCCCN2CC3CC3(c3ccc(C(F)(F)F)cc3F)C2)n1C,IC50,=,460.0,nM,6.337242168318426,6.34,CHEMBL1107673,CHEMBL1153718,CHEMBL240,Voltage-gated inwardly rectifying potassium channel KCNH2,Homo sapiens,B,
CHEMBL1081023,Cc1ncoc1-c1nnc(SCCCN2CC3CC3(c3ccc(C(F)(F)F)cc3F)C2)n1C,IC50,=,501.19,nM,6.299997602857746,6.3,CHEMBL1107671,CHEMBL1153718,CHEMBL240,Voltage-gated inwardly rectifying potassium channel KCNH2,Homo sapiens,B,
CHEMBL1081023,Cc1ncoc1-c1nnc(SCCCN2CC3CC3(c3ccc(C(F)(F)F)cc3F)C2)n1C,IC50,=,794.33,nM,6.0999990348465305,6.1,CHEMBL1107671,CHEMBL1153718,CHEMBL240,Voltage-gated inwardly rectifying potassium channel KCNH2,Homo sapiens,B,
CHEMBL1081023,Cc1ncoc1-c1nnc(SCCCN2CC3CC3(c3ccc(C(F)(F)F)cc3F)C2)n1C,IC50,=,1000.0,nM,6.0,6.0,CHEMBL1107671,CHEMBL1153718,CHEMBL240,Voltage-gated inwardly rectifying potassium channel KCNH2,Homo sapiens,B,
CHEMBL1081203,Cc1ccc2c(-c3nnc(SCCCN4CC5CC5(c5ccccc5)C4)n3C)cccc2n1,IC50,=,794.33,nM,6.0999990348465305,6.1,CHEMBL1107671,CHEMBL1153718,CHEMBL240,Voltage-gated inwardly rectifying potassium channel KCNH2,Homo sapiens,B,
CHEMBL1081203,Cc1ccc2c(-c3nnc(SCCCN4CC5CC5(c5ccccc5)C4)n3C)cccc2n1,IC50,=,1995.26,nM,5.700000503883016,5.7,CHEMBL1107671,CHEMBL1153718,CHEMBL240,Voltage-gated inwardly rectifying potassium channel KCNH2,Homo sapiens,B,
CHEMBL1081203,Cc1ccc2c(-c3nnc(SCCCN4CC5CC5(c5ccccc5)C4)n3C)cccc2n1,IC50,=,5011.87,nM,5.300000202445418,5.3,CHEMBL1107671,CHEMBL1153718,CHEMBL240,Voltage-gated inwardly rectifying potassium channel KCNH2,Homo sapiens,B,
CHEMBL1081237,Cc1ccc2c(-c3nnc(SCCCN4CC5CC5(c5ccc(Cl)c(Cl)c5)C4)n3C)cccc2n1,IC50,=,630.96,nM,6.199998172182031,6.2,CHEMBL1107671,CHEMBL1153718,CHEMBL240,Voltage-gated inwardly rectifying potassium channel KCNH2,Homo sapiens,B,
CHEMBL1081237,Cc1ccc2c(-c3nnc(SCCCN4CC5CC5(c5ccc(Cl)c(Cl)c5)C4)n3C)cccc2n1,IC50,=,1000.0,nM,6.0,6.0,CHEMBL1107671,CHEMBL1153718,CHEMBL240,Voltage-gated inwardly rectifying potassium channel KCNH2,Homo sapiens,B,
CHEMBL1081237,Cc1ccc2c(-c3nnc(SCCCN4CC5CC5(c5ccc(Cl)c(Cl)c5)C4)n3C)cccc2n1,IC50,=,1584.89,nM,5.800000874803203,5.8,CHEMBL1107671,CHEMBL1153718,CHEMBL240,Voltage-gated inwardly rectifying potassium channel KCNH2,Homo sapiens,B,
CHEMBL1081409,Cc1ncoc1-c1nnc(SCCCN2C[C@@H]3C[C@]3(c3ccc(C(F)(F)F)cc3)C2)n1C,IC50,=,200.0,nM,6.698970004336019,6.7,CHEMBL1107673,CHEMBL1153718,CHEMBL240,Voltage-gated inwardly rectifying potassium channel KCNH2,Homo sapiens,B,
CHEMBL1081409,Cc1ncoc1-c1nnc(SCCCN2C[C@@H]3C[C@]3(c3ccc(C(F)(F)F)cc3)C2)n1C,IC50,=,794.33,nM,6.0999990348465305,6.1,CHEMBL1107671,CHEMBL1153718,CHEMBL240,Voltage-gated inwardly rectifying potassium channel KCNH2,Homo sapiens,B,
CHEMBL1081587,Cc1ncoc1-c1nnc(SCCCN2CC3CC3(c3ccc(F)c(C(F)(F)F)c3)C2)n1C,IC50,=,501.19,nM,6.299997602857746,6.3,CHEMBL1107671,CHEMBL1153718,CHEMBL240,Voltage-gated inwardly rectifying potassium channel KCNH2,Homo sapiens,B,
CHEMBL1081587,Cc1ncoc1-c1nnc(SCCCN2CC3CC3(c3ccc(F)c(C(F)(F)F)c3)C2)n1C,IC50,=,1995.26,nM,5.700000503883016,5.7,CHEMBL1107671,CHEMBL1153718,CHEMBL240,Voltage-gated inwardly rectifying potassium channel KCNH2,Homo sapiens,B,
CHEMBL1081587,Cc1ncoc1-c1nnc(SCCCN2CC3CC3(c3ccc(F)c(C(F)(F)F)c3)C2)n1C,IC50,=,2511.89,nM,5.59999938302362,5.6,CHEMBL1107671,CHEMBL1153718,CHEMBL240,Voltage-gated inwardly rectifying potassium channel KCNH2,Homo sapiens,B,
CHEMBL1081687,Cc1ncccc1-c1nnc(SCCCN2C[C@@H]3C[C@]3(c3ccc(C(F)(F)F)cc3)C2)n1C,IC50,=,390.0,nM,6.4089353929735005,6.41,CHEMBL1107673,CHEMBL1153718,CHEMBL240,Voltage-gated inwardly rectifying potassium channel KCNH2,Homo sapiens,B,
CHEMBL1081687,Cc1ncccc1-c1nnc(SCCCN2C[C@@H]3C[C@]3(c3ccc(C(F)(F)F)cc3)C2)n1C,IC50,=,5011.87,nM,5.300000202445418,5.3,CHEMBL1107671,CHEMBL1153718,CHEMBL240,Voltage-gated inwardly rectifying potassium channel KCNH2,Homo sapiens,B,
CHEMBL1081746,Cc1nc(C)c(-c2nnc(SCCCN3C[C@@H]4C[C@]4(c4ccc(C(F)(F)F)cc4)C3)n2C)s1,IC50,=,350.0,nM,6.455931955649724,6.46,CHEMBL1107673,CHEMBL1153718,CHEMBL240,Voltage-gated inwardly rectifying potassium channel KCNH2,Homo sapiens,B,
CHEMBL1081746,Cc1nc(C)c(-c2nnc(SCCCN3C[C@@H]4C[C@]4(c4ccc(C(F)(F)F)cc4)C3)n2C)s1,IC50,=,1995.26,nM,5.700000503883016,5.7,CHEMBL1107671,CHEMBL1153718,CHEMBL240,Voltage-gated inwardly rectifying potassium channel KCNH2,Homo sapiens,B,
CHEMBL1081747,Cc1ncoc1-c1nnc(SCCCN2CC3CC3(c3ccc(Cl)cc3F)C2)n1C,IC50,=,398.11,nM,6.399996913372259,6.4,CHEMBL1107671,CHEMBL1153718,CHEMBL240,Voltage-gated inwardly rectifying potassium channel KCNH2,Homo sapiens,B,
CHEMBL1081747,Cc1ncoc1-c1nnc(SCCCN2CC3CC3(c3ccc(Cl)cc3F)C2)n1C,IC50,=,501.19,nM,6.299997602857746,6.3,CHEMBL1107671,CHEMBL1153718,CHEMBL240,Voltage-gated inwardly rectifying potassium channel KCNH2,Homo sapiens,B,
CHEMBL1081747,Cc1ncoc1-c1nnc(SCCCN2CC3CC3(c3ccc(Cl)cc3F)C2)n1C,IC50,=,1000.0,nM,6.0,6.0,CHEMBL1107671,CHEMBL1153718,CHEMBL240,Voltage-gated inwardly rectifying potassium channel KCNH2,Homo sapiens,B,
CHEMBL1081867,Cn1c(SCCCN2C[C@@H]3C[C@]3(c3ccc(C(F)(F)F)cc3)C2)nnc1-c1ccnnc1,IC50,=,470.0,nM,6.327902142064282,6.33,CHEMBL1107673,CHEMBL1153718,CHEMBL240,Voltage-gated inwardly rectifying potassium channel KCNH2,Homo sapiens,B,
CHEMBL1081867,Cn1c(SCCCN2C[C@@H]3C[C@]3(c3ccc(C(F)(F)F)cc3)C2)nnc1-c1ccnnc1,IC50,=,3981.07,nM,5.40000018605658,5.4,CHEMBL1107671,CHEMBL1153718,CHEMBL240,Voltage-gated inwardly rectifying potassium channel KCNH2,Homo sapiens,B,
CHEMBL1081868,Cc1ncoc1-c1nnc(SCCCN2CC3CC3(c3cc(F)cc(C(F)(F)F)c3)C2)n1C,IC50,=,1000.0,nM,6.0,6.0,CHEMBL1107671,CHEMBL1153718,CHEMBL240,Voltage-gated inwardly rectifying potassium channel KCNH2,Homo sapiens,B,
CHEMBL1081868,Cc1ncoc1-c1nnc(SCCCN2CC3CC3(c3cc(F)cc(C(F)(F)F)c3)C2)n1C,IC50,=,1995.26,nM,5.700000503883016,5.7,CHEMBL1107671,CHEMBL1153718,CHEMBL240,Voltage-gated inwardly rectifying potassium channel KCNH2,Homo sapiens,B,
CHEMBL1081869,Cc1ccc(C23CC2CN(CCCSc2nnc(-c4ocnc4C)n2C)C3)c(F)c1,IC50,=,1000.0,nM,6.0,6.0,CHEMBL1107671,CHEMBL1153718,CHEMBL240,Voltage-gated inwardly rectifying potassium channel KCNH2,Homo sapiens,B,
CHEMBL1081869,Cc1ccc(C23CC2CN(CCCSc2nnc(-c4ocnc4C)n2C)C3)c(F)c1,IC50,=,6309.57,nM,5.200000237109354,5.2,CHEMBL1107671,CHEMBL1153718,CHEMBL240,Voltage-gated inwardly rectifying potassium channel KCNH2,Homo sapiens,B,
CHEMBL1081869,Cc1ccc(C23CC2CN(CCCSc2nnc(-c4ocnc4C)n2C)C3)c(F)c1,IC50,=,39810.72,nM,4.399999967876858,4.4,CHEMBL1107671,CHEMBL1153718,CHEMBL240,Voltage-gated inwardly rectifying potassium channel KCNH2,Homo sapiens,B,
CHEMBL1081934,Cc1ncoc1-c1nnc(SCCCN2CC3CC3(c3cccc(OC(F)(F)F)c3)C2)n1C,IC50,=,630.96,nM,6.199998172182031,6.2,CHEMBL1107671,CHEMBL1153718,CHEMBL240,Voltage-gated inwardly rectifying potassium channel KCNH2,Homo sapiens,B,
CHEMBL1081934,Cc1ncoc1-c1nnc(SCCCN2CC3CC3(c3cccc(OC(F)(F)F)c3)C2)n1C,IC50,=,1000.0,nM,6.0,6.0,CHEMBL1107671,CHEMBL1153718,CHEMBL240,Voltage-gated inwardly rectifying potassium channel KCNH2,Homo sapiens,B,
CHEMBL1081957,Cc1ncoc1-c1nnc(SCCCN2CC3CC3(c3cccc(C(F)(F)F)c3)C2)n1C,IC50,=,2511.89,nM,5.59999938302362,5.6,CHEMBL1107671,CHEMBL1153718,CHEMBL240,Voltage-gated inwardly rectifying potassium channel KCNH2,Homo sapiens,B,
CHEMBL1081957,Cc1ncoc1-c1nnc(SCCCN2CC3CC3(c3cccc(C(F)(F)F)c3)C2)n1C,IC50,=,3162.28,nM,5.499999678657065,5.5,CHEMBL1107671,CHEMBL1153718,CHEMBL240,Voltage-gated inwardly rectifying potassium channel KCNH2,Homo sapiens,B,
CHEMBL1081957,Cc1ncoc1-c1nnc(SCCCN2CC3CC3(c3cccc(C(F)(F)F)c3)C2)n1C,IC50,=,3162.28,nM,5.499999678657065,5.5,CHEMBL1211615,CHEMBL1208692,CHEMBL240,Voltage-gated inwardly rectifying potassium channel KCNH2,Homo sapiens,B,
CHEMBL1081957,Cc1ncoc1-c1nnc(SCCCN2CC3CC3(c3cccc(C(F)(F)F)c3)C2)n1C,IC50,=,7943.28,nM,5.100000128334196,5.1,CHEMBL1107671,CHEMBL1153718,CHEMBL240,Voltage-gated inwardly rectifying potassium channel KCNH2,Homo sapiens,B,
CHEMBL1081966,Cc1ncoc1-c1nnc(SCCCN2CC3CC3(c3ccc(OC(F)(F)F)cc3)C2)n1C,IC50,=,199.53,nM,6.699991797446187,6.7,CHEMBL1107671,CHEMBL1153718,CHEMBL240,Voltage-gated inwardly rectifying potassium channel KCNH2,Homo sapiens,B,
CHEMBL1081966,Cc1ncoc1-c1nnc(SCCCN2CC3CC3(c3ccc(OC(F)(F)F)cc3)C2)n1C,IC50,=,251.19,nM,6.599997654072045,6.6,CHEMBL1107671,CHEMBL1153718,CHEMBL240,Voltage-gated inwardly rectifying potassium channel KCNH2,Homo sapiens,B,
CHEMBL1081966,Cc1ncoc1-c1nnc(SCCCN2CC3CC3(c3ccc(OC(F)(F)F)cc3)C2)n1C,IC50,=,316.23,nM,6.499996931948306,6.5,CHEMBL1107671,CHEMBL1153718,CHEMBL240,Voltage-gated inwardly rectifying potassium channel KCNH2,Homo sapiens,B,
CHEMBL1082106,Cc1ncoc1-c1nnc(SCCCN2CC3CC3(c3ccc(Br)cc3)C2)n1C,IC50,=,398.11,nM,6.399996913372259,6.4,CHEMBL1107671,CHEMBL1153718,CHEMBL240,Voltage-gated inwardly rectifying potassium channel KCNH2,Homo sapiens,B,
CHEMBL1082106,Cc1ncoc1-c1nnc(SCCCN2CC3CC3(c3ccc(Br)cc3)C2)n1C,IC50,=,501.19,nM,6.299997602857746,6.3,CHEMBL1107671,CHEMBL1153718,CHEMBL240,Voltage-gated inwardly rectifying potassium channel KCNH2,Homo sapiens,B,
CHEMBL1082106,Cc1ncoc1-c1nnc(SCCCN2CC3CC3(c3ccc(Br)cc3)C2)n1C,IC50,=,794.33,nM,6.0999990348465305,6.1,CHEMBL1107671,CHEMBL1153718,CHEMBL240,Voltage-gated inwardly rectifying potassium channel KCNH2,Homo sapiens,B,
CHEMBL1082111,Cc1ncoc1-c1nnc(SCCCN2CC3CC3(c3cc(C(F)(F)F)ccc3F)C2)n1C,IC50,=,1258.93,nM,5.899998417198648,5.9,CHEMBL1107671,CHEMBL1153718,CHEMBL240,Voltage-gated inwardly rectifying potassium channel KCNH2,Homo sapiens,B,
CHEMBL1082111,Cc1ncoc1-c1nnc(SCCCN2CC3CC3(c3cc(C(F)(F)F)ccc3F)C2)n1C,IC50,=,3981.07,nM,5.40000018605658,5.4,CHEMBL1107671,CHEMBL1153718,CHEMBL240,Voltage-gated inwardly rectifying potassium channel KCNH2,Homo sapiens,B,
CHEMBL1082111,Cc1ncoc1-c1nnc(SCCCN2CC3CC3(c3cc(C(F)(F)F)ccc3F)C2)n1C,IC50,=,10000.0,nM,5.0,5.0,CHEMBL1107671,CHEMBL1153718,CHEMBL240,Voltage-gated inwardly rectifying potassium channel KCNH2,Homo sapiens,B,
CHEMBL1082723,C[C@H]1Cc2c([nH]c3cc(Cl)c(F)cc23)[C@@]2(N1)C(=O)Nc1ccc(Cl)cc12,IC50,=,30440.0,nM,4.516555351901465,4.52,CHEMBL1247720,CHEMBL1240532,CHEMBL240,Voltage-gated inwardly rectifying potassium channel KCNH2,Homo sapiens,B,
CHEMBL1082723,C[C@H]1Cc2c([nH]c3cc(Cl)c(F)cc23)[C@@]2(N1)C(=O)Nc1ccc(Cl)cc12,IC50,=,30440.0,nM,4.516555351901465,4.52,CHEMBL5104430,CHEMBL5104092,CHEMBL240,Voltage-gated inwardly rectifying potassium channel KCNH2,Homo sapiens,T,
CHEMBL1083426,Fc1ccccc1C(Cc1ccccc1OC(F)(F)F)N1CCNCC1,IC50,=,760.0,nM,6.119186407719209,6.12,CHEMBL1120514,CHEMBL1155538,CHEMBL240,Voltage-gated inwardly rectifying potassium channel KCNH2,Homo sapiens,B,
CHEMBL1083426,Fc1ccccc1C(Cc1ccccc1OC(F)(F)F)N1CCNCC1,IC50,=,2050.0,nM,5.688246138944246,5.69,CHEMBL1120514,CHEMBL1155538,CHEMBL240,Voltage-gated inwardly rectifying potassium channel KCNH2,Homo sapiens,B,
CHEMBL1083426,Fc1ccccc1C(Cc1ccccc1OC(F)(F)F)N1CCNCC1,IC50,=,7600.0,nM,5.119186407719209,5.12,CHEMBL1120514,CHEMBL1155538,CHEMBL240,Voltage-gated inwardly rectifying potassium channel KCNH2,Homo sapiens,B,
CHEMBL1083708,FC(F)Oc1ccccc1CC(c1ccccc1)N1CCNCC1,IC50,=,10700.0,nM,4.97061622231479,4.97,CHEMBL1120514,CHEMBL1155538,CHEMBL240,Voltage-gated inwardly rectifying potassium channel KCNH2,Homo sapiens,B,
CHEMBL1083708,FC(F)Oc1ccccc1CC(c1ccccc1)N1CCNCC1,IC50,=,12700.0,nM,4.896196279044043,4.9,CHEMBL1120514,CHEMBL1155538,CHEMBL240,Voltage-gated inwardly rectifying potassium channel KCNH2,Homo sapiens,B,
CHEMBL1083708,FC(F)Oc1ccccc1CC(c1ccccc1)N1CCNCC1,IC50,=,15300.0,nM,4.815308569182402,4.82,CHEMBL1120514,CHEMBL1155538,CHEMBL240,Voltage-gated inwardly rectifying potassium channel KCNH2,Homo sapiens,B,
CHEMBL1084033,Fc1ccc(C(Cc2ccccc2OC(F)(F)F)N2CCNCC2)cc1,IC50,=,4950.0,nM,5.305394801066431,5.3,CHEMBL1120514,CHEMBL1155538,CHEMBL240,Voltage-gated inwardly rectifying potassium channel KCNH2,Homo sapiens,B,
CHEMBL1084033,Fc1ccc(C(Cc2ccccc2OC(F)(F)F)N2CCNCC2)cc1,IC50,=,8050.0,nM,5.094204119632131,5.09,CHEMBL1120514,CHEMBL1155538,CHEMBL240,Voltage-gated inwardly rectifying potassium channel KCNH2,Homo sapiens,B,
CHEMBL1084033,Fc1ccc(C(Cc2ccccc2OC(F)(F)F)N2CCNCC2)cc1,IC50,=,9640.0,nM,5.015922966097169,5.02,CHEMBL1120514,CHEMBL1155538,CHEMBL240,Voltage-gated inwardly rectifying potassium channel KCNH2,Homo sapiens,B,
CHEMBL1088,CN1CCCCC1CCN1c2ccccc2Sc2ccc([S+](C)[O-])cc21,IC50,=,316.23,nM,6.499996931948306,6.5,CHEMBL1676103,CHEMBL1671772,CHEMBL240,Voltage-gated inwardly rectifying potassium channel KCNH2,Homo sapiens,B,
CHEMBL1088,CN1CCCCC1CCN1c2ccccc2Sc2ccc([S+](C)[O-])cc21,IC50,=,320.0,nM,6.494850021680094,6.5,CHEMBL1027667,CHEMBL1137783,CHEMBL240,Voltage-gated inwardly rectifying potassium channel KCNH2,Homo sapiens,B,
CHEMBL1088,CN1CCCCC1CCN1c2ccccc2Sc2ccc([S+](C)[O-])cc21,IC50,=,323.59,nM,6.4900049079866005,6.49,CHEMBL766814,CHEMBL1136167,CHEMBL240,Voltage-gated inwardly rectifying potassium channel KCNH2,Homo sapiens,B,
CHEMBL1088,CN1CCCCC1CCN1c2ccccc2Sc2ccc([S+](C)[O-])cc21,IC50,=,323.59,nM,6.4900049079866005,6.49,CHEMBL954102,CHEMBL1150324,CHEMBL240,Voltage-gated inwardly rectifying potassium channel KCNH2,Homo sapiens,B,
CHEMBL1088,CN1CCCCC1CCN1c2ccccc2Sc2ccc([S+](C)[O-])cc21,IC50,=,549.54,nM,6.260000690598032,6.26,CHEMBL829152,CHEMBL1139598,CHEMBL240,Voltage-gated inwardly rectifying potassium channel KCNH2,Homo sapiens,B,
CHEMBL1088949,Cc1[nH]c2ccccc2c1CCN1Cc2ccc(/C=C/C(=O)NO)cc2C1,IC50,=,4800.0,nM,5.318758762624412,5.32,CHEMBL1111711,CHEMBL1156307,CHEMBL240,Voltage-gated inwardly rectifying potassium channel KCNH2,Homo sapiens,B,
CHEMBL1088949,Cc1[nH]c2ccccc2c1CCN1Cc2ccc(/C=C/C(=O)NO)cc2C1,IC50,=,4800.0,nM,5.318758762624412,5.32,CHEMBL1810945,CHEMBL1806458,CHEMBL240,Voltage-gated inwardly rectifying potassium channel KCNH2,Homo sapiens,B,
CHEMBL1089078,O=C(NCc1ccc(F)cc1)N(c1ccc(Br)cc1)C1CCN(CCO)CC1,IC50,=,7880.0,nM,5.103473782510445,5.1,CHEMBL1107892,CHEMBL1156281,CHEMBL240,Voltage-gated inwardly rectifying potassium channel KCNH2,Homo sapiens,B,
CHEMBL1089078,O=C(NCc1ccc(F)cc1)N(c1ccc(Br)cc1)C1CCN(CCO)CC1,IC50,=,7880.0,nM,5.103473782510445,5.1,CHEMBL1827362,CHEMBL1821550,CHEMBL240,Voltage-gated inwardly rectifying potassium channel KCNH2,Homo sapiens,B,
CHEMBL1091605,CC(C)N(C)[C@@H]1CC[C@H](N2CC[C@H](NC(=O)c3cccc(C(F)(F)F)c3)C2=O)[C@H](CS(=O)(=O)c2ccccc2)C1,IC50,=,30000.0,nM,4.522878745280337,4.52,CHEMBL1104433,CHEMBL1156220,CHEMBL240,Voltage-gated inwardly rectifying potassium channel KCNH2,Homo sapiens,B,
CHEMBL1091605,CC(C)N(C)[C@@H]1CC[C@H](N2CC[C@H](NC(=O)c3cccc(C(F)(F)F)c3)C2=O)[C@H](CS(=O)(=O)c2ccccc2)C1,IC50,=,30000.0,nM,4.522878745280337,4.52,CHEMBL3243551,CHEMBL3232853,CHEMBL240,Voltage-gated inwardly rectifying potassium channel KCNH2,Homo sapiens,B,
CHEMBL1091834,O=C(NCc1ccc(F)cc1)N(c1ccc(Cl)cc1)C1CCN(Cc2ccncc2)CC1,IC50,=,3810.0,nM,5.41907502432438,5.42,CHEMBL1107892,CHEMBL1156281,CHEMBL240,Voltage-gated inwardly rectifying potassium channel KCNH2,Homo sapiens,B,
CHEMBL1091834,O=C(NCc1ccc(F)cc1)N(c1ccc(Cl)cc1)C1CCN(Cc2ccncc2)CC1,IC50,=,3810.0,nM,5.41907502432438,5.42,CHEMBL1827362,CHEMBL1821550,CHEMBL240,Voltage-gated inwardly rectifying potassium channel KCNH2,Homo sapiens,B,
CHEMBL1091836,Nc1cc(CN2CCC(N(C(=O)NCc3ccc(F)cc3)c3ccc(Cl)cc3)CC2)ccn1,IC50,=,384.0,nM,6.415668775632469,6.42,CHEMBL1107892,CHEMBL1156281,CHEMBL240,Voltage-gated inwardly rectifying potassium channel KCNH2,Homo sapiens,B,
CHEMBL1091836,Nc1cc(CN2CCC(N(C(=O)NCc3ccc(F)cc3)c3ccc(Cl)cc3)CC2)ccn1,IC50,=,384.0,nM,6.415668775632469,6.42,CHEMBL1827362,CHEMBL1821550,CHEMBL240,Voltage-gated inwardly rectifying potassium channel KCNH2,Homo sapiens,B,
CHEMBL1092105,CCN1CCC(N(C(=O)NCc2ccc(F)cc2)c2ccc(Cl)cc2)CC1,IC50,=,6650.0,nM,5.1771783546968955,5.18,CHEMBL1107892,CHEMBL1156281,CHEMBL240,Voltage-gated inwardly rectifying potassium channel KCNH2,Homo sapiens,B,
CHEMBL1092105,CCN1CCC(N(C(=O)NCc2ccc(F)cc2)c2ccc(Cl)cc2)CC1,IC50,=,6650.0,nM,5.1771783546968955,5.18,CHEMBL1827362,CHEMBL1821550,CHEMBL240,Voltage-gated inwardly rectifying potassium channel KCNH2,Homo sapiens,B,
CHEMBL1092106,CCN1CCC(N(C(=O)NCc2ccc(F)cc2)c2ccc(Cl)cn2)CC1,IC50,=,9190.0,nM,5.036684488613888,5.04,CHEMBL1107892,CHEMBL1156281,CHEMBL240,Voltage-gated inwardly rectifying potassium channel KCNH2,Homo sapiens,B,
CHEMBL1092106,CCN1CCC(N(C(=O)NCc2ccc(F)cc2)c2ccc(Cl)cn2)CC1,IC50,=,9190.0,nM,5.036684488613888,5.04,CHEMBL1827362,CHEMBL1821550,CHEMBL240,Voltage-gated inwardly rectifying potassium channel KCNH2,Homo sapiens,B,
CHEMBL1092108,O=C(NCc1ccccc1)N(c1ccc(Br)cc1)C1CCN(Cc2ccncc2)CC1,IC50,=,2310.0,nM,5.636388020107855,5.64,CHEMBL1107892,CHEMBL1156281,CHEMBL240,Voltage-gated inwardly rectifying potassium channel KCNH2,Homo sapiens,B,
CHEMBL1092108,O=C(NCc1ccccc1)N(c1ccc(Br)cc1)C1CCN(Cc2ccncc2)CC1,IC50,=,2310.0,nM,5.636388020107855,5.64,CHEMBL1827362,CHEMBL1821550,CHEMBL240,Voltage-gated inwardly rectifying potassium channel KCNH2,Homo sapiens,B,
CHEMBL1092109,O=C(NCc1ccccc1)N(c1ccc(Br)cc1)C1CCN(Cc2ccnnc2)CC1,IC50,=,13800.0,nM,4.860120913598763,4.86,CHEMBL1107892,CHEMBL1156281,CHEMBL240,Voltage-gated inwardly rectifying potassium channel KCNH2,Homo sapiens,B,
CHEMBL1092109,O=C(NCc1ccccc1)N(c1ccc(Br)cc1)C1CCN(Cc2ccnnc2)CC1,IC50,=,13800.0,nM,4.860120913598763,4.86,CHEMBL1827362,CHEMBL1821550,CHEMBL240,Voltage-gated inwardly rectifying potassium channel KCNH2,Homo sapiens,B,
CHEMBL1093113,O=C(NCc1ccc(F)cc1)N(c1ccc(Cl)cc1)C1CCN(CCO)CC1,IC50,=,12700.0,nM,4.896196279044043,4.9,CHEMBL1107892,CHEMBL1156281,CHEMBL240,Voltage-gated inwardly rectifying potassium channel KCNH2,Homo sapiens,B,
CHEMBL1093113,O=C(NCc1ccc(F)cc1)N(c1ccc(Cl)cc1)C1CCN(CCO)CC1,IC50,=,12700.0,nM,4.896196279044043,4.9,CHEMBL1827362,CHEMBL1821550,CHEMBL240,Voltage-gated inwardly rectifying potassium channel KCNH2,Homo sapiens,B,
CHEMBL1093696,O=C(NCc1ccc(F)cc1)N(c1ccc(Cl)cc1)C1CCN(Cc2ccnnc2)CC1,IC50,=,12000.0,nM,4.920818753952375,4.92,CHEMBL1107892,CHEMBL1156281,CHEMBL240,Voltage-gated inwardly rectifying potassium channel KCNH2,Homo sapiens,B,
CHEMBL1093696,O=C(NCc1ccc(F)cc1)N(c1ccc(Cl)cc1)C1CCN(Cc2ccnnc2)CC1,IC50,=,12000.0,nM,4.920818753952375,4.92,CHEMBL1827362,CHEMBL1821550,CHEMBL240,Voltage-gated inwardly rectifying potassium channel KCNH2,Homo sapiens,B,
CHEMBL1094028,O=C(NCc1ccccc1)N(c1ccc(Br)cc1)C1CCN(C2CCCC2)CC1,IC50,=,178.0,nM,6.7495799976911055,6.75,CHEMBL1107892,CHEMBL1156281,CHEMBL240,Voltage-gated inwardly rectifying potassium channel KCNH2,Homo sapiens,B,
CHEMBL1094028,O=C(NCc1ccccc1)N(c1ccc(Br)cc1)C1CCN(C2CCCC2)CC1,IC50,=,178.0,nM,6.7495799976911055,6.75,CHEMBL1827362,CHEMBL1821550,CHEMBL240,Voltage-gated inwardly rectifying potassium channel KCNH2,Homo sapiens,B,
CHEMBL1094029,O=C(Nc1ccccc1)N(c1ccc(Br)cc1)C1CCN(C2CCCC2)CC1,IC50,=,188.0,nM,6.7258421507363195,6.73,CHEMBL1107892,CHEMBL1156281,CHEMBL240,Voltage-gated inwardly rectifying potassium channel KCNH2,Homo sapiens,B,
CHEMBL1094029,O=C(Nc1ccccc1)N(c1ccc(Br)cc1)C1CCN(C2CCCC2)CC1,IC50,=,188.0,nM,6.7258421507363195,6.73,CHEMBL1827362,CHEMBL1821550,CHEMBL240,Voltage-gated inwardly rectifying potassium channel KCNH2,Homo sapiens,B,
CHEMBL1094030,O=C(NCc1ccc(F)cc1)N(c1ccc(Br)cc1)C1CCN(C2CCCC2)CC1,IC50,=,202.0,nM,6.694648630553376,6.7,CHEMBL1107892,CHEMBL1156281,CHEMBL240,Voltage-gated inwardly rectifying potassium channel KCNH2,Homo sapiens,B,
CHEMBL1094030,O=C(NCc1ccc(F)cc1)N(c1ccc(Br)cc1)C1CCN(C2CCCC2)CC1,IC50,=,202.0,nM,6.694648630553376,6.7,CHEMBL1827362,CHEMBL1821550,CHEMBL240,Voltage-gated inwardly rectifying potassium channel KCNH2,Homo sapiens,B,
CHEMBL1094521,C[C@H](O)C(=O)NC1CC(C)(C)Oc2nc(-c3ccc(Cl)cc3Cl)c(-c3ccc(Cl)cc3)cc21,IC50,=,120.0,nM,6.920818753952375,6.92,CHEMBL1105740,CHEMBL1157794,CHEMBL240,Voltage-gated inwardly rectifying potassium channel KCNH2,Homo sapiens,B,
CHEMBL1094521,C[C@H](O)C(=O)NC1CC(C)(C)Oc2nc(-c3ccc(Cl)cc3Cl)c(-c3ccc(Cl)cc3)cc21,IC50,=,340.0,nM,6.468521082957745,6.47,CHEMBL1120225,CHEMBL1158602,CHEMBL240,Voltage-gated inwardly rectifying potassium channel KCNH2,Homo sapiens,B,
CHEMBL1095819,CN1CCC[C@@H](c2nc3ccccc3n2Cc2ccc(F)cc2)C1,IC50,=,720.0,nM,6.142667503568731,6.14,CHEMBL1938199,CHEMBL1932929,CHEMBL240,Voltage-gated inwardly rectifying potassium channel KCNH2,Homo sapiens,B,
CHEMBL1095819,CN1CCC[C@@H](c2nc3ccccc3n2Cc2ccc(F)cc2)C1,IC50,=,721.0,nM,6.142064735280571,6.14,CHEMBL1110021,CHEMBL1157885,CHEMBL240,Voltage-gated inwardly rectifying potassium channel KCNH2,Homo sapiens,B,
CHEMBL1097456,CC1(C)CC(NC(=O)CC(O)C(F)(F)F)c2cc(-c3ccc(Cl)cc3)c(-c3ccc(Cl)cc3Cl)nc2O1,IC50,=,1460.0,nM,5.835647144215563,5.84,CHEMBL1105740,CHEMBL1157794,CHEMBL240,Voltage-gated inwardly rectifying potassium channel KCNH2,Homo sapiens,B,
CHEMBL1097456,CC1(C)CC(NC(=O)CC(O)C(F)(F)F)c2cc(-c3ccc(Cl)cc3)c(-c3ccc(Cl)cc3Cl)nc2O1,IC50,=,2470.0,nM,5.607303046740334,5.61,CHEMBL1105740,CHEMBL1157794,CHEMBL240,Voltage-gated inwardly rectifying potassium channel KCNH2,Homo sapiens,B,
CHEMBL11,CN(C)CCCN1c2ccccc2CCc2ccccc21,IC50,=,3388.44,nM,5.470000200122707,5.47,CHEMBL766814,CHEMBL1136167,CHEMBL240,Voltage-gated inwardly rectifying potassium channel KCNH2,Homo sapiens,B,
CHEMBL11,CN(C)CCCN1c2ccccc2CCc2ccccc21,IC50,=,3388.44,nM,5.470000200122707,5.47,CHEMBL832278,CHEMBL1142050,CHEMBL240,Voltage-gated inwardly rectifying potassium channel KCNH2,Homo sapiens,F,
CHEMBL11,CN(C)CCCN1c2ccccc2CCc2ccccc21,IC50,=,3388.44,nM,5.470000200122707,5.47,CHEMBL829152,CHEMBL1139598,CHEMBL240,Voltage-gated inwardly rectifying potassium channel KCNH2,Homo sapiens,B,
CHEMBL11,CN(C)CCCN1c2ccccc2CCc2ccccc21,IC50,=,3388.44,nM,5.470000200122707,5.47,CHEMBL954102,CHEMBL1150324,CHEMBL240,Voltage-gated inwardly rectifying potassium channel KCNH2,Homo sapiens,B,
CHEMBL11,CN(C)CCCN1c2ccccc2CCc2ccccc21,IC50,=,3388.44,nM,5.470000200122707,5.47,CHEMBL1023674,CHEMBL1158373,CHEMBL240,Voltage-gated inwardly rectifying potassium channel KCNH2,Homo sapiens,B,
CHEMBL11,CN(C)CCCN1c2ccccc2CCc2ccccc21,IC50,=,3388.44,nM,5.470000200122707,5.47,CHEMBL1676103,CHEMBL1671772,CHEMBL240,Voltage-gated inwardly rectifying potassium channel KCNH2,Homo sapiens,B,
CHEMBL11,CN(C)CCCN1c2ccccc2CCc2ccccc21,IC50,=,3400.0,nM,5.468521082957745,5.47,CHEMBL662305,CHEMBL1135758,CHEMBL240,Voltage-gated inwardly rectifying potassium channel KCNH2,Homo sapiens,F,
CHEMBL11,CN(C)CCCN1c2ccccc2CCc2ccccc21,IC50,=,3400.0,nM,5.468521082957745,5.47,CHEMBL3430640,CHEMBL3430321,CHEMBL240,Voltage-gated inwardly rectifying potassium channel KCNH2,Homo sapiens,F,
CHEMBL1106,NC1=NCC2c3ccccc3Cc3ccccc3N12,IC50,=,91201.08,nM,4.040000018741066,4.04,CHEMBL829152,CHEMBL1139598,CHEMBL240,Voltage-gated inwardly rectifying potassium channel KCNH2,Homo sapiens,B,
CHEMBL1106,NC1=NCC2c3ccccc3Cc3ccccc3N12,IC50,=,100000.0,nM,4.0,4.0,CHEMBL766814,CHEMBL1136167,CHEMBL240,Voltage-gated inwardly rectifying potassium channel KCNH2,Homo sapiens,B,
CHEMBL1106,NC1=NCC2c3ccccc3Cc3ccccc3N12,IC50,=,100000.0,nM,4.0,4.0,CHEMBL954102,CHEMBL1150324,CHEMBL240,Voltage-gated inwardly rectifying potassium channel KCNH2,Homo sapiens,B,
CHEMBL1107,CCCCN(CCCC)CCC(O)c1cc2c(Cl)cc(Cl)cc2c2cc(C(F)(F)F)ccc12,IC50,=,40.0,nM,7.3979400086720375,7.4,CHEMBL827807,CHEMBL1137856,CHEMBL240,Voltage-gated inwardly rectifying potassium channel KCNH2,Homo sapiens,B,
CHEMBL1107,CCCCN(CCCC)CCC(O)c1cc2c(Cl)cc(Cl)cc2c2cc(C(F)(F)F)ccc12,IC50,=,40.0,nM,7.3979400086720375,7.4,CHEMBL949428,CHEMBL1140918,CHEMBL240,Voltage-gated inwardly rectifying potassium channel KCNH2,Homo sapiens,B,
CHEMBL1107,CCCCN(CCCC)CCC(O)c1cc2c(Cl)cc(Cl)cc2c2cc(C(F)(F)F)ccc12,IC50,=,156.0,nM,6.806875401645538,6.81,CHEMBL4013657,CHEMBL4011644,CHEMBL240,Voltage-gated inwardly rectifying potassium channel KCNH2,Homo sapiens,B,
CHEMBL1107,CCCCN(CCCC)CCC(O)c1cc2c(Cl)cc(Cl)cc2c2cc(C(F)(F)F)ccc12,IC50,=,160.0,nM,6.795880017344075,6.8,CHEMBL5215423,CHEMBL5214895,CHEMBL240,Voltage-gated inwardly rectifying potassium channel KCNH2,Homo sapiens,T,
CHEMBL1107,CCCCN(CCCC)CCC(O)c1cc2c(Cl)cc(Cl)cc2c2cc(C(F)(F)F)ccc12,IC50,=,160.0,nM,6.795880017344075,6.8,CHEMBL6090810,CHEMBL6087468,CHEMBL240,Voltage-gated inwardly rectifying potassium channel KCNH2,Homo sapiens,T,
CHEMBL1107,CCCCN(CCCC)CCC(O)c1cc2c(Cl)cc(Cl)cc2c2cc(C(F)(F)F)ccc12,IC50,=,194.98,nM,6.710009933945681,6.71,CHEMBL1676103,CHEMBL1671772,CHEMBL240,Voltage-gated inwardly rectifying potassium channel KCNH2,Homo sapiens,B,
CHEMBL1107,CCCCN(CCCC)CCC(O)c1cc2c(Cl)cc(Cl)cc2c2cc(C(F)(F)F)ccc12,IC50,=,196.0,nM,6.707743928643524,6.71,CHEMBL877203,CHEMBL1135758,CHEMBL240,Voltage-gated inwardly rectifying potassium channel KCNH2,Homo sapiens,F,
CHEMBL1107,CCCCN(CCCC)CCC(O)c1cc2c(Cl)cc(Cl)cc2c2cc(C(F)(F)F)ccc12,IC50,=,199.53,nM,6.699991797446187,6.7,CHEMBL766814,CHEMBL1136167,CHEMBL240,Voltage-gated inwardly rectifying potassium channel KCNH2,Homo sapiens,B,
CHEMBL1107,CCCCN(CCCC)CCC(O)c1cc2c(Cl)cc(Cl)cc2c2cc(C(F)(F)F)ccc12,IC50,=,199.53,nM,6.699991797446187,6.7,CHEMBL832277,CHEMBL1142050,CHEMBL240,Voltage-gated inwardly rectifying potassium channel KCNH2,Homo sapiens,F,
CHEMBL1107,CCCCN(CCCC)CCC(O)c1cc2c(Cl)cc(Cl)cc2c2cc(C(F)(F)F)ccc12,IC50,=,199.53,nM,6.699991797446187,6.7,CHEMBL829152,CHEMBL1139598,CHEMBL240,Voltage-gated inwardly rectifying potassium channel KCNH2,Homo sapiens,B,
CHEMBL1107,CCCCN(CCCC)CCC(O)c1cc2c(Cl)cc(Cl)cc2c2cc(C(F)(F)F)ccc12,IC50,=,199.53,nM,6.699991797446187,6.7,CHEMBL954102,CHEMBL1150324,CHEMBL240,Voltage-gated inwardly rectifying potassium channel KCNH2,Homo sapiens,B,
CHEMBL1107,CCCCN(CCCC)CCC(O)c1cc2c(Cl)cc(Cl)cc2c2cc(C(F)(F)F)ccc12,IC50,=,199.53,nM,6.699991797446187,6.7,CHEMBL1023674,CHEMBL1158373,CHEMBL240,Voltage-gated inwardly rectifying potassium channel KCNH2,Homo sapiens,B,
CHEMBL1108,O=C(CCCN1CC=C(n2c(=O)[nH]c3ccccc32)CC1)c1ccc(F)cc1,IC50,=,32.2,nM,7.492144128304169,7.49,CHEMBL691014,CHEMBL1135758,CHEMBL240,Voltage-gated inwardly rectifying potassium channel KCNH2,Homo sapiens,F,
CHEMBL1108,O=C(CCCN1CC=C(n2c(=O)[nH]c3ccccc32)CC1)c1ccc(F)cc1,IC50,=,32.36,nM,7.489991487059765,7.49,CHEMBL766814,CHEMBL1136167,CHEMBL240,Voltage-gated inwardly rectifying potassium channel KCNH2,Homo sapiens,B,
CHEMBL1108,O=C(CCCN1CC=C(n2c(=O)[nH]c3ccccc32)CC1)c1ccc(F)cc1,IC50,=,32.36,nM,7.489991487059765,7.49,CHEMBL832277,CHEMBL1142050,CHEMBL240,Voltage-gated inwardly rectifying potassium channel KCNH2,Homo sapiens,F,
CHEMBL1108,O=C(CCCN1CC=C(n2c(=O)[nH]c3ccccc32)CC1)c1ccc(F)cc1,IC50,=,32.36,nM,7.489991487059765,7.49,CHEMBL829152,CHEMBL1139598,CHEMBL240,Voltage-gated inwardly rectifying potassium channel KCNH2,Homo sapiens,B,
CHEMBL1108,O=C(CCCN1CC=C(n2c(=O)[nH]c3ccccc32)CC1)c1ccc(F)cc1,IC50,=,32.36,nM,7.489991487059765,7.49,CHEMBL954102,CHEMBL1150324,CHEMBL240,Voltage-gated inwardly rectifying potassium channel KCNH2,Homo sapiens,B,
CHEMBL1108,O=C(CCCN1CC=C(n2c(=O)[nH]c3ccccc32)CC1)c1ccc(F)cc1,IC50,=,32.36,nM,7.489991487059765,7.49,CHEMBL1036648,CHEMBL1154445,CHEMBL240,Voltage-gated inwardly rectifying potassium channel KCNH2,Homo sapiens,B,
CHEMBL1108,O=C(CCCN1CC=C(n2c(=O)[nH]c3ccccc32)CC1)c1ccc(F)cc1,IC50,=,32.36,nM,7.489991487059765,7.49,CHEMBL1023674,CHEMBL1158373,CHEMBL240,Voltage-gated inwardly rectifying potassium channel KCNH2,Homo sapiens,B,
CHEMBL1108,O=C(CCCN1CC=C(n2c(=O)[nH]c3ccccc32)CC1)c1ccc(F)cc1,IC50,=,32.36,nM,7.489991487059765,7.49,CHEMBL1676103,CHEMBL1671772,CHEMBL240,Voltage-gated inwardly rectifying potassium channel KCNH2,Homo sapiens,B,
CHEMBL1108,O=C(CCCN1CC=C(n2c(=O)[nH]c3ccccc32)CC1)c1ccc(F)cc1,IC50,=,927.2,nM,6.03282657704446,6.03,CHEMBL1909190,CHEMBL1909046,CHEMBL240,Voltage-gated inwardly rectifying potassium channel KCNH2,Homo sapiens,B,
CHEMBL111,Cc1c(C(=O)NN2CCCCC2)nn(-c2ccc(Cl)cc2Cl)c1-c1ccc(Cl)cc1,IC50,=,2790.0,nM,5.554395796726403,5.55,CHEMBL1816994,CHEMBL1811766,CHEMBL240,Voltage-gated inwardly rectifying potassium channel KCNH2,Homo sapiens,B,
CHEMBL111,Cc1c(C(=O)NN2CCCCC2)nn(-c2ccc(Cl)cc2Cl)c1-c1ccc(Cl)cc1,IC50,=,4800.0,nM,5.318758762624412,5.32,CHEMBL1227232,CHEMBL1221281,CHEMBL240,Voltage-gated inwardly rectifying potassium channel KCNH2,Homo sapiens,B,
CHEMBL1110,Cc1[nH]cnc1CN1CCc2c(c3ccccc3n2C)C1=O,IC50,=,2300.0,nM,5.638272163982407,5.64,CHEMBL1274536,CHEMBL1268946,CHEMBL240,Voltage-gated inwardly rectifying potassium channel KCNH2,Homo sapiens,B,
CHEMBL1110,Cc1[nH]cnc1CN1CCc2c(c3ccccc3n2C)C1=O,IC50,=,3200.0,nM,5.494850021680094,5.5,CHEMBL1027667,CHEMBL1137783,CHEMBL240,Voltage-gated inwardly rectifying potassium channel KCNH2,Homo sapiens,B,
CHEMBL1110,Cc1[nH]cnc1CN1CCc2c(c3ccccc3n2C)C1=O,IC50,=,3235.94,nM,5.489999539566098,5.49,CHEMBL766814,CHEMBL1136167,CHEMBL240,Voltage-gated inwardly rectifying potassium channel KCNH2,Homo sapiens,B,
CHEMBL1110,Cc1[nH]cnc1CN1CCc2c(c3ccccc3n2C)C1=O,IC50,=,3235.94,nM,5.489999539566098,5.49,CHEMBL829152,CHEMBL1139598,CHEMBL240,Voltage-gated inwardly rectifying potassium channel KCNH2,Homo sapiens,B,
CHEMBL1110,Cc1[nH]cnc1CN1CCc2c(c3ccccc3n2C)C1=O,IC50,=,3235.94,nM,5.489999539566098,5.49,CHEMBL954102,CHEMBL1150324,CHEMBL240,Voltage-gated inwardly rectifying potassium channel KCNH2,Homo sapiens,B,
CHEMBL1111,COC(c1ccccc1)(c1ccccc1)[C@H](Oc1nc(C)cc(C)n1)C(=O)O,IC50,=,501187.23,nM,3.300000003143145,,CHEMBL3430322,CHEMBL3430320,CHEMBL240,Voltage-gated inwardly rectifying potassium channel KCNH2,Homo sapiens,F,
CHEMBL1111,COC(c1ccccc1)(c1ccccc1)[C@H](Oc1nc(C)cc(C)n1)C(=O)O,IC50,=,7943282.35,nM,2.0999999998492527,,CHEMBL3430691,CHEMBL3430320,CHEMBL240,Voltage-gated inwardly rectifying potassium channel KCNH2,Homo sapiens,F,
CHEMBL1112,O=C1CCc2ccc(OCCCCN3CCN(c4cccc(Cl)c4Cl)CC3)cc2N1,IC50,=,630.96,nM,6.199998172182031,6.2,CHEMBL1676103,CHEMBL1671772,CHEMBL240,Voltage-gated inwardly rectifying potassium channel KCNH2,Homo sapiens,B,
CHEMBL1112,O=C1CCc2ccc(OCCCCN3CCN(c4cccc(Cl)c4Cl)CC3)cc2N1,IC50,=,896.0,nM,6.047691990337874,6.05,CHEMBL4709848,CHEMBL4706549,CHEMBL240,Voltage-gated inwardly rectifying potassium channel KCNH2,Homo sapiens,B,
CHEMBL1112,O=C1CCc2ccc(OCCCCN3CCN(c4cccc(Cl)c4Cl)CC3)cc2N1,IC50,=,896.5,nM,6.047449706101798,6.05,CHEMBL4821061,CHEMBL4819047,CHEMBL240,Voltage-gated inwardly rectifying potassium channel KCNH2,Homo sapiens,B,
CHEMBL1112,O=C1CCc2ccc(OCCCCN3CCN(c4cccc(Cl)c4Cl)CC3)cc2N1,IC50,=,3860.0,nM,5.413412695328245,5.41,CHEMBL3806884,CHEMBL3804825,CHEMBL240,Voltage-gated inwardly rectifying potassium channel KCNH2,Homo sapiens,B,
CHEMBL1112,O=C1CCc2ccc(OCCCCN3CCN(c4cccc(Cl)c4Cl)CC3)cc2N1,IC50,=,3860.0,nM,5.413412695328245,5.41,CHEMBL4254808,CHEMBL4251643,CHEMBL240,Voltage-gated inwardly rectifying potassium channel KCNH2,Homo sapiens,B,
CHEMBL1118,CN(C)CC(c1ccc(O)cc1)C1(O)CCCCC1,IC50,=,251188.64,nM,3.600000005447872,,CHEMBL3430327,CHEMBL3430320,CHEMBL240,Voltage-gated inwardly rectifying potassium channel KCNH2,Homo sapiens,F,
CHEMBL1118,CN(C)CC(c1ccc(O)cc1)C1(O)CCCCC1,IC50,=,19952623.15,nM,1.699999999993226,,CHEMBL3430696,CHEMBL3430320,CHEMBL240,Voltage-gated inwardly rectifying potassium channel KCNH2,Homo sapiens,F,
CHEMBL1125,Cc1cc2c(s1)Nc1ccccc1N=C2N1CCNCC1,IC50,=,12589.25,nM,4.900000142057633,4.9,CHEMBL1676103,CHEMBL1671772,CHEMBL240,Voltage-gated inwardly rectifying potassium channel KCNH2,Homo sapiens,B,
CHEMBL1125,Cc1cc2c(s1)Nc1ccccc1N=C2N1CCNCC1,IC50,=,14125.38,nM,4.849999859991125,4.85,CHEMBL1036648,CHEMBL1154445,CHEMBL240,Voltage-gated inwardly rectifying potassium channel KCNH2,Homo sapiens,B,
CHEMBL1125,Cc1cc2c(s1)Nc1ccccc1N=C2N1CCNCC1,IC50,=,14199.99,nM,4.847711961458236,4.85,CHEMBL1027667,CHEMBL1137783,CHEMBL240,Voltage-gated inwardly rectifying potassium channel KCNH2,Homo sapiens,B,
CHEMBL1125,Cc1cc2c(s1)Nc1ccccc1N=C2N1CCNCC1,IC50,=,14200.0,nM,4.847711655616943,4.85,CHEMBL1027667,CHEMBL1137783,CHEMBL240,Voltage-gated inwardly rectifying potassium channel KCNH2,Homo sapiens,B,
CHEMBL1169572,Cc1cc(Cl)ccc1-c1nc2c(cc1-c1ccc(Cl)cc1)C(NC(=O)C(O)C(F)(F)F)CC(C)(C)O2,IC50,=,260.0,nM,6.585026652029182,6.58,CHEMBL1105740,CHEMBL1157794,CHEMBL240,Voltage-gated inwardly rectifying potassium channel KCNH2,Homo sapiens,B,
CHEMBL1169572,Cc1cc(Cl)ccc1-c1nc2c(cc1-c1ccc(Cl)cc1)C(NC(=O)C(O)C(F)(F)F)CC(C)(C)O2,IC50,=,410.0,nM,6.3872161432802645,6.39,CHEMBL1105740,CHEMBL1157794,CHEMBL240,Voltage-gated inwardly rectifying potassium channel KCNH2,Homo sapiens,B,
CHEMBL1170953,O=C(c1ccc(Oc2ccc(F)cc2)cn1)N1CCCN(C2CCC2)CC1,IC50,=,900.0,nM,6.045757490560675,6.05,CHEMBL1175790,CHEMBL1177792,CHEMBL240,Voltage-gated inwardly rectifying potassium channel KCNH2,Homo sapiens,B,
CHEMBL1170953,O=C(c1ccc(Oc2ccc(F)cc2)cn1)N1CCCN(C2CCC2)CC1,IC50,=,8400.0,nM,5.075720713938118,5.08,CHEMBL1175788,CHEMBL1177792,CHEMBL240,Voltage-gated inwardly rectifying potassium channel KCNH2,Homo sapiens,B,
CHEMBL1171837,Cc1ccc(C(=O)Nc2ccc(CN3CCN(C)CC3)c(C(F)(F)F)c2)cc1C#Cc1cnc2cccnn12,IC50,=,770.0,nM,6.113509274827518,6.11,CHEMBL4605649,CHEMBL4602709,CHEMBL240,Voltage-gated inwardly rectifying potassium channel KCNH2,Homo sapiens,B,
CHEMBL1171837,Cc1ccc(C(=O)Nc2ccc(CN3CCN(C)CC3)c(C(F)(F)F)c2)cc1C#Cc1cnc2cccnn12,IC50,=,8000.0,nM,5.096910013008056,5.1,CHEMBL5039672,CHEMBL5038588,CHEMBL240,Voltage-gated inwardly rectifying potassium channel KCNH2,Homo sapiens,T,
CHEMBL1175,CNCC[C@H](Oc1cccc2ccccc12)c1cccs1,IC50,=,1599.1,nM,5.796124376722666,5.8,CHEMBL6085050,CHEMBL6083240,CHEMBL240,Voltage-gated inwardly rectifying potassium channel KCNH2,Homo sapiens,T,
CHEMBL1175,CNCC[C@H](Oc1cccc2ccccc12)c1cccs1,IC50,=,5011.87,nM,5.300000202445418,5.3,CHEMBL3430330,CHEMBL3430320,CHEMBL240,Voltage-gated inwardly rectifying potassium channel KCNH2,Homo sapiens,F,
CHEMBL1175,CNCC[C@H](Oc1cccc2ccccc12)c1cccs1,IC50,=,6309.57,nM,5.200000237109354,5.2,CHEMBL3430730,CHEMBL3430320,CHEMBL240,Voltage-gated inwardly rectifying potassium channel KCNH2,Homo sapiens,F,
CHEMBL1175,CNCC[C@H](Oc1cccc2ccccc12)c1cccs1,IC50,=,10000.0,nM,5.0,5.0,CHEMBL3430699,CHEMBL3430320,CHEMBL240,Voltage-gated inwardly rectifying potassium channel KCNH2,Homo sapiens,F,
CHEMBL1189679,O=C1c2cccc3c2[C@H](CCC3)CN1[C@@H]1CN2CCC1CC2,IC50,=,1995.26,nM,5.700000503883016,5.7,CHEMBL3430343,CHEMBL3430320,CHEMBL240,Voltage-gated inwardly rectifying potassium channel KCNH2,Homo sapiens,F,
CHEMBL1189679,O=C1c2cccc3c2[C@H](CCC3)CN1[C@@H]1CN2CCC1CC2,IC50,=,3981.07,nM,5.40000018605658,5.4,CHEMBL3430712,CHEMBL3430320,CHEMBL240,Voltage-gated inwardly rectifying potassium channel KCNH2,Homo sapiens,F,
CHEMBL1200396,CCCCN1CCCCC1C(=O)Nc1c(C)cccc1C.Cl,IC50,=,22000.0,nM,4.657577319177793,4.66,CHEMBL1820251,CHEMBL1817657,CHEMBL240,Voltage-gated inwardly rectifying potassium channel KCNH2,Homo sapiens,B,
CHEMBL1200396,CCCCN1CCCCC1C(=O)Nc1c(C)cccc1C.Cl,IC50,=,32000.0,nM,4.494850021680094,4.5,CHEMBL1820248,CHEMBL1817657,CHEMBL240,Voltage-gated inwardly rectifying potassium channel KCNH2,Homo sapiens,B,
CHEMBL1200396,CCCCN1CCCCC1C(=O)Nc1c(C)cccc1C.Cl,IC50,=,95000.0,nM,4.022276394711152,4.02,CHEMBL1820252,CHEMBL1817657,CHEMBL240,Voltage-gated inwardly rectifying potassium channel KCNH2,Homo sapiens,B,
CHEMBL1200396,CCCCN1CCCCC1C(=O)Nc1c(C)cccc1C.Cl,IC50,=,265000.0,nM,3.576754126063192,,CHEMBL1820249,CHEMBL1817657,CHEMBL240,Voltage-gated inwardly rectifying potassium channel KCNH2,Homo sapiens,B,
CHEMBL1200396,CCCCN1CCCCC1C(=O)Nc1c(C)cccc1C.Cl,IC50,=,866000.0,nM,3.062482107982653,,CHEMBL1820250,CHEMBL1817657,CHEMBL240,Voltage-gated inwardly rectifying potassium channel KCNH2,Homo sapiens,B,
CHEMBL1200749,CCCCN1CCCC[C@H]1C(=O)Nc1c(C)cccc1C.Cl,IC50,=,13000.0,nM,4.886056647693163,4.89,CHEMBL1820248,CHEMBL1817657,CHEMBL240,Voltage-gated inwardly rectifying potassium channel KCNH2,Homo sapiens,B,
CHEMBL1200749,CCCCN1CCCC[C@H]1C(=O)Nc1c(C)cccc1C.Cl,IC50,=,13000.0,nM,4.886056647693163,4.89,CHEMBL1820251,CHEMBL1817657,CHEMBL240,Voltage-gated inwardly rectifying potassium channel KCNH2,Homo sapiens,B,
CHEMBL1200749,CCCCN1CCCC[C@H]1C(=O)Nc1c(C)cccc1C.Cl,IC50,=,83000.0,nM,4.080921907623926,4.08,CHEMBL1820252,CHEMBL1817657,CHEMBL240,Voltage-gated inwardly rectifying potassium channel KCNH2,Homo sapiens,B,
CHEMBL1200749,CCCCN1CCCC[C@H]1C(=O)Nc1c(C)cccc1C.Cl,IC50,=,278000.0,nM,3.555955204081924,,CHEMBL1820249,CHEMBL1817657,CHEMBL240,Voltage-gated inwardly rectifying potassium channel KCNH2,Homo sapiens,B,
CHEMBL1200749,CCCCN1CCCC[C@H]1C(=O)Nc1c(C)cccc1C.Cl,IC50,=,1013000.0,nM,2.994390554639719,,CHEMBL1820250,CHEMBL1817657,CHEMBL240,Voltage-gated inwardly rectifying potassium channel KCNH2,Homo sapiens,B,
CHEMBL1210552,Cc1ncoc1-c1nnc(SCCCN2CC3CC3(c3ccc(S(F)(F)(F)(F)F)cc3)C2)n1C,IC50,=,398.11,nM,6.399996913372259,6.4,CHEMBL1211615,CHEMBL1208692,CHEMBL240,Voltage-gated inwardly rectifying potassium channel KCNH2,Homo sapiens,B,
CHEMBL1210552,Cc1ncoc1-c1nnc(SCCCN2CC3CC3(c3ccc(S(F)(F)(F)(F)F)cc3)C2)n1C,IC50,=,501.19,nM,6.299997602857746,6.3,CHEMBL1211615,CHEMBL1208692,CHEMBL240,Voltage-gated inwardly rectifying potassium channel KCNH2,Homo sapiens,B,
CHEMBL1210552,Cc1ncoc1-c1nnc(SCCCN2CC3CC3(c3ccc(S(F)(F)(F)(F)F)cc3)C2)n1C,IC50,=,794.33,nM,6.0999990348465305,6.1,CHEMBL1211615,CHEMBL1208692,CHEMBL240,Voltage-gated inwardly rectifying potassium channel KCNH2,Homo sapiens,B,
CHEMBL1210614,Cc1ncoc1-c1nnc(SCCCN2CC3CC3(c3cccc(S(F)(F)(F)(F)F)c3)C2)n1C,IC50,=,1000.0,nM,6.0,6.0,CHEMBL1211615,CHEMBL1208692,CHEMBL240,Voltage-gated inwardly rectifying potassium channel KCNH2,Homo sapiens,B,
CHEMBL1210614,Cc1ncoc1-c1nnc(SCCCN2CC3CC3(c3cccc(S(F)(F)(F)(F)F)c3)C2)n1C,IC50,=,1258.93,nM,5.899998417198648,5.9,CHEMBL1211615,CHEMBL1208692,CHEMBL240,Voltage-gated inwardly rectifying potassium channel KCNH2,Homo sapiens,B,
CHEMBL1210614,Cc1ncoc1-c1nnc(SCCCN2CC3CC3(c3cccc(S(F)(F)(F)(F)F)c3)C2)n1C,IC50,=,1995.26,nM,5.700000503883016,5.7,CHEMBL1211615,CHEMBL1208692,CHEMBL240,Voltage-gated inwardly rectifying potassium channel KCNH2,Homo sapiens,B,
CHEMBL1214598,CCOC(=O)c1c(CSc2ccccc2)n(C)c2cc(Br)c(O)c(CN(C)C)c12,IC50,=,540.0,nM,6.267606240177031,6.27,CHEMBL6140206,CHEMBL6134895,CHEMBL240,Voltage-gated inwardly rectifying potassium channel KCNH2,Homo sapiens,T,
CHEMBL1214598,CCOC(=O)c1c(CSc2ccccc2)n(C)c2cc(Br)c(O)c(CN(C)C)c12,IC50,=,540.0,nM,6.267606240177031,6.27,CHEMBL6140214,CHEMBL6134895,CHEMBL240,Voltage-gated inwardly rectifying potassium channel KCNH2,Homo sapiens,T,
CHEMBL12186,O=C1NCCN1CCN1CC=C(c2cn(-c3ccc(F)cc3)c3ccc(Cl)cc23)CC1,IC50,=,10.0,nM,8.0,8.0,CHEMBL766816,CHEMBL1136402,CHEMBL240,Voltage-gated inwardly rectifying potassium channel KCNH2,Homo sapiens,B,
CHEMBL12186,O=C1NCCN1CCN1CC=C(c2cn(-c3ccc(F)cc3)c3ccc(Cl)cc23)CC1,IC50,=,10.0,nM,8.0,8.0,CHEMBL1676103,CHEMBL1671772,CHEMBL240,Voltage-gated inwardly rectifying potassium channel KCNH2,Homo sapiens,B,
CHEMBL1223657,CC(C)c1ccc(S(=O)(=O)Nc2ccc(C34CNCC3C4)cc2)cc1,IC50,=,1584.89,nM,5.800000874803203,5.8,CHEMBL1225700,CHEMBL1221332,CHEMBL240,Voltage-gated inwardly rectifying potassium channel KCNH2,Homo sapiens,B,
CHEMBL1223657,CC(C)c1ccc(S(=O)(=O)Nc2ccc(C34CNCC3C4)cc2)cc1,IC50,=,5011.87,nM,5.300000202445418,5.3,CHEMBL1225700,CHEMBL1221332,CHEMBL240,Voltage-gated inwardly rectifying potassium channel KCNH2,Homo sapiens,B,
CHEMBL1223951,NC(=O)c1cccc(O[C@@H]2C[C@H]3CC[C@@H](C2)N3Cc2ccccc2)c1,IC50,=,0.61,nM,9.214670164989233,9.21,CHEMBL1259359,CHEMBL1255514,CHEMBL240,Voltage-gated inwardly rectifying potassium channel KCNH2,Homo sapiens,B,
CHEMBL1223951,NC(=O)c1cccc(O[C@@H]2C[C@H]3CC[C@@H](C2)N3Cc2ccccc2)c1,IC50,=,3000.0,nM,5.522878745280337,5.52,CHEMBL1225864,CHEMBL1221377,CHEMBL240,Voltage-gated inwardly rectifying potassium channel KCNH2,Homo sapiens,B,
CHEMBL1230468,Cc1nn(C)c(C)c1NS(=O)(=O)c1c(Cl)cc(-c2ccnc(N3CCNCC3)c2)cc1Cl,IC50,=,28000.0,nM,4.552841968657781,4.55,CHEMBL1954226,CHEMBL1949590,CHEMBL240,Voltage-gated inwardly rectifying potassium channel KCNH2,Homo sapiens,B,
CHEMBL1230468,Cc1nn(C)c(C)c1NS(=O)(=O)c1c(Cl)cc(-c2ccnc(N3CCNCC3)c2)cc1Cl,IC50,=,28000.0,nM,4.552841968657781,4.55,CHEMBL3387701,CHEMBL3352323,CHEMBL240,Voltage-gated inwardly rectifying potassium channel KCNH2,Homo sapiens,B,
CHEMBL123558,CN1CCN(CCCCN2C(=O)CN(/N=C/c3ccc(-c4ccc(Cl)cc4)o3)C2=O)CC1,IC50,=,400.0,nM,6.3979400086720375,6.4,CHEMBL827807,CHEMBL1137856,CHEMBL240,Voltage-gated inwardly rectifying potassium channel KCNH2,Homo sapiens,B,
CHEMBL123558,CN1CCN(CCCCN2C(=O)CN(/N=C/c3ccc(-c4ccc(Cl)cc4)o3)C2=O)CC1,IC50,=,560.0,nM,6.251811972993799,6.25,CHEMBL662305,CHEMBL1135758,CHEMBL240,Voltage-gated inwardly rectifying potassium channel KCNH2,Homo sapiens,F,
CHEMBL123558,CN1CCN(CCCCN2C(=O)CN(/N=C/c3ccc(-c4ccc(Cl)cc4)o3)C2=O)CC1,IC50,=,562.34,nM,6.250001023441651,6.25,CHEMBL1023674,CHEMBL1158373,CHEMBL240,Voltage-gated inwardly rectifying potassium channel KCNH2,Homo sapiens,B,
CHEMBL123558,CN1CCN(CCCCN2C(=O)CN(/N=C/c3ccc(-c4ccc(Cl)cc4)o3)C2=O)CC1,IC50,=,562.34,nM,6.250001023441651,6.25,CHEMBL1676103,CHEMBL1671772,CHEMBL240,Voltage-gated inwardly rectifying potassium channel KCNH2,Homo sapiens,B,
CHEMBL123558,CN1CCN(CCCCN2C(=O)CN(/N=C/c3ccc(-c4ccc(Cl)cc4)o3)C2=O)CC1,IC50,=,1412.54,nM,5.849999245077862,5.85,CHEMBL766814,CHEMBL1136167,CHEMBL240,Voltage-gated inwardly rectifying potassium channel KCNH2,Homo sapiens,B,
CHEMBL123558,CN1CCN(CCCCN2C(=O)CN(/N=C/c3ccc(-c4ccc(Cl)cc4)o3)C2=O)CC1,IC50,=,1412.54,nM,5.849999245077862,5.85,CHEMBL829152,CHEMBL1139598,CHEMBL240,Voltage-gated inwardly rectifying potassium channel KCNH2,Homo sapiens,B,
CHEMBL123558,CN1CCN(CCCCN2C(=O)CN(/N=C/c3ccc(-c4ccc(Cl)cc4)o3)C2=O)CC1,IC50,=,1412.54,nM,5.849999245077862,5.85,CHEMBL954102,CHEMBL1150324,CHEMBL240,Voltage-gated inwardly rectifying potassium channel KCNH2,Homo sapiens,B,
CHEMBL1235773,COc1ccc2ncc(C#N)c(CCN3CCC(NCc4cc5c(cn4)OCS5)CC3)c2c1,IC50,=,500.0,nM,6.301029995663981,6.3,CHEMBL1931724,CHEMBL1926511,CHEMBL240,Voltage-gated inwardly rectifying potassium channel KCNH2,Homo sapiens,B,
CHEMBL1235773,COc1ccc2ncc(C#N)c(CCN3CCC(NCc4cc5c(cn4)OCS5)CC3)c2c1,IC50,=,2000.0,nM,5.698970004336019,5.7,CHEMBL1931723,CHEMBL1926511,CHEMBL240,Voltage-gated inwardly rectifying potassium channel KCNH2,Homo sapiens,B,
CHEMBL1236904,Cc1cc(CN2CCN(c3c(Br)cnc4nc(-c5ccc(N6CCN(C)CC6)cc5)[nH]c34)CC2)no1,IC50,=,3000.0,nM,5.522878745280337,5.52,CHEMBL2214095,CHEMBL2203264,CHEMBL240,Voltage-gated inwardly rectifying potassium channel KCNH2,Homo sapiens,B,
CHEMBL1236904,Cc1cc(CN2CCN(c3c(Br)cnc4nc(-c5ccc(N6CCN(C)CC6)cc5)[nH]c34)CC2)no1,IC50,=,3000.0,nM,5.522878745280337,5.52,CHEMBL4266337,CHEMBL4265875,CHEMBL240,Voltage-gated inwardly rectifying potassium channel KCNH2,Homo sapiens,B,
CHEMBL1258035,Cc1ncoc1-c1nnc(SCCCN[C@@H]2CC[C@]3(c4ccc(C(F)(F)F)cc4)CC23)n1C,IC50,=,251.19,nM,6.599997654072045,6.6,CHEMBL1261450,CHEMBL1255216,CHEMBL240,Voltage-gated inwardly rectifying potassium channel KCNH2,Homo sapiens,B,
CHEMBL1258035,Cc1ncoc1-c1nnc(SCCCN[C@@H]2CC[C@]3(c4ccc(C(F)(F)F)cc4)CC23)n1C,IC50,=,630.96,nM,6.199998172182031,6.2,CHEMBL1261450,CHEMBL1255216,CHEMBL240,Voltage-gated inwardly rectifying potassium channel KCNH2,Homo sapiens,B,
CHEMBL12713,O=C1NCCN1CCN1CCC(c2cn(-c3ccc(F)cc3)c3ccc(Cl)cc23)CC1,IC50,=,2.7,nM,8.568636235841012,8.57,CHEMBL3295404,CHEMBL3286108,CHEMBL240,Voltage-gated inwardly rectifying potassium channel KCNH2,Homo sapiens,B,
CHEMBL12713,O=C1NCCN1CCN1CCC(c2cn(-c3ccc(F)cc3)c3ccc(Cl)cc23)CC1,IC50,=,3.0,nM,8.522878745280337,8.52,CHEMBL766816,CHEMBL1136402,CHEMBL240,Voltage-gated inwardly rectifying potassium channel KCNH2,Homo sapiens,B,
CHEMBL12713,O=C1NCCN1CCN1CCC(c2cn(-c3ccc(F)cc3)c3ccc(Cl)cc23)CC1,IC50,=,3.0,nM,8.522878745280337,8.52,CHEMBL768686,CHEMBL1145042,CHEMBL240,Voltage-gated inwardly rectifying potassium channel KCNH2,Homo sapiens,B,
CHEMBL12713,O=C1NCCN1CCN1CCC(c2cn(-c3ccc(F)cc3)c3ccc(Cl)cc23)CC1,IC50,=,10.0,nM,8.0,8.0,CHEMBL766814,CHEMBL1136167,CHEMBL240,Voltage-gated inwardly rectifying potassium channel KCNH2,Homo sapiens,B,
CHEMBL12713,O=C1NCCN1CCN1CCC(c2cn(-c3ccc(F)cc3)c3ccc(Cl)cc23)CC1,IC50,=,10.0,nM,8.0,8.0,CHEMBL829152,CHEMBL1139598,CHEMBL240,Voltage-gated inwardly rectifying potassium channel KCNH2,Homo sapiens,B,
CHEMBL12713,O=C1NCCN1CCN1CCC(c2cn(-c3ccc(F)cc3)c3ccc(Cl)cc23)CC1,IC50,=,10.0,nM,8.0,8.0,CHEMBL954102,CHEMBL1150324,CHEMBL240,Voltage-gated inwardly rectifying potassium channel KCNH2,Homo sapiens,B,
CHEMBL12713,O=C1NCCN1CCN1CCC(c2cn(-c3ccc(F)cc3)c3ccc(Cl)cc23)CC1,IC50,=,14.0,nM,7.853871964321762,7.85,CHEMBL841079,CHEMBL1134478,CHEMBL240,Voltage-gated inwardly rectifying potassium channel KCNH2,Homo sapiens,T,
CHEMBL12713,O=C1NCCN1CCN1CCC(c2cn(-c3ccc(F)cc3)c3ccc(Cl)cc23)CC1,IC50,=,14.0,nM,7.853871964321762,7.85,CHEMBL691014,CHEMBL1135758,CHEMBL240,Voltage-gated inwardly rectifying potassium channel KCNH2,Homo sapiens,F,
CHEMBL12713,O=C1NCCN1CCN1CCC(c2cn(-c3ccc(F)cc3)c3ccc(Cl)cc23)CC1,IC50,=,14.0,nM,7.853871964321762,7.85,CHEMBL3430653,CHEMBL3430321,CHEMBL240,Voltage-gated inwardly rectifying potassium channel KCNH2,Homo sapiens,F,
CHEMBL12713,O=C1NCCN1CCN1CCC(c2cn(-c3ccc(F)cc3)c3ccc(Cl)cc23)CC1,IC50,=,14.13,nM,7.849857838151442,7.85,CHEMBL832277,CHEMBL1142050,CHEMBL240,Voltage-gated inwardly rectifying potassium channel KCNH2,Homo sapiens,F,
CHEMBL12713,O=C1NCCN1CCN1CCC(c2cn(-c3ccc(F)cc3)c3ccc(Cl)cc23)CC1,IC50,=,14.13,nM,7.849857838151442,7.85,CHEMBL1023674,CHEMBL1158373,CHEMBL240,Voltage-gated inwardly rectifying potassium channel KCNH2,Homo sapiens,B,
CHEMBL12713,O=C1NCCN1CCN1CCC(c2cn(-c3ccc(F)cc3)c3ccc(Cl)cc23)CC1,IC50,=,14.7,nM,7.8326826652518236,7.83,CHEMBL1027667,CHEMBL1137783,CHEMBL240,Voltage-gated inwardly rectifying potassium channel KCNH2,Homo sapiens,B,
CHEMBL12713,O=C1NCCN1CCN1CCC(c2cn(-c3ccc(F)cc3)c3ccc(Cl)cc23)CC1,IC50,=,14.79,nM,7.830031826003108,7.83,CHEMBL1676103,CHEMBL1671772,CHEMBL240,Voltage-gated inwardly rectifying potassium channel KCNH2,Homo sapiens,B,
CHEMBL12780,O=C1NCCN1CCN1CCC(c2cn(-c3ccc(F)cc3)c3ccccc23)CC1,IC50,=,6.918,nM,8.160019442321657,8.16,CHEMBL1676103,CHEMBL1671772,CHEMBL240,Voltage-gated inwardly rectifying potassium channel KCNH2,Homo sapiens,B,
CHEMBL12780,O=C1NCCN1CCN1CCC(c2cn(-c3ccc(F)cc3)c3ccccc23)CC1,IC50,=,7.0,nM,8.154901959985743,8.15,CHEMBL766816,CHEMBL1136402,CHEMBL240,Voltage-gated inwardly rectifying potassium channel KCNH2,Homo sapiens,B,
CHEMBL1280,COc1ccc(CCN(C)CCCC(C#N)(c2ccc(OC)c(OC)c2)C(C)C)cc1OC.Cl,IC50,=,200.0,nM,6.698970004336019,6.7,CHEMBL4373140,CHEMBL4371072,CHEMBL240,Voltage-gated inwardly rectifying potassium channel KCNH2,Homo sapiens,B,
CHEMBL1280,COc1ccc(CCN(C)CCCC(C#N)(c2ccc(OC)c(OC)c2)C(C)C)cc1OC.Cl,IC50,=,560.0,nM,6.251811972993799,6.25,CHEMBL4027157,CHEMBL4024765,CHEMBL240,Voltage-gated inwardly rectifying potassium channel KCNH2,Homo sapiens,B,
CHEMBL1294,C=C[C@H]1CN2CC[C@H]1C[C@@H]2[C@@H](O)c1ccnc2ccc(OC)cc12,IC50,=,300.0,nM,6.522878745280337,6.52,CHEMBL3430651,CHEMBL3430321,CHEMBL240,Voltage-gated inwardly rectifying potassium channel KCNH2,Homo sapiens,F,
CHEMBL1294,C=C[C@H]1CN2CC[C@H]1C[C@@H]2[C@@H](O)c1ccnc2ccc(OC)cc12,IC50,=,323.59,nM,6.4900049079866005,6.49,CHEMBL766814,CHEMBL1136167,CHEMBL240,Voltage-gated inwardly rectifying potassium channel KCNH2,Homo sapiens,B,
CHEMBL1294,C=C[C@H]1CN2CC[C@H]1C[C@@H]2[C@@H](O)c1ccnc2ccc(OC)cc12,IC50,=,323.59,nM,6.4900049079866005,6.49,CHEMBL829152,CHEMBL1139598,CHEMBL240,Voltage-gated inwardly rectifying potassium channel KCNH2,Homo sapiens,B,
CHEMBL1294,C=C[C@H]1CN2CC[C@H]1C[C@@H]2[C@@H](O)c1ccnc2ccc(OC)cc12,IC50,=,323.59,nM,6.4900049079866005,6.49,CHEMBL954102,CHEMBL1150324,CHEMBL240,Voltage-gated inwardly rectifying potassium channel KCNH2,Homo sapiens,B,
CHEMBL1294,C=C[C@H]1CN2CC[C@H]1C[C@@H]2[C@@H](O)c1ccnc2ccc(OC)cc12,IC50,=,500.0,nM,6.301029995663981,6.3,CHEMBL5516750,CHEMBL5512679,CHEMBL240,Voltage-gated inwardly rectifying potassium channel KCNH2,Homo sapiens,T,
CHEMBL1294,C=C[C@H]1CN2CC[C@H]1C[C@@H]2[C@@H](O)c1ccnc2ccc(OC)cc12,IC50,=,1440.0,nM,5.84163750790475,5.84,CHEMBL3888739,CHEMBL3886813,CHEMBL240,Voltage-gated inwardly rectifying potassium channel KCNH2,Homo sapiens,B,413065
CHEMBL1294,C=C[C@H]1CN2CC[C@H]1C[C@@H]2[C@@H](O)c1ccnc2ccc(OC)cc12,IC50,=,2670.0,nM,5.573488738635424,5.57,CHEMBL3761659,CHEMBL3758104,CHEMBL240,Voltage-gated inwardly rectifying potassium channel KCNH2,Homo sapiens,B,
CHEMBL1294,C=C[C@H]1CN2CC[C@H]1C[C@@H]2[C@@H](O)c1ccnc2ccc(OC)cc12,IC50,=,77320.0,nM,4.111708154643485,4.11,CHEMBL6130826,CHEMBL6127116,CHEMBL240,Voltage-gated inwardly rectifying potassium channel KCNH2,Homo sapiens,T,
CHEMBL1323,CC(C)CN(C[C@@H](O)[C@H](Cc1ccccc1)NC(=O)O[C@H]1CO[C@H]2OCC[C@H]21)S(=O)(=O)c1ccc(N)cc1,IC50,=,63095.73,nM,4.200000030616179,4.2,CHEMBL3430693,CHEMBL3430320,CHEMBL240,Voltage-gated inwardly rectifying potassium channel KCNH2,Homo sapiens,F,
CHEMBL1323,CC(C)CN(C[C@@H](O)[C@H](Cc1ccccc1)NC(=O)O[C@H]1CO[C@H]2OCC[C@H]21)S(=O)(=O)c1ccc(N)cc1,IC50,=,100000.0,nM,4.0,4.0,CHEMBL3430725,CHEMBL3430320,CHEMBL240,Voltage-gated inwardly rectifying potassium channel KCNH2,Homo sapiens,F,
CHEMBL1323,CC(C)CN(C[C@@H](O)[C@H](Cc1ccccc1)NC(=O)O[C@H]1CO[C@H]2OCC[C@H]21)S(=O)(=O)c1ccc(N)cc1,IC50,=,158489.32,nM,3.7999999979341847,,CHEMBL3430324,CHEMBL3430320,CHEMBL240,Voltage-gated inwardly rectifying potassium channel KCNH2,Homo sapiens,F,
CHEMBL1346,NC(=O)C(c1ccccc1)(c1ccccc1)[C@@H]1CCN(CCc2ccc3c(c2)CCO3)C1,IC50,=,79.43,nM,7.100015437450609,7.1,CHEMBL3430323,CHEMBL3430320,CHEMBL240,Voltage-gated inwardly rectifying potassium channel KCNH2,Homo sapiens,F,
CHEMBL1346,NC(=O)C(c1ccccc1)(c1ccccc1)[C@@H]1CCN(CCc2ccc3c(c2)CCO3)C1,IC50,=,1584.89,nM,5.800000874803203,5.8,CHEMBL3430692,CHEMBL3430320,CHEMBL240,Voltage-gated inwardly rectifying potassium channel KCNH2,Homo sapiens,F,
CHEMBL1382,Cc1ccc(O)c([C@H](CCN(C(C)C)C(C)C)c2ccccc2)c1,IC50,=,12.59,nM,7.899974269892137,7.9,CHEMBL3430352,CHEMBL3430320,CHEMBL240,Voltage-gated inwardly rectifying potassium channel KCNH2,Homo sapiens,F,
CHEMBL1382,Cc1ccc(O)c([C@H](CCN(C(C)C)C(C)C)c2ccccc2)c1,IC50,=,16.98,nM,7.770062314092066,7.77,CHEMBL829152,CHEMBL1139598,CHEMBL240,Voltage-gated inwardly rectifying potassium channel KCNH2,Homo sapiens,B,
CHEMBL1382,Cc1ccc(O)c([C@H](CCN(C(C)C)C(C)C)c2ccccc2)c1,IC50,=,125.89,nM,6.900008766455315,6.9,CHEMBL3430721,CHEMBL3430320,CHEMBL240,Voltage-gated inwardly rectifying potassium channel KCNH2,Homo sapiens,F,
CHEMBL1382,Cc1ccc(O)c([C@H](CCN(C(C)C)C(C)C)c2ccccc2)c1,IC50,=,158.49,nM,6.799998134593398,6.8,CHEMBL3430747,CHEMBL3430320,CHEMBL240,Voltage-gated inwardly rectifying potassium channel KCNH2,Homo sapiens,F,
CHEMBL1404,COc1ccccc1OCC(O)CN1CCN(CC(=O)Nc2c(C)cccc2C)CC1,IC50,=,12000.0,nM,4.920818753952375,4.92,CHEMBL4766000,CHEMBL4765231,CHEMBL240,Voltage-gated inwardly rectifying potassium channel KCNH2,Homo sapiens,B,
CHEMBL1404,COc1ccccc1OCC(O)CN1CCN(CC(=O)Nc2c(C)cccc2C)CC1,IC50,=,13400.0,nM,4.872895201635193,4.87,CHEMBL3883131,CHEMBL3882737,CHEMBL240,Voltage-gated inwardly rectifying potassium channel KCNH2,Homo sapiens,B,
CHEMBL1422,N[C@@H](CC(=O)N1CCn2c(nnc2C(F)(F)F)C1)Cc1cc(F)c(F)cc1F,IC50,=,158489.32,nM,3.7999999979341847,,CHEMBL3430347,CHEMBL3430320,CHEMBL240,Voltage-gated inwardly rectifying potassium channel KCNH2,Homo sapiens,F,
CHEMBL1422,N[C@@H](CC(=O)N1CCn2c(nnc2C(F)(F)F)C1)Cc1cc(F)c(F)cc1F,IC50,=,501187.23,nM,3.300000003143145,,CHEMBL3430744,CHEMBL3430320,CHEMBL240,Voltage-gated inwardly rectifying potassium channel KCNH2,Homo sapiens,F,
CHEMBL1422,N[C@@H](CC(=O)N1CCn2c(nnc2C(F)(F)F)C1)Cc1cc(F)c(F)cc1F,IC50,=,1000000.0,nM,3.0,,CHEMBL3430716,CHEMBL3430320,CHEMBL240,Voltage-gated inwardly rectifying potassium channel KCNH2,Homo sapiens,F,
CHEMBL1423,O=c1[nH]c2ccccc2n1C1CCN(CCCC(c2ccc(F)cc2)c2ccc(F)cc2)CC1,IC50,=,3.02,nM,8.51999305704285,8.52,CHEMBL1036648,CHEMBL1154445,CHEMBL240,Voltage-gated inwardly rectifying potassium channel KCNH2,Homo sapiens,B,
CHEMBL1423,O=c1[nH]c2ccccc2n1C1CCN(CCCC(c2ccc(F)cc2)c2ccc(F)cc2)CC1,IC50,=,18.0,nM,7.7447274948966935,7.75,CHEMBL691014,CHEMBL1135758,CHEMBL240,Voltage-gated inwardly rectifying potassium channel KCNH2,Homo sapiens,F,
CHEMBL1423,O=c1[nH]c2ccccc2n1C1CCN(CCCC(c2ccc(F)cc2)c2ccc(F)cc2)CC1,IC50,=,18.0,nM,7.7447274948966935,7.75,CHEMBL766816,CHEMBL1136402,CHEMBL240,Voltage-gated inwardly rectifying potassium channel KCNH2,Homo sapiens,B,
CHEMBL1423,O=c1[nH]c2ccccc2n1C1CCN(CCCC(c2ccc(F)cc2)c2ccc(F)cc2)CC1,IC50,=,18.0,nM,7.7447274948966935,7.75,CHEMBL768686,CHEMBL1145042,CHEMBL240,Voltage-gated inwardly rectifying potassium channel KCNH2,Homo sapiens,B,
CHEMBL1423,O=c1[nH]c2ccccc2n1C1CCN(CCCC(c2ccc(F)cc2)c2ccc(F)cc2)CC1,IC50,=,18.2,nM,7.739928612014925,7.74,CHEMBL832277,CHEMBL1142050,CHEMBL240,Voltage-gated inwardly rectifying potassium channel KCNH2,Homo sapiens,F,
CHEMBL1423,O=c1[nH]c2ccccc2n1C1CCN(CCCC(c2ccc(F)cc2)c2ccc(F)cc2)CC1,IC50,=,18.2,nM,7.739928612014925,7.74,CHEMBL1023674,CHEMBL1158373,CHEMBL240,Voltage-gated inwardly rectifying potassium channel KCNH2,Homo sapiens,B,
CHEMBL1423,O=c1[nH]c2ccccc2n1C1CCN(CCCC(c2ccc(F)cc2)c2ccc(F)cc2)CC1,IC50,=,20.0,nM,7.698970004336019,7.7,CHEMBL3430646,CHEMBL3430321,CHEMBL240,Voltage-gated inwardly rectifying potassium channel KCNH2,Homo sapiens,F,
CHEMBL1423,O=c1[nH]c2ccccc2n1C1CCN(CCCC(c2ccc(F)cc2)c2ccc(F)cc2)CC1,IC50,=,50.12,nM,7.299988937677888,7.3,CHEMBL766814,CHEMBL1136167,CHEMBL240,Voltage-gated inwardly rectifying potassium channel KCNH2,Homo sapiens,B,
CHEMBL1423,O=c1[nH]c2ccccc2n1C1CCN(CCCC(c2ccc(F)cc2)c2ccc(F)cc2)CC1,IC50,=,50.12,nM,7.299988937677888,7.3,CHEMBL829152,CHEMBL1139598,CHEMBL240,Voltage-gated inwardly rectifying potassium channel KCNH2,Homo sapiens,B,
CHEMBL1423,O=c1[nH]c2ccccc2n1C1CCN(CCCC(c2ccc(F)cc2)c2ccc(F)cc2)CC1,IC50,=,50.12,nM,7.299988937677888,7.3,CHEMBL954102,CHEMBL1150324,CHEMBL240,Voltage-gated inwardly rectifying potassium channel KCNH2,Homo sapiens,B,
CHEMBL1423,O=c1[nH]c2ccccc2n1C1CCN(CCCC(c2ccc(F)cc2)c2ccc(F)cc2)CC1,IC50,=,54.6,nM,7.262807357295262,7.26,CHEMBL1027667,CHEMBL1137783,CHEMBL240,Voltage-gated inwardly rectifying potassium channel KCNH2,Homo sapiens,B,
CHEMBL1423,O=c1[nH]c2ccccc2n1C1CCN(CCCC(c2ccc(F)cc2)c2ccc(F)cc2)CC1,IC50,=,54.95,nM,7.26003230324049,7.26,CHEMBL1676103,CHEMBL1671772,CHEMBL240,Voltage-gated inwardly rectifying potassium channel KCNH2,Homo sapiens,B,
CHEMBL1423,O=c1[nH]c2ccccc2n1C1CCN(CCCC(c2ccc(F)cc2)c2ccc(F)cc2)CC1,IC50,=,1700.0,nM,5.769551078621726,5.77,CHEMBL827807,CHEMBL1137856,CHEMBL240,Voltage-gated inwardly rectifying potassium channel KCNH2,Homo sapiens,B,
CHEMBL1520,CCCc1nc(C)c2c(=O)nc(-c3cc(S(=O)(=O)N4CCN(CC)CC4)ccc3OCC)[nH]n12,IC50,=,31622.78,nM,4.499999953328896,4.5,CHEMBL3430353,CHEMBL3430320,CHEMBL240,Voltage-gated inwardly rectifying potassium channel KCNH2,Homo sapiens,F,
CHEMBL1520,CCCc1nc(C)c2c(=O)nc(-c3cc(S(=O)(=O)N4CCN(CC)CC4)ccc3OCC)[nH]n12,IC50,=,79432.82,nM,4.100000018985305,4.1,CHEMBL3430748,CHEMBL3430320,CHEMBL240,Voltage-gated inwardly rectifying potassium channel KCNH2,Homo sapiens,F,
CHEMBL1520,CCCc1nc(C)c2c(=O)nc(-c3cc(S(=O)(=O)N4CCN(CC)CC4)ccc3OCC)[nH]n12,IC50,=,316227.77,nM,3.499999994529686,,CHEMBL3430722,CHEMBL3430320,CHEMBL240,Voltage-gated inwardly rectifying potassium channel KCNH2,Homo sapiens,F,
CHEMBL157101,CC(=O)N1CCN(c2ccc(OCC3COC(Cn4ccnc4)(c4ccc(Cl)cc4Cl)O3)cc2)CC1,IC50,=,1900.0,nM,5.721246399047171,5.72,CHEMBL1027667,CHEMBL1137783,CHEMBL240,Voltage-gated inwardly rectifying potassium channel KCNH2,Homo sapiens,B,
CHEMBL157101,CC(=O)N1CCN(c2ccc(OCC3COC(Cn4ccnc4)(c4ccc(Cl)cc4Cl)O3)cc2)CC1,IC50,=,1905.46,nM,5.720000163638921,5.72,CHEMBL766814,CHEMBL1136167,CHEMBL240,Voltage-gated inwardly rectifying potassium channel KCNH2,Homo sapiens,B,
CHEMBL157101,CC(=O)N1CCN(c2ccc(OCC3COC(Cn4ccnc4)(c4ccc(Cl)cc4Cl)O3)cc2)CC1,IC50,=,1905.46,nM,5.720000163638921,5.72,CHEMBL829152,CHEMBL1139598,CHEMBL240,Voltage-gated inwardly rectifying potassium channel KCNH2,Homo sapiens,B,
CHEMBL157101,CC(=O)N1CCN(c2ccc(OCC3COC(Cn4ccnc4)(c4ccc(Cl)cc4Cl)O3)cc2)CC1,IC50,=,1905.46,nM,5.720000163638921,5.72,CHEMBL954102,CHEMBL1150324,CHEMBL240,Voltage-gated inwardly rectifying potassium channel KCNH2,Homo sapiens,B,
CHEMBL157101,CC(=O)N1CCN(c2ccc(OCC3COC(Cn4ccnc4)(c4ccc(Cl)cc4Cl)O3)cc2)CC1,IC50,=,1905.46,nM,5.720000163638921,5.72,CHEMBL1676103,CHEMBL1671772,CHEMBL240,Voltage-gated inwardly rectifying potassium channel KCNH2,Homo sapiens,B,
CHEMBL16,O=C1NC(=O)C(c2ccccc2)(c2ccccc2)N1,IC50,=,100000.0,nM,4.0,4.0,CHEMBL3430645,CHEMBL3430321,CHEMBL240,Voltage-gated inwardly rectifying potassium channel KCNH2,Homo sapiens,F,
CHEMBL16,O=C1NC(=O)C(c2ccccc2)(c2ccccc2)N1,IC50,=,239883.29,nM,3.6200000034433657,,CHEMBL1676103,CHEMBL1671772,CHEMBL240,Voltage-gated inwardly rectifying potassium channel KCNH2,Homo sapiens,B,
CHEMBL16,O=C1NC(=O)C(c2ccccc2)(c2ccccc2)N1,IC50,=,240000.0,nM,3.6197887582883936,,CHEMBL827807,CHEMBL1137856,CHEMBL240,Voltage-gated inwardly rectifying potassium channel KCNH2,Homo sapiens,B,
CHEMBL1614712,Nc1ncnc2c1c(-c1cccc(OCc3ccccc3)c1)cn2[C@H]1C[C@@H](CN2CCC2)C1,IC50,=,130.0,nM,6.886056647693163,6.89,CHEMBL3789410,CHEMBL3784924,CHEMBL240,Voltage-gated inwardly rectifying potassium channel KCNH2,Homo sapiens,B,
CHEMBL1614712,Nc1ncnc2c1c(-c1cccc(OCc3ccccc3)c1)cn2[C@H]1C[C@@H](CN2CCC2)C1,IC50,=,130.0,nM,6.886056647693163,6.89,CHEMBL3789676,CHEMBL3785066,CHEMBL240,Voltage-gated inwardly rectifying potassium channel KCNH2,Homo sapiens,B,
CHEMBL1621,Cc1nc2n(c(=O)c1CCN1CCC(c3noc4cc(F)ccc34)CC1)CCCC2O,IC50,=,1000.0,nM,6.0,6.0,CHEMBL3430711,CHEMBL3430320,CHEMBL240,Voltage-gated inwardly rectifying potassium channel KCNH2,Homo sapiens,F,
CHEMBL1621,Cc1nc2n(c(=O)c1CCN1CCC(c3noc4cc(F)ccc34)CC1)CCCC2O,IC50,=,1258.93,nM,5.899998417198648,5.9,CHEMBL3430741,CHEMBL3430320,CHEMBL240,Voltage-gated inwardly rectifying potassium channel KCNH2,Homo sapiens,F,
CHEMBL1621,Cc1nc2n(c(=O)c1CCN1CCC(c3noc4cc(F)ccc34)CC1)CCCC2O,IC50,=,1258.93,nM,5.899998417198648,5.9,CHEMBL3430342,CHEMBL3430320,CHEMBL240,Voltage-gated inwardly rectifying potassium channel KCNH2,Homo sapiens,F,
CHEMBL1621,Cc1nc2n(c(=O)c1CCN1CCC(c3noc4cc(F)ccc34)CC1)CCCC2O,IC50,=,1288.25,nM,5.889999848866887,5.89,CHEMBL1676103,CHEMBL1671772,CHEMBL240,Voltage-gated inwardly rectifying potassium channel KCNH2,Homo sapiens,B,
CHEMBL1621,Cc1nc2n(c(=O)c1CCN1CCC(c3noc4cc(F)ccc34)CC1)CCCC2O,IC50,=,1300.0,nM,5.886056647693163,5.89,CHEMBL1027667,CHEMBL1137783,CHEMBL240,Voltage-gated inwardly rectifying potassium channel KCNH2,Homo sapiens,B,
CHEMBL163238,Cc1cccc(C)c1NC(=O)CC12CCCN1CCC2,IC50,=,20417.38,nM,4.6899999882307535,4.69,CHEMBL1036648,CHEMBL1154445,CHEMBL240,Voltage-gated inwardly rectifying potassium channel KCNH2,Homo sapiens,B,
CHEMBL163238,Cc1cccc(C)c1NC(=O)CC12CCCN1CCC2,IC50,=,20417.38,nM,4.6899999882307535,4.69,CHEMBL1676103,CHEMBL1671772,CHEMBL240,Voltage-gated inwardly rectifying potassium channel KCNH2,Homo sapiens,B,
CHEMBL1642258,COc1cc2c(cc1Nc1ncc(Cl)c(Nc3ccc(N4CCOCC4)cc3OC)n1)CCN(CC(=O)N(C)C)CC2,IC50,=,3900.0,nM,5.4089353929735005,5.41,CHEMBL1646084,CHEMBL1641404,CHEMBL240,Voltage-gated inwardly rectifying potassium channel KCNH2,Homo sapiens,B,
CHEMBL1642258,COc1cc2c(cc1Nc1ncc(Cl)c(Nc3ccc(N4CCOCC4)cc3OC)n1)CCN(CC(=O)N(C)C)CC2,IC50,=,3900.0,nM,5.4089353929735005,5.41,CHEMBL2067584,CHEMBL2062375,CHEMBL240,Voltage-gated inwardly rectifying potassium channel KCNH2,Homo sapiens,B,
CHEMBL1683074,CO[C@@H]1COCC[C@@H]1N[C@@H]1CC[C@@](C(=O)N2CCN(c3cc(C(F)(F)F)ccn3)CC2)(C(C)C)C1,IC50,=,1700.0,nM,5.769551078621726,5.77,CHEMBL1686112,CHEMBL1681706,CHEMBL240,Voltage-gated inwardly rectifying potassium channel KCNH2,Homo sapiens,B,
CHEMBL1683074,CO[C@@H]1COCC[C@@H]1N[C@@H]1CC[C@@](C(=O)N2CCN(c3cc(C(F)(F)F)ccn3)CC2)(C(C)C)C1,IC50,=,1700.0,nM,5.769551078621726,5.77,CHEMBL1685790,CHEMBL1681668,CHEMBL240,Voltage-gated inwardly rectifying potassium channel KCNH2,Homo sapiens,B,
CHEMBL1683074,CO[C@@H]1COCC[C@@H]1N[C@@H]1CC[C@@](C(=O)N2CCN(c3cc(C(F)(F)F)ccn3)CC2)(C(C)C)C1,IC50,=,1700.0,nM,5.769551078621726,5.77,CHEMBL1786160,CHEMBL1782039,CHEMBL240,Voltage-gated inwardly rectifying potassium channel KCNH2,Homo sapiens,B,
CHEMBL1683351,N#Cc1ccc(N2CCN(Cc3cc(C(=O)O)c(=O)n4ccccc34)CC2)cc1,IC50,=,7400.0,nM,5.130768280269024,5.13,CHEMBL1803665,CHEMBL1799933,CHEMBL240,Voltage-gated inwardly rectifying potassium channel KCNH2,Homo sapiens,B,
CHEMBL1683351,N#Cc1ccc(N2CCN(Cc3cc(C(=O)O)c(=O)n4ccccc34)CC2)cc1,IC50,=,7400.0,nM,5.130768280269024,5.13,CHEMBL2044730,CHEMBL2040827,CHEMBL240,Voltage-gated inwardly rectifying potassium channel KCNH2,Homo sapiens,B,
CHEMBL1684585,Nc1nc(CC(=O)Nc2ccc(C[C@@H]3CC[C@H]([C@H](O)c4ccccc4)N3)cc2)cs1,IC50,=,11200.0,nM,4.950781977329818,4.95,CHEMBL1687013,CHEMBL1681775,CHEMBL240,Voltage-gated inwardly rectifying potassium channel KCNH2,Homo sapiens,B,
CHEMBL1684585,Nc1nc(CC(=O)Nc2ccc(C[C@@H]3CC[C@H]([C@H](O)c4ccccc4)N3)cc2)cs1,IC50,=,11200.0,nM,4.950781977329818,4.95,CHEMBL3129316,CHEMBL3124772,CHEMBL240,Voltage-gated inwardly rectifying potassium channel KCNH2,Homo sapiens,B,
CHEMBL1684585,Nc1nc(CC(=O)Nc2ccc(C[C@@H]3CC[C@H]([C@H](O)c4ccccc4)N3)cc2)cs1,IC50,=,19000.0,nM,4.721246399047171,4.72,CHEMBL3767769,CHEMBL3763146,CHEMBL240,Voltage-gated inwardly rectifying potassium channel KCNH2,Homo sapiens,B,
CHEMBL1684950,CC(C)c1ccc(CC(=O)N[C@H](C)c2ccc(OCC(F)(F)F)cn2)cc1,IC50,=,4000.0,nM,5.3979400086720375,5.4,CHEMBL5051300,CHEMBL5050846,CHEMBL240,Voltage-gated inwardly rectifying potassium channel KCNH2,Homo sapiens,T,
CHEMBL1684950,CC(C)c1ccc(CC(=O)N[C@H](C)c2ccc(OCC(F)(F)F)cn2)cc1,IC50,=,8700.0,nM,5.060480747381382,5.06,CHEMBL5051301,CHEMBL5050846,CHEMBL240,Voltage-gated inwardly rectifying potassium channel KCNH2,Homo sapiens,T,
CHEMBL1688,C[N+]1([O-])CCN(C2=Nc3cc(Cl)ccc3Nc3ccccc32)CC1,IC50,=,133299.95,nM,3.8751700134873275,,CHEMBL1027667,CHEMBL1137783,CHEMBL240,Voltage-gated inwardly rectifying potassium channel KCNH2,Homo sapiens,B,
CHEMBL1688,C[N+]1([O-])CCN(C2=Nc3cc(Cl)ccc3Nc3ccccc32)CC1,IC50,=,133300.0,nM,3.8751698505861407,,CHEMBL1027667,CHEMBL1137783,CHEMBL240,Voltage-gated inwardly rectifying potassium channel KCNH2,Homo sapiens,B,
CHEMBL16900,O=C(Cc1ccc(C(F)(F)F)cc1C(F)(F)F)N[C@@H]1N=C(c2ccccc2)c2ccccc2N(CC(F)(F)F)C1=O,IC50,=,6000.0,nM,5.221848749616356,5.22,CHEMBL686879,CHEMBL1130298,CHEMBL240,Voltage-gated inwardly rectifying potassium channel KCNH2,Homo sapiens,F,
CHEMBL16900,O=C(Cc1ccc(C(F)(F)F)cc1C(F)(F)F)N[C@@H]1N=C(c2ccccc2)c2ccccc2N(CC(F)(F)F)C1=O,IC50,=,6000.0,nM,5.221848749616356,5.22,CHEMBL827807,CHEMBL1137856,CHEMBL240,Voltage-gated inwardly rectifying potassium channel KCNH2,Homo sapiens,B,
CHEMBL17157,CC(C)(C)c1ccc(C(O)CCCN2CCC(C(O)(c3ccccc3)c3ccccc3)CC2)cc1,IC50,=,8.9,nM,8.050609993355087,8.05,CHEMBL3430655,CHEMBL3430321,CHEMBL240,Voltage-gated inwardly rectifying potassium channel KCNH2,Homo sapiens,F,
CHEMBL17157,CC(C)(C)c1ccc(C(O)CCCN2CCC(C(O)(c3ccccc3)c3ccccc3)CC2)cc1,IC50,=,22.0,nM,7.657577319177793,7.66,CHEMBL4052442,CHEMBL4049458,CHEMBL240,Voltage-gated inwardly rectifying potassium channel KCNH2,Homo sapiens,B,
CHEMBL17157,CC(C)(C)c1ccc(C(O)CCCN2CCC(C(O)(c3ccccc3)c3ccccc3)CC2)cc1,IC50,=,23.0,nM,7.638272163982407,7.64,CHEMBL6101251,CHEMBL6096731,CHEMBL240,Voltage-gated inwardly rectifying potassium channel KCNH2,Homo sapiens,T,
CHEMBL17157,CC(C)(C)c1ccc(C(O)CCCN2CCC(C(O)(c3ccccc3)c3ccccc3)CC2)cc1,IC50,=,27.0,nM,7.568636235841012,7.57,CHEMBL6182534,CHEMBL6178017,CHEMBL240,Voltage-gated inwardly rectifying potassium channel KCNH2,Homo sapiens,T,
CHEMBL17157,CC(C)(C)c1ccc(C(O)CCCN2CCC(C(O)(c3ccccc3)c3ccccc3)CC2)cc1,IC50,=,30.0,nM,7.522878745280337,7.52,CHEMBL1011672,CHEMBL1152811,CHEMBL240,Voltage-gated inwardly rectifying potassium channel KCNH2,Homo sapiens,B,
CHEMBL17157,CC(C)(C)c1ccc(C(O)CCCN2CCC(C(O)(c3ccccc3)c3ccccc3)CC2)cc1,IC50,=,30.0,nM,7.522878745280337,7.52,CHEMBL1011677,CHEMBL1152811,CHEMBL240,Voltage-gated inwardly rectifying potassium channel KCNH2,Homo sapiens,B,
CHEMBL17157,CC(C)(C)c1ccc(C(O)CCCN2CCC(C(O)(c3ccccc3)c3ccccc3)CC2)cc1,IC50,=,41.0,nM,7.3872161432802645,7.39,CHEMBL5319037,CHEMBL5316320,CHEMBL240,Voltage-gated inwardly rectifying potassium channel KCNH2,Homo sapiens,T,
CHEMBL17157,CC(C)(C)c1ccc(C(O)CCCN2CCC(C(O)(c3ccccc3)c3ccccc3)CC2)cc1,IC50,=,45.0,nM,7.346787486224656,7.35,CHEMBL5523086,CHEMBL5518245,CHEMBL240,Voltage-gated inwardly rectifying potassium channel KCNH2,Homo sapiens,T,
CHEMBL17157,CC(C)(C)c1ccc(C(O)CCCN2CCC(C(O)(c3ccccc3)c3ccccc3)CC2)cc1,IC50,=,45.0,nM,7.346787486224656,7.35,CHEMBL5535166,CHEMBL5532677,CHEMBL240,Voltage-gated inwardly rectifying potassium channel KCNH2,Homo sapiens,T,
CHEMBL17157,CC(C)(C)c1ccc(C(O)CCCN2CCC(C(O)(c3ccccc3)c3ccccc3)CC2)cc1,IC50,=,50.0,nM,7.301029995663981,7.3,CHEMBL827807,CHEMBL1137856,CHEMBL240,Voltage-gated inwardly rectifying potassium channel KCNH2,Homo sapiens,B,
CHEMBL17157,CC(C)(C)c1ccc(C(O)CCCN2CCC(C(O)(c3ccccc3)c3ccccc3)CC2)cc1,IC50,=,56.0,nM,7.251811972993799,7.25,CHEMBL766816,CHEMBL1136402,CHEMBL240,Voltage-gated inwardly rectifying potassium channel KCNH2,Homo sapiens,B,
CHEMBL17157,CC(C)(C)c1ccc(C(O)CCCN2CCC(C(O)(c3ccccc3)c3ccccc3)CC2)cc1,IC50,=,56.0,nM,7.251811972993799,7.25,CHEMBL768686,CHEMBL1145042,CHEMBL240,Voltage-gated inwardly rectifying potassium channel KCNH2,Homo sapiens,B,
CHEMBL17157,CC(C)(C)c1ccc(C(O)CCCN2CCC(C(O)(c3ccccc3)c3ccccc3)CC2)cc1,IC50,=,56.0,nM,7.251811972993799,7.25,CHEMBL2032591,CHEMBL2029200,CHEMBL240,Voltage-gated inwardly rectifying potassium channel KCNH2,Homo sapiens,B,
CHEMBL17157,CC(C)(C)c1ccc(C(O)CCCN2CCC(C(O)(c3ccccc3)c3ccccc3)CC2)cc1,IC50,=,86.0,nM,7.0655015487564325,7.07,CHEMBL4370144,CHEMBL4368909,CHEMBL240,Voltage-gated inwardly rectifying potassium channel KCNH2,Homo sapiens,B,
CHEMBL17157,CC(C)(C)c1ccc(C(O)CCCN2CCC(C(O)(c3ccccc3)c3ccccc3)CC2)cc1,IC50,=,128.82,nM,6.890016705180107,6.89,CHEMBL832278,CHEMBL1142050,CHEMBL240,Voltage-gated inwardly rectifying potassium channel KCNH2,Homo sapiens,F,
CHEMBL17157,CC(C)(C)c1ccc(C(O)CCCN2CCC(C(O)(c3ccccc3)c3ccccc3)CC2)cc1,IC50,=,128.82,nM,6.890016705180107,6.89,CHEMBL1023674,CHEMBL1158373,CHEMBL240,Voltage-gated inwardly rectifying potassium channel KCNH2,Homo sapiens,B,
CHEMBL17157,CC(C)(C)c1ccc(C(O)CCCN2CCC(C(O)(c3ccccc3)c3ccccc3)CC2)cc1,IC50,=,130.0,nM,6.886056647693163,6.89,CHEMBL3390017,CHEMBL3351553,CHEMBL240,Voltage-gated inwardly rectifying potassium channel KCNH2,Homo sapiens,B,
CHEMBL17157,CC(C)(C)c1ccc(C(O)CCCN2CCC(C(O)(c3ccccc3)c3ccccc3)CC2)cc1,IC50,=,199.53,nM,6.699991797446187,6.7,CHEMBL766814,CHEMBL1136167,CHEMBL240,Voltage-gated inwardly rectifying potassium channel KCNH2,Homo sapiens,B,
CHEMBL17157,CC(C)(C)c1ccc(C(O)CCCN2CCC(C(O)(c3ccccc3)c3ccccc3)CC2)cc1,IC50,=,199.53,nM,6.699991797446187,6.7,CHEMBL829152,CHEMBL1139598,CHEMBL240,Voltage-gated inwardly rectifying potassium channel KCNH2,Homo sapiens,B,
CHEMBL17157,CC(C)(C)c1ccc(C(O)CCCN2CCC(C(O)(c3ccccc3)c3ccccc3)CC2)cc1,IC50,=,199.53,nM,6.699991797446187,6.7,CHEMBL954102,CHEMBL1150324,CHEMBL240,Voltage-gated inwardly rectifying potassium channel KCNH2,Homo sapiens,B,
CHEMBL17157,CC(C)(C)c1ccc(C(O)CCCN2CCC(C(O)(c3ccccc3)c3ccccc3)CC2)cc1,IC50,=,204.0,nM,6.690369832574101,6.69,CHEMBL691014,CHEMBL1135758,CHEMBL240,Voltage-gated inwardly rectifying potassium channel KCNH2,Homo sapiens,F,
CHEMBL17157,CC(C)(C)c1ccc(C(O)CCCN2CCC(C(O)(c3ccccc3)c3ccccc3)CC2)cc1,IC50,=,213.0,nM,6.671620396561263,6.67,CHEMBL1027667,CHEMBL1137783,CHEMBL240,Voltage-gated inwardly rectifying potassium channel KCNH2,Homo sapiens,B,
CHEMBL17157,CC(C)(C)c1ccc(C(O)CCCN2CCC(C(O)(c3ccccc3)c3ccccc3)CC2)cc1,IC50,=,213.8,nM,6.669992299127241,6.67,CHEMBL1676103,CHEMBL1671772,CHEMBL240,Voltage-gated inwardly rectifying potassium channel KCNH2,Homo sapiens,B,
CHEMBL17157,CC(C)(C)c1ccc(C(O)CCCN2CCC(C(O)(c3ccccc3)c3ccccc3)CC2)cc1,IC50,=,312.0,nM,6.505845405981557,6.51,CHEMBL1048092,CHEMBL1155359,CHEMBL240,Voltage-gated inwardly rectifying potassium channel KCNH2,Homo sapiens,B,
CHEMBL17157,CC(C)(C)c1ccc(C(O)CCCN2CCC(C(O)(c3ccccc3)c3ccccc3)CC2)cc1,IC50,=,312.0,nM,6.505845405981557,6.51,CHEMBL1048091,CHEMBL1155359,CHEMBL240,Voltage-gated inwardly rectifying potassium channel KCNH2,Homo sapiens,B,
CHEMBL17157,CC(C)(C)c1ccc(C(O)CCCN2CCC(C(O)(c3ccccc3)c3ccccc3)CC2)cc1,IC50,=,350.0,nM,6.455931955649724,6.46,CHEMBL1011674,CHEMBL1152811,CHEMBL240,Voltage-gated inwardly rectifying potassium channel KCNH2,Homo sapiens,B,
CHEMBL17157,CC(C)(C)c1ccc(C(O)CCCN2CCC(C(O)(c3ccccc3)c3ccccc3)CC2)cc1,IC50,=,960.0,nM,6.017728766960431,6.02,CHEMBL1011676,CHEMBL1152811,CHEMBL240,Voltage-gated inwardly rectifying potassium channel KCNH2,Homo sapiens,B,
CHEMBL17157,CC(C)(C)c1ccc(C(O)CCCN2CCC(C(O)(c3ccccc3)c3ccccc3)CC2)cc1,IC50,=,1200.0,nM,5.920818753952375,5.92,CHEMBL4606403,CHEMBL4602729,CHEMBL240,Voltage-gated inwardly rectifying potassium channel KCNH2,Homo sapiens,B,
CHEMBL17157,CC(C)(C)c1ccc(C(O)CCCN2CCC(C(O)(c3ccccc3)c3ccccc3)CC2)cc1,IC50,=,56000.0,nM,4.251811972993799,,CHEMBL907269,CHEMBL1139687,CHEMBL240,Voltage-gated inwardly rectifying potassium channel KCNH2,Homo sapiens,B,
CHEMBL172,O[C@@H](c1cc(C(F)(F)F)nc2c(C(F)(F)F)cccc12)[C@H]1CCCCN1,IC50,=,2600.0,nM,5.585026652029182,5.58,CHEMBL3407223,CHEMBL3400138,CHEMBL240,Voltage-gated inwardly rectifying potassium channel KCNH2,Homo sapiens,B,
CHEMBL172,O[C@@H](c1cc(C(F)(F)F)nc2c(C(F)(F)F)cccc12)[C@H]1CCCCN1,IC50,=,15000.0,nM,4.823908740944319,4.82,CHEMBL5155596,CHEMBL5154649,CHEMBL240,Voltage-gated inwardly rectifying potassium channel KCNH2,Homo sapiens,T,
CHEMBL1729,COc1cc(N)c(Cl)cc1C(=O)NC1CCN(CCCOc2ccc(F)cc2)CC1OC,IC50,=,6.457,nM,8.18996921359416,8.19,CHEMBL832278,CHEMBL1142050,CHEMBL240,Voltage-gated inwardly rectifying potassium channel KCNH2,Homo sapiens,F,
CHEMBL1729,COc1cc(N)c(Cl)cc1C(=O)NC1CCN(CCCOc2ccc(F)cc2)CC1OC,IC50,=,6.457,nM,8.18996921359416,8.19,CHEMBL1023674,CHEMBL1158373,CHEMBL240,Voltage-gated inwardly rectifying potassium channel KCNH2,Homo sapiens,B,
CHEMBL1729,COc1cc(N)c(Cl)cc1C(=O)NC1CCN(CCCOc2ccc(F)cc2)CC1OC,IC50,=,6.5,nM,8.187086643357144,8.19,CHEMBL691014,CHEMBL1135758,CHEMBL240,Voltage-gated inwardly rectifying potassium channel KCNH2,Homo sapiens,F,
CHEMBL1729,COc1cc(N)c(Cl)cc1C(=O)NC1CCN(CCCOc2ccc(F)cc2)CC1OC,IC50,=,6.5,nM,8.187086643357144,8.19,CHEMBL3430633,CHEMBL3430321,CHEMBL240,Voltage-gated inwardly rectifying potassium channel KCNH2,Homo sapiens,F,
CHEMBL1729,COc1cc(N)c(Cl)cc1C(=O)NC1CCN(CCCOc2ccc(F)cc2)CC1OC,IC50,=,6.7,nM,8.173925197299173,8.17,CHEMBL1027667,CHEMBL1137783,CHEMBL240,Voltage-gated inwardly rectifying potassium channel KCNH2,Homo sapiens,B,
CHEMBL1729,COc1cc(N)c(Cl)cc1C(=O)NC1CCN(CCCOc2ccc(F)cc2)CC1OC,IC50,=,6.761,nM,8.169989064063882,8.17,CHEMBL1676103,CHEMBL1671772,CHEMBL240,Voltage-gated inwardly rectifying potassium channel KCNH2,Homo sapiens,B,
CHEMBL1729,COc1cc(N)c(Cl)cc1C(=O)NC1CCN(CCCOc2ccc(F)cc2)CC1OC,IC50,=,10.0,nM,8.0,8.0,CHEMBL1011672,CHEMBL1152811,CHEMBL240,Voltage-gated inwardly rectifying potassium channel KCNH2,Homo sapiens,B,
CHEMBL1729,COc1cc(N)c(Cl)cc1C(=O)NC1CCN(CCCOc2ccc(F)cc2)CC1OC,IC50,=,10.92,nM,7.961777361631281,7.96,CHEMBL5588136,CHEMBL5584339,CHEMBL240,Voltage-gated inwardly rectifying potassium channel KCNH2,Homo sapiens,T,
CHEMBL1729,COc1cc(N)c(Cl)cc1C(=O)NC1CCN(CCCOc2ccc(F)cc2)CC1OC,IC50,=,11.38,nM,7.943857737940948,7.94,CHEMBL5586995,CHEMBL5584309,CHEMBL240,Voltage-gated inwardly rectifying potassium channel KCNH2,Homo sapiens,T,
CHEMBL1729,COc1cc(N)c(Cl)cc1C(=O)NC1CCN(CCCOc2ccc(F)cc2)CC1OC,IC50,=,12.0,nM,7.920818753952375,7.92,CHEMBL4224584,CHEMBL4219269,CHEMBL240,Voltage-gated inwardly rectifying potassium channel KCNH2,Homo sapiens,B,
CHEMBL1729,COc1cc(N)c(Cl)cc1C(=O)NC1CCN(CCCOc2ccc(F)cc2)CC1OC,IC50,=,15.04,nM,7.822752163744377,7.82,CHEMBL5508918,CHEMBL5506004,CHEMBL240,Voltage-gated inwardly rectifying potassium channel KCNH2,Homo sapiens,T,
CHEMBL1729,COc1cc(N)c(Cl)cc1C(=O)NC1CCN(CCCOc2ccc(F)cc2)CC1OC,IC50,=,28.1,nM,7.55129368009492,7.55,CHEMBL5328741,CHEMBL5325501,CHEMBL240,Voltage-gated inwardly rectifying potassium channel KCNH2,Homo sapiens,T,
CHEMBL1729,COc1cc(N)c(Cl)cc1C(=O)NC1CCN(CCCOc2ccc(F)cc2)CC1OC,IC50,=,32.0,nM,7.494850021680094,7.5,CHEMBL5332470,CHEMBL5331066,CHEMBL240,Voltage-gated inwardly rectifying potassium channel KCNH2,Homo sapiens,T,
CHEMBL1729,COc1cc(N)c(Cl)cc1C(=O)NC1CCN(CCCOc2ccc(F)cc2)CC1OC,IC50,=,33.0,nM,7.481486060122112,7.48,CHEMBL5357935,CHEMBL5356958,CHEMBL240,Voltage-gated inwardly rectifying potassium channel KCNH2,Homo sapiens,T,
CHEMBL1729,COc1cc(N)c(Cl)cc1C(=O)NC1CCN(CCCOc2ccc(F)cc2)CC1OC,IC50,=,37.0,nM,7.431798275933005,7.43,CHEMBL5384192,CHEMBL5380843,CHEMBL240,Voltage-gated inwardly rectifying potassium channel KCNH2,Homo sapiens,T,
CHEMBL1729,COc1cc(N)c(Cl)cc1C(=O)NC1CCN(CCCOc2ccc(F)cc2)CC1OC,IC50,=,37.0,nM,7.431798275933005,7.43,CHEMBL5388468,CHEMBL5385904,CHEMBL240,Voltage-gated inwardly rectifying potassium channel KCNH2,Homo sapiens,T,
CHEMBL1729,COc1cc(N)c(Cl)cc1C(=O)NC1CCN(CCCOc2ccc(F)cc2)CC1OC,IC50,=,38.0,nM,7.42021640338319,7.42,CHEMBL6107684,CHEMBL6103639,CHEMBL240,Voltage-gated inwardly rectifying potassium channel KCNH2,Homo sapiens,T,
CHEMBL1729,COc1cc(N)c(Cl)cc1C(=O)NC1CCN(CCCOc2ccc(F)cc2)CC1OC,IC50,=,39.81,nM,7.400007822415902,7.4,CHEMBL766814,CHEMBL1136167,CHEMBL240,Voltage-gated inwardly rectifying potassium channel KCNH2,Homo sapiens,B,
CHEMBL1729,COc1cc(N)c(Cl)cc1C(=O)NC1CCN(CCCOc2ccc(F)cc2)CC1OC,IC50,=,39.81,nM,7.400007822415902,7.4,CHEMBL829152,CHEMBL1139598,CHEMBL240,Voltage-gated inwardly rectifying potassium channel KCNH2,Homo sapiens,B,
CHEMBL1729,COc1cc(N)c(Cl)cc1C(=O)NC1CCN(CCCOc2ccc(F)cc2)CC1OC,IC50,=,39.81,nM,7.400007822415902,7.4,CHEMBL954102,CHEMBL1150324,CHEMBL240,Voltage-gated inwardly rectifying potassium channel KCNH2,Homo sapiens,B,
CHEMBL1729,COc1cc(N)c(Cl)cc1C(=O)NC1CCN(CCCOc2ccc(F)cc2)CC1OC,IC50,=,40.0,nM,7.3979400086720375,7.4,CHEMBL3582736,CHEMBL3580660,CHEMBL240,Voltage-gated inwardly rectifying potassium channel KCNH2,Homo sapiens,B,
CHEMBL1729,COc1cc(N)c(Cl)cc1C(=O)NC1CCN(CCCOc2ccc(F)cc2)CC1OC,IC50,=,40.0,nM,7.3979400086720375,7.4,CHEMBL5501763,CHEMBL5500358,CHEMBL240,Voltage-gated inwardly rectifying potassium channel KCNH2,Homo sapiens,T,
CHEMBL1729,COc1cc(N)c(Cl)cc1C(=O)NC1CCN(CCCOc2ccc(F)cc2)CC1OC,IC50,=,40.0,nM,7.3979400086720375,7.4,CHEMBL6106951,CHEMBL6103621,CHEMBL240,Voltage-gated inwardly rectifying potassium channel KCNH2,Homo sapiens,T,
CHEMBL1729,COc1cc(N)c(Cl)cc1C(=O)NC1CCN(CCCOc2ccc(F)cc2)CC1OC,IC50,=,45.0,nM,7.346787486224656,7.35,CHEMBL766816,CHEMBL1136402,CHEMBL240,Voltage-gated inwardly rectifying potassium channel KCNH2,Homo sapiens,B,
CHEMBL1729,COc1cc(N)c(Cl)cc1C(=O)NC1CCN(CCCOc2ccc(F)cc2)CC1OC,IC50,=,47.0,nM,7.327902142064282,7.33,CHEMBL768686,CHEMBL1145042,CHEMBL240,Voltage-gated inwardly rectifying potassium channel KCNH2,Homo sapiens,B,
CHEMBL1729,COc1cc(N)c(Cl)cc1C(=O)NC1CCN(CCCOc2ccc(F)cc2)CC1OC,IC50,=,50.0,nM,7.301029995663981,7.3,CHEMBL6123110,CHEMBL6120973,CHEMBL240,Voltage-gated inwardly rectifying potassium channel KCNH2,Homo sapiens,T,
CHEMBL1729,COc1cc(N)c(Cl)cc1C(=O)NC1CCN(CCCOc2ccc(F)cc2)CC1OC,IC50,=,55.0,nM,7.259637310505756,7.26,CHEMBL6087265,CHEMBL6083292,CHEMBL240,Voltage-gated inwardly rectifying potassium channel KCNH2,Homo sapiens,T,
CHEMBL1729,COc1cc(N)c(Cl)cc1C(=O)NC1CCN(CCCOc2ccc(F)cc2)CC1OC,IC50,=,60.0,nM,7.221848749616356,7.22,CHEMBL6100530,CHEMBL6096719,CHEMBL240,Voltage-gated inwardly rectifying potassium channel KCNH2,Homo sapiens,T,
CHEMBL1729,COc1cc(N)c(Cl)cc1C(=O)NC1CCN(CCCOc2ccc(F)cc2)CC1OC,IC50,=,79.0,nM,7.102372908709558,7.1,CHEMBL5511456,CHEMBL5506055,CHEMBL240,Voltage-gated inwardly rectifying potassium channel KCNH2,Homo sapiens,T,
CHEMBL1729,COc1cc(N)c(Cl)cc1C(=O)NC1CCN(CCCOc2ccc(F)cc2)CC1OC,IC50,=,80.0,nM,7.096910013008056,7.1,CHEMBL3266651,CHEMBL3259614,CHEMBL240,Voltage-gated inwardly rectifying potassium channel KCNH2,Homo sapiens,B,
CHEMBL1729,COc1cc(N)c(Cl)cc1C(=O)NC1CCN(CCCOc2ccc(F)cc2)CC1OC,IC50,=,98.0,nM,7.008773924307505,7.01,CHEMBL3602657,CHEMBL3600352,CHEMBL240,Voltage-gated inwardly rectifying potassium channel KCNH2,Homo sapiens,B,
CHEMBL1729,COc1cc(N)c(Cl)cc1C(=O)NC1CCN(CCCOc2ccc(F)cc2)CC1OC,IC50,=,120.0,nM,6.920818753952375,6.92,CHEMBL1011677,CHEMBL1152811,CHEMBL240,Voltage-gated inwardly rectifying potassium channel KCNH2,Homo sapiens,B,
CHEMBL1729,COc1cc(N)c(Cl)cc1C(=O)NC1CCN(CCCOc2ccc(F)cc2)CC1OC,IC50,=,130.0,nM,6.886056647693163,6.89,CHEMBL5735887,CHEMBL5728032,CHEMBL240,Voltage-gated inwardly rectifying potassium channel KCNH2,Homo sapiens,B,965053
CHEMBL1729,COc1cc(N)c(Cl)cc1C(=O)NC1CCN(CCCOc2ccc(F)cc2)CC1OC,IC50,=,150.0,nM,6.823908740944319,6.82,CHEMBL4007981,CHEMBL4007390,CHEMBL240,Voltage-gated inwardly rectifying potassium channel KCNH2,Homo sapiens,B,
CHEMBL1729,COc1cc(N)c(Cl)cc1C(=O)NC1CCN(CCCOc2ccc(F)cc2)CC1OC,IC50,=,170.0,nM,6.769551078621726,6.77,CHEMBL6090553,CHEMBL6087464,CHEMBL240,Voltage-gated inwardly rectifying potassium channel KCNH2,Homo sapiens,T,
CHEMBL1729,COc1cc(N)c(Cl)cc1C(=O)NC1CCN(CCCOc2ccc(F)cc2)CC1OC,IC50,=,170.1,nM,6.769295686387431,6.77,CHEMBL1909190,CHEMBL1909046,CHEMBL240,Voltage-gated inwardly rectifying potassium channel KCNH2,Homo sapiens,B,
CHEMBL1729,COc1cc(N)c(Cl)cc1C(=O)NC1CCN(CCCOc2ccc(F)cc2)CC1OC,IC50,=,190.0,nM,6.721246399047171,6.72,CHEMBL5731991,CHEMBL5726069,CHEMBL240,Voltage-gated inwardly rectifying potassium channel KCNH2,Homo sapiens,B,606906
CHEMBL1729,COc1cc(N)c(Cl)cc1C(=O)NC1CCN(CCCOc2ccc(F)cc2)CC1OC,IC50,=,1710.0,nM,5.767003889607846,5.77,CHEMBL1011676,CHEMBL1152811,CHEMBL240,Voltage-gated inwardly rectifying potassium channel KCNH2,Homo sapiens,B,
CHEMBL1729,COc1cc(N)c(Cl)cc1C(=O)NC1CCN(CCCOc2ccc(F)cc2)CC1OC,IC50,=,2690.0,nM,5.570247719997592,5.57,CHEMBL1011674,CHEMBL1152811,CHEMBL240,Voltage-gated inwardly rectifying potassium channel KCNH2,Homo sapiens,B,
CHEMBL1729,COc1cc(N)c(Cl)cc1C(=O)NC1CCN(CCCOc2ccc(F)cc2)CC1OC,IC50,=,25740.0,nM,4.589391457431632,4.59,CHEMBL6126854,CHEMBL6121063,CHEMBL240,Voltage-gated inwardly rectifying potassium channel KCNH2,Homo sapiens,T,
CHEMBL1734,O=C(O[C@H]1CN2CCC1CC2)N1CCc2ccccc2[C@@H]1c1ccccc1,IC50,=,251.19,nM,6.599997654072045,6.6,CHEMBL3430348,CHEMBL3430320,CHEMBL240,Voltage-gated inwardly rectifying potassium channel KCNH2,Homo sapiens,F,
CHEMBL1734,O=C(O[C@H]1CN2CCC1CC2)N1CCc2ccccc2[C@@H]1c1ccccc1,IC50,=,270.0,nM,6.568636235841012,6.57,CHEMBL5238147,CHEMBL5236587,CHEMBL240,Voltage-gated inwardly rectifying potassium channel KCNH2,Homo sapiens,T,
CHEMBL1734,O=C(O[C@H]1CN2CCC1CC2)N1CCc2ccccc2[C@@H]1c1ccccc1,IC50,=,1584.89,nM,5.800000874803203,5.8,CHEMBL3430717,CHEMBL3430320,CHEMBL240,Voltage-gated inwardly rectifying potassium channel KCNH2,Homo sapiens,F,
CHEMBL1741,CC[C@H]1OC(=O)[C@H](C)[C@@H](O[C@H]2C[C@@](C)(OC)[C@@H](O)[C@H](C)O2)[C@H](C)[C@@H](O[C@@H]2O[C@H](C)C[C@H](N(C)C)[C@H]2O)[C@](C)(OC)C[C@@H](C)C(=O)[C@H](C)[C@@H](O)[C@]1(C)O,IC50,=,33113.11,nM,4.480000028175458,4.48,CHEMBL766815,CHEMBL1136167,CHEMBL240,Voltage-gated inwardly rectifying potassium channel KCNH2,Homo sapiens,B,
CHEMBL1741,CC[C@H]1OC(=O)[C@H](C)[C@@H](O[C@H]2C[C@@](C)(OC)[C@@H](O)[C@H](C)O2)[C@H](C)[C@@H](O[C@@H]2O[C@H](C)C[C@H](N(C)C)[C@H]2O)[C@](C)(OC)C[C@@H](C)C(=O)[C@H](C)[C@@H](O)[C@]1(C)O,IC50,=,46000.0,nM,4.337242168318426,4.34,CHEMBL827807,CHEMBL1137856,CHEMBL240,Voltage-gated inwardly rectifying potassium channel KCNH2,Homo sapiens,B,
CHEMBL1741,CC[C@H]1OC(=O)[C@H](C)[C@@H](O[C@H]2C[C@@](C)(OC)[C@@H](O)[C@H](C)O2)[C@H](C)[C@@H](O[C@@H]2O[C@H](C)C[C@H](N(C)C)[C@H]2O)[C@](C)(OC)C[C@@H](C)C(=O)[C@H](C)[C@@H](O)[C@]1(C)O,IC50,=,58884.37,nM,4.229999967073058,4.23,CHEMBL766814,CHEMBL1136167,CHEMBL240,Voltage-gated inwardly rectifying potassium channel KCNH2,Homo sapiens,B,
CHEMBL1741,CC[C@H]1OC(=O)[C@H](C)[C@@H](O[C@H]2C[C@@](C)(OC)[C@@H](O)[C@H](C)O2)[C@H](C)[C@@H](O[C@@H]2O[C@H](C)C[C@H](N(C)C)[C@H]2O)[C@](C)(OC)C[C@@H](C)C(=O)[C@H](C)[C@@H](O)[C@]1(C)O,IC50,=,58884.37,nM,4.229999967073058,4.23,CHEMBL829152,CHEMBL1139598,CHEMBL240,Voltage-gated inwardly rectifying potassium channel KCNH2,Homo sapiens,B,
CHEMBL1741,CC[C@H]1OC(=O)[C@H](C)[C@@H](O[C@H]2C[C@@](C)(OC)[C@@H](O)[C@H](C)O2)[C@H](C)[C@@H](O[C@@H]2O[C@H](C)C[C@H](N(C)C)[C@H]2O)[C@](C)(OC)C[C@@H](C)C(=O)[C@H](C)[C@@H](O)[C@]1(C)O,IC50,=,58884.37,nM,4.229999967073058,4.23,CHEMBL954102,CHEMBL1150324,CHEMBL240,Voltage-gated inwardly rectifying potassium channel KCNH2,Homo sapiens,B,
CHEMBL17423,COc1ccc(C(=O)N2CCN(c3ccc4c(c3)CCC(=O)N4)CC2)cc1OC,IC50,=,1096.48,nM,5.95999928552668,5.96,CHEMBL766814,CHEMBL1136167,CHEMBL240,Voltage-gated inwardly rectifying potassium channel KCNH2,Homo sapiens,B,
CHEMBL17423,COc1ccc(C(=O)N2CCN(c3ccc4c(c3)CCC(=O)N4)CC2)cc1OC,IC50,=,1096.48,nM,5.95999928552668,5.96,CHEMBL954102,CHEMBL1150324,CHEMBL240,Voltage-gated inwardly rectifying potassium channel KCNH2,Homo sapiens,B,
CHEMBL17423,COc1ccc(C(=O)N2CCN(c3ccc4c(c3)CCC(=O)N4)CC2)cc1OC,IC50,=,1096.48,nM,5.95999928552668,5.96,CHEMBL1676103,CHEMBL1671772,CHEMBL240,Voltage-gated inwardly rectifying potassium channel KCNH2,Homo sapiens,B,
CHEMBL17423,COc1ccc(C(=O)N2CCN(c3ccc4c(c3)CCC(=O)N4)CC2)cc1OC,IC50,=,18000.0,nM,4.7447274948966935,4.75,CHEMBL827807,CHEMBL1137856,CHEMBL240,Voltage-gated inwardly rectifying potassium channel KCNH2,Homo sapiens,B,
CHEMBL175691,Cc1cc(/C=C/C#N)cc(C)c1Nc1ccnc(Nc2ccc(C#N)cc2)n1,IC50,=,500.0,nM,6.301029995663981,6.3,CHEMBL4359448,CHEMBL4354878,CHEMBL240,Voltage-gated inwardly rectifying potassium channel KCNH2,Homo sapiens,B,
CHEMBL175691,Cc1cc(/C=C/C#N)cc(C)c1Nc1ccnc(Nc2ccc(C#N)cc2)n1,IC50,=,500.0,nM,6.301029995663981,6.3,CHEMBL4381375,CHEMBL4376885,CHEMBL240,Voltage-gated inwardly rectifying potassium channel KCNH2,Homo sapiens,B,
CHEMBL175691,Cc1cc(/C=C/C#N)cc(C)c1Nc1ccnc(Nc2ccc(C#N)cc2)n1,IC50,=,500.0,nM,6.301029995663981,6.3,CHEMBL4832854,CHEMBL4831515,CHEMBL240,Voltage-gated inwardly rectifying potassium channel KCNH2,Homo sapiens,A,
CHEMBL175691,Cc1cc(/C=C/C#N)cc(C)c1Nc1ccnc(Nc2ccc(C#N)cc2)n1,IC50,=,500.0,nM,6.301029995663981,6.3,CHEMBL5136071,CHEMBL5131537,CHEMBL240,Voltage-gated inwardly rectifying potassium channel KCNH2,Homo sapiens,T,
CHEMBL175691,Cc1cc(/C=C/C#N)cc(C)c1Nc1ccnc(Nc2ccc(C#N)cc2)n1,IC50,=,500.0,nM,6.301029995663981,6.3,CHEMBL5140411,CHEMBL5137044,CHEMBL240,Voltage-gated inwardly rectifying potassium channel KCNH2,Homo sapiens,T,
CHEMBL175691,Cc1cc(/C=C/C#N)cc(C)c1Nc1ccnc(Nc2ccc(C#N)cc2)n1,IC50,=,500.0,nM,6.301029995663981,6.3,CHEMBL5332470,CHEMBL5331066,CHEMBL240,Voltage-gated inwardly rectifying potassium channel KCNH2,Homo sapiens,T,
CHEMBL175691,Cc1cc(/C=C/C#N)cc(C)c1Nc1ccnc(Nc2ccc(C#N)cc2)n1,IC50,=,500.0,nM,6.301029995663981,6.3,CHEMBL5334006,CHEMBL5331107,CHEMBL240,Voltage-gated inwardly rectifying potassium channel KCNH2,Homo sapiens,T,
CHEMBL175691,Cc1cc(/C=C/C#N)cc(C)c1Nc1ccnc(Nc2ccc(C#N)cc2)n1,IC50,=,500.0,nM,6.301029995663981,6.3,CHEMBL5356183,CHEMBL5352488,CHEMBL240,Voltage-gated inwardly rectifying potassium channel KCNH2,Homo sapiens,T,
CHEMBL175691,Cc1cc(/C=C/C#N)cc(C)c1Nc1ccnc(Nc2ccc(C#N)cc2)n1,IC50,=,500.0,nM,6.301029995663981,6.3,CHEMBL6138085,CHEMBL6134848,CHEMBL240,Voltage-gated inwardly rectifying potassium channel KCNH2,Homo sapiens,T,
CHEMBL175691,Cc1cc(/C=C/C#N)cc(C)c1Nc1ccnc(Nc2ccc(C#N)cc2)n1,IC50,=,3310.0,nM,5.480172006224281,5.48,CHEMBL5341349,CHEMBL5338759,CHEMBL240,Voltage-gated inwardly rectifying potassium channel KCNH2,Homo sapiens,T,
CHEMBL1760059,COc1ccc([C@H]2CN(CCc3ccc(OC)c(OC)c3)C[C@@H]2CNC(=O)c2cccc(Cl)c2)cc1,IC50,=,110.0,nM,6.958607314841775,6.96,CHEMBL1764797,CHEMBL1759849,CHEMBL240,Voltage-gated inwardly rectifying potassium channel KCNH2,Homo sapiens,B,
CHEMBL1760059,COc1ccc([C@H]2CN(CCc3ccc(OC)c(OC)c3)C[C@@H]2CNC(=O)c2cccc(Cl)c2)cc1,IC50,=,160.0,nM,6.795880017344075,6.8,CHEMBL1764797,CHEMBL1759849,CHEMBL240,Voltage-gated inwardly rectifying potassium channel KCNH2,Homo sapiens,B,
CHEMBL1760234,COc1ccc([C@H]2CN(CCc3ccc(OC)c(OC)c3)C[C@@H]2CC(=O)Nc2cccc(Cl)c2)cc1,IC50,=,2.0,nM,8.698970004336019,8.7,CHEMBL1764797,CHEMBL1759849,CHEMBL240,Voltage-gated inwardly rectifying potassium channel KCNH2,Homo sapiens,B,
CHEMBL1760234,COc1ccc([C@H]2CN(CCc3ccc(OC)c(OC)c3)C[C@@H]2CC(=O)Nc2cccc(Cl)c2)cc1,IC50,=,66.0,nM,7.180456064458131,7.18,CHEMBL1764797,CHEMBL1759849,CHEMBL240,Voltage-gated inwardly rectifying potassium channel KCNH2,Homo sapiens,B,
CHEMBL1767164,O=c1c2ccccc2c(Cc2ccc(Cl)cc2)nn1C[C@H]1CCCN1CCCCc1ccc(OCCCN2CCCCCC2)cc1,IC50,=,50.12,nM,7.299988937677888,7.3,CHEMBL1769661,CHEMBL1764974,CHEMBL240,Voltage-gated inwardly rectifying potassium channel KCNH2,Homo sapiens,B,
CHEMBL1767164,O=c1c2ccccc2c(Cc2ccc(Cl)cc2)nn1C[C@H]1CCCN1CCCCc1ccc(OCCCN2CCCCCC2)cc1,IC50,=,50.12,nM,7.299988937677888,7.3,CHEMBL2150564,CHEMBL2146436,CHEMBL240,Voltage-gated inwardly rectifying potassium channel KCNH2,Homo sapiens,B,
CHEMBL1767164,O=c1c2ccccc2c(Cc2ccc(Cl)cc2)nn1C[C@H]1CCCN1CCCCc1ccc(OCCCN2CCCCCC2)cc1,IC50,=,50.12,nM,7.299988937677888,7.3,CHEMBL3870967,CHEMBL3870336,CHEMBL240,Voltage-gated inwardly rectifying potassium channel KCNH2,Homo sapiens,B,
CHEMBL1771097,O=C(NC1CC1)c1ccc(OCC2CC2C2CCN(c3ncc(Cl)cn3)CC2)cc1F,IC50,=,1500.0,nM,5.823908740944319,5.82,CHEMBL1771845,CHEMBL1770133,CHEMBL240,Voltage-gated inwardly rectifying potassium channel KCNH2,Homo sapiens,B,
CHEMBL1771097,O=C(NC1CC1)c1ccc(OCC2CC2C2CCN(c3ncc(Cl)cn3)CC2)cc1F,IC50,=,1900.0,nM,5.721246399047171,5.72,CHEMBL1771845,CHEMBL1770133,CHEMBL240,Voltage-gated inwardly rectifying potassium channel KCNH2,Homo sapiens,B,
CHEMBL1782376,CC(C)[C@]1(C(=O)N2CCN(c3cc(C(F)(F)F)ccn3)CC2)CC[C@@H](NC2C3CCCC2COC3)C1,IC50,=,1200.0,nM,5.920818753952375,5.92,CHEMBL1786160,CHEMBL1782039,CHEMBL240,Voltage-gated inwardly rectifying potassium channel KCNH2,Homo sapiens,B,
CHEMBL1782376,CC(C)[C@]1(C(=O)N2CCN(c3cc(C(F)(F)F)ccn3)CC2)CC[C@@H](NC2C3CCCC2COC3)C1,IC50,=,1300.0,nM,5.886056647693163,5.89,CHEMBL1786160,CHEMBL1782039,CHEMBL240,Voltage-gated inwardly rectifying potassium channel KCNH2,Homo sapiens,B,
CHEMBL1800137,CC(C)(N)C(=O)N1CCn2c(nc(-c3ccc(F)cc3)c2Nc2ccc(F)cc2)C1,IC50,=,3950.0,nM,5.403402904373539,5.4,CHEMBL2433139,CHEMBL2429781,CHEMBL240,Voltage-gated inwardly rectifying potassium channel KCNH2,Homo sapiens,B,
CHEMBL1800137,CC(C)(N)C(=O)N1CCn2c(nc(-c3ccc(F)cc3)c2Nc2ccc(F)cc2)C1,IC50,=,5600.0,nM,5.251811972993799,5.25,CHEMBL1803471,CHEMBL1800027,CHEMBL240,Voltage-gated inwardly rectifying potassium channel KCNH2,Homo sapiens,B,
CHEMBL1800137,CC(C)(N)C(=O)N1CCn2c(nc(-c3ccc(F)cc3)c2Nc2ccc(F)cc2)C1,IC50,=,5600.0,nM,5.251811972993799,5.25,CHEMBL2060804,CHEMBL2057141,CHEMBL240,Voltage-gated inwardly rectifying potassium channel KCNH2,Homo sapiens,B,
CHEMBL180672,CC(C)(Cc1ccc2ccccc2c1)NC[C@@H](O)COc1cccc(Cl)c1C#N,IC50,=,3.0,nM,8.522878745280337,8.52,CHEMBL1052905,CHEMBL1154613,CHEMBL240,Voltage-gated inwardly rectifying potassium channel KCNH2,Homo sapiens,B,
CHEMBL180672,CC(C)(Cc1ccc2ccccc2c1)NC[C@@H](O)COc1cccc(Cl)c1C#N,IC50,=,194.0,nM,6.7121982700697735,6.71,CHEMBL832717,CHEMBL1144337,CHEMBL240,Voltage-gated inwardly rectifying potassium channel KCNH2,Homo sapiens,B,
CHEMBL1813065,C[C@@H]1CCCN1CCCOc1ccc(-c2cn[nH]c(=O)c2)cc1,IC50,=,9500.0,nM,5.022276394711152,5.02,CHEMBL1816830,CHEMBL1811886,CHEMBL240,Voltage-gated inwardly rectifying potassium channel KCNH2,Homo sapiens,B,
CHEMBL1813065,C[C@@H]1CCCN1CCCOc1ccc(-c2cn[nH]c(=O)c2)cc1,IC50,=,10000.0,nM,5.0,5.0,CHEMBL2038956,CHEMBL2034817,CHEMBL240,Voltage-gated inwardly rectifying potassium channel KCNH2,Homo sapiens,B,
CHEMBL1824041,N#Cc1ccc2c(c1)N(CCN1CCC(NCc3ccc4c(n3)NC(=O)CO4)CC1)C(=O)CO2,IC50,=,41000.0,nM,4.3872161432802645,4.39,CHEMBL1919743,CHEMBL1914454,CHEMBL240,Voltage-gated inwardly rectifying potassium channel KCNH2,Homo sapiens,B,
CHEMBL1824041,N#Cc1ccc2c(c1)N(CCN1CCC(NCc3ccc4c(n3)NC(=O)CO4)CC1)C(=O)CO2,IC50,=,41000.0,nM,4.3872161432802645,4.39,CHEMBL5114275,CHEMBL5113380,CHEMBL240,Voltage-gated inwardly rectifying potassium channel KCNH2,Homo sapiens,T,
CHEMBL1824043,O=C1COc2ccc(CNC3CCN(CCN4C(=O)COc5ccc(F)cc54)CC3)nc2N1,IC50,=,8500.0,nM,5.070581074285707,5.07,CHEMBL1826877,CHEMBL1821639,CHEMBL240,Voltage-gated inwardly rectifying potassium channel KCNH2,Homo sapiens,B,
CHEMBL1824043,O=C1COc2ccc(CNC3CCN(CCN4C(=O)COc5ccc(F)cc54)CC3)nc2N1,IC50,=,9000.0,nM,5.045757490560675,5.05,CHEMBL1919743,CHEMBL1914454,CHEMBL240,Voltage-gated inwardly rectifying potassium channel KCNH2,Homo sapiens,B,
CHEMBL1824044,COc1ccc2c(c1)N(CCN1CCC(NCc3ccc4c(n3)NC(=O)CO4)CC1)C(=O)CO2,IC50,=,12900.0,nM,4.889410289700751,4.89,CHEMBL1826877,CHEMBL1821639,CHEMBL240,Voltage-gated inwardly rectifying potassium channel KCNH2,Homo sapiens,B,
CHEMBL1824044,COc1ccc2c(c1)N(CCN1CCC(NCc3ccc4c(n3)NC(=O)CO4)CC1)C(=O)CO2,IC50,=,13000.0,nM,4.886056647693163,4.89,CHEMBL1919743,CHEMBL1914454,CHEMBL240,Voltage-gated inwardly rectifying potassium channel KCNH2,Homo sapiens,B,
CHEMBL182977,CCCCCCCN(CC)CCCCc1ccc([N+](=O)[O-])cc1,IC50,=,2.188,nM,8.659952682338607,8.66,CHEMBL1676103,CHEMBL1671772,CHEMBL240,Voltage-gated inwardly rectifying potassium channel KCNH2,Homo sapiens,B,
CHEMBL182977,CCCCCCCN(CC)CCCCc1ccc([N+](=O)[O-])cc1,IC50,=,10.0,nM,8.0,8.0,CHEMBL827807,CHEMBL1137856,CHEMBL240,Voltage-gated inwardly rectifying potassium channel KCNH2,Homo sapiens,B,
CHEMBL184412,CCCCc1oc2ccc(NS(C)(=O)=O)cc2c1C(=O)c1ccc(OCCCN(CCCC)CCCC)cc1,IC50,=,316.23,nM,6.499996931948306,6.5,CHEMBL1676103,CHEMBL1671772,CHEMBL240,Voltage-gated inwardly rectifying potassium channel KCNH2,Homo sapiens,B,
CHEMBL184412,CCCCc1oc2ccc(NS(C)(=O)=O)cc2c1C(=O)c1ccc(OCCCN(CCCC)CCCC)cc1,IC50,=,3000.0,nM,5.522878745280337,5.52,CHEMBL827807,CHEMBL1137856,CHEMBL240,Voltage-gated inwardly rectifying potassium channel KCNH2,Homo sapiens,B,
CHEMBL1873475,C=CC(=O)N1CCC[C@@H](n2nc(-c3ccc(Oc4ccccc4)cc3)c3c(N)ncnc32)C1,IC50,=,970.0,nM,6.013228265733755,6.01,CHEMBL5330438,CHEMBL5329199,CHEMBL240,Voltage-gated inwardly rectifying potassium channel KCNH2,Homo sapiens,T,
CHEMBL1873475,C=CC(=O)N1CCC[C@@H](n2nc(-c3ccc(Oc4ccccc4)cc3)c3c(N)ncnc32)C1,IC50,=,1100.0,nM,5.958607314841775,5.96,CHEMBL4264023,CHEMBL4261599,CHEMBL240,Voltage-gated inwardly rectifying potassium channel KCNH2,Homo sapiens,B,
CHEMBL1873475,C=CC(=O)N1CCC[C@@H](n2nc(-c3ccc(Oc4ccccc4)cc3)c3c(N)ncnc32)C1,IC50,=,7700.0,nM,5.113509274827518,5.11,CHEMBL4730753,CHEMBL4725429,CHEMBL240,Voltage-gated inwardly rectifying potassium channel KCNH2,Homo sapiens,B,
CHEMBL1908360,CO[C@H]1C[C@@H]2CC[C@@H](C)[C@@](O)(O2)C(=O)C(=O)N2CCCC[C@H]2C(=O)O[C@H]([C@H](C)C[C@@H]2CC[C@@H](OCCO)[C@H](OC)C2)CC(=O)[C@H](C)/C=C(\C)[C@@H](O)[C@@H](OC)C(=O)[C@H](C)C[C@H](C)/C=C/C=C/C=C/1C,IC50,=,501187.23,nM,3.300000003143145,,CHEMBL3430333,CHEMBL3430320,CHEMBL240,Voltage-gated inwardly rectifying potassium channel KCNH2,Homo sapiens,F,
CHEMBL1908360,CO[C@H]1C[C@@H]2CC[C@@H](C)[C@@](O)(O2)C(=O)C(=O)N2CCCC[C@H]2C(=O)O[C@H]([C@H](C)C[C@@H]2CC[C@@H](OCCO)[C@H](OC)C2)CC(=O)[C@H](C)/C=C(\C)[C@@H](O)[C@@H](OC)C(=O)[C@H](C)C[C@H](C)/C=C/C=C/C=C/1C,IC50,=,794328.23,nM,3.1000000025829744,,CHEMBL3430733,CHEMBL3430320,CHEMBL240,Voltage-gated inwardly rectifying potassium channel KCNH2,Homo sapiens,F,
CHEMBL1908360,CO[C@H]1C[C@@H]2CC[C@@H](C)[C@@](O)(O2)C(=O)C(=O)N2CCCC[C@H]2C(=O)O[C@H]([C@H](C)C[C@@H]2CC[C@@H](OCCO)[C@H](OC)C2)CC(=O)[C@H](C)/C=C(\C)[C@@H](O)[C@@H](OC)C(=O)[C@H](C)C[C@H](C)/C=C/C=C/C=C/1C,IC50,=,15848931.92,nM,1.8000000001263547,,CHEMBL3430702,CHEMBL3430320,CHEMBL240,Voltage-gated inwardly rectifying potassium channel KCNH2,Homo sapiens,F,
CHEMBL1916532,COc1ccc2ncc(F)c(CCN3CCC(NCc4cc5c(cn4)OCCO5)CC3)c2n1,IC50,=,3000.0,nM,5.522878745280337,5.52,CHEMBL1919743,CHEMBL1914454,CHEMBL240,Voltage-gated inwardly rectifying potassium channel KCNH2,Homo sapiens,B,
CHEMBL1916532,COc1ccc2ncc(F)c(CCN3CCC(NCc4cc5c(cn4)OCCO5)CC3)c2n1,IC50,=,15100.0,nM,4.82102305270683,4.82,CHEMBL1931724,CHEMBL1926511,CHEMBL240,Voltage-gated inwardly rectifying potassium channel KCNH2,Homo sapiens,B,
CHEMBL1916542,COc1ccc2ncc(=O)n(CCN3CCC(NCc4cc5c(cn4)OCCO5)CC3)c2c1,IC50,=,19000.0,nM,4.721246399047171,4.72,CHEMBL1919743,CHEMBL1914454,CHEMBL240,Voltage-gated inwardly rectifying potassium channel KCNH2,Homo sapiens,B,
CHEMBL1916542,COc1ccc2ncc(=O)n(CCN3CCC(NCc4cc5c(cn4)OCCO5)CC3)c2c1,IC50,=,19000.0,nM,4.721246399047171,4.72,CHEMBL5114275,CHEMBL5113380,CHEMBL240,Voltage-gated inwardly rectifying potassium channel KCNH2,Homo sapiens,T,
CHEMBL192,CCCc1nn(C)c2c(=O)[nH]c(-c3cc(S(=O)(=O)N4CCN(C)CC4)ccc3OCC)nc12,IC50,=,3300.0,nM,5.481486060122112,5.48,CHEMBL1027667,CHEMBL1137783,CHEMBL240,Voltage-gated inwardly rectifying potassium channel KCNH2,Homo sapiens,B,
CHEMBL192,CCCc1nn(C)c2c(=O)[nH]c(-c3cc(S(=O)(=O)N4CCN(C)CC4)ccc3OCC)nc12,IC50,=,3311.31,nM,5.480000159330324,5.48,CHEMBL766814,CHEMBL1136167,CHEMBL240,Voltage-gated inwardly rectifying potassium channel KCNH2,Homo sapiens,B,
CHEMBL192,CCCc1nn(C)c2c(=O)[nH]c(-c3cc(S(=O)(=O)N4CCN(C)CC4)ccc3OCC)nc12,IC50,=,3311.31,nM,5.480000159330324,5.48,CHEMBL829152,CHEMBL1139598,CHEMBL240,Voltage-gated inwardly rectifying potassium channel KCNH2,Homo sapiens,B,
CHEMBL192,CCCc1nn(C)c2c(=O)[nH]c(-c3cc(S(=O)(=O)N4CCN(C)CC4)ccc3OCC)nc12,IC50,=,3311.31,nM,5.480000159330324,5.48,CHEMBL954102,CHEMBL1150324,CHEMBL240,Voltage-gated inwardly rectifying potassium channel KCNH2,Homo sapiens,B,
CHEMBL192,CCCc1nn(C)c2c(=O)[nH]c(-c3cc(S(=O)(=O)N4CCN(C)CC4)ccc3OCC)nc12,IC50,=,3311.31,nM,5.480000159330324,5.48,CHEMBL1676103,CHEMBL1671772,CHEMBL240,Voltage-gated inwardly rectifying potassium channel KCNH2,Homo sapiens,B,
CHEMBL192,CCCc1nn(C)c2c(=O)[nH]c(-c3cc(S(=O)(=O)N4CCN(C)CC4)ccc3OCC)nc12,IC50,=,31622.78,nM,4.499999953328896,4.5,CHEMBL3430345,CHEMBL3430320,CHEMBL240,Voltage-gated inwardly rectifying potassium channel KCNH2,Homo sapiens,F,
CHEMBL192,CCCc1nn(C)c2c(=O)[nH]c(-c3cc(S(=O)(=O)N4CCN(C)CC4)ccc3OCC)nc12,IC50,=,100000.0,nM,4.0,4.0,CHEMBL691014,CHEMBL1135758,CHEMBL240,Voltage-gated inwardly rectifying potassium channel KCNH2,Homo sapiens,F,
CHEMBL192,CCCc1nn(C)c2c(=O)[nH]c(-c3cc(S(=O)(=O)N4CCN(C)CC4)ccc3OCC)nc12,IC50,=,100000.0,nM,4.0,4.0,CHEMBL1023674,CHEMBL1158373,CHEMBL240,Voltage-gated inwardly rectifying potassium channel KCNH2,Homo sapiens,B,
CHEMBL192,CCCc1nn(C)c2c(=O)[nH]c(-c3cc(S(=O)(=O)N4CCN(C)CC4)ccc3OCC)nc12,IC50,=,100000.0,nM,4.0,4.0,CHEMBL3430743,CHEMBL3430320,CHEMBL240,Voltage-gated inwardly rectifying potassium channel KCNH2,Homo sapiens,F,
CHEMBL192,CCCc1nn(C)c2c(=O)[nH]c(-c3cc(S(=O)(=O)N4CCN(C)CC4)ccc3OCC)nc12,IC50,=,158489.32,nM,3.7999999979341847,,CHEMBL3430714,CHEMBL3430320,CHEMBL240,Voltage-gated inwardly rectifying potassium channel KCNH2,Homo sapiens,F,
CHEMBL1927161,COc1ccc2nccc([C@@H](O)CN3CCC(NCc4cc5c(cn4)OCCO5)CC3)c2n1,IC50,=,4000.0,nM,5.3979400086720375,5.4,CHEMBL1931723,CHEMBL1926511,CHEMBL240,Voltage-gated inwardly rectifying potassium channel KCNH2,Homo sapiens,B,
CHEMBL1927161,COc1ccc2nccc([C@@H](O)CN3CCC(NCc4cc5c(cn4)OCCO5)CC3)c2n1,IC50,=,25100.0,nM,4.600326278518962,4.6,CHEMBL1931724,CHEMBL1926511,CHEMBL240,Voltage-gated inwardly rectifying potassium channel KCNH2,Homo sapiens,B,
CHEMBL1927162,COc1ccc2ncc(F)c(CCN3CCC(NCc4cc5c(cn4)OCCO5)CC3)c2c1,IC50,=,5000.0,nM,5.301029995663981,5.3,CHEMBL1931724,CHEMBL1926511,CHEMBL240,Voltage-gated inwardly rectifying potassium channel KCNH2,Homo sapiens,B,
CHEMBL1927162,COc1ccc2ncc(F)c(CCN3CCC(NCc4cc5c(cn4)OCCO5)CC3)c2c1,IC50,=,6000.0,nM,5.221848749616356,5.22,CHEMBL1931723,CHEMBL1926511,CHEMBL240,Voltage-gated inwardly rectifying potassium channel KCNH2,Homo sapiens,B,
CHEMBL1927163,COc1ccc2ncc(Cl)c(CCN3CCC(NCc4cc5c(cn4)OCCO5)CC3)c2n1,IC50,=,2000.0,nM,5.698970004336019,5.7,CHEMBL1931723,CHEMBL1926511,CHEMBL240,Voltage-gated inwardly rectifying potassium channel KCNH2,Homo sapiens,B,
CHEMBL1927163,COc1ccc2ncc(Cl)c(CCN3CCC(NCc4cc5c(cn4)OCCO5)CC3)c2n1,IC50,=,2000.0,nM,5.698970004336019,5.7,CHEMBL1931724,CHEMBL1926511,CHEMBL240,Voltage-gated inwardly rectifying potassium channel KCNH2,Homo sapiens,B,
CHEMBL1927165,COc1ccc2ncc(F)c([C@@H](O)CN3CCC(NCc4cc5c(cn4)OCCO5)CC3)c2n1,IC50,=,5000.0,nM,5.301029995663981,5.3,CHEMBL1931723,CHEMBL1926511,CHEMBL240,Voltage-gated inwardly rectifying potassium channel KCNH2,Homo sapiens,B,
CHEMBL1927165,COc1ccc2ncc(F)c([C@@H](O)CN3CCC(NCc4cc5c(cn4)OCCO5)CC3)c2n1,IC50,=,79400.0,nM,4.100179497572904,4.1,CHEMBL1931724,CHEMBL1926511,CHEMBL240,Voltage-gated inwardly rectifying potassium channel KCNH2,Homo sapiens,B,
CHEMBL1927167,COc1ccc2ncc(F)c(CCN3CC[C@H](NCc4cc5c(cn4)OCCO5)[C@H](O)C3)c2n1,IC50,=,3000.0,nM,5.522878745280337,5.52,CHEMBL1931723,CHEMBL1926511,CHEMBL240,Voltage-gated inwardly rectifying potassium channel KCNH2,Homo sapiens,B,
CHEMBL1927167,COc1ccc2ncc(F)c(CCN3CC[C@H](NCc4cc5c(cn4)OCCO5)[C@H](O)C3)c2n1,IC50,=,7900.0,nM,5.102372908709558,5.1,CHEMBL1931724,CHEMBL1926511,CHEMBL240,Voltage-gated inwardly rectifying potassium channel KCNH2,Homo sapiens,B,
CHEMBL193,COC(=O)C1=C(C)NC(C)=C(C(=O)OC)C1c1ccccc1[N+](=O)[O-],IC50,=,50118.72,nM,4.300000029139089,4.3,CHEMBL766814,CHEMBL1136167,CHEMBL240,Voltage-gated inwardly rectifying potassium channel KCNH2,Homo sapiens,B,
CHEMBL193,COC(=O)C1=C(C)NC(C)=C(C(=O)OC)C1c1ccccc1[N+](=O)[O-],IC50,=,50118.72,nM,4.300000029139089,4.3,CHEMBL829152,CHEMBL1139598,CHEMBL240,Voltage-gated inwardly rectifying potassium channel KCNH2,Homo sapiens,B,
CHEMBL193,COC(=O)C1=C(C)NC(C)=C(C(=O)OC)C1c1ccccc1[N+](=O)[O-],IC50,=,50118.72,nM,4.300000029139089,4.3,CHEMBL954102,CHEMBL1150324,CHEMBL240,Voltage-gated inwardly rectifying potassium channel KCNH2,Homo sapiens,B,
CHEMBL193,COC(=O)C1=C(C)NC(C)=C(C(=O)OC)C1c1ccccc1[N+](=O)[O-],IC50,=,50118.72,nM,4.300000029139089,4.3,CHEMBL1676103,CHEMBL1671772,CHEMBL240,Voltage-gated inwardly rectifying potassium channel KCNH2,Homo sapiens,B,
CHEMBL193,COC(=O)C1=C(C)NC(C)=C(C(=O)OC)C1c1ccccc1[N+](=O)[O-],IC50,=,275000.0,nM,3.560667306169737,,CHEMBL3430643,CHEMBL3430321,CHEMBL240,Voltage-gated inwardly rectifying potassium channel KCNH2,Homo sapiens,F,
CHEMBL193,COC(=O)C1=C(C)NC(C)=C(C(=O)OC)C1c1ccccc1[N+](=O)[O-],IC50,=,280000.0,nM,3.5528419686577806,,CHEMBL827807,CHEMBL1137856,CHEMBL240,Voltage-gated inwardly rectifying potassium channel KCNH2,Homo sapiens,B,
CHEMBL1935601,O=S(=O)(c1cccc(F)c1)c1ccc2c3c(oc2c1)C1(CCCOC1)NCC3,IC50,=,9600.0,nM,5.017728766960431,5.02,CHEMBL1936933,CHEMBL1933007,CHEMBL240,Voltage-gated inwardly rectifying potassium channel KCNH2,Homo sapiens,B,
CHEMBL1935601,O=S(=O)(c1cccc(F)c1)c1ccc2c3c(oc2c1)C1(CCCOC1)NCC3,IC50,=,12000.0,nM,4.920818753952375,4.92,CHEMBL1936933,CHEMBL1933007,CHEMBL240,Voltage-gated inwardly rectifying potassium channel KCNH2,Homo sapiens,B,
CHEMBL1935601,O=S(=O)(c1cccc(F)c1)c1ccc2c3c(oc2c1)C1(CCCOC1)NCC3,IC50,=,13600.0,nM,4.866461091629782,4.87,CHEMBL1936933,CHEMBL1933007,CHEMBL240,Voltage-gated inwardly rectifying potassium channel KCNH2,Homo sapiens,B,
CHEMBL1945199,C[N+](C)(CCCCNC(=O)Cc1ccc(OCc2ccccc2)cc1)CCNC(=O)c1nc(Cl)c(N)nc1N.[Br-],IC50,=,330.0,nM,6.481486060122112,6.48,CHEMBL1947996,CHEMBL1944512,CHEMBL240,Voltage-gated inwardly rectifying potassium channel KCNH2,Homo sapiens,B,
CHEMBL1945199,C[N+](C)(CCCCNC(=O)Cc1ccc(OCc2ccccc2)cc1)CCNC(=O)c1nc(Cl)c(N)nc1N.[Br-],IC50,=,10800.0,nM,4.966576244513051,4.97,CHEMBL1947997,CHEMBL1944512,CHEMBL240,Voltage-gated inwardly rectifying potassium channel KCNH2,Homo sapiens,B,
CHEMBL1950351,CCS(=O)(=O)n1c2c(c3cc(C(=O)N4CCC(C)CC4)ccc31)CN(C1CCOCC1)CC2,IC50,=,3100.0,nM,5.508638306165727,5.51,CHEMBL1954425,CHEMBL1949601,CHEMBL240,Voltage-gated inwardly rectifying potassium channel KCNH2,Homo sapiens,B,
CHEMBL1950351,CCS(=O)(=O)n1c2c(c3cc(C(=O)N4CCC(C)CC4)ccc31)CN(C1CCOCC1)CC2,IC50,=,3100.0,nM,5.508638306165727,5.51,CHEMBL2032798,CHEMBL2029249,CHEMBL240,Voltage-gated inwardly rectifying potassium channel KCNH2,Homo sapiens,B,
CHEMBL1951415,Nc1nccc(-c2c(-c3ccc(F)cc3)ncn2C2CCCCC2)n1,IC50,=,27000.0,nM,4.568636235841013,4.57,CHEMBL2424465,CHEMBL2417378,CHEMBL240,Voltage-gated inwardly rectifying potassium channel KCNH2,Homo sapiens,B,
CHEMBL1951415,Nc1nccc(-c2c(-c3ccc(F)cc3)ncn2C2CCCCC2)n1,IC50,=,27700.0,nM,4.557520230935552,4.56,CHEMBL2424274,CHEMBL2417378,CHEMBL240,Voltage-gated inwardly rectifying potassium channel KCNH2,Homo sapiens,B,
CHEMBL1951612,CC#CCn1c(N2CCCNCC2)c(C#N)c2c1c(=O)n(Cc1nccc3ccccc13)c(=O)n2C,IC50,=,3400.0,nM,5.468521082957745,5.47,CHEMBL1954401,CHEMBL1949653,CHEMBL240,Voltage-gated inwardly rectifying potassium channel KCNH2,Homo sapiens,B,
CHEMBL1951612,CC#CCn1c(N2CCCNCC2)c(C#N)c2c1c(=O)n(Cc1nccc3ccccc13)c(=O)n2C,IC50,=,10000.0,nM,5.0,5.0,CHEMBL1954402,CHEMBL1949653,CHEMBL240,Voltage-gated inwardly rectifying potassium channel KCNH2,Homo sapiens,B,
CHEMBL1951914,CCN(C(=O)Cc1ccc(S(C)(=O)=O)cc1)C1CCN(CC[C@@H](c2cc(F)cc(F)c2)C2CCN(S(C)(=O)=O)CC2)CC1,IC50,=,11000.0,nM,4.958607314841775,4.96,CHEMBL1954560,CHEMBL1949642,CHEMBL240,Voltage-gated inwardly rectifying potassium channel KCNH2,Homo sapiens,B,
CHEMBL1951914,CCN(C(=O)Cc1ccc(S(C)(=O)=O)cc1)C1CCN(CC[C@@H](c2cc(F)cc(F)c2)C2CCN(S(C)(=O)=O)CC2)CC1,IC50,=,24000.0,nM,4.619788758288394,4.62,CHEMBL1954529,CHEMBL1949642,CHEMBL240,Voltage-gated inwardly rectifying potassium channel KCNH2,Homo sapiens,B,
CHEMBL1952142,COc1cc(NCC2CCNCC2)nc2c1nnn2-c1cccc(OC(F)(F)F)c1,IC50,=,2100.0,nM,5.6777807052660805,5.68,CHEMBL4340978,CHEMBL4340512,CHEMBL240,Voltage-gated inwardly rectifying potassium channel KCNH2,Homo sapiens,B,
CHEMBL1952142,COc1cc(NCC2CCNCC2)nc2c1nnn2-c1cccc(OC(F)(F)F)c1,IC50,=,3162.28,nM,5.499999678657065,5.5,CHEMBL1954570,CHEMBL1949661,CHEMBL240,Voltage-gated inwardly rectifying potassium channel KCNH2,Homo sapiens,B,
CHEMBL1952329,CN1CCC(CNc2ccc3ncc(-c4cccc(OC(F)(F)F)c4)n3n2)CC1,IC50,=,511.0,nM,6.291579099865287,6.29,CHEMBL4340978,CHEMBL4340512,CHEMBL240,Voltage-gated inwardly rectifying potassium channel KCNH2,Homo sapiens,B,
CHEMBL1952329,CN1CCC(CNc2ccc3ncc(-c4cccc(OC(F)(F)F)c4)n3n2)CC1,IC50,=,980.0,nM,6.008773924307505,6.01,CHEMBL2149353,CHEMBL2146430,CHEMBL240,Voltage-gated inwardly rectifying potassium channel KCNH2,Homo sapiens,B,
CHEMBL1952329,CN1CCC(CNc2ccc3ncc(-c4cccc(OC(F)(F)F)c4)n3n2)CC1,IC50,=,1000.0,nM,6.0,6.0,CHEMBL4687846,CHEMBL4680285,CHEMBL240,Voltage-gated inwardly rectifying potassium channel KCNH2,Homo sapiens,B,
CHEMBL1956988,Cc1nc2ccc(Oc3ccc(F)cc3)nc2c(=O)n1C[C@H]1CCCN(C(C)C)C1,IC50,=,3200.0,nM,5.494850021680094,5.5,CHEMBL1958785,CHEMBL1955830,CHEMBL240,Voltage-gated inwardly rectifying potassium channel KCNH2,Homo sapiens,B,
CHEMBL1956988,Cc1nc2ccc(Oc3ccc(F)cc3)nc2c(=O)n1C[C@H]1CCCN(C(C)C)C1,IC50,=,3235.94,nM,5.489999539566098,5.49,CHEMBL1958785,CHEMBL1955830,CHEMBL240,Voltage-gated inwardly rectifying potassium channel KCNH2,Homo sapiens,B,
CHEMBL1956989,Cc1nc2ncc(Oc3ccc(F)cc3)cc2c(=O)n1C[C@H]1CCCN(C(C)C)C1,IC50,=,3090.3,nM,5.509999358109048,5.51,CHEMBL1958785,CHEMBL1955830,CHEMBL240,Voltage-gated inwardly rectifying potassium channel KCNH2,Homo sapiens,B,
CHEMBL1956989,Cc1nc2ncc(Oc3ccc(F)cc3)cc2c(=O)n1C[C@H]1CCCN(C(C)C)C1,IC50,=,3100.0,nM,5.508638306165727,5.51,CHEMBL1958785,CHEMBL1955830,CHEMBL240,Voltage-gated inwardly rectifying potassium channel KCNH2,Homo sapiens,B,
CHEMBL1956991,Cc1nc2ccc(Oc3ccc(Cl)cc3F)nc2c(=O)n1C[C@H]1CCCN(C(C)C)C1,IC50,=,1288.25,nM,5.889999848866887,5.89,CHEMBL1958785,CHEMBL1955830,CHEMBL240,Voltage-gated inwardly rectifying potassium channel KCNH2,Homo sapiens,B,
CHEMBL1956991,Cc1nc2ccc(Oc3ccc(Cl)cc3F)nc2c(=O)n1C[C@H]1CCCN(C(C)C)C1,IC50,=,1300.0,nM,5.886056647693163,5.89,CHEMBL1958785,CHEMBL1955830,CHEMBL240,Voltage-gated inwardly rectifying potassium channel KCNH2,Homo sapiens,B,
CHEMBL1956995,COc1ccc2cccc(Oc3ccc4nc(C)n(C[C@H]5CCCN(C(C)C)C5)c(=O)c4n3)c2n1,IC50,=,13489.63,nM,4.869999962200743,4.87,CHEMBL1958785,CHEMBL1955830,CHEMBL240,Voltage-gated inwardly rectifying potassium channel KCNH2,Homo sapiens,B,
CHEMBL1956995,COc1ccc2cccc(Oc3ccc4nc(C)n(C[C@H]5CCCN(C(C)C)C5)c(=O)c4n3)c2n1,IC50,=,13600.0,nM,4.866461091629782,4.87,CHEMBL1958785,CHEMBL1955830,CHEMBL240,Voltage-gated inwardly rectifying potassium channel KCNH2,Homo sapiens,B,
CHEMBL1956998,Cc1nc2cnc(Oc3ccc(F)cc3)cc2c(=O)n1C[C@H]1CCCN(C(C)C)C1,IC50,=,1288.25,nM,5.889999848866887,5.89,CHEMBL1958785,CHEMBL1955830,CHEMBL240,Voltage-gated inwardly rectifying potassium channel KCNH2,Homo sapiens,B,
CHEMBL1956998,Cc1nc2cnc(Oc3ccc(F)cc3)cc2c(=O)n1C[C@H]1CCCN(C(C)C)C1,IC50,=,1300.0,nM,5.886056647693163,5.89,CHEMBL1958785,CHEMBL1955830,CHEMBL240,Voltage-gated inwardly rectifying potassium channel KCNH2,Homo sapiens,B,
CHEMBL1956999,Cc1nc2cnc(Oc3ccc(Cl)cc3F)cc2c(=O)n1C[C@H]1CCCN(C(C)C)C1,IC50,=,128.82,nM,6.890016705180107,6.89,CHEMBL1958785,CHEMBL1955830,CHEMBL240,Voltage-gated inwardly rectifying potassium channel KCNH2,Homo sapiens,B,
CHEMBL1956999,Cc1nc2cnc(Oc3ccc(Cl)cc3F)cc2c(=O)n1C[C@H]1CCCN(C(C)C)C1,IC50,=,130.0,nM,6.886056647693163,6.89,CHEMBL1958785,CHEMBL1955830,CHEMBL240,Voltage-gated inwardly rectifying potassium channel KCNH2,Homo sapiens,B,
CHEMBL1957001,Cc1nc2cnc(Oc3ccc4ncsc4c3)cc2c(=O)n1C[C@H]1CCCN(C(C)C)C1,IC50,=,2398.83,nM,5.620000528471499,5.62,CHEMBL1958785,CHEMBL1955830,CHEMBL240,Voltage-gated inwardly rectifying potassium channel KCNH2,Homo sapiens,B,
CHEMBL1957001,Cc1nc2cnc(Oc3ccc4ncsc4c3)cc2c(=O)n1C[C@H]1CCCN(C(C)C)C1,IC50,=,2400.0,nM,5.619788758288394,5.62,CHEMBL1958785,CHEMBL1955830,CHEMBL240,Voltage-gated inwardly rectifying potassium channel KCNH2,Homo sapiens,B,
CHEMBL1957002,Cc1nc2cnc(Oc3ccc(F)c4cccnc34)cc2c(=O)n1C[C@H]1CCCN(C(C)C)C1,IC50,=,9400.0,nM,5.026872146400301,5.03,CHEMBL1958785,CHEMBL1955830,CHEMBL240,Voltage-gated inwardly rectifying potassium channel KCNH2,Homo sapiens,B,
CHEMBL1957002,Cc1nc2cnc(Oc3ccc(F)c4cccnc34)cc2c(=O)n1C[C@H]1CCCN(C(C)C)C1,IC50,=,9549.93,nM,5.019999811738259,5.02,CHEMBL1958785,CHEMBL1955830,CHEMBL240,Voltage-gated inwardly rectifying potassium channel KCNH2,Homo sapiens,B,
CHEMBL1957004,Cc1nc2ncc(Oc3ccc(F)cc3)nc2c(=O)n1C[C@H]1CCCN(C(C)C)C1,IC50,=,16100.0,nM,4.79317412396815,4.79,CHEMBL1958785,CHEMBL1955830,CHEMBL240,Voltage-gated inwardly rectifying potassium channel KCNH2,Homo sapiens,B,
CHEMBL1957004,Cc1nc2ncc(Oc3ccc(F)cc3)nc2c(=O)n1C[C@H]1CCCN(C(C)C)C1,IC50,=,16218.1,nM,4.790000026071145,4.79,CHEMBL1958785,CHEMBL1955830,CHEMBL240,Voltage-gated inwardly rectifying potassium channel KCNH2,Homo sapiens,B,
CHEMBL1957012,Cc1nc2cnc(Oc3cccc4cccnc34)cc2c(=O)n1C[C@H]1CCCN(C(C)C)C1,IC50,=,25100.0,nM,4.600326278518962,4.6,CHEMBL1958785,CHEMBL1955830,CHEMBL240,Voltage-gated inwardly rectifying potassium channel KCNH2,Homo sapiens,B,
CHEMBL1957012,Cc1nc2cnc(Oc3cccc4cccnc34)cc2c(=O)n1C[C@H]1CCCN(C(C)C)C1,IC50,=,25118.86,nM,4.600000074606178,4.6,CHEMBL1958785,CHEMBL1955830,CHEMBL240,Voltage-gated inwardly rectifying potassium channel KCNH2,Homo sapiens,B,
CHEMBL1957287,Fc1ccccc1-c1nc2ccn(Cc3ccc(-c4ccc(C(F)(F)F)cc4C(F)(F)F)nn3)cc-2n1,IC50,=,794.33,nM,6.0999990348465305,6.1,CHEMBL3123230,CHEMBL3120081,CHEMBL240,Voltage-gated inwardly rectifying potassium channel KCNH2,Homo sapiens,B,
CHEMBL1957287,Fc1ccccc1-c1nc2ccn(Cc3ccc(-c4ccc(C(F)(F)F)cc4C(F)(F)F)nn3)cc-2n1,IC50,=,794.33,nM,6.0999990348465305,6.1,CHEMBL4223976,CHEMBL4219241,CHEMBL240,Voltage-gated inwardly rectifying potassium channel KCNH2,Homo sapiens,B,
CHEMBL2,COc1cc2nc(N3CCN(C(=O)c4ccco4)CC3)nc(N)c2cc1OC,IC50,=,1584.89,nM,5.800000874803203,5.8,CHEMBL829152,CHEMBL1139598,CHEMBL240,Voltage-gated inwardly rectifying potassium channel KCNH2,Homo sapiens,B,
CHEMBL2,COc1cc2nc(N3CCN(C(=O)c4ccco4)CC3)nc(N)c2cc1OC,IC50,=,1584.89,nM,5.800000874803203,5.8,CHEMBL1676103,CHEMBL1671772,CHEMBL240,Voltage-gated inwardly rectifying potassium channel KCNH2,Homo sapiens,B,
CHEMBL2,COc1cc2nc(N3CCN(C(=O)c4ccco4)CC3)nc(N)c2cc1OC,IC50,=,24277.8,nM,4.614790670609513,4.62,CHEMBL1909190,CHEMBL1909046,CHEMBL240,Voltage-gated inwardly rectifying potassium channel KCNH2,Homo sapiens,B,
CHEMBL2017291,COc1cc2c(cc1-c1c(C)noc1C)ncc1[nH]c(=O)n([C@H](C)c3ccccn3)c12,IC50,=,10000.0,nM,5.0,5.0,CHEMBL5465594,CHEMBL5465560,CHEMBL240,Voltage-gated inwardly rectifying potassium channel KCNH2,Homo sapiens,B,
CHEMBL2017291,COc1cc2c(cc1-c1c(C)noc1C)ncc1[nH]c(=O)n([C@H](C)c3ccccn3)c12,IC50,=,10000.0,nM,5.0,5.0,CHEMBL5697033,CHEMBL5696440,CHEMBL240,Voltage-gated inwardly rectifying potassium channel KCNH2,Homo sapiens,T,
CHEMBL2017291,COc1cc2c(cc1-c1c(C)noc1C)ncc1[nH]c(=O)n([C@H](C)c3ccccn3)c12,IC50,=,40000.0,nM,4.3979400086720375,4.4,CHEMBL5697034,CHEMBL5696440,CHEMBL240,Voltage-gated inwardly rectifying potassium channel KCNH2,Homo sapiens,T,
CHEMBL2022495,COc1cc(NC(=O)c2ccccc2F)ccc1-c1nnc(NCCCN2CCCCC2)o1,IC50,=,5011.87,nM,5.300000202445418,5.3,CHEMBL2024805,CHEMBL2021886,CHEMBL240,Voltage-gated inwardly rectifying potassium channel KCNH2,Homo sapiens,B,
CHEMBL2022495,COc1cc(NC(=O)c2ccccc2F)ccc1-c1nnc(NCCCN2CCCCC2)o1,IC50,=,5011.87,nM,5.300000202445418,5.3,CHEMBL2026855,CHEMBL2021786,CHEMBL240,Voltage-gated inwardly rectifying potassium channel KCNH2,Homo sapiens,B,
CHEMBL2022495,COc1cc(NC(=O)c2ccccc2F)ccc1-c1nnc(NCCCN2CCCCC2)o1,IC50,=,16982.44,nM,4.769999911123512,4.77,CHEMBL2024833,CHEMBL2021886,CHEMBL240,Voltage-gated inwardly rectifying potassium channel KCNH2,Homo sapiens,B,
CHEMBL2022495,COc1cc(NC(=O)c2ccccc2F)ccc1-c1nnc(NCCCN2CCCCC2)o1,IC50,=,16982.44,nM,4.769999911123512,4.77,CHEMBL2026856,CHEMBL2021786,CHEMBL240,Voltage-gated inwardly rectifying potassium channel KCNH2,Homo sapiens,B,
CHEMBL2022496,O=C(Nc1ccc(-c2nnc(NCCCN3CCCCC3)o2)cc1)c1ccccc1F,IC50,=,7943.28,nM,5.100000128334196,5.1,CHEMBL2024805,CHEMBL2021886,CHEMBL240,Voltage-gated inwardly rectifying potassium channel KCNH2,Homo sapiens,B,
CHEMBL2022496,O=C(Nc1ccc(-c2nnc(NCCCN3CCCCC3)o2)cc1)c1ccccc1F,IC50,=,7943.28,nM,5.100000128334196,5.1,CHEMBL2026860,CHEMBL2021786,CHEMBL240,Voltage-gated inwardly rectifying potassium channel KCNH2,Homo sapiens,B,
CHEMBL2022497,O=C(Nc1ccc(-c2nnc(NCCCN3CCOCC3)o2)cc1)c1ccccc1F,IC50,=,31622.78,nM,4.499999953328896,4.5,CHEMBL2024805,CHEMBL2021886,CHEMBL240,Voltage-gated inwardly rectifying potassium channel KCNH2,Homo sapiens,B,
CHEMBL2022497,O=C(Nc1ccc(-c2nnc(NCCCN3CCOCC3)o2)cc1)c1ccccc1F,IC50,=,31622.78,nM,4.499999953328896,4.5,CHEMBL2026860,CHEMBL2021786,CHEMBL240,Voltage-gated inwardly rectifying potassium channel KCNH2,Homo sapiens,B,
CHEMBL2022499,O=C(Nc1ccc(-c2nnc(NCCCN3CCCC3)o2)cc1)c1ccccc1F,IC50,=,7943.28,nM,5.100000128334196,5.1,CHEMBL2024805,CHEMBL2021886,CHEMBL240,Voltage-gated inwardly rectifying potassium channel KCNH2,Homo sapiens,B,
CHEMBL2022499,O=C(Nc1ccc(-c2nnc(NCCCN3CCCC3)o2)cc1)c1ccccc1F,IC50,=,7943.28,nM,5.100000128334196,5.1,CHEMBL2026860,CHEMBL2021786,CHEMBL240,Voltage-gated inwardly rectifying potassium channel KCNH2,Homo sapiens,B,
CHEMBL2022729,O=C(Nc1ccc(-c2nnc(NCCCCN3CCOCC3)o2)cc1)c1ccccc1F,IC50,=,29512.09,nM,4.530000033355806,4.53,CHEMBL2026865,CHEMBL2021786,CHEMBL240,Voltage-gated inwardly rectifying potassium channel KCNH2,Homo sapiens,B,
CHEMBL2022729,O=C(Nc1ccc(-c2nnc(NCCCCN3CCOCC3)o2)cc1)c1ccccc1F,IC50,=,63095.73,nM,4.200000030616179,4.2,CHEMBL2026860,CHEMBL2021786,CHEMBL240,Voltage-gated inwardly rectifying potassium channel KCNH2,Homo sapiens,B,
CHEMBL2022733,O=C(Nc1ccc(-c2nnc(NCCCCN3CCCCC3)o2)cc1)c1ccccc1F,IC50,=,12589.25,nM,4.900000142057633,4.9,CHEMBL2026860,CHEMBL2021786,CHEMBL240,Voltage-gated inwardly rectifying potassium channel KCNH2,Homo sapiens,B,
CHEMBL2022733,O=C(Nc1ccc(-c2nnc(NCCCCN3CCCCC3)o2)cc1)c1ccccc1F,IC50,=,12589.25,nM,4.900000142057633,4.9,CHEMBL2026865,CHEMBL2021786,CHEMBL240,Voltage-gated inwardly rectifying potassium channel KCNH2,Homo sapiens,B,
CHEMBL2022739,O=C(Nc1ccc(-c2nnc(NCCCCN3CCOCC3)o2)c(F)c1)c1ccccc1F,IC50,=,18620.87,nM,4.730000031873875,4.73,CHEMBL2026865,CHEMBL2021786,CHEMBL240,Voltage-gated inwardly rectifying potassium channel KCNH2,Homo sapiens,B,
CHEMBL2022739,O=C(Nc1ccc(-c2nnc(NCCCCN3CCOCC3)o2)c(F)c1)c1ccccc1F,IC50,=,39810.72,nM,4.399999967876858,4.4,CHEMBL2026860,CHEMBL2021786,CHEMBL240,Voltage-gated inwardly rectifying potassium channel KCNH2,Homo sapiens,B,
CHEMBL2031958,COc1cc(CN2CCN(CCCCCC(c3ccc(F)cc3)c3ccc(F)cc3)CC2)cc(OC)c1OC,IC50,=,400.0,nM,6.3979400086720375,6.4,CHEMBL2033832,CHEMBL2029256,CHEMBL240,Voltage-gated inwardly rectifying potassium channel KCNH2,Homo sapiens,B,
CHEMBL2031958,COc1cc(CN2CCN(CCCCCC(c3ccc(F)cc3)c3ccc(F)cc3)CC2)cc(OC)c1OC,IC50,=,3400.0,nM,5.468521082957745,5.47,CHEMBL3381617,CHEMBL3351320,CHEMBL240,Voltage-gated inwardly rectifying potassium channel KCNH2,Homo sapiens,B,
CHEMBL2036782,CC(C)N1CCN[C@@H](C(=O)N2CCN(C(=O)Nc3ccc(Cl)c(Cl)c3)CC2)C1,IC50,=,17000.0,nM,4.769551078621726,4.77,CHEMBL2038474,CHEMBL2034889,CHEMBL240,Voltage-gated inwardly rectifying potassium channel KCNH2,Homo sapiens,B,
CHEMBL2036782,CC(C)N1CCN[C@@H](C(=O)N2CCN(C(=O)Nc3ccc(Cl)c(Cl)c3)CC2)C1,IC50,=,60000.0,nM,4.221848749616356,4.22,CHEMBL2039631,CHEMBL2034889,CHEMBL240,Voltage-gated inwardly rectifying potassium channel KCNH2,Homo sapiens,B,
CHEMBL2041193,Cc1cc(C(=O)O)ccc1-c1ccc(N2C(=O)N(c3ccncn3)C3(CCN(Cc4ncccc4C)CC3)C2=O)cc1,IC50,=,22000.0,nM,4.657577319177793,4.66,CHEMBL2045992,CHEMBL2040836,CHEMBL240,Voltage-gated inwardly rectifying potassium channel KCNH2,Homo sapiens,B,
CHEMBL2041193,Cc1cc(C(=O)O)ccc1-c1ccc(N2C(=O)N(c3ccncn3)C3(CCN(Cc4ncccc4C)CC3)C2=O)cc1,IC50,=,22000.0,nM,4.657577319177793,4.66,CHEMBL4149408,CHEMBL4145565,CHEMBL240,Voltage-gated inwardly rectifying potassium channel KCNH2,Homo sapiens,B,
CHEMBL2041933,NC(=O)Nc1cc(-c2cccc(F)c2)sc1C(=O)N[C@H]1CCCNC1,IC50,=,15000.0,nM,4.823908740944319,4.82,CHEMBL2072706,CHEMBL2069189,CHEMBL240,Voltage-gated inwardly rectifying potassium channel KCNH2,Homo sapiens,B,
CHEMBL2041933,NC(=O)Nc1cc(-c2cccc(F)c2)sc1C(=O)N[C@H]1CCCNC1,IC50,=,15000.0,nM,4.823908740944319,4.82,CHEMBL4037438,CHEMBL4033783,CHEMBL240,Voltage-gated inwardly rectifying potassium channel KCNH2,Homo sapiens,B,
CHEMBL204459,N[C@H](C(=O)N1CC(c2cc(F)ccc2F)=C[C@H]1c1ccccc1)C1CC1,IC50,=,3500.0,nM,5.455931955649724,5.46,CHEMBL868944,CHEMBL1146123,CHEMBL240,Voltage-gated inwardly rectifying potassium channel KCNH2,Homo sapiens,B,
CHEMBL204459,N[C@H](C(=O)N1CC(c2cc(F)ccc2F)=C[C@H]1c1ccccc1)C1CC1,IC50,=,6500.0,nM,5.187086643357144,5.19,CHEMBL868945,CHEMBL1146123,CHEMBL240,Voltage-gated inwardly rectifying potassium channel KCNH2,Homo sapiens,F,
CHEMBL2046888,c1ccc(CCNCCC(c2ccccc2)c2ccccc2)cc1,IC50,=,2790.0,nM,5.554395796726403,5.55,CHEMBL2051179,CHEMBL2046410,CHEMBL240,Voltage-gated inwardly rectifying potassium channel KCNH2,Homo sapiens,B,
CHEMBL2046888,c1ccc(CCNCCC(c2ccccc2)c2ccccc2)cc1,IC50,=,3162.28,nM,5.499999678657065,5.5,CHEMBL2051179,CHEMBL2046410,CHEMBL240,Voltage-gated inwardly rectifying potassium channel KCNH2,Homo sapiens,B,
CHEMBL2046889,c1ccc(CCCNCCC(c2ccccc2)c2ccccc2)cc1,IC50,=,15.85,nM,7.79997073344623,7.8,CHEMBL2051179,CHEMBL2046410,CHEMBL240,Voltage-gated inwardly rectifying potassium channel KCNH2,Homo sapiens,B,
CHEMBL2046889,c1ccc(CCCNCCC(c2ccccc2)c2ccccc2)cc1,IC50,=,17.0,nM,7.769551078621726,7.77,CHEMBL2051179,CHEMBL2046410,CHEMBL240,Voltage-gated inwardly rectifying potassium channel KCNH2,Homo sapiens,B,
CHEMBL2046890,c1ccc(CCNCCN(c2ccccc2)c2ccccc2)cc1,IC50,=,62.0,nM,7.207608310501746,7.21,CHEMBL2051179,CHEMBL2046410,CHEMBL240,Voltage-gated inwardly rectifying potassium channel KCNH2,Homo sapiens,B,
CHEMBL2046890,c1ccc(CCNCCN(c2ccccc2)c2ccccc2)cc1,IC50,=,63.1,nM,7.199970640755866,7.2,CHEMBL2051179,CHEMBL2046410,CHEMBL240,Voltage-gated inwardly rectifying potassium channel KCNH2,Homo sapiens,B,
CHEMBL2046891,c1ccc(CCCNCCN(c2ccccc2)c2ccccc2)cc1,IC50,=,580.0,nM,6.236572006437063,6.24,CHEMBL2051179,CHEMBL2046410,CHEMBL240,Voltage-gated inwardly rectifying potassium channel KCNH2,Homo sapiens,B,
CHEMBL2046891,c1ccc(CCCNCCN(c2ccccc2)c2ccccc2)cc1,IC50,=,630.96,nM,6.199998172182031,6.2,CHEMBL2051179,CHEMBL2046410,CHEMBL240,Voltage-gated inwardly rectifying potassium channel KCNH2,Homo sapiens,B,
CHEMBL2046892,Fc1ccc(N(CCNCCc2ccccc2)c2ccc(F)cc2)cc1,IC50,=,39.81,nM,7.400007822415902,7.4,CHEMBL2051179,CHEMBL2046410,CHEMBL240,Voltage-gated inwardly rectifying potassium channel KCNH2,Homo sapiens,B,
CHEMBL2046892,Fc1ccc(N(CCNCCc2ccccc2)c2ccc(F)cc2)cc1,IC50,=,44.0,nM,7.356547323513812,7.36,CHEMBL2051179,CHEMBL2046410,CHEMBL240,Voltage-gated inwardly rectifying potassium channel KCNH2,Homo sapiens,B,
CHEMBL2046893,Fc1ccc(N(CCNCCCc2ccccc2)c2ccc(F)cc2)cc1,IC50,=,2.4,nM,8.619788758288394,8.62,CHEMBL2051179,CHEMBL2046410,CHEMBL240,Voltage-gated inwardly rectifying potassium channel KCNH2,Homo sapiens,B,
CHEMBL2046893,Fc1ccc(N(CCNCCCc2ccccc2)c2ccc(F)cc2)cc1,IC50,=,2.512,nM,8.599980364934842,8.6,CHEMBL2051179,CHEMBL2046410,CHEMBL240,Voltage-gated inwardly rectifying potassium channel KCNH2,Homo sapiens,B,
CHEMBL2046894,O=C(Cc1ccccc1)NCCN(c1ccccc1)c1ccccc1,IC50,=,7860.0,nM,5.104577453960593,5.11,CHEMBL2051179,CHEMBL2046410,CHEMBL240,Voltage-gated inwardly rectifying potassium channel KCNH2,Homo sapiens,B,
CHEMBL2046894,O=C(Cc1ccccc1)NCCN(c1ccccc1)c1ccccc1,IC50,=,7943.28,nM,5.100000128334196,5.1,CHEMBL2051179,CHEMBL2046410,CHEMBL240,Voltage-gated inwardly rectifying potassium channel KCNH2,Homo sapiens,B,
CHEMBL2046895,O=C(CCc1ccccc1)NCCN(c1ccc(F)cc1)c1ccc(F)cc1,IC50,=,192.0,nM,6.71669877129645,6.72,CHEMBL2051179,CHEMBL2046410,CHEMBL240,Voltage-gated inwardly rectifying potassium channel KCNH2,Homo sapiens,B,
CHEMBL2046895,O=C(CCc1ccccc1)NCCN(c1ccc(F)cc1)c1ccc(F)cc1,IC50,=,199.53,nM,6.699991797446187,6.7,CHEMBL2051179,CHEMBL2046410,CHEMBL240,Voltage-gated inwardly rectifying potassium channel KCNH2,Homo sapiens,B,
CHEMBL2058833,CC1(C)c2nc(-c3ccc(F)cc3)c(Nc3ccc(F)cc3)n2CCN1C(=O)CN,IC50,=,13400.0,nM,4.872895201635193,4.87,CHEMBL2060804,CHEMBL2057141,CHEMBL240,Voltage-gated inwardly rectifying potassium channel KCNH2,Homo sapiens,B,
CHEMBL2058833,CC1(C)c2nc(-c3ccc(F)cc3)c(Nc3ccc(F)cc3)n2CCN1C(=O)CN,IC50,=,13400.0,nM,4.872895201635193,4.87,CHEMBL5104430,CHEMBL5104092,CHEMBL240,Voltage-gated inwardly rectifying potassium channel KCNH2,Homo sapiens,T,
CHEMBL2069397,O=C1CC(c2nc(-c3cccc(Cl)c3)no2)CN1c1ccc(F)cc1,IC50,=,3000.0,nM,5.522878745280337,5.52,CHEMBL2072739,CHEMBL2069226,CHEMBL240,Voltage-gated inwardly rectifying potassium channel KCNH2,Homo sapiens,B,
CHEMBL2069397,O=C1CC(c2nc(-c3cccc(Cl)c3)no2)CN1c1ccc(F)cc1,IC50,=,4000.0,nM,5.3979400086720375,5.4,CHEMBL2072739,CHEMBL2069226,CHEMBL240,Voltage-gated inwardly rectifying potassium channel KCNH2,Homo sapiens,B,
CHEMBL2069398,Cc1cccc(-c2noc(C3CC(=O)N(c4ccc(F)cc4)C3)n2)c1,IC50,=,6000.0,nM,5.221848749616356,5.22,CHEMBL2072739,CHEMBL2069226,CHEMBL240,Voltage-gated inwardly rectifying potassium channel KCNH2,Homo sapiens,B,
CHEMBL2069398,Cc1cccc(-c2noc(C3CC(=O)N(c4ccc(F)cc4)C3)n2)c1,IC50,=,8000.0,nM,5.096910013008056,5.1,CHEMBL2072739,CHEMBL2069226,CHEMBL240,Voltage-gated inwardly rectifying potassium channel KCNH2,Homo sapiens,B,
CHEMBL2069502,c1ccc(-c2c[nH]c([C@H]3Cc4c([nH]c5ccccc45)[C@@H](C4CCOCC4)N3)n2)cc1,IC50,=,380.0,nM,6.42021640338319,6.42,CHEMBL2072491,CHEMBL2069262,CHEMBL240,Voltage-gated inwardly rectifying potassium channel KCNH2,Homo sapiens,B,
CHEMBL2069502,c1ccc(-c2c[nH]c([C@H]3Cc4c([nH]c5ccccc45)[C@@H](C4CCOCC4)N3)n2)cc1,IC50,=,380.0,nM,6.42021640338319,6.42,CHEMBL3779605,CHEMBL3774320,CHEMBL240,Voltage-gated inwardly rectifying potassium channel KCNH2,Homo sapiens,B,
CHEMBL2069504,c1ccc(-c2c[nH]c([C@H]3Cc4c([nH]c5ccccc45)C(C4CCOC4)N3)n2)cc1,IC50,=,25.0,nM,7.6020599913279625,7.6,CHEMBL2072491,CHEMBL2069262,CHEMBL240,Voltage-gated inwardly rectifying potassium channel KCNH2,Homo sapiens,B,
CHEMBL2069504,c1ccc(-c2c[nH]c([C@H]3Cc4c([nH]c5ccccc45)C(C4CCOC4)N3)n2)cc1,IC50,=,64.0,nM,7.1938200260161125,7.19,CHEMBL2072491,CHEMBL2069262,CHEMBL240,Voltage-gated inwardly rectifying potassium channel KCNH2,Homo sapiens,B,
CHEMBL2078876,CCOc1ccc2cc(-c3nn(CC4CCN(C)CC4)c4ncnc(N)c34)ccc2c1,IC50,=,400.0,nM,6.3979400086720375,6.4,CHEMBL4431791,CHEMBL4431312,CHEMBL240,Voltage-gated inwardly rectifying potassium channel KCNH2,Homo sapiens,B,
CHEMBL2078876,CCOc1ccc2cc(-c3nn(CC4CCN(C)CC4)c4ncnc(N)c34)ccc2c1,IC50,=,400.0,nM,6.3979400086720375,6.4,CHEMBL5232746,CHEMBL5230160,CHEMBL240,Voltage-gated inwardly rectifying potassium channel KCNH2,Homo sapiens,T,
CHEMBL209821,CC(=O)Nc1cccc(N2CCN(CCCCNS(=O)(=O)CC3CCCCC3)CC2)c1,IC50,=,3800.0,nM,5.42021640338319,5.42,CHEMBL853270,CHEMBL1147799,CHEMBL240,Voltage-gated inwardly rectifying potassium channel KCNH2,Homo sapiens,T,
CHEMBL209821,CC(=O)Nc1cccc(N2CCN(CCCCNS(=O)(=O)CC3CCCCC3)CC2)c1,IC50,=,3800.0,nM,5.42021640338319,5.42,CHEMBL1027667,CHEMBL1137783,CHEMBL240,Voltage-gated inwardly rectifying potassium channel KCNH2,Homo sapiens,B,
CHEMBL210537,CC(=O)Nc1cccc(N2CCN(CCCCNS(=O)(=O)c3ccc(C)cc3)CC2)c1,IC50,=,300.0,nM,6.522878745280337,6.52,CHEMBL853270,CHEMBL1147799,CHEMBL240,Voltage-gated inwardly rectifying potassium channel KCNH2,Homo sapiens,T,
CHEMBL210537,CC(=O)Nc1cccc(N2CCN(CCCCNS(=O)(=O)c3ccc(C)cc3)CC2)c1,IC50,=,300.0,nM,6.522878745280337,6.52,CHEMBL1027667,CHEMBL1137783,CHEMBL240,Voltage-gated inwardly rectifying potassium channel KCNH2,Homo sapiens,B,
CHEMBL2111101,CC(C)COc1ccc(CNC(=O)N(Cc2ccc(F)cc2)C2CCN(C)CC2)cc1,IC50,=,330.0,nM,6.481486060122112,6.48,CHEMBL5554826,CHEMBL5550221,CHEMBL240,Voltage-gated inwardly rectifying potassium channel KCNH2,Homo sapiens,T,
CHEMBL2111101,CC(C)COc1ccc(CNC(=O)N(Cc2ccc(F)cc2)C2CCN(C)CC2)cc1,IC50,=,410.0,nM,6.3872161432802645,6.39,CHEMBL5135461,CHEMBL5131502,CHEMBL240,Voltage-gated inwardly rectifying potassium channel KCNH2,Homo sapiens,T,
CHEMBL212689,CCN(C(=O)Cc1ccc(S(C)(=O)=O)cc1)C1CCN(CC[C@H](c2ccc(S(C)(=O)=O)cc2)c2cc(F)cc(F)c2)CC1,IC50,=,1900.0,nM,5.721246399047171,5.72,CHEMBL1954560,CHEMBL1949642,CHEMBL240,Voltage-gated inwardly rectifying potassium channel KCNH2,Homo sapiens,B,
CHEMBL212689,CCN(C(=O)Cc1ccc(S(C)(=O)=O)cc1)C1CCN(CC[C@H](c2ccc(S(C)(=O)=O)cc2)c2cc(F)cc(F)c2)CC1,IC50,=,7300.0,nM,5.136677139879544,5.14,CHEMBL870536,CHEMBL1138893,CHEMBL240,Voltage-gated inwardly rectifying potassium channel KCNH2,Homo sapiens,T,
CHEMBL212689,CCN(C(=O)Cc1ccc(S(C)(=O)=O)cc1)C1CCN(CC[C@H](c2ccc(S(C)(=O)=O)cc2)c2cc(F)cc(F)c2)CC1,IC50,=,7300.0,nM,5.136677139879544,5.14,CHEMBL1954529,CHEMBL1949642,CHEMBL240,Voltage-gated inwardly rectifying potassium channel KCNH2,Homo sapiens,B,
CHEMBL214021,O=C(NC1CCN(Cc2ccc3c(c2)OCO3)CC1)c1cc(=O)c2ccc(F)cc2o1,IC50,=,15.1,nM,7.82102305270683,7.82,CHEMBL909940,CHEMBL1137327,CHEMBL240,Voltage-gated inwardly rectifying potassium channel KCNH2,Homo sapiens,B,
CHEMBL214021,O=C(NC1CCN(Cc2ccc3c(c2)OCO3)CC1)c1cc(=O)c2ccc(F)cc2o1,IC50,=,1600.0,nM,5.795880017344075,5.8,CHEMBL908898,CHEMBL1137327,CHEMBL240,Voltage-gated inwardly rectifying potassium channel KCNH2,Homo sapiens,F,
CHEMBL214021,O=C(NC1CCN(Cc2ccc3c(c2)OCO3)CC1)c1cc(=O)c2ccc(F)cc2o1,IC50,=,15100.0,nM,4.82102305270683,,CHEMBL854890,CHEMBL1137588,CHEMBL240,Voltage-gated inwardly rectifying potassium channel KCNH2,Homo sapiens,B,
CHEMBL214021,O=C(NC1CCN(Cc2ccc3c(c2)OCO3)CC1)c1cc(=O)c2ccc(F)cc2o1,IC50,=,15100.0,nM,4.82102305270683,,CHEMBL886903,CHEMBL1139188,CHEMBL240,Voltage-gated inwardly rectifying potassium channel KCNH2,Homo sapiens,B,
CHEMBL214323,CCN(CC)Cc1ccc2c(c1)CC[C@H](N1CCN(CCc3cccc(C(F)(F)F)c3)CC1=O)C2,IC50,=,1700.0,nM,5.769551078621726,5.77,CHEMBL854894,CHEMBL1137586,CHEMBL240,Voltage-gated inwardly rectifying potassium channel KCNH2,Homo sapiens,B,
CHEMBL214323,CCN(CC)Cc1ccc2c(c1)CC[C@H](N1CCN(CCc3cccc(C(F)(F)F)c3)CC1=O)C2,IC50,=,1700.0,nM,5.769551078621726,5.77,CHEMBL903920,CHEMBL1142907,CHEMBL240,Voltage-gated inwardly rectifying potassium channel KCNH2,Homo sapiens,B,
CHEMBL214335,COc1ccccc1CC(c1ccccc1)N1CCNCC1,IC50,=,22900.0,nM,4.640164517660112,4.64,CHEMBL1120514,CHEMBL1155538,CHEMBL240,Voltage-gated inwardly rectifying potassium channel KCNH2,Homo sapiens,B,
CHEMBL214335,COc1ccccc1CC(c1ccccc1)N1CCNCC1,IC50,=,39000.0,nM,4.4089353929735005,4.41,CHEMBL1120514,CHEMBL1155538,CHEMBL240,Voltage-gated inwardly rectifying potassium channel KCNH2,Homo sapiens,B,
CHEMBL214335,COc1ccccc1CC(c1ccccc1)N1CCNCC1,IC50,=,41000.0,nM,4.3872161432802645,4.39,CHEMBL1120514,CHEMBL1155538,CHEMBL240,Voltage-gated inwardly rectifying potassium channel KCNH2,Homo sapiens,B,
CHEMBL214585,O=C(NC1CCN(C2CCc3cc4c(cc32)OCO4)CC1)c1cc(=O)c2cc(F)ccc2o1,IC50,=,7870.0,nM,5.104025267640935,5.1,CHEMBL854891,CHEMBL1137584,CHEMBL240,Voltage-gated inwardly rectifying potassium channel KCNH2,Homo sapiens,B,
CHEMBL214585,O=C(NC1CCN(C2CCc3cc4c(cc32)OCO4)CC1)c1cc(=O)c2cc(F)ccc2o1,IC50,=,9310.0,nM,5.031050319018657,5.03,CHEMBL854891,CHEMBL1137584,CHEMBL240,Voltage-gated inwardly rectifying potassium channel KCNH2,Homo sapiens,B,
CHEMBL214585,O=C(NC1CCN(C2CCc3cc4c(cc32)OCO4)CC1)c1cc(=O)c2cc(F)ccc2o1,IC50,=,11200.0,nM,4.950781977329818,4.95,CHEMBL854891,CHEMBL1137584,CHEMBL240,Voltage-gated inwardly rectifying potassium channel KCNH2,Homo sapiens,B,
CHEMBL214629,CCN(CC)Cc1ccc2c(c1)CC[C@H](N1CCN(CCc3ccc(F)cc3)CC1=O)C2,IC50,=,8100.0,nM,5.09151498112135,5.09,CHEMBL854894,CHEMBL1137586,CHEMBL240,Voltage-gated inwardly rectifying potassium channel KCNH2,Homo sapiens,B,
CHEMBL214629,CCN(CC)Cc1ccc2c(c1)CC[C@H](N1CCN(CCc3ccc(F)cc3)CC1=O)C2,IC50,=,8100.0,nM,5.09151498112135,5.09,CHEMBL903920,CHEMBL1142907,CHEMBL240,Voltage-gated inwardly rectifying potassium channel KCNH2,Homo sapiens,B,
CHEMBL2146755,O=[N+]([O-])c1ccc(CCN2CCN(CCc3ccc([N+](=O)[O-])cc3)CC2)cc1,IC50,=,5.0,nM,8.301029995663981,8.3,CHEMBL2148626,CHEMBL2146432,CHEMBL240,Voltage-gated inwardly rectifying potassium channel KCNH2,Homo sapiens,B,
CHEMBL2146755,O=[N+]([O-])c1ccc(CCN2CCN(CCc3ccc([N+](=O)[O-])cc3)CC2)cc1,IC50,=,7.0,nM,8.154901959985743,8.15,CHEMBL4427468,CHEMBL4425169,CHEMBL240,Voltage-gated inwardly rectifying potassium channel KCNH2,Homo sapiens,B,
CHEMBL2146757,N#Cc1ccc(CCN2CCN(CCc3ccc([N+](=O)[O-])cc3)CC2)cc1,IC50,=,9.0,nM,8.045757490560675,8.05,CHEMBL2148626,CHEMBL2146432,CHEMBL240,Voltage-gated inwardly rectifying potassium channel KCNH2,Homo sapiens,B,
CHEMBL2146757,N#Cc1ccc(CCN2CCN(CCc3ccc([N+](=O)[O-])cc3)CC2)cc1,IC50,=,9.0,nM,8.045757490560675,8.05,CHEMBL3615683,CHEMBL3612018,CHEMBL240,Voltage-gated inwardly rectifying potassium channel KCNH2,Homo sapiens,B,
CHEMBL2146851,N#Cc1ccc(CCN2CCN(CCc3ccc4nonc4c3)CC2)cc1,IC50,=,42.0,nM,7.376750709602099,7.38,CHEMBL2148626,CHEMBL2146432,CHEMBL240,Voltage-gated inwardly rectifying potassium channel KCNH2,Homo sapiens,B,
CHEMBL2146851,N#Cc1ccc(CCN2CCN(CCc3ccc4nonc4c3)CC2)cc1,IC50,=,42.0,nM,7.376750709602099,7.38,CHEMBL5236676,CHEMBL5236544,CHEMBL240,Voltage-gated inwardly rectifying potassium channel KCNH2,Homo sapiens,T,
CHEMBL2146870,O=C1OCc2cc(CCN3CCN(CCc4ccc5c(c4)COC5=O)CC3)ccc21,IC50,=,1900.0,nM,5.721246399047171,5.72,CHEMBL2148626,CHEMBL2146432,CHEMBL240,Voltage-gated inwardly rectifying potassium channel KCNH2,Homo sapiens,B,
CHEMBL2146870,O=C1OCc2cc(CCN3CCN(CCc4ccc5c(c4)COC5=O)CC3)ccc21,IC50,=,1900.0,nM,5.721246399047171,5.72,CHEMBL4427468,CHEMBL4425169,CHEMBL240,Voltage-gated inwardly rectifying potassium channel KCNH2,Homo sapiens,B,
CHEMBL2146871,N#Cc1ccc(CCN2CCN(CCc3ccc4c(c3)COC4=O)CC2)cc1,IC50,=,430.0,nM,6.366531544420413,6.37,CHEMBL2148626,CHEMBL2146432,CHEMBL240,Voltage-gated inwardly rectifying potassium channel KCNH2,Homo sapiens,B,
CHEMBL2146871,N#Cc1ccc(CCN2CCN(CCc3ccc4c(c3)COC4=O)CC2)cc1,IC50,=,430.0,nM,6.366531544420413,6.37,CHEMBL3615683,CHEMBL3612018,CHEMBL240,Voltage-gated inwardly rectifying potassium channel KCNH2,Homo sapiens,B,
CHEMBL2146872,O=C1OCc2cc(CCN3CCN(CCc4ccc5nonc5c4)CC3)ccc21,IC50,=,280.0,nM,6.552841968657781,6.55,CHEMBL2148626,CHEMBL2146432,CHEMBL240,Voltage-gated inwardly rectifying potassium channel KCNH2,Homo sapiens,B,
CHEMBL2146872,O=C1OCc2cc(CCN3CCN(CCc4ccc5nonc5c4)CC3)ccc21,IC50,=,280.0,nM,6.552841968657781,6.55,CHEMBL5236676,CHEMBL5236544,CHEMBL240,Voltage-gated inwardly rectifying potassium channel KCNH2,Homo sapiens,T,
CHEMBL2146873,N#Cc1ccc(CCN2CCN(CCc3ccc4c(c3)COC4=O)CC2)cc1F,IC50,=,170.0,nM,6.769551078621726,6.77,CHEMBL2148626,CHEMBL2146432,CHEMBL240,Voltage-gated inwardly rectifying potassium channel KCNH2,Homo sapiens,B,
CHEMBL2146873,N#Cc1ccc(CCN2CCN(CCc3ccc4c(c3)COC4=O)CC2)cc1F,IC50,=,170.0,nM,6.769551078621726,6.77,CHEMBL4004312,CHEMBL4002630,CHEMBL240,Voltage-gated inwardly rectifying potassium channel KCNH2,Homo sapiens,B,
CHEMBL2146876,COc1cc(CCN2CCN(CCc3ccc4c(c3)COC4=O)CC2)ccc1C#N,IC50,=,1600.0,nM,5.795880017344075,5.8,CHEMBL2148626,CHEMBL2146432,CHEMBL240,Voltage-gated inwardly rectifying potassium channel KCNH2,Homo sapiens,B,
CHEMBL2146876,COc1cc(CCN2CCN(CCc3ccc4c(c3)COC4=O)CC2)ccc1C#N,IC50,=,1600.0,nM,5.795880017344075,5.8,CHEMBL3615683,CHEMBL3612018,CHEMBL240,Voltage-gated inwardly rectifying potassium channel KCNH2,Homo sapiens,B,
CHEMBL214731,O=C(NC1CCN(Cc2ccc3c(c2)OCO3)CC1)c1cc(=O)c2cc(F)ccc2o1,IC50,=,4.0,nM,8.397940008672037,8.4,CHEMBL909940,CHEMBL1137327,CHEMBL240,Voltage-gated inwardly rectifying potassium channel KCNH2,Homo sapiens,B,
CHEMBL214731,O=C(NC1CCN(Cc2ccc3c(c2)OCO3)CC1)c1cc(=O)c2cc(F)ccc2o1,IC50,=,15000.0,nM,4.823908740944319,4.82,CHEMBL854891,CHEMBL1137584,CHEMBL240,Voltage-gated inwardly rectifying potassium channel KCNH2,Homo sapiens,B,
CHEMBL214768,COc1ccc(CN2CCC(NC(=O)c3cc(=O)c4ccc(F)cc4o3)CC2)cc1F,IC50,=,8.5,nM,8.070581074285707,8.07,CHEMBL909940,CHEMBL1137327,CHEMBL240,Voltage-gated inwardly rectifying potassium channel KCNH2,Homo sapiens,B,
CHEMBL214768,COc1ccc(CN2CCC(NC(=O)c3cc(=O)c4ccc(F)cc4o3)CC2)cc1F,IC50,=,8300.0,nM,5.080921907623926,5.08,CHEMBL886903,CHEMBL1139188,CHEMBL240,Voltage-gated inwardly rectifying potassium channel KCNH2,Homo sapiens,B,
CHEMBL2151164,COc1nc(Nc2cccc3c2nc(-c2ccc(F)cc2)n3C)ccc1-n1cnc(C)c1,IC50,=,8500.0,nM,5.070581074285707,5.07,CHEMBL2186754,CHEMBL2176900,CHEMBL240,Voltage-gated inwardly rectifying potassium channel KCNH2,Homo sapiens,B,
CHEMBL2151164,COc1nc(Nc2cccc3c2nc(-c2ccc(F)cc2)n3C)ccc1-n1cnc(C)c1,IC50,=,8500.0,nM,5.070581074285707,5.07,CHEMBL3382692,CHEMBL3351481,CHEMBL240,Voltage-gated inwardly rectifying potassium channel KCNH2,Homo sapiens,B,
CHEMBL215661,CC(=O)Nc1ccc2c(c1)C(N1CCC(NC(=O)c3cc(=O)c4ccc(F)cc4o3)CC1)CC2,IC50,=,15600.0,nM,4.806875401645539,4.81,CHEMBL854891,CHEMBL1137584,CHEMBL240,Voltage-gated inwardly rectifying potassium channel KCNH2,Homo sapiens,B,
CHEMBL215661,CC(=O)Nc1ccc2c(c1)C(N1CCC(NC(=O)c3cc(=O)c4ccc(F)cc4o3)CC1)CC2,IC50,=,27200.0,nM,4.565431095965801,4.57,CHEMBL854891,CHEMBL1137584,CHEMBL240,Voltage-gated inwardly rectifying potassium channel KCNH2,Homo sapiens,B,
CHEMBL215661,CC(=O)Nc1ccc2c(c1)C(N1CCC(NC(=O)c3cc(=O)c4ccc(F)cc4o3)CC1)CC2,IC50,=,34800.0,nM,4.458420756053419,4.46,CHEMBL854891,CHEMBL1137584,CHEMBL240,Voltage-gated inwardly rectifying potassium channel KCNH2,Homo sapiens,B,
CHEMBL2158050,COc1ccc2ncc(F)c([C@@H](O)CC[C@@H]3CCN(CCSc4cccs4)C[C@@H]3C(=O)O)c2c1,IC50,=,23600.0,nM,4.627087997029894,4.63,CHEMBL2384768,CHEMBL2380208,CHEMBL240,Voltage-gated inwardly rectifying potassium channel KCNH2,Homo sapiens,B,
CHEMBL2158050,COc1ccc2ncc(F)c([C@@H](O)CC[C@@H]3CCN(CCSc4cccs4)C[C@@H]3C(=O)O)c2c1,IC50,=,23600.0,nM,4.627087997029894,4.63,CHEMBL4036596,CHEMBL4033742,CHEMBL240,Voltage-gated inwardly rectifying potassium channel KCNH2,Homo sapiens,B,
CHEMBL2158050,COc1ccc2ncc(F)c([C@@H](O)CC[C@@H]3CCN(CCSc4cccs4)C[C@@H]3C(=O)O)c2c1,IC50,=,124000.0,nM,3.9065783148377653,,CHEMBL2161976,CHEMBL2157972,CHEMBL240,Voltage-gated inwardly rectifying potassium channel KCNH2,Homo sapiens,B,
CHEMBL2158563,CCN(CC)CCOc1cc(-c2nc(SCC(=O)NC)nc3[nH]cc(C#N)c23)c(Cl)cc1Cl,IC50,=,3140.0,nM,5.503070351926786,5.5,CHEMBL2162322,CHEMBL2157917,CHEMBL240,Voltage-gated inwardly rectifying potassium channel KCNH2,Homo sapiens,B,
CHEMBL2158563,CCN(CC)CCOc1cc(-c2nc(SCC(=O)NC)nc3[nH]cc(C#N)c23)c(Cl)cc1Cl,IC50,=,17800.0,nM,4.749579997691106,4.75,CHEMBL2162323,CHEMBL2157917,CHEMBL240,Voltage-gated inwardly rectifying potassium channel KCNH2,Homo sapiens,B,
CHEMBL2159976,COc1ccc2nccc([C@@H](O)CC[C@@H]3CCN(CCSc4cccs4)C[C@@H]3C(=O)O)c2c1,IC50,=,19700.0,nM,4.705533773838407,4.71,CHEMBL2384768,CHEMBL2380208,CHEMBL240,Voltage-gated inwardly rectifying potassium channel KCNH2,Homo sapiens,B,
CHEMBL2159976,COc1ccc2nccc([C@@H](O)CC[C@@H]3CCN(CCSc4cccs4)C[C@@H]3C(=O)O)c2c1,IC50,=,19700.0,nM,4.705533773838407,4.71,CHEMBL4036596,CHEMBL4033742,CHEMBL240,Voltage-gated inwardly rectifying potassium channel KCNH2,Homo sapiens,B,
CHEMBL2159976,COc1ccc2nccc([C@@H](O)CC[C@@H]3CCN(CCSc4cccs4)C[C@@H]3C(=O)O)c2c1,IC50,=,21000.0,nM,4.6777807052660805,4.68,CHEMBL2161976,CHEMBL2157972,CHEMBL240,Voltage-gated inwardly rectifying potassium channel KCNH2,Homo sapiens,B,
CHEMBL2164389,O=C(NCc1ccc(OC(F)(F)F)cc1)C1c2ccccc2C(=O)N1CCc1ccccn1,IC50,=,4600.0,nM,5.337242168318426,5.34,CHEMBL2168489,CHEMBL2163233,CHEMBL240,Voltage-gated inwardly rectifying potassium channel KCNH2,Homo sapiens,B,
CHEMBL2164389,O=C(NCc1ccc(OC(F)(F)F)cc1)C1c2ccccc2C(=O)N1CCc1ccccn1,IC50,=,4600.0,nM,5.337242168318426,5.34,CHEMBL2168498,CHEMBL2163233,CHEMBL240,Voltage-gated inwardly rectifying potassium channel KCNH2,Homo sapiens,B,
CHEMBL2164389,O=C(NCc1ccc(OC(F)(F)F)cc1)C1c2ccccc2C(=O)N1CCc1ccccn1,IC50,=,7800.0,nM,5.107905397309519,5.11,CHEMBL2168489,CHEMBL2163233,CHEMBL240,Voltage-gated inwardly rectifying potassium channel KCNH2,Homo sapiens,B,
CHEMBL2165062,N#Cc1ccc2ccc(=O)n(CCN3CCC(NCc4cc5c(cn4)OCCO5)CC3)c2c1,IC50,=,39000.0,nM,4.4089353929735005,4.41,CHEMBL2166760,CHEMBL2163267,CHEMBL240,Voltage-gated inwardly rectifying potassium channel KCNH2,Homo sapiens,B,
CHEMBL2165062,N#Cc1ccc2ccc(=O)n(CCN3CCC(NCc4cc5c(cn4)OCCO5)CC3)c2c1,IC50,=,44000.0,nM,4.356547323513812,4.36,CHEMBL2166761,CHEMBL2163267,CHEMBL240,Voltage-gated inwardly rectifying potassium channel KCNH2,Homo sapiens,B,
CHEMBL2165062,N#Cc1ccc2ccc(=O)n(CCN3CCC(NCc4cc5c(cn4)OCCO5)CC3)c2c1,IC50,=,44000.0,nM,4.356547323513812,4.36,CHEMBL3294033,CHEMBL3286091,CHEMBL240,Voltage-gated inwardly rectifying potassium channel KCNH2,Homo sapiens,B,
CHEMBL2165063,COc1ccc2ncc(=O)n(CCN3CCC(NCc4ccc5c(n4)NC(=O)CO5)CC3)c2c1,IC50,=,35000.0,nM,4.455931955649724,4.46,CHEMBL2166761,CHEMBL2163267,CHEMBL240,Voltage-gated inwardly rectifying potassium channel KCNH2,Homo sapiens,B,
CHEMBL2165063,COc1ccc2ncc(=O)n(CCN3CCC(NCc4ccc5c(n4)NC(=O)CO5)CC3)c2c1,IC50,=,35000.0,nM,4.455931955649724,4.46,CHEMBL3361754,CHEMBL3352316,CHEMBL240,Voltage-gated inwardly rectifying potassium channel KCNH2,Homo sapiens,B,
CHEMBL2165063,COc1ccc2ncc(=O)n(CCN3CCC(NCc4ccc5c(n4)NC(=O)CO5)CC3)c2c1,IC50,=,35000.0,nM,4.455931955649724,4.46,CHEMBL5114275,CHEMBL5113380,CHEMBL240,Voltage-gated inwardly rectifying potassium channel KCNH2,Homo sapiens,T,
CHEMBL2165064,N#Cc1ccc2ccc(=O)n(CCN3CC[C@H](NCc4cc5c(cn4)OCCO5)[C@H](F)C3)c2c1,IC50,=,233000.0,nM,3.632644078973981,,CHEMBL2166761,CHEMBL2163267,CHEMBL240,Voltage-gated inwardly rectifying potassium channel KCNH2,Homo sapiens,B,
CHEMBL2165064,N#Cc1ccc2ccc(=O)n(CCN3CC[C@H](NCc4cc5c(cn4)OCCO5)[C@H](F)C3)c2c1,IC50,=,233000.0,nM,3.632644078973981,,CHEMBL5114275,CHEMBL5113380,CHEMBL240,Voltage-gated inwardly rectifying potassium channel KCNH2,Homo sapiens,T,
CHEMBL2165068,N#Cc1ccc2ccc(=O)n(CCN3CC[C@H](NCc4cc5c(cn4)OCCO5)[C@@H](F)C3)c2c1,IC50,=,57000.0,nM,4.2441251443275085,4.24,CHEMBL2166760,CHEMBL2163267,CHEMBL240,Voltage-gated inwardly rectifying potassium channel KCNH2,Homo sapiens,B,
CHEMBL2165068,N#Cc1ccc2ccc(=O)n(CCN3CC[C@H](NCc4cc5c(cn4)OCCO5)[C@@H](F)C3)c2c1,IC50,=,122000.0,nM,3.9136401693252516,,CHEMBL2166761,CHEMBL2163267,CHEMBL240,Voltage-gated inwardly rectifying potassium channel KCNH2,Homo sapiens,B,
CHEMBL216680,CC(=O)Nc1ccc(CN2CCC(NC(=O)c3cc(=O)c4ccc(F)cc4o3)CC2)cc1,IC50,=,47.7,nM,7.3214816209598865,7.32,CHEMBL909940,CHEMBL1137327,CHEMBL240,Voltage-gated inwardly rectifying potassium channel KCNH2,Homo sapiens,B,
CHEMBL216680,CC(=O)Nc1ccc(CN2CCC(NC(=O)c3cc(=O)c4ccc(F)cc4o3)CC2)cc1,IC50,=,47700.0,nM,4.321481620959886,4.32,CHEMBL854890,CHEMBL1137588,CHEMBL240,Voltage-gated inwardly rectifying potassium channel KCNH2,Homo sapiens,B,
CHEMBL2177736,NC(=O)c1cnc(N[C@@H]2CCCC[C@@H]2N)nc1Nc1cccc(-n2nccn2)c1,IC50,=,8600.0,nM,5.065501548756432,5.07,CHEMBL3268715,CHEMBL3259804,CHEMBL240,Voltage-gated inwardly rectifying potassium channel KCNH2,Homo sapiens,B,
CHEMBL2177736,NC(=O)c1cnc(N[C@@H]2CCCC[C@@H]2N)nc1Nc1cccc(-n2nccn2)c1,IC50,=,8600.0,nM,5.065501548756432,5.07,CHEMBL3419125,CHEMBL3414433,CHEMBL240,Voltage-gated inwardly rectifying potassium channel KCNH2,Homo sapiens,B,
CHEMBL2177736,NC(=O)c1cnc(N[C@@H]2CCCC[C@@H]2N)nc1Nc1cccc(-n2nccn2)c1,IC50,=,9100.0,nM,5.040958607678906,5.04,CHEMBL2350555,CHEMBL2346624,CHEMBL240,Voltage-gated inwardly rectifying potassium channel KCNH2,Homo sapiens,B,
CHEMBL2177736,NC(=O)c1cnc(N[C@@H]2CCCC[C@@H]2N)nc1Nc1cccc(-n2nccn2)c1,IC50,=,10000.0,nM,5.0,5.0,CHEMBL3419366,CHEMBL3414433,CHEMBL240,Voltage-gated inwardly rectifying potassium channel KCNH2,Homo sapiens,B,
CHEMBL218974,C[C@]1(COc2ccc(OC(F)(F)F)cc2)Cn2cc([N+](=O)[O-])nc2O1,IC50,=,10500.0,nM,4.978810700930062,4.98,CHEMBL4052295,CHEMBL4049454,CHEMBL240,Voltage-gated inwardly rectifying potassium channel KCNH2,Homo sapiens,B,
CHEMBL218974,C[C@]1(COc2ccc(OC(F)(F)F)cc2)Cn2cc([N+](=O)[O-])nc2O1,IC50,=,10500.0,nM,4.978810700930062,4.98,CHEMBL5036401,CHEMBL5036301,CHEMBL240,Voltage-gated inwardly rectifying potassium channel KCNH2,Homo sapiens,B,
CHEMBL219916,O=c1[nH]c2ccccc2n1CCCN1CCC(n2c(=O)[nH]c3cc(Cl)ccc32)CC1,IC50,=,57.54,nM,7.2400301424456925,7.24,CHEMBL1036648,CHEMBL1154445,CHEMBL240,Voltage-gated inwardly rectifying potassium channel KCNH2,Homo sapiens,B,
CHEMBL219916,O=c1[nH]c2ccccc2n1CCCN1CCC(n2c(=O)[nH]c3cc(Cl)ccc32)CC1,IC50,=,162.0,nM,6.790484985457369,6.79,CHEMBL691014,CHEMBL1135758,CHEMBL240,Voltage-gated inwardly rectifying potassium channel KCNH2,Homo sapiens,F,
CHEMBL219916,O=c1[nH]c2ccccc2n1CCCN1CCC(n2c(=O)[nH]c3cc(Cl)ccc32)CC1,IC50,=,162.18,nM,6.790002703917631,6.79,CHEMBL832277,CHEMBL1142050,CHEMBL240,Voltage-gated inwardly rectifying potassium channel KCNH2,Homo sapiens,F,
CHEMBL219916,O=c1[nH]c2ccccc2n1CCCN1CCC(n2c(=O)[nH]c3cc(Cl)ccc32)CC1,IC50,=,162.18,nM,6.790002703917631,6.79,CHEMBL829152,CHEMBL1139598,CHEMBL240,Voltage-gated inwardly rectifying potassium channel KCNH2,Homo sapiens,B,
CHEMBL219916,O=c1[nH]c2ccccc2n1CCCN1CCC(n2c(=O)[nH]c3cc(Cl)ccc32)CC1,IC50,=,162.18,nM,6.790002703917631,6.79,CHEMBL1023674,CHEMBL1158373,CHEMBL240,Voltage-gated inwardly rectifying potassium channel KCNH2,Homo sapiens,B,
CHEMBL219916,O=c1[nH]c2ccccc2n1CCCN1CCC(n2c(=O)[nH]c3cc(Cl)ccc32)CC1,IC50,=,162.18,nM,6.790002703917631,6.79,CHEMBL1676103,CHEMBL1671772,CHEMBL240,Voltage-gated inwardly rectifying potassium channel KCNH2,Homo sapiens,B,
CHEMBL22,COc1cc(Cc2cnc(N)nc2N)cc(OC)c1OC,IC50,=,239883.29,nM,3.6200000034433657,,CHEMBL766814,CHEMBL1136167,CHEMBL240,Voltage-gated inwardly rectifying potassium channel KCNH2,Homo sapiens,B,
CHEMBL22,COc1cc(Cc2cnc(N)nc2N)cc(OC)c1OC,IC50,=,239883.29,nM,3.6200000034433657,,CHEMBL954102,CHEMBL1150324,CHEMBL240,Voltage-gated inwardly rectifying potassium channel KCNH2,Homo sapiens,B,
CHEMBL22,COc1cc(Cc2cnc(N)nc2N)cc(OC)c1OC,IC50,=,239883.29,nM,3.6200000034433657,,CHEMBL1676103,CHEMBL1671772,CHEMBL240,Voltage-gated inwardly rectifying potassium channel KCNH2,Homo sapiens,B,
CHEMBL2203713,N=C(Nc1ccc2c(c1)CCN2C1CCNCC1)c1cccs1,IC50,=,13000.0,nM,4.886056647693163,4.89,CHEMBL2215015,CHEMBL2203205,CHEMBL240,Voltage-gated inwardly rectifying potassium channel KCNH2,Homo sapiens,B,
CHEMBL2203713,N=C(Nc1ccc2c(c1)CCN2C1CCNCC1)c1cccs1,IC50,=,160000.0,nM,3.795880017344075,,CHEMBL2215011,CHEMBL2203205,CHEMBL240,Voltage-gated inwardly rectifying potassium channel KCNH2,Homo sapiens,B,
CHEMBL2204935,Cc1nc([C@]2(c3cnn(C)c3)N[C@@H](c3nc(-c4ccc(F)cc4)c[nH]3)Cc3c2[nH]c2ccccc32)no1,IC50,=,1700.0,nM,5.769551078621726,5.77,CHEMBL3583383,CHEMBL3580651,CHEMBL240,Voltage-gated inwardly rectifying potassium channel KCNH2,Homo sapiens,B,
CHEMBL2204935,Cc1nc([C@]2(c3cnn(C)c3)N[C@@H](c3nc(-c4ccc(F)cc4)c[nH]3)Cc3c2[nH]c2ccccc32)no1,IC50,=,1701.0,nM,5.769295686387431,5.77,CHEMBL3779605,CHEMBL3774320,CHEMBL240,Voltage-gated inwardly rectifying potassium channel KCNH2,Homo sapiens,B,
CHEMBL2204935,Cc1nc([C@]2(c3cnn(C)c3)N[C@@H](c3nc(-c4ccc(F)cc4)c[nH]3)Cc3c2[nH]c2ccccc32)no1,IC50,=,1740.0,nM,5.7594507517174005,5.76,CHEMBL3378637,CHEMBL3352784,CHEMBL240,Voltage-gated inwardly rectifying potassium channel KCNH2,Homo sapiens,B,
CHEMBL2204935,Cc1nc([C@]2(c3cnn(C)c3)N[C@@H](c3nc(-c4ccc(F)cc4)c[nH]3)Cc3c2[nH]c2ccccc32)no1,IC50,=,3400.0,nM,5.468521082957745,5.47,CHEMBL3378638,CHEMBL3352784,CHEMBL240,Voltage-gated inwardly rectifying potassium channel KCNH2,Homo sapiens,B,
CHEMBL2204935,Cc1nc([C@]2(c3cnn(C)c3)N[C@@H](c3nc(-c4ccc(F)cc4)c[nH]3)Cc3c2[nH]c2ccccc32)no1,IC50,=,3400.0,nM,5.468521082957745,5.47,CHEMBL3583384,CHEMBL3580651,CHEMBL240,Voltage-gated inwardly rectifying potassium channel KCNH2,Homo sapiens,B,
CHEMBL2204935,Cc1nc([C@]2(c3cnn(C)c3)N[C@@H](c3nc(-c4ccc(F)cc4)c[nH]3)Cc3c2[nH]c2ccccc32)no1,IC50,=,3400.0,nM,5.468521082957745,5.47,CHEMBL3776122,CHEMBL3774320,CHEMBL240,Voltage-gated inwardly rectifying potassium channel KCNH2,Homo sapiens,B,
CHEMBL2206790,COCC[C@H](Oc1ncnc2c1cnn2-c1ccccc1Cl)C(=O)Nc1ccc(C)cn1,IC50,=,19952.62,nM,4.70000006855703,4.7,CHEMBL3226991,CHEMBL3217683,CHEMBL240,Voltage-gated inwardly rectifying potassium channel KCNH2,Homo sapiens,B,
CHEMBL2206790,COCC[C@H](Oc1ncnc2c1cnn2-c1ccccc1Cl)C(=O)Nc1ccc(C)cn1,IC50,=,22000.0,nM,4.657577319177793,4.66,CHEMBL2215193,CHEMBL2202962,CHEMBL240,Voltage-gated inwardly rectifying potassium channel KCNH2,Homo sapiens,B,
CHEMBL2207500,Cc1nn(C)cc1-c1nc2c(N3CCN(Cc4ncon4)CC3)c(Cl)cnc2[nH]1,IC50,=,11000.0,nM,4.958607314841775,4.96,CHEMBL2214095,CHEMBL2203264,CHEMBL240,Voltage-gated inwardly rectifying potassium channel KCNH2,Homo sapiens,B,
CHEMBL2207500,Cc1nn(C)cc1-c1nc2c(N3CCN(Cc4ncon4)CC3)c(Cl)cnc2[nH]1,IC50,=,11000.0,nM,4.958607314841775,4.96,CHEMBL3889058,CHEMBL3886141,CHEMBL240,Voltage-gated inwardly rectifying potassium channel KCNH2,Homo sapiens,B,431594
CHEMBL2207501,Cc1nc(CN2CCN(c3c(Cl)cnc4[nH]c(-c5cn(C)nc5C)nc34)CC2)no1,IC50,=,9500.0,nM,5.022276394711152,5.02,CHEMBL2214095,CHEMBL2203264,CHEMBL240,Voltage-gated inwardly rectifying potassium channel KCNH2,Homo sapiens,B,
CHEMBL2207501,Cc1nc(CN2CCN(c3c(Cl)cnc4[nH]c(-c5cn(C)nc5C)nc34)CC2)no1,IC50,=,9500.0,nM,5.022276394711152,5.02,CHEMBL3889058,CHEMBL3886141,CHEMBL240,Voltage-gated inwardly rectifying potassium channel KCNH2,Homo sapiens,B,431595
CHEMBL2207658,O=C(NC[C@@H](O)CN1CCC(Oc2ccc(Cl)c(Cl)c2)CC1)c1c[nH]nc1C(F)(F)F,IC50,=,3162.28,nM,5.499999678657065,5.5,CHEMBL2215143,CHEMBL2203219,CHEMBL240,Voltage-gated inwardly rectifying potassium channel KCNH2,Homo sapiens,B,
CHEMBL2207658,O=C(NC[C@@H](O)CN1CCC(Oc2ccc(Cl)c(Cl)c2)CC1)c1c[nH]nc1C(F)(F)F,IC50,=,3162.28,nM,5.499999678657065,5.5,CHEMBL2215146,CHEMBL2203219,CHEMBL240,Voltage-gated inwardly rectifying potassium channel KCNH2,Homo sapiens,B,
CHEMBL2207659,Cc1cc(Cl)ccc1OC1CCN(C[C@H](O)CNC(=O)c2c[nH]nc2C(F)(F)F)CC1,IC50,=,1258.93,nM,5.899998417198648,5.9,CHEMBL2215143,CHEMBL2203219,CHEMBL240,Voltage-gated inwardly rectifying potassium channel KCNH2,Homo sapiens,B,
CHEMBL2207659,Cc1cc(Cl)ccc1OC1CCN(C[C@H](O)CNC(=O)c2c[nH]nc2C(F)(F)F)CC1,IC50,=,3162.28,nM,5.499999678657065,5.5,CHEMBL2215146,CHEMBL2203219,CHEMBL240,Voltage-gated inwardly rectifying potassium channel KCNH2,Homo sapiens,B,
CHEMBL2207662,O=C(NC[C@@H](O)CN1CCC(Oc2ccc(Cl)c(Cl)c2)CC1)c1c[nH]c(=O)cc1C(F)(F)F,IC50,=,5011.87,nM,5.300000202445418,5.3,CHEMBL2215146,CHEMBL2203219,CHEMBL240,Voltage-gated inwardly rectifying potassium channel KCNH2,Homo sapiens,B,
CHEMBL2207662,O=C(NC[C@@H](O)CN1CCC(Oc2ccc(Cl)c(Cl)c2)CC1)c1c[nH]c(=O)cc1C(F)(F)F,IC50,=,10000.0,nM,5.0,5.0,CHEMBL2215143,CHEMBL2203219,CHEMBL240,Voltage-gated inwardly rectifying potassium channel KCNH2,Homo sapiens,B,
CHEMBL2207663,Cc1cc(Cl)ccc1OC1CCN(C[C@H](O)CNC(=O)c2c[nH]c(=O)cc2C(F)(F)F)CC1,IC50,=,10000.0,nM,5.0,5.0,CHEMBL2215143,CHEMBL2203219,CHEMBL240,Voltage-gated inwardly rectifying potassium channel KCNH2,Homo sapiens,B,
CHEMBL2207663,Cc1cc(Cl)ccc1OC1CCN(C[C@H](O)CNC(=O)c2c[nH]c(=O)cc2C(F)(F)F)CC1,IC50,=,10000.0,nM,5.0,5.0,CHEMBL2215146,CHEMBL2203219,CHEMBL240,Voltage-gated inwardly rectifying potassium channel KCNH2,Homo sapiens,B,
CHEMBL2207666,O=C(NC[C@@H](O)CN1CCC(Oc2ccc(Cl)c(Cl)c2)CC1)c1c[nH]c(=O)c2ccccc12,IC50,=,6309.57,nM,5.200000237109354,5.2,CHEMBL2215143,CHEMBL2203219,CHEMBL240,Voltage-gated inwardly rectifying potassium channel KCNH2,Homo sapiens,B,
CHEMBL2207666,O=C(NC[C@@H](O)CN1CCC(Oc2ccc(Cl)c(Cl)c2)CC1)c1c[nH]c(=O)c2ccccc12,IC50,=,7943.28,nM,5.100000128334196,5.1,CHEMBL2215806,CHEMBL2202969,CHEMBL240,Voltage-gated inwardly rectifying potassium channel KCNH2,Homo sapiens,B,
CHEMBL2207747,CC(=O)NC1CC2CCC(C1)N2CCc1ccc(Oc2nc3ncccc3s2)cc1,IC50,=,4300.0,nM,5.366531544420413,5.37,CHEMBL2210902,CHEMBL2203039,CHEMBL240,Voltage-gated inwardly rectifying potassium channel KCNH2,Homo sapiens,B,
CHEMBL2207747,CC(=O)NC1CC2CCC(C1)N2CCc1ccc(Oc2nc3ncccc3s2)cc1,IC50,=,8300.0,nM,5.080921907623926,5.08,CHEMBL2210904,CHEMBL2203039,CHEMBL240,Voltage-gated inwardly rectifying potassium channel KCNH2,Homo sapiens,B,
CHEMBL2216904,COc1cc2c(cc1O)[C@@H](Cc1ccc(O)c(Oc3ccc(C[C@@H]4c5cc(OC)c(OC)cc5CCN4C)cc3)c1)N(C)CC2,IC50,=,9100.0,nM,5.040958607678906,5.04,CHEMBL2217327,CHEMBL2216747,CHEMBL240,Voltage-gated inwardly rectifying potassium channel KCNH2,Homo sapiens,A,
CHEMBL2216904,COc1cc2c(cc1O)[C@@H](Cc1ccc(O)c(Oc3ccc(C[C@@H]4c5cc(OC)c(OC)cc5CCN4C)cc3)c1)N(C)CC2,IC50,=,9600.0,nM,5.017728766960431,5.02,CHEMBL2217332,CHEMBL2216747,CHEMBL240,Voltage-gated inwardly rectifying potassium channel KCNH2,Homo sapiens,A,
CHEMBL23,COc1ccc([C@@H]2Sc3ccccc3N(CCN(C)C)C(=O)[C@@H]2OC(C)=O)cc1,IC50,=,17300.0,nM,4.761953896871205,4.76,CHEMBL691014,CHEMBL1135758,CHEMBL240,Voltage-gated inwardly rectifying potassium channel KCNH2,Homo sapiens,F,
CHEMBL23,COc1ccc([C@@H]2Sc3ccccc3N(CCN(C)C)C(=O)[C@@H]2OC(C)=O)cc1,IC50,=,17300.0,nM,4.761953896871205,4.76,CHEMBL3430635,CHEMBL3430321,CHEMBL240,Voltage-gated inwardly rectifying potassium channel KCNH2,Homo sapiens,F,
CHEMBL23,COc1ccc([C@@H]2Sc3ccccc3N(CCN(C)C)C(=O)[C@@H]2OC(C)=O)cc1,IC50,=,17378.01,nM,4.759999957202692,4.76,CHEMBL766814,CHEMBL1136167,CHEMBL240,Voltage-gated inwardly rectifying potassium channel KCNH2,Homo sapiens,B,
CHEMBL23,COc1ccc([C@@H]2Sc3ccccc3N(CCN(C)C)C(=O)[C@@H]2OC(C)=O)cc1,IC50,=,17378.01,nM,4.759999957202692,4.76,CHEMBL832277,CHEMBL1142050,CHEMBL240,Voltage-gated inwardly rectifying potassium channel KCNH2,Homo sapiens,F,
CHEMBL23,COc1ccc([C@@H]2Sc3ccccc3N(CCN(C)C)C(=O)[C@@H]2OC(C)=O)cc1,IC50,=,17378.01,nM,4.759999957202692,4.76,CHEMBL829152,CHEMBL1139598,CHEMBL240,Voltage-gated inwardly rectifying potassium channel KCNH2,Homo sapiens,B,
CHEMBL23,COc1ccc([C@@H]2Sc3ccccc3N(CCN(C)C)C(=O)[C@@H]2OC(C)=O)cc1,IC50,=,17378.01,nM,4.759999957202692,4.76,CHEMBL954102,CHEMBL1150324,CHEMBL240,Voltage-gated inwardly rectifying potassium channel KCNH2,Homo sapiens,B,
CHEMBL23,COc1ccc([C@@H]2Sc3ccccc3N(CCN(C)C)C(=O)[C@@H]2OC(C)=O)cc1,IC50,=,17378.01,nM,4.759999957202692,4.76,CHEMBL1023674,CHEMBL1158373,CHEMBL240,Voltage-gated inwardly rectifying potassium channel KCNH2,Homo sapiens,B,
CHEMBL2324256,Cc1ccc(OCCCc2cc(N)cc(CCCOc3ccc(C)cc3)n2)cc1,IC50,=,146.0,nM,6.835647144215563,6.84,CHEMBL2330743,CHEMBL2321724,CHEMBL240,Voltage-gated inwardly rectifying potassium channel KCNH2,Homo sapiens,B,
CHEMBL2324256,Cc1ccc(OCCCc2cc(N)cc(CCCOc3ccc(C)cc3)n2)cc1,IC50,=,170.0,nM,6.769551078621726,6.77,CHEMBL2330781,CHEMBL2321724,CHEMBL240,Voltage-gated inwardly rectifying potassium channel KCNH2,Homo sapiens,B,
CHEMBL2325199,Cc1ccc(CCCOCc2cccc(COCCCc3ccc(C)cc3)[n+]2C)cc1,IC50,=,24.0,nM,7.619788758288394,7.62,CHEMBL2330781,CHEMBL2321724,CHEMBL240,Voltage-gated inwardly rectifying potassium channel KCNH2,Homo sapiens,B,
CHEMBL2325199,Cc1ccc(CCCOCc2cccc(COCCCc3ccc(C)cc3)[n+]2C)cc1,IC50,=,194.0,nM,6.7121982700697735,6.71,CHEMBL2330743,CHEMBL2321724,CHEMBL240,Voltage-gated inwardly rectifying potassium channel KCNH2,Homo sapiens,B,
CHEMBL2325200,Cc1ccc(C#CCOCc2cccc(COCC#Cc3ccc(C)cc3)[n+]2C)cc1,IC50,=,40.0,nM,7.3979400086720375,7.4,CHEMBL2330781,CHEMBL2321724,CHEMBL240,Voltage-gated inwardly rectifying potassium channel KCNH2,Homo sapiens,B,
CHEMBL2325200,Cc1ccc(C#CCOCc2cccc(COCC#Cc3ccc(C)cc3)[n+]2C)cc1,IC50,=,214.0,nM,6.669586226650809,6.67,CHEMBL2330743,CHEMBL2321724,CHEMBL240,Voltage-gated inwardly rectifying potassium channel KCNH2,Homo sapiens,B,
CHEMBL2325205,Cc1ccc(OCCCc2cccc(CCCOc3ccc(C)cc3)[n+]2C)cc1,IC50,=,86.0,nM,7.0655015487564325,7.07,CHEMBL2330781,CHEMBL2321724,CHEMBL240,Voltage-gated inwardly rectifying potassium channel KCNH2,Homo sapiens,B,
CHEMBL2325205,Cc1ccc(OCCCc2cccc(CCCOc3ccc(C)cc3)[n+]2C)cc1,IC50,=,962.0,nM,6.016824927962187,6.02,CHEMBL2330743,CHEMBL2321724,CHEMBL240,Voltage-gated inwardly rectifying potassium channel KCNH2,Homo sapiens,B,
CHEMBL2325212,C[n+]1c(C#Cc2ccc(-c3ccccc3)cc2)cccc1C#Cc1ccc(-c2ccccc2)cc1,IC50,=,107.0,nM,6.97061622231479,6.97,CHEMBL3591518,CHEMBL3588758,CHEMBL240,Voltage-gated inwardly rectifying potassium channel KCNH2,Homo sapiens,A,
CHEMBL2325212,C[n+]1c(C#Cc2ccc(-c3ccccc3)cc2)cccc1C#Cc1ccc(-c2ccccc2)cc1,IC50,=,294.0,nM,6.531652669587842,6.53,CHEMBL2330781,CHEMBL2321724,CHEMBL240,Voltage-gated inwardly rectifying potassium channel KCNH2,Homo sapiens,B,
CHEMBL2325697,C[C@@H]1COCCN1c1cc(C2(S(C)(=O)=O)CC2)nc(-c2cccc3[nH]ccc23)n1,IC50,=,50000.0,nM,4.301029995663981,4.3,CHEMBL2330583,CHEMBL2321758,CHEMBL240,Voltage-gated inwardly rectifying potassium channel KCNH2,Homo sapiens,B,
CHEMBL2325697,C[C@@H]1COCCN1c1cc(C2(S(C)(=O)=O)CC2)nc(-c2cccc3[nH]ccc23)n1,IC50,=,50000.0,nM,4.301029995663981,4.3,CHEMBL4269690,CHEMBL4266018,CHEMBL240,Voltage-gated inwardly rectifying potassium channel KCNH2,Homo sapiens,B,
CHEMBL2368925,O=C(O[C@@H]1C[C@@H]2C[C@H]3C[C@H](C1)N2CC3=O)c1c[nH]c2ccccc12,IC50,=,5950.0,nM,5.22548303427145,5.22,CHEMBL691013,CHEMBL1135758,CHEMBL240,Voltage-gated inwardly rectifying potassium channel KCNH2,Homo sapiens,F,
CHEMBL2368925,O=C(O[C@@H]1C[C@@H]2C[C@H]3C[C@H](C1)N2CC3=O)c1c[nH]c2ccccc12,IC50,=,6025.6,nM,5.219999701663429,5.22,CHEMBL832277,CHEMBL1142050,CHEMBL240,Voltage-gated inwardly rectifying potassium channel KCNH2,Homo sapiens,F,
CHEMBL2368925,O=C(O[C@@H]1C[C@@H]2C[C@H]3C[C@H](C1)N2CC3=O)c1c[nH]c2ccccc12,IC50,=,6025.6,nM,5.219999701663429,5.22,CHEMBL1023674,CHEMBL1158373,CHEMBL240,Voltage-gated inwardly rectifying potassium channel KCNH2,Homo sapiens,B,
CHEMBL2368925,O=C(O[C@@H]1C[C@@H]2C[C@H]3C[C@H](C1)N2CC3=O)c1c[nH]c2ccccc12,IC50,=,12022.64,nM,4.920000156997057,4.92,CHEMBL766814,CHEMBL1136167,CHEMBL240,Voltage-gated inwardly rectifying potassium channel KCNH2,Homo sapiens,B,
CHEMBL2368925,O=C(O[C@@H]1C[C@@H]2C[C@H]3C[C@H](C1)N2CC3=O)c1c[nH]c2ccccc12,IC50,=,12022.64,nM,4.920000156997057,4.92,CHEMBL829152,CHEMBL1139598,CHEMBL240,Voltage-gated inwardly rectifying potassium channel KCNH2,Homo sapiens,B,
CHEMBL2368925,O=C(O[C@@H]1C[C@@H]2C[C@H]3C[C@H](C1)N2CC3=O)c1c[nH]c2ccccc12,IC50,=,12022.64,nM,4.920000156997057,4.92,CHEMBL954102,CHEMBL1150324,CHEMBL240,Voltage-gated inwardly rectifying potassium channel KCNH2,Homo sapiens,B,
CHEMBL237119,CN(C)C(=O)[C@@H](c1ccc(-c2ccc(F)cc2)cc1)[C@H](N)C(=O)N1CC[C@H](F)C1,IC50,=,4600.0,nM,5.337242168318426,5.34,CHEMBL898851,CHEMBL1137497,CHEMBL240,Voltage-gated inwardly rectifying potassium channel KCNH2,Homo sapiens,B,
CHEMBL237119,CN(C)C(=O)[C@@H](c1ccc(-c2ccc(F)cc2)cc1)[C@H](N)C(=O)N1CC[C@H](F)C1,IC50,=,4600.0,nM,5.337242168318426,5.34,CHEMBL1023104,CHEMBL1152762,CHEMBL240,Voltage-gated inwardly rectifying potassium channel KCNH2,Homo sapiens,B,
CHEMBL237336,C[C@@H](c1ccc(-c2ccc(F)cc2)cc1)[C@H](N)C(=O)N1CC[C@H](F)C1,IC50,=,1100.0,nM,5.958607314841775,5.96,CHEMBL898851,CHEMBL1137497,CHEMBL240,Voltage-gated inwardly rectifying potassium channel KCNH2,Homo sapiens,B,
CHEMBL237336,C[C@@H](c1ccc(-c2ccc(F)cc2)cc1)[C@H](N)C(=O)N1CC[C@H](F)C1,IC50,=,1100.0,nM,5.958607314841775,5.96,CHEMBL1023104,CHEMBL1152762,CHEMBL240,Voltage-gated inwardly rectifying potassium channel KCNH2,Homo sapiens,B,
CHEMBL2380459,COc1ccc(C2(c3cccc(-c4cccnc4)c3)CC(OC)C(N)=N2)cc1,IC50,=,1500.0,nM,5.823908740944319,5.82,CHEMBL2382572,CHEMBL2380236,CHEMBL240,Voltage-gated inwardly rectifying potassium channel KCNH2,Homo sapiens,B,
CHEMBL2380459,COc1ccc(C2(c3cccc(-c4cccnc4)c3)CC(OC)C(N)=N2)cc1,IC50,=,2400.0,nM,5.619788758288394,5.62,CHEMBL2382572,CHEMBL2380236,CHEMBL240,Voltage-gated inwardly rectifying potassium channel KCNH2,Homo sapiens,B,
CHEMBL2380459,COc1ccc(C2(c3cccc(-c4cccnc4)c3)CC(OC)C(N)=N2)cc1,IC50,=,2500.0,nM,5.6020599913279625,5.6,CHEMBL2382572,CHEMBL2380236,CHEMBL240,Voltage-gated inwardly rectifying potassium channel KCNH2,Homo sapiens,B,
CHEMBL2380459,COc1ccc(C2(c3cccc(-c4cccnc4)c3)CC(OC)C(N)=N2)cc1,IC50,=,3200.0,nM,5.494850021680094,5.5,CHEMBL2382572,CHEMBL2380236,CHEMBL240,Voltage-gated inwardly rectifying potassium channel KCNH2,Homo sapiens,B,
CHEMBL2382287,COc1ccc2nccc([C@@H](O)CC[C@@H]3CCN(C4CC(c5ccccc5)C4)C[C@@H]3C(=O)O)c2c1,IC50,=,24900.0,nM,4.603800652904264,4.6,CHEMBL2384768,CHEMBL2380208,CHEMBL240,Voltage-gated inwardly rectifying potassium channel KCNH2,Homo sapiens,B,
CHEMBL2382287,COc1ccc2nccc([C@@H](O)CC[C@@H]3CCN(C4CC(c5ccccc5)C4)C[C@@H]3C(=O)O)c2c1,IC50,=,24900.0,nM,4.603800652904264,4.6,CHEMBL4036596,CHEMBL4033742,CHEMBL240,Voltage-gated inwardly rectifying potassium channel KCNH2,Homo sapiens,B,
CHEMBL2382343,COc1ccc2nccc([C@@H](O)CC[C@@H]3CCN(C4CC(c5c(F)cccc5F)C4)C[C@@H]3C(=O)O)c2c1,IC50,=,47600.0,nM,4.3223930472795065,4.32,CHEMBL2384768,CHEMBL2380208,CHEMBL240,Voltage-gated inwardly rectifying potassium channel KCNH2,Homo sapiens,B,
CHEMBL2382343,COc1ccc2nccc([C@@H](O)CC[C@@H]3CCN(C4CC(c5c(F)cccc5F)C4)C[C@@H]3C(=O)O)c2c1,IC50,=,47600.0,nM,4.3223930472795065,4.32,CHEMBL4036596,CHEMBL4033742,CHEMBL240,Voltage-gated inwardly rectifying potassium channel KCNH2,Homo sapiens,B,
CHEMBL2382345,COc1ccc2nccc([C@@H](O)CC[C@@H]3CCN(C4CC(c5cc(F)ccc5F)C4)C[C@@H]3C(=O)O)c2c1,IC50,=,9970.0,nM,5.001304841688344,5.0,CHEMBL2384768,CHEMBL2380208,CHEMBL240,Voltage-gated inwardly rectifying potassium channel KCNH2,Homo sapiens,B,
CHEMBL2382345,COc1ccc2nccc([C@@H](O)CC[C@@H]3CCN(C4CC(c5cc(F)ccc5F)C4)C[C@@H]3C(=O)O)c2c1,IC50,=,9970.0,nM,5.001304841688344,5.0,CHEMBL4036596,CHEMBL4033742,CHEMBL240,Voltage-gated inwardly rectifying potassium channel KCNH2,Homo sapiens,B,
CHEMBL2403108,Cc1cc(Nc2ncc(Cl)c(Nc3ccccc3S(=O)(=O)C(C)C)n2)c(OC(C)C)cc1C1CCNCC1,IC50,=,1250.0,nM,5.903089986991944,5.9,CHEMBL2406355,CHEMBL2401692,CHEMBL240,Voltage-gated inwardly rectifying potassium channel KCNH2,Homo sapiens,B,
CHEMBL2403108,Cc1cc(Nc2ncc(Cl)c(Nc3ccccc3S(=O)(=O)C(C)C)n2)c(OC(C)C)cc1C1CCNCC1,IC50,=,46000.0,nM,4.337242168318426,4.34,CHEMBL2406353,CHEMBL2401692,CHEMBL240,Voltage-gated inwardly rectifying potassium channel KCNH2,Homo sapiens,B,
CHEMBL2403108,Cc1cc(Nc2ncc(Cl)c(Nc3ccccc3S(=O)(=O)C(C)C)n2)c(OC(C)C)cc1C1CCNCC1,IC50,=,46000.0,nM,4.337242168318426,4.34,CHEMBL2406416,CHEMBL2401656,CHEMBL240,Voltage-gated inwardly rectifying potassium channel KCNH2,Homo sapiens,B,
CHEMBL2403843,Cc1cc(Nc2ncc(C)c(Nc3ccccc3S(=O)(=O)C(C)C)n2)c(OC(C)C)cc1C1CCN(C)CC1,IC50,=,1100.0,nM,5.958607314841775,5.96,CHEMBL2406355,CHEMBL2401692,CHEMBL240,Voltage-gated inwardly rectifying potassium channel KCNH2,Homo sapiens,B,
CHEMBL2403843,Cc1cc(Nc2ncc(C)c(Nc3ccccc3S(=O)(=O)C(C)C)n2)c(OC(C)C)cc1C1CCN(C)CC1,IC50,=,20000.0,nM,4.698970004336019,4.7,CHEMBL2406353,CHEMBL2401692,CHEMBL240,Voltage-gated inwardly rectifying potassium channel KCNH2,Homo sapiens,B,
CHEMBL2407174,CCOC(=O)N1CCC(CN2CCC3(CC2)CC(=O)N(CC)c2ncccc23)CC1,IC50,=,2890.0,nM,5.539102157243452,5.54,CHEMBL2411862,CHEMBL2407005,CHEMBL240,Voltage-gated inwardly rectifying potassium channel KCNH2,Homo sapiens,B,
CHEMBL2407174,CCOC(=O)N1CCC(CN2CCC3(CC2)CC(=O)N(CC)c2ncccc23)CC1,IC50,=,2890.0,nM,5.539102157243452,5.54,CHEMBL3380409,CHEMBL3351422,CHEMBL240,Voltage-gated inwardly rectifying potassium channel KCNH2,Homo sapiens,B,
CHEMBL2420702,CNCc1cc(-c2cn(C)nc2-c2ccc(F)cc2)ccn1,IC50,=,3990.0,nM,5.399027104313252,5.4,CHEMBL2424465,CHEMBL2417378,CHEMBL240,Voltage-gated inwardly rectifying potassium channel KCNH2,Homo sapiens,B,
CHEMBL2420702,CNCc1cc(-c2cn(C)nc2-c2ccc(F)cc2)ccn1,IC50,=,38200.0,nM,4.4179366370882915,4.42,CHEMBL2424274,CHEMBL2417378,CHEMBL240,Voltage-gated inwardly rectifying potassium channel KCNH2,Homo sapiens,B,
CHEMBL2420704,Cn1cc(-c2ccnc(C3COCCN3)c2)c(-c2ccc(F)cc2)n1,IC50,=,4430.0,nM,5.3535962737769305,5.35,CHEMBL2424465,CHEMBL2417378,CHEMBL240,Voltage-gated inwardly rectifying potassium channel KCNH2,Homo sapiens,B,
CHEMBL2420704,Cn1cc(-c2ccnc(C3COCCN3)c2)c(-c2ccc(F)cc2)n1,IC50,=,25900.0,nM,4.586700235918748,4.59,CHEMBL2424274,CHEMBL2417378,CHEMBL240,Voltage-gated inwardly rectifying potassium channel KCNH2,Homo sapiens,B,
CHEMBL2424928,O=c1ccc2ncc(F)c3c2n1C[C@@]3(O)CN1CCC(NCc2cc3c(cn2)OCCO3)CC1,IC50,=,239000.0,nM,3.621602099051862,,CHEMBL2427861,CHEMBL2424589,CHEMBL240,Voltage-gated inwardly rectifying potassium channel KCNH2,Homo sapiens,B,
CHEMBL2424928,O=c1ccc2ncc(F)c3c2n1C[C@@]3(O)CN1CCC(NCc2cc3c(cn2)OCCO3)CC1,IC50,=,310000.0,nM,3.508638306165727,,CHEMBL2427860,CHEMBL2424589,CHEMBL240,Voltage-gated inwardly rectifying potassium channel KCNH2,Homo sapiens,B,
CHEMBL2424931,O=c1ccc2ncc(F)c3c2n1C[C@H]3CN1CCC(NCc2cc3c(cn2)OCCO3)CC1,IC50,=,58000.0,nM,4.236572006437063,4.24,CHEMBL2427861,CHEMBL2424589,CHEMBL240,Voltage-gated inwardly rectifying potassium channel KCNH2,Homo sapiens,B,
CHEMBL2424931,O=c1ccc2ncc(F)c3c2n1C[C@H]3CN1CCC(NCc2cc3c(cn2)OCCO3)CC1,IC50,=,122000.0,nM,3.9136401693252516,,CHEMBL2427860,CHEMBL2424589,CHEMBL240,Voltage-gated inwardly rectifying potassium channel KCNH2,Homo sapiens,B,
CHEMBL2424933,O=c1cnc2ccc(F)c3c2n1C[C@@]3(O)CN1CCC(NCc2cc3c(cn2)OCCO3)CC1,IC50,=,101000.0,nM,3.995678626217358,,CHEMBL2427861,CHEMBL2424589,CHEMBL240,Voltage-gated inwardly rectifying potassium channel KCNH2,Homo sapiens,B,
CHEMBL2424933,O=c1cnc2ccc(F)c3c2n1C[C@@]3(O)CN1CCC(NCc2cc3c(cn2)OCCO3)CC1,IC50,=,206000.0,nM,3.6861327796308467,,CHEMBL2427860,CHEMBL2424589,CHEMBL240,Voltage-gated inwardly rectifying potassium channel KCNH2,Homo sapiens,B,
CHEMBL2426288,COc1ccc(NC(=O)/C=C/CN(C)C)cc1Nc1ncc(Cl)c(-c2cnn3ccccc23)n1,IC50,=,4200.0,nM,5.376750709602099,5.38,CHEMBL2427694,CHEMBL2424560,CHEMBL240,Voltage-gated inwardly rectifying potassium channel KCNH2,Homo sapiens,B,
CHEMBL2426288,COc1ccc(NC(=O)/C=C/CN(C)C)cc1Nc1ncc(Cl)c(-c2cnn3ccccc23)n1,IC50,=,4200.0,nM,5.376750709602099,5.38,CHEMBL3389028,CHEMBL3351341,CHEMBL240,Voltage-gated inwardly rectifying potassium channel KCNH2,Homo sapiens,B,
CHEMBL2426677,COc1ccc(CC(=O)N2CCC3(CC2)CN([C@@H]2CCc4cc(-c5ncccn5)ccc42)C3)cc1,IC50,=,2900.0,nM,5.537602002101044,5.54,CHEMBL3295453,CHEMBL3286150,CHEMBL240,Voltage-gated inwardly rectifying potassium channel KCNH2,Homo sapiens,B,
CHEMBL2426677,COc1ccc(CC(=O)N2CCC3(CC2)CN([C@@H]2CCc4cc(-c5ncccn5)ccc42)C3)cc1,IC50,=,2900.0,nM,5.537602002101044,5.54,CHEMBL3396351,CHEMBL3393021,CHEMBL240,Voltage-gated inwardly rectifying potassium channel KCNH2,Homo sapiens,B,
CHEMBL243001,Cc1nc2ccc(Oc3ccc(F)cc3)cc2c(=O)n1C[C@H]1CCCN(C(C)C)C1,IC50,=,1600.0,nM,5.795880017344075,5.8,CHEMBL1958785,CHEMBL1955830,CHEMBL240,Voltage-gated inwardly rectifying potassium channel KCNH2,Homo sapiens,B,
CHEMBL243001,Cc1nc2ccc(Oc3ccc(F)cc3)cc2c(=O)n1C[C@H]1CCCN(C(C)C)C1,IC50,=,1621.81,nM,5.790000026071146,5.79,CHEMBL1958785,CHEMBL1955830,CHEMBL240,Voltage-gated inwardly rectifying potassium channel KCNH2,Homo sapiens,B,
CHEMBL2435415,O=C1CCCC2(CCN(c3cnc4ccccc4n3)CC2)N1Cc1ccccc1,IC50,=,1600.0,nM,5.795880017344075,5.8,CHEMBL6158599,CHEMBL6153142,CHEMBL240,Voltage-gated inwardly rectifying potassium channel KCNH2,Homo sapiens,T,
CHEMBL2435415,O=C1CCCC2(CCN(c3cnc4ccccc4n3)CC2)N1Cc1ccccc1,IC50,=,18000.0,nM,4.7447274948966935,4.75,CHEMBL6158598,CHEMBL6153142,CHEMBL240,Voltage-gated inwardly rectifying potassium channel KCNH2,Homo sapiens,T,
CHEMBL243707,Cc1ccc2c(-c3nnc(SCCCN4CCc5ccc(-c6cc(C)on6)cc5CC4)n3C)cccc2n1,IC50,=,125.89,nM,6.900008766455315,6.9,CHEMBL895478,CHEMBL1148818,CHEMBL240,Voltage-gated inwardly rectifying potassium channel KCNH2,Homo sapiens,B,
CHEMBL243707,Cc1ccc2c(-c3nnc(SCCCN4CCc5ccc(-c6cc(C)on6)cc5CC4)n3C)cccc2n1,IC50,=,501.19,nM,6.299997602857746,6.3,CHEMBL895464,CHEMBL1148818,CHEMBL240,Voltage-gated inwardly rectifying potassium channel KCNH2,Homo sapiens,B,
CHEMBL2441408,O=C1OCCc2cc(CCN3CCN(C(=O)Cc4ccc(-n5cnnn5)cc4)CC3)ccc21,IC50,=,18000.0,nM,4.7447274948966935,4.75,CHEMBL2443479,CHEMBL2439970,CHEMBL240,Voltage-gated inwardly rectifying potassium channel KCNH2,Homo sapiens,B,
CHEMBL2441408,O=C1OCCc2cc(CCN3CCN(C(=O)Cc4ccc(-n5cnnn5)cc4)CC3)ccc21,IC50,=,43000.0,nM,4.366531544420414,4.37,CHEMBL2443482,CHEMBL2439970,CHEMBL240,Voltage-gated inwardly rectifying potassium channel KCNH2,Homo sapiens,B,
CHEMBL2441417,Cc1c(CCN2CCN(C(=O)Cc3ccc(-n4cnnn4)cc3)CC2)ccc2c1COC2=O,IC50,=,13000.0,nM,4.886056647693163,4.89,CHEMBL2443479,CHEMBL2439970,CHEMBL240,Voltage-gated inwardly rectifying potassium channel KCNH2,Homo sapiens,B,
CHEMBL2441417,Cc1c(CCN2CCN(C(=O)Cc3ccc(-n4cnnn4)cc3)CC2)ccc2c1COC2=O,IC50,=,13000.0,nM,4.886056647693163,4.89,CHEMBL3797007,CHEMBL3792353,CHEMBL240,Voltage-gated inwardly rectifying potassium channel KCNH2,Homo sapiens,B,
CHEMBL2441417,Cc1c(CCN2CCN(C(=O)Cc3ccc(-n4cnnn4)cc3)CC2)ccc2c1COC2=O,IC50,=,20000.0,nM,4.698970004336019,4.7,CHEMBL2443482,CHEMBL2439970,CHEMBL240,Voltage-gated inwardly rectifying potassium channel KCNH2,Homo sapiens,B,
CHEMBL2441417,Cc1c(CCN2CCN(C(=O)Cc3ccc(-n4cnnn4)cc3)CC2)ccc2c1COC2=O,IC50,=,20000.0,nM,4.698970004336019,4.7,CHEMBL3797009,CHEMBL3792353,CHEMBL240,Voltage-gated inwardly rectifying potassium channel KCNH2,Homo sapiens,B,
CHEMBL2441417,Cc1c(CCN2CCN(C(=O)Cc3ccc(-n4cnnn4)cc3)CC2)ccc2c1COC2=O,IC50,=,20000.0,nM,4.698970004336019,4.7,CHEMBL4427468,CHEMBL4425169,CHEMBL240,Voltage-gated inwardly rectifying potassium channel KCNH2,Homo sapiens,B,
CHEMBL2441420,O=C1OCc2c1ccc(CCN1CCN(C(=O)Cc3ccc(-n4cnnn4)cc3)CC1)c2F,IC50,=,12000.0,nM,4.920818753952375,4.92,CHEMBL2443479,CHEMBL2439970,CHEMBL240,Voltage-gated inwardly rectifying potassium channel KCNH2,Homo sapiens,B,
CHEMBL2441420,O=C1OCc2c1ccc(CCN1CCN(C(=O)Cc3ccc(-n4cnnn4)cc3)CC1)c2F,IC50,=,31000.0,nM,4.508638306165727,4.51,CHEMBL2443482,CHEMBL2439970,CHEMBL240,Voltage-gated inwardly rectifying potassium channel KCNH2,Homo sapiens,B,
CHEMBL2441437,O=C1OCc2cc(CCN3CCN(C(=O)Cc4ccc(-n5cnnn5)cc4)CC3)ccc21,IC50,=,1400.0,nM,5.853871964321762,5.85,CHEMBL4004312,CHEMBL4002630,CHEMBL240,Voltage-gated inwardly rectifying potassium channel KCNH2,Homo sapiens,B,
CHEMBL2441437,O=C1OCc2cc(CCN3CCN(C(=O)Cc4ccc(-n5cnnn5)cc4)CC3)ccc21,IC50,=,4500.0,nM,5.346787486224656,5.35,CHEMBL2443479,CHEMBL2439970,CHEMBL240,Voltage-gated inwardly rectifying potassium channel KCNH2,Homo sapiens,B,
CHEMBL2441437,O=C1OCc2cc(CCN3CCN(C(=O)Cc4ccc(-n5cnnn5)cc4)CC3)ccc21,IC50,=,4500.0,nM,5.346787486224656,5.35,CHEMBL3615686,CHEMBL3612018,CHEMBL240,Voltage-gated inwardly rectifying potassium channel KCNH2,Homo sapiens,B,
CHEMBL2441437,O=C1OCc2cc(CCN3CCN(C(=O)Cc4ccc(-n5cnnn5)cc4)CC3)ccc21,IC50,=,4500.0,nM,5.346787486224656,5.35,CHEMBL3797007,CHEMBL3792353,CHEMBL240,Voltage-gated inwardly rectifying potassium channel KCNH2,Homo sapiens,B,
CHEMBL2441437,O=C1OCc2cc(CCN3CCN(C(=O)Cc4ccc(-n5cnnn5)cc4)CC3)ccc21,IC50,=,14000.0,nM,4.853871964321762,4.85,CHEMBL2443482,CHEMBL2439970,CHEMBL240,Voltage-gated inwardly rectifying potassium channel KCNH2,Homo sapiens,B,
CHEMBL2443262,COc1ccsc1CNCC[C@@]1(c2ccccn2)CCOC2(CCCC2)C1,IC50,=,5500.0,nM,5.259637310505756,5.26,CHEMBL5043389,CHEMBL5042488,CHEMBL240,Voltage-gated inwardly rectifying potassium channel KCNH2,Homo sapiens,T,
CHEMBL2443262,COc1ccsc1CNCC[C@@]1(c2ccccn2)CCOC2(CCCC2)C1,IC50,=,5500.0,nM,5.259637310505756,5.26,CHEMBL5737357,CHEMBL5728734,CHEMBL240,Voltage-gated inwardly rectifying potassium channel KCNH2,Homo sapiens,B,1095253
CHEMBL2443262,COc1ccsc1CNCC[C@@]1(c2ccccn2)CCOC2(CCCC2)C1,IC50,=,6200.0,nM,5.207608310501746,5.21,CHEMBL2445978,CHEMBL2440083,CHEMBL240,Voltage-gated inwardly rectifying potassium channel KCNH2,Homo sapiens,B,
CHEMBL2447962,CCCCN1CCCC[C@@H]1C(=O)Nc1c(C)cccc1C.Cl,IC50,=,84000.0,nM,4.075720713938118,4.08,CHEMBL1820248,CHEMBL1817657,CHEMBL240,Voltage-gated inwardly rectifying potassium channel KCNH2,Homo sapiens,B,
CHEMBL2447962,CCCCN1CCCC[C@@H]1C(=O)Nc1c(C)cccc1C.Cl,IC50,=,276000.0,nM,3.5590909179347827,,CHEMBL1820249,CHEMBL1817657,CHEMBL240,Voltage-gated inwardly rectifying potassium channel KCNH2,Homo sapiens,B,
CHEMBL2447962,CCCCN1CCCC[C@@H]1C(=O)Nc1c(C)cccc1C.Cl,IC50,=,758000.0,nM,3.1203307943679466,,CHEMBL1820250,CHEMBL1817657,CHEMBL240,Voltage-gated inwardly rectifying potassium channel KCNH2,Homo sapiens,B,
CHEMBL244946,Cc1ccc2c(-c3nnc(SCCCN4CCc5ccc(-c6cc(C)nn6C)cc5CC4)n3C)cccc2n1,IC50,=,1995.26,nM,5.700000503883016,5.7,CHEMBL895464,CHEMBL1148818,CHEMBL240,Voltage-gated inwardly rectifying potassium channel KCNH2,Homo sapiens,B,
CHEMBL244946,Cc1ccc2c(-c3nnc(SCCCN4CCc5ccc(-c6cc(C)nn6C)cc5CC4)n3C)cccc2n1,IC50,=,1995.26,nM,5.700000503883016,5.7,CHEMBL931097,CHEMBL1143157,CHEMBL240,Voltage-gated inwardly rectifying potassium channel KCNH2,Homo sapiens,B,
CHEMBL244946,Cc1ccc2c(-c3nnc(SCCCN4CCc5ccc(-c6cc(C)nn6C)cc5CC4)n3C)cccc2n1,IC50,=,1995.26,nM,5.700000503883016,5.7,CHEMBL1059865,CHEMBL1153053,CHEMBL240,Voltage-gated inwardly rectifying potassium channel KCNH2,Homo sapiens,B,
CHEMBL244946,Cc1ccc2c(-c3nnc(SCCCN4CCc5ccc(-c6cc(C)nn6C)cc5CC4)n3C)cccc2n1,IC50,=,1995.26,nM,5.700000503883016,5.7,CHEMBL1044431,CHEMBL1155321,CHEMBL240,Voltage-gated inwardly rectifying potassium channel KCNH2,Homo sapiens,B,
CHEMBL244946,Cc1ccc2c(-c3nnc(SCCCN4CCc5ccc(-c6cc(C)nn6C)cc5CC4)n3C)cccc2n1,IC50,=,1995.26,nM,5.700000503883016,5.7,CHEMBL1107671,CHEMBL1153718,CHEMBL240,Voltage-gated inwardly rectifying potassium channel KCNH2,Homo sapiens,B,
CHEMBL246819,O=C1CCc2cc(C(O)CN3CCC(O)(c4cccc(F)c4)CC3)ccc2N1,IC50,=,9800.0,nM,5.008773924307505,5.01,CHEMBL940929,CHEMBL1139807,CHEMBL240,Voltage-gated inwardly rectifying potassium channel KCNH2,Homo sapiens,B,
CHEMBL246819,O=C1CCc2cc(C(O)CN3CCC(O)(c4cccc(F)c4)CC3)ccc2N1,IC50,=,13000.0,nM,4.886056647693163,4.89,CHEMBL940929,CHEMBL1139807,CHEMBL240,Voltage-gated inwardly rectifying potassium channel KCNH2,Homo sapiens,B,
CHEMBL246819,O=C1CCc2cc(C(O)CN3CCC(O)(c4cccc(F)c4)CC3)ccc2N1,IC50,=,21000.0,nM,4.6777807052660805,4.68,CHEMBL940929,CHEMBL1139807,CHEMBL240,Voltage-gated inwardly rectifying potassium channel KCNH2,Homo sapiens,B,
CHEMBL24778,C[C@H](Cc1cc2c(c(C(N)=O)c1)N(CCCO)CC2)NCCOc1ccccc1OCC(F)(F)F,IC50,=,7943.28,nM,5.100000128334196,5.1,CHEMBL3430346,CHEMBL3430320,CHEMBL240,Voltage-gated inwardly rectifying potassium channel KCNH2,Homo sapiens,F,
CHEMBL24778,C[C@H](Cc1cc2c(c(C(N)=O)c1)N(CCCO)CC2)NCCOc1ccccc1OCC(F)(F)F,IC50,=,8200.0,nM,5.086186147616283,5.09,CHEMBL3859699,CHEMBL3856276,CHEMBL240,Voltage-gated inwardly rectifying potassium channel KCNH2,Homo sapiens,B,
CHEMBL24778,C[C@H](Cc1cc2c(c(C(N)=O)c1)N(CCCO)CC2)NCCOc1ccccc1OCC(F)(F)F,IC50,=,25118.86,nM,4.600000074606178,4.6,CHEMBL3430715,CHEMBL3430320,CHEMBL240,Voltage-gated inwardly rectifying potassium channel KCNH2,Homo sapiens,F,
CHEMBL250125,CC(=O)C1=NN2c3cc(F)ccc3OC[C@H]2[C@@]1(CCCN1CCN(C(C)=O)CC1)c1ccccc1,IC50,=,10000.0,nM,5.0,5.0,CHEMBL940958,CHEMBL1139812,CHEMBL240,Voltage-gated inwardly rectifying potassium channel KCNH2,Homo sapiens,T,
CHEMBL250125,CC(=O)C1=NN2c3cc(F)ccc3OC[C@H]2[C@@]1(CCCN1CCN(C(C)=O)CC1)c1ccccc1,IC50,=,10000.0,nM,5.0,5.0,CHEMBL941016,CHEMBL1139825,CHEMBL240,Voltage-gated inwardly rectifying potassium channel KCNH2,Homo sapiens,T,
CHEMBL250689,CC(=O)c1cccc(NC(=O)N[C@@H]2CCCC[C@H]2CN2CCC[C@@H](Cc3ccc(F)cc3)C2)c1,IC50,=,400.0,nM,6.3979400086720375,6.4,CHEMBL925077,CHEMBL1140623,CHEMBL240,Voltage-gated inwardly rectifying potassium channel KCNH2,Homo sapiens,T,
CHEMBL250689,CC(=O)c1cccc(NC(=O)N[C@@H]2CCCC[C@H]2CN2CCC[C@@H](Cc3ccc(F)cc3)C2)c1,IC50,=,400.0,nM,6.3979400086720375,6.4,CHEMBL2184863,CHEMBL2176887,CHEMBL240,Voltage-gated inwardly rectifying potassium channel KCNH2,Homo sapiens,B,
CHEMBL254316,Cc1nnc(C(=O)NC(C)(C)c2nc(C(=O)NCc3ccc(F)cc3)c(O)c(=O)n2C)o1,IC50,=,316227.77,nM,3.499999994529686,,CHEMBL3430742,CHEMBL3430320,CHEMBL240,Voltage-gated inwardly rectifying potassium channel KCNH2,Homo sapiens,F,
CHEMBL254316,Cc1nnc(C(=O)NC(C)(C)c2nc(C(=O)NCc3ccc(F)cc3)c(O)c(=O)n2C)o1,IC50,=,1584893.19,nM,2.8000000006743972,,CHEMBL3430344,CHEMBL3430320,CHEMBL240,Voltage-gated inwardly rectifying potassium channel KCNH2,Homo sapiens,F,
CHEMBL254316,Cc1nnc(C(=O)NC(C)(C)c2nc(C(=O)NCc3ccc(F)cc3)c(O)c(=O)n2C)o1,IC50,=,3162277.66,nM,2.5000000000231246,,CHEMBL3430713,CHEMBL3430320,CHEMBL240,Voltage-gated inwardly rectifying potassium channel KCNH2,Homo sapiens,F,
CHEMBL255511,CC(C)[C@]1(C(=O)NCc2cc(C(F)(F)F)cc(C(F)(F)F)c2)CC[C@@H](N2CCC(c3cccc(C(=O)O)c3)CC2)C1,IC50,=,600.0,nM,6.221848749616356,6.22,CHEMBL944859,CHEMBL1140833,CHEMBL240,Voltage-gated inwardly rectifying potassium channel KCNH2,Homo sapiens,B,
CHEMBL255511,CC(C)[C@]1(C(=O)NCc2cc(C(F)(F)F)cc(C(F)(F)F)c2)CC[C@@H](N2CCC(c3cccc(C(=O)O)c3)CC2)C1,IC50,=,2786.0,nM,5.5550188879120554,5.55,CHEMBL944859,CHEMBL1140833,CHEMBL240,Voltage-gated inwardly rectifying potassium channel KCNH2,Homo sapiens,B,
CHEMBL255863,Cc1cn(-c2cc(NC(=O)c3ccc(C)c(Nc4nccc(-c5cccnc5)n4)c3)cc(C(F)(F)F)c2)cn1,IC50,=,125.89,nM,6.900008766455315,6.9,CHEMBL3430341,CHEMBL3430320,CHEMBL240,Voltage-gated inwardly rectifying potassium channel KCNH2,Homo sapiens,F,
CHEMBL255863,Cc1cn(-c2cc(NC(=O)c3ccc(C)c(Nc4nccc(-c5cccnc5)n4)c3)cc(C(F)(F)F)c2)cn1,IC50,=,450.0,nM,6.346787486224656,6.35,CHEMBL4605649,CHEMBL4602709,CHEMBL240,Voltage-gated inwardly rectifying potassium channel KCNH2,Homo sapiens,B,
CHEMBL255863,Cc1cn(-c2cc(NC(=O)c3ccc(C)c(Nc4nccc(-c5cccnc5)n4)c3)cc(C(F)(F)F)c2)cn1,IC50,=,63095.73,nM,4.200000030616179,4.2,CHEMBL3430710,CHEMBL3430320,CHEMBL240,Voltage-gated inwardly rectifying potassium channel KCNH2,Homo sapiens,F,
CHEMBL256154,CC(C)[C@]1(C(=O)NCc2cc(C(F)(F)F)cc(C(F)(F)F)c2)CC[C@@H](N2CCC(c3cncnc3)CC2)C1,IC50,=,1413.0,nM,5.849857838151442,5.85,CHEMBL944859,CHEMBL1140833,CHEMBL240,Voltage-gated inwardly rectifying potassium channel KCNH2,Homo sapiens,B,
CHEMBL256154,CC(C)[C@]1(C(=O)NCc2cc(C(F)(F)F)cc(C(F)(F)F)c2)CC[C@@H](N2CCC(c3cncnc3)CC2)C1,IC50,=,1800.0,nM,5.7447274948966935,5.75,CHEMBL944859,CHEMBL1140833,CHEMBL240,Voltage-gated inwardly rectifying potassium channel KCNH2,Homo sapiens,B,
CHEMBL256907,Cc1nnc(C(C)C)n1[C@H]1C[C@H]2CC[C@@H](C1)N2CC[C@H](NC(=O)C1CCC(F)(F)CC1)c1ccccc1,IC50,=,7750.0,nM,5.110698297493689,5.11,CHEMBL5731991,CHEMBL5726069,CHEMBL240,Voltage-gated inwardly rectifying potassium channel KCNH2,Homo sapiens,B,606907
CHEMBL256907,Cc1nnc(C(C)C)n1[C@H]1C[C@H]2CC[C@@H](C1)N2CC[C@H](NC(=O)C1CCC(F)(F)CC1)c1ccccc1,IC50,=,39810.72,nM,4.399999967876858,4.4,CHEMBL3430337,CHEMBL3430320,CHEMBL240,Voltage-gated inwardly rectifying potassium channel KCNH2,Homo sapiens,F,
CHEMBL256907,Cc1nnc(C(C)C)n1[C@H]1C[C@H]2CC[C@@H](C1)N2CC[C@H](NC(=O)C1CCC(F)(F)CC1)c1ccccc1,IC50,=,79432.82,nM,4.100000018985305,4.1,CHEMBL3430736,CHEMBL3430320,CHEMBL240,Voltage-gated inwardly rectifying potassium channel KCNH2,Homo sapiens,F,
CHEMBL256907,Cc1nnc(C(C)C)n1[C@H]1C[C@H]2CC[C@@H](C1)N2CC[C@H](NC(=O)C1CCC(F)(F)CC1)c1ccccc1,IC50,=,125892.54,nM,3.900000004068662,,CHEMBL3430706,CHEMBL3430320,CHEMBL240,Voltage-gated inwardly rectifying potassium channel KCNH2,Homo sapiens,F,
CHEMBL257023,CC(c1nc(-c2ccc(S(C)(=O)=O)cc2Cl)no1)[C@H](N)C(F)=C1CCCC1.O=C(O)C(F)(F)F,IC50,=,19000.0,nM,4.721246399047171,4.72,CHEMBL933468,CHEMBL1143883,CHEMBL240,Voltage-gated inwardly rectifying potassium channel KCNH2,Homo sapiens,B,
CHEMBL257023,CC(c1nc(-c2ccc(S(C)(=O)=O)cc2Cl)no1)[C@H](N)C(F)=C1CCCC1.O=C(O)C(F)(F)F,IC50,=,19000.0,nM,4.721246399047171,4.72,CHEMBL1023104,CHEMBL1152762,CHEMBL240,Voltage-gated inwardly rectifying potassium channel KCNH2,Homo sapiens,B,
CHEMBL259243,O=C(c1ccc(Cl)cc1)N1CCC2(CCN(Cc3ccccc3Oc3ccccc3)CC2)CC1,IC50,=,6.457,nM,8.18996921359416,8.19,CHEMBL948146,CHEMBL1142336,CHEMBL240,Voltage-gated inwardly rectifying potassium channel KCNH2,Homo sapiens,B,
CHEMBL259243,O=C(c1ccc(Cl)cc1)N1CCC2(CCN(Cc3ccccc3Oc3ccccc3)CC2)CC1,IC50,=,6.457,nM,8.18996921359416,8.19,CHEMBL1036929,CHEMBL1154736,CHEMBL240,Voltage-gated inwardly rectifying potassium channel KCNH2,Homo sapiens,B,
CHEMBL259243,O=C(c1ccc(Cl)cc1)N1CCC2(CCN(Cc3ccccc3Oc3ccccc3)CC2)CC1,IC50,=,83.18,nM,7.079981083971085,7.08,CHEMBL1045843,CHEMBL1154736,CHEMBL240,Voltage-gated inwardly rectifying potassium channel KCNH2,Homo sapiens,B,
CHEMBL270190,C[C@H]1CN(C[C@H](Cc2ccccc2)C(=O)NCC(=O)O)CC[C@@]1(C)c1cccc(O)c1,IC50,=,794328.23,nM,3.1000000025829744,,CHEMBL3430750,CHEMBL3430320,CHEMBL240,Voltage-gated inwardly rectifying potassium channel KCNH2,Homo sapiens,F,
CHEMBL270190,C[C@H]1CN(C[C@H](Cc2ccccc2)C(=O)NCC(=O)O)CC[C@@]1(C)c1cccc(O)c1,IC50,=,63095734.45,nM,1.1999999999863666,,CHEMBL3430690,CHEMBL3430320,CHEMBL240,Voltage-gated inwardly rectifying potassium channel KCNH2,Homo sapiens,F,
CHEMBL270971,COc1ccccc1Oc1ccccc1CN1CCC2(CC1)CCN(C(=O)c1cc[n+]([O-])cc1)CC2,IC50,=,208.93,nM,6.679999195735272,6.68,CHEMBL948146,CHEMBL1142336,CHEMBL240,Voltage-gated inwardly rectifying potassium channel KCNH2,Homo sapiens,B,
CHEMBL270971,COc1ccccc1Oc1ccccc1CN1CCC2(CC1)CCN(C(=O)c1cc[n+]([O-])cc1)CC2,IC50,=,208.93,nM,6.679999195735272,6.68,CHEMBL1036929,CHEMBL1154736,CHEMBL240,Voltage-gated inwardly rectifying potassium channel KCNH2,Homo sapiens,B,
CHEMBL270971,COc1ccccc1Oc1ccccc1CN1CCC2(CC1)CCN(C(=O)c1cc[n+]([O-])cc1)CC2,IC50,=,218.78,nM,6.6599923820033275,6.66,CHEMBL1045843,CHEMBL1154736,CHEMBL240,Voltage-gated inwardly rectifying potassium channel KCNH2,Homo sapiens,B,
CHEMBL271127,COc1ccccc1Oc1ccccc1CN1CCC2(CC1)CCN(C(=O)c1ccccn1)CC2,IC50,=,120.23,nM,6.919987152892072,6.92,CHEMBL948146,CHEMBL1142336,CHEMBL240,Voltage-gated inwardly rectifying potassium channel KCNH2,Homo sapiens,B,
CHEMBL271127,COc1ccccc1Oc1ccccc1CN1CCC2(CC1)CCN(C(=O)c1ccccn1)CC2,IC50,=,537031796.37,nM,0.27000000000020385,,CHEMBL948146,CHEMBL1142336,CHEMBL240,Voltage-gated inwardly rectifying potassium channel KCNH2,Homo sapiens,B,
CHEMBL271128,COc1ccccc1Oc1ccccc1CN1CCC2(CC1)CCN(C(=O)c1ccncc1)CC2,IC50,=,30.2,nM,7.51999305704285,7.52,CHEMBL948146,CHEMBL1142336,CHEMBL240,Voltage-gated inwardly rectifying potassium channel KCNH2,Homo sapiens,B,
CHEMBL271128,COc1ccccc1Oc1ccccc1CN1CCC2(CC1)CCN(C(=O)c1ccncc1)CC2,IC50,=,30.2,nM,7.51999305704285,7.52,CHEMBL1036929,CHEMBL1154736,CHEMBL240,Voltage-gated inwardly rectifying potassium channel KCNH2,Homo sapiens,B,
CHEMBL271128,COc1ccccc1Oc1ccccc1CN1CCC2(CC1)CCN(C(=O)c1ccncc1)CC2,IC50,=,45.71,nM,7.339988778710669,7.34,CHEMBL1045843,CHEMBL1154736,CHEMBL240,Voltage-gated inwardly rectifying potassium channel KCNH2,Homo sapiens,B,
CHEMBL271801,O=C(c1ccncc1)N1CCC2(CCN(Cc3cccc(Oc4ccccc4)c3)CC2)CC1,IC50,=,363.08,nM,6.4399976732266335,6.44,CHEMBL948146,CHEMBL1142336,CHEMBL240,Voltage-gated inwardly rectifying potassium channel KCNH2,Homo sapiens,B,
CHEMBL271801,O=C(c1ccncc1)N1CCC2(CCN(Cc3cccc(Oc4ccccc4)c3)CC2)CC1,IC50,=,363.08,nM,6.4399976732266335,6.44,CHEMBL1036929,CHEMBL1154736,CHEMBL240,Voltage-gated inwardly rectifying potassium channel KCNH2,Homo sapiens,B,
CHEMBL271801,O=C(c1ccncc1)N1CCC2(CCN(Cc3cccc(Oc4ccccc4)c3)CC2)CC1,IC50,=,446.68,nM,6.350003492533959,6.35,CHEMBL1045843,CHEMBL1154736,CHEMBL240,Voltage-gated inwardly rectifying potassium channel KCNH2,Homo sapiens,B,
CHEMBL272022,COc1ccccc1Oc1cccc(CN2CCC3(CC2)CCN(C(=O)c2cc[n+]([O-])cc2)CC3)c1,IC50,=,8511.38,nM,5.070000019492822,5.07,CHEMBL948146,CHEMBL1142336,CHEMBL240,Voltage-gated inwardly rectifying potassium channel KCNH2,Homo sapiens,B,
CHEMBL272022,COc1ccccc1Oc1cccc(CN2CCC3(CC2)CCN(C(=O)c2cc[n+]([O-])cc2)CC3)c1,IC50,=,8511.38,nM,5.070000019492822,5.07,CHEMBL1036929,CHEMBL1154736,CHEMBL240,Voltage-gated inwardly rectifying potassium channel KCNH2,Homo sapiens,B,
CHEMBL272022,COc1ccccc1Oc1cccc(CN2CCC3(CC2)CCN(C(=O)c2cc[n+]([O-])cc2)CC3)c1,IC50,=,25703.96,nM,4.589999963296594,4.59,CHEMBL1045843,CHEMBL1154736,CHEMBL240,Voltage-gated inwardly rectifying potassium channel KCNH2,Homo sapiens,B,
CHEMBL272150,Cc1ccc2c(-c3nnc(SCCCN4CCc5ccc6oc(C(F)(F)F)nc6c5CC4)n3C)cccc2n1,IC50,=,1995.26,nM,5.700000503883016,5.7,CHEMBL931097,CHEMBL1143157,CHEMBL240,Voltage-gated inwardly rectifying potassium channel KCNH2,Homo sapiens,B,
CHEMBL272150,Cc1ccc2c(-c3nnc(SCCCN4CCc5ccc6oc(C(F)(F)F)nc6c5CC4)n3C)cccc2n1,IC50,=,1995.26,nM,5.700000503883016,5.7,CHEMBL1107671,CHEMBL1153718,CHEMBL240,Voltage-gated inwardly rectifying potassium channel KCNH2,Homo sapiens,B,
CHEMBL272511,Cc1ccc2c(-c3nnc(SCCCN4CCc5ccc6oc(C)nc6c5CC4)n3C)cccc2n1,IC50,=,2511.89,nM,5.59999938302362,5.6,CHEMBL931097,CHEMBL1143157,CHEMBL240,Voltage-gated inwardly rectifying potassium channel KCNH2,Homo sapiens,B,
CHEMBL272511,Cc1ccc2c(-c3nnc(SCCCN4CCc5ccc6oc(C)nc6c5CC4)n3C)cccc2n1,IC50,=,2511.89,nM,5.59999938302362,5.6,CHEMBL1059865,CHEMBL1153053,CHEMBL240,Voltage-gated inwardly rectifying potassium channel KCNH2,Homo sapiens,B,
CHEMBL272511,Cc1ccc2c(-c3nnc(SCCCN4CCc5ccc6oc(C)nc6c5CC4)n3C)cccc2n1,IC50,=,2511.89,nM,5.59999938302362,5.6,CHEMBL1044431,CHEMBL1155321,CHEMBL240,Voltage-gated inwardly rectifying potassium channel KCNH2,Homo sapiens,B,
CHEMBL273235,Fc1ccc(-n2cc(C3CCNCC3)c3cc(Cl)ccc32)cc1,IC50,=,204.0,nM,6.690369832574101,6.69,CHEMBL766816,CHEMBL1136402,CHEMBL240,Voltage-gated inwardly rectifying potassium channel KCNH2,Homo sapiens,B,
CHEMBL273235,Fc1ccc(-n2cc(C3CCNCC3)c3cc(Cl)ccc32)cc1,IC50,=,204.17,nM,6.69000807121882,6.69,CHEMBL1676103,CHEMBL1671772,CHEMBL240,Voltage-gated inwardly rectifying potassium channel KCNH2,Homo sapiens,B,
CHEMBL284348,Nc1ccncc1,IC50,=,4365158.32,nM,2.3600000002389434,,CHEMBL1676103,CHEMBL1671772,CHEMBL240,Voltage-gated inwardly rectifying potassium channel KCNH2,Homo sapiens,B,
CHEMBL284348,Nc1ccncc1,IC50,=,4400000.0,nM,2.356547323513812,,CHEMBL827807,CHEMBL1137856,CHEMBL240,Voltage-gated inwardly rectifying potassium channel KCNH2,Homo sapiens,B,
CHEMBL289469,CN1C2CCCC1CC(NC(=O)c1nn(C)c3ccccc13)C2,IC50,=,3715.35,nM,5.430000267796055,5.43,CHEMBL829152,CHEMBL1139598,CHEMBL240,Voltage-gated inwardly rectifying potassium channel KCNH2,Homo sapiens,B,
CHEMBL289469,CN1C2CCCC1CC(NC(=O)c1nn(C)c3ccccc13)C2,IC50,=,3730.0,nM,5.428291168191312,5.43,CHEMBL691014,CHEMBL1135758,CHEMBL240,Voltage-gated inwardly rectifying potassium channel KCNH2,Homo sapiens,F,
CHEMBL289469,CN1C2CCCC1CC(NC(=O)c1nn(C)c3ccccc13)C2,IC50,=,3801.89,nM,5.420000452721522,5.42,CHEMBL832278,CHEMBL1142050,CHEMBL240,Voltage-gated inwardly rectifying potassium channel KCNH2,Homo sapiens,F,
CHEMBL289469,CN1C2CCCC1CC(NC(=O)c1nn(C)c3ccccc13)C2,IC50,=,3801.89,nM,5.420000452721522,5.42,CHEMBL1023674,CHEMBL1158373,CHEMBL240,Voltage-gated inwardly rectifying potassium channel KCNH2,Homo sapiens,B,
CHEMBL289469,CN1C2CCCC1CC(NC(=O)c1nn(C)c3ccccc13)C2,IC50,=,3801.89,nM,5.420000452721522,5.42,CHEMBL1676103,CHEMBL1671772,CHEMBL240,Voltage-gated inwardly rectifying potassium channel KCNH2,Homo sapiens,B,
CHEMBL296419,COc1ccc(CCN2CCC(Nc3nc4ccccc4n3Cc3ccc(F)cc3)CC2)cc1,IC50,=,0.9,nM,9.045757490560675,9.05,CHEMBL691013,CHEMBL1135758,CHEMBL240,Voltage-gated inwardly rectifying potassium channel KCNH2,Homo sapiens,F,
CHEMBL296419,COc1ccc(CCN2CCC(Nc3nc4ccccc4n3Cc3ccc(F)cc3)CC2)cc1,IC50,=,0.9,nM,9.045757490560675,9.05,CHEMBL768686,CHEMBL1145042,CHEMBL240,Voltage-gated inwardly rectifying potassium channel KCNH2,Homo sapiens,B,
CHEMBL296419,COc1ccc(CCN2CCC(Nc3nc4ccccc4n3Cc3ccc(F)cc3)CC2)cc1,IC50,=,0.9,nM,9.045757490560675,9.05,CHEMBL853270,CHEMBL1147799,CHEMBL240,Voltage-gated inwardly rectifying potassium channel KCNH2,Homo sapiens,T,
CHEMBL296419,COc1ccc(CCN2CCC(Nc3nc4ccccc4n3Cc3ccc(F)cc3)CC2)cc1,IC50,=,0.912,nM,9.040005161671584,9.04,CHEMBL832277,CHEMBL1142050,CHEMBL240,Voltage-gated inwardly rectifying potassium channel KCNH2,Homo sapiens,F,
CHEMBL296419,COc1ccc(CCN2CCC(Nc3nc4ccccc4n3Cc3ccc(F)cc3)CC2)cc1,IC50,=,0.912,nM,9.040005161671584,9.04,CHEMBL1023674,CHEMBL1158373,CHEMBL240,Voltage-gated inwardly rectifying potassium channel KCNH2,Homo sapiens,B,
CHEMBL296419,COc1ccc(CCN2CCC(Nc3nc4ccccc4n3Cc3ccc(F)cc3)CC2)cc1,IC50,=,1.5,nM,8.823908740944319,8.82,CHEMBL827807,CHEMBL1137856,CHEMBL240,Voltage-gated inwardly rectifying potassium channel KCNH2,Homo sapiens,B,
CHEMBL296419,COc1ccc(CCN2CCC(Nc3nc4ccccc4n3Cc3ccc(F)cc3)CC2)cc1,IC50,=,2.6,nM,8.585026652029182,8.59,CHEMBL2395084,CHEMBL2390918,CHEMBL240,Voltage-gated inwardly rectifying potassium channel KCNH2,Homo sapiens,B,
CHEMBL296419,COc1ccc(CCN2CCC(Nc3nc4ccccc4n3Cc3ccc(F)cc3)CC2)cc1,IC50,=,3.31,nM,8.480172006224281,8.48,CHEMBL3803792,CHEMBL3797052,CHEMBL240,Voltage-gated inwardly rectifying potassium channel KCNH2,Homo sapiens,B,
CHEMBL296419,COc1ccc(CCN2CCC(Nc3nc4ccccc4n3Cc3ccc(F)cc3)CC2)cc1,IC50,=,4.0,nM,8.397940008672037,8.4,CHEMBL5338527,CHEMBL5335864,CHEMBL240,Voltage-gated inwardly rectifying potassium channel KCNH2,Homo sapiens,T,
CHEMBL296419,COc1ccc(CCN2CCC(Nc3nc4ccccc4n3Cc3ccc(F)cc3)CC2)cc1,IC50,=,4.2,nM,8.3767507096021,8.38,CHEMBL4839289,CHEMBL4837244,CHEMBL240,Voltage-gated inwardly rectifying potassium channel KCNH2,Homo sapiens,B,
CHEMBL296419,COc1ccc(CCN2CCC(Nc3nc4ccccc4n3Cc3ccc(F)cc3)CC2)cc1,IC50,=,4.2,nM,8.3767507096021,8.38,CHEMBL5239937,CHEMBL5236628,CHEMBL240,Voltage-gated inwardly rectifying potassium channel KCNH2,Homo sapiens,T,
CHEMBL296419,COc1ccc(CCN2CCC(Nc3nc4ccccc4n3Cc3ccc(F)cc3)CC2)cc1,IC50,=,6.026,nM,8.219970872662662,8.22,CHEMBL766814,CHEMBL1136167,CHEMBL240,Voltage-gated inwardly rectifying potassium channel KCNH2,Homo sapiens,B,
CHEMBL296419,COc1ccc(CCN2CCC(Nc3nc4ccccc4n3Cc3ccc(F)cc3)CC2)cc1,IC50,=,8.0,nM,8.096910013008056,8.1,CHEMBL2066265,CHEMBL2062434,CHEMBL240,Voltage-gated inwardly rectifying potassium channel KCNH2,Homo sapiens,B,
CHEMBL296419,COc1ccc(CCN2CCC(Nc3nc4ccccc4n3Cc3ccc(F)cc3)CC2)cc1,IC50,=,10.0,nM,8.0,8.0,CHEMBL766814,CHEMBL1136167,CHEMBL240,Voltage-gated inwardly rectifying potassium channel KCNH2,Homo sapiens,B,
CHEMBL296419,COc1ccc(CCN2CCC(Nc3nc4ccccc4n3Cc3ccc(F)cc3)CC2)cc1,IC50,=,10.0,nM,8.0,8.0,CHEMBL829152,CHEMBL1139598,CHEMBL240,Voltage-gated inwardly rectifying potassium channel KCNH2,Homo sapiens,B,
CHEMBL296419,COc1ccc(CCN2CCC(Nc3nc4ccccc4n3Cc3ccc(F)cc3)CC2)cc1,IC50,=,10.0,nM,8.0,8.0,CHEMBL954102,CHEMBL1150324,CHEMBL240,Voltage-gated inwardly rectifying potassium channel KCNH2,Homo sapiens,B,
CHEMBL296419,COc1ccc(CCN2CCC(Nc3nc4ccccc4n3Cc3ccc(F)cc3)CC2)cc1,IC50,=,11.48,nM,7.940058111938045,7.94,CHEMBL1676103,CHEMBL1671772,CHEMBL240,Voltage-gated inwardly rectifying potassium channel KCNH2,Homo sapiens,B,
CHEMBL296419,COc1ccc(CCN2CCC(Nc3nc4ccccc4n3Cc3ccc(F)cc3)CC2)cc1,IC50,=,14.0,nM,7.853871964321762,7.85,CHEMBL4048343,CHEMBL4043283,CHEMBL240,Voltage-gated inwardly rectifying potassium channel KCNH2,Homo sapiens,B,
CHEMBL296419,COc1ccc(CCN2CCC(Nc3nc4ccccc4n3Cc3ccc(F)cc3)CC2)cc1,IC50,=,23.0,nM,7.638272163982407,7.64,CHEMBL3807756,CHEMBL3804778,CHEMBL240,Voltage-gated inwardly rectifying potassium channel KCNH2,Homo sapiens,B,
CHEMBL296419,COc1ccc(CCN2CCC(Nc3nc4ccccc4n3Cc3ccc(F)cc3)CC2)cc1,IC50,=,23.44,nM,7.630042392653947,7.63,CHEMBL6135841,CHEMBL6134787,CHEMBL240,Voltage-gated inwardly rectifying potassium channel KCNH2,Homo sapiens,T,
CHEMBL296419,COc1ccc(CCN2CCC(Nc3nc4ccccc4n3Cc3ccc(F)cc3)CC2)cc1,IC50,=,230.0,nM,6.638272163982407,6.64,CHEMBL5611059,CHEMBL5608238,CHEMBL240,Voltage-gated inwardly rectifying potassium channel KCNH2,Homo sapiens,T,
CHEMBL296419,COc1ccc(CCN2CCC(Nc3nc4ccccc4n3Cc3ccc(F)cc3)CC2)cc1,IC50,=,304.7,nM,6.5161275457773264,6.52,CHEMBL4180224,CHEMBL4177615,CHEMBL240,Voltage-gated inwardly rectifying potassium channel KCNH2,Homo sapiens,B,
CHEMBL296419,COc1ccc(CCN2CCC(Nc3nc4ccccc4n3Cc3ccc(F)cc3)CC2)cc1,IC50,=,390.0,nM,6.4089353929735005,6.41,CHEMBL5384537,CHEMBL5380852,CHEMBL240,Voltage-gated inwardly rectifying potassium channel KCNH2,Homo sapiens,T,
CHEMBL296419,COc1ccc(CCN2CCC(Nc3nc4ccccc4n3Cc3ccc(F)cc3)CC2)cc1,IC50,=,2600.0,nM,5.585026652029182,5.58,CHEMBL4606403,CHEMBL4602729,CHEMBL240,Voltage-gated inwardly rectifying potassium channel KCNH2,Homo sapiens,B,
CHEMBL296419,COc1ccc(CCN2CCC(Nc3nc4ccccc4n3Cc3ccc(F)cc3)CC2)cc1,IC50,=,2700.0,nM,5.568636235841012,5.57,CHEMBL981950,CHEMBL1155111,CHEMBL240,Voltage-gated inwardly rectifying potassium channel KCNH2,Homo sapiens,B,
CHEMBL298978,Fc1ccc(-n2cc(C3CCN(CCN4CCN=C4S)CC3)c3ccccc32)cc1,IC50,=,6.166,nM,8.20999647960951,8.21,CHEMBL1676103,CHEMBL1671772,CHEMBL240,Voltage-gated inwardly rectifying potassium channel KCNH2,Homo sapiens,B,
CHEMBL298978,Fc1ccc(-n2cc(C3CCN(CCN4CCN=C4S)CC3)c3ccccc32)cc1,IC50,=,6.2,nM,8.207608310501746,8.21,CHEMBL766816,CHEMBL1136402,CHEMBL240,Voltage-gated inwardly rectifying potassium channel KCNH2,Homo sapiens,B,
CHEMBL299390,CCC(CC)c1cn(-c2ccc(F)cc2)c2ccc(Cl)cc12,IC50,=,1480.0,nM,5.8297382846050425,5.83,CHEMBL766816,CHEMBL1136402,CHEMBL240,Voltage-gated inwardly rectifying potassium channel KCNH2,Homo sapiens,B,
CHEMBL299390,CCC(CC)c1cn(-c2ccc(F)cc2)c2ccc(Cl)cc12,IC50,=,1479108.39,nM,2.8299999994621503,,CHEMBL1676103,CHEMBL1671772,CHEMBL240,Voltage-gated inwardly rectifying potassium channel KCNH2,Homo sapiens,B,
CHEMBL299499,N=C(Nc1ccc(I)cc1)NC12CC3CC(CC(C3)C1)C2,IC50,=,491.4,nM,6.308564847855938,6.31,CHEMBL4017746,CHEMBL4017455,CHEMBL240,Voltage-gated inwardly rectifying potassium channel KCNH2,Homo sapiens,B,
CHEMBL299499,N=C(Nc1ccc(I)cc1)NC12CC3CC(CC(C3)C1)C2,IC50,=,2600.0,nM,5.585026652029182,5.58,CHEMBL4017747,CHEMBL4017455,CHEMBL240,Voltage-gated inwardly rectifying potassium channel KCNH2,Homo sapiens,B,
CHEMBL3,CN1CCC[C@H]1c1cccnc1,IC50,=,244299.74,nM,3.612076995231334,,CHEMBL1027667,CHEMBL1137783,CHEMBL240,Voltage-gated inwardly rectifying potassium channel KCNH2,Homo sapiens,B,
CHEMBL3,CN1CCC[C@H]1c1cccnc1,IC50,=,244300.0,nM,3.6120765330265634,,CHEMBL1027667,CHEMBL1137783,CHEMBL240,Voltage-gated inwardly rectifying potassium channel KCNH2,Homo sapiens,B,
CHEMBL3,CN1CCC[C@H]1c1cccnc1,IC50,=,245470.89,nM,3.6100000027750427,,CHEMBL766814,CHEMBL1136167,CHEMBL240,Voltage-gated inwardly rectifying potassium channel KCNH2,Homo sapiens,B,
CHEMBL3,CN1CCC[C@H]1c1cccnc1,IC50,=,245470.89,nM,3.6100000027750427,,CHEMBL829152,CHEMBL1139598,CHEMBL240,Voltage-gated inwardly rectifying potassium channel KCNH2,Homo sapiens,B,
CHEMBL3,CN1CCC[C@H]1c1cccnc1,IC50,=,245470.89,nM,3.6100000027750427,,CHEMBL954102,CHEMBL1150324,CHEMBL240,Voltage-gated inwardly rectifying potassium channel KCNH2,Homo sapiens,B,
CHEMBL3,CN1CCC[C@H]1c1cccnc1,IC50,=,245470.89,nM,3.6100000027750427,,CHEMBL1036648,CHEMBL1154445,CHEMBL240,Voltage-gated inwardly rectifying potassium channel KCNH2,Homo sapiens,B,
CHEMBL3,CN1CCC[C@H]1c1cccnc1,IC50,=,245470.89,nM,3.6100000027750427,,CHEMBL1676103,CHEMBL1671772,CHEMBL240,Voltage-gated inwardly rectifying potassium channel KCNH2,Homo sapiens,B,
CHEMBL300907,CCc1cn(-c2ccc(F)cc2)c2ccc(Cl)cc12,IC50,=,3500.0,nM,5.455931955649724,5.46,CHEMBL766816,CHEMBL1136402,CHEMBL240,Voltage-gated inwardly rectifying potassium channel KCNH2,Homo sapiens,B,
CHEMBL300907,CCc1cn(-c2ccc(F)cc2)c2ccc(Cl)cc12,IC50,=,3467368.5,nM,2.4600000005668043,,CHEMBL1676103,CHEMBL1671772,CHEMBL240,Voltage-gated inwardly rectifying potassium channel KCNH2,Homo sapiens,B,
CHEMBL300927,O=C(O)c1ccc(-n2cc(C3CCN(CCN4CCNC4=O)CC3)c3cc(Cl)ccc32)cc1,IC50,=,74131.02,nM,4.130000024196025,4.13,CHEMBL1676103,CHEMBL1671772,CHEMBL240,Voltage-gated inwardly rectifying potassium channel KCNH2,Homo sapiens,B,
CHEMBL300927,O=C(O)c1ccc(-n2cc(C3CCN(CCN4CCNC4=O)CC3)c3cc(Cl)ccc32)cc1,IC50,=,75000.0,nM,4.1249387366083,4.12,CHEMBL766816,CHEMBL1136402,CHEMBL240,Voltage-gated inwardly rectifying potassium channel KCNH2,Homo sapiens,B,
CHEMBL301956,CN(C)Cc1cn(-c2ccc(F)cc2)c2ccc(Cl)cc12,IC50,=,10.96,nM,7.96018944585165,7.96,CHEMBL1676103,CHEMBL1671772,CHEMBL240,Voltage-gated inwardly rectifying potassium channel KCNH2,Homo sapiens,B,
CHEMBL301956,CN(C)Cc1cn(-c2ccc(F)cc2)c2ccc(Cl)cc12,IC50,=,11.0,nM,7.958607314841775,7.96,CHEMBL766816,CHEMBL1136402,CHEMBL240,Voltage-gated inwardly rectifying potassium channel KCNH2,Homo sapiens,B,
CHEMBL305660,CC(C)(C)c1ccc(C(=O)CCCN2CCC(OC(c3ccccc3)c3ccccc3)CC2)cc1,IC50,=,104.8,nM,6.979638717352293,6.98,CHEMBL1909190,CHEMBL1909046,CHEMBL240,Voltage-gated inwardly rectifying potassium channel KCNH2,Homo sapiens,B,
CHEMBL305660,CC(C)(C)c1ccc(C(=O)CCCN2CCC(OC(c3ccccc3)c3ccccc3)CC2)cc1,IC50,=,331.13,nM,6.480001470881152,6.48,CHEMBL1676103,CHEMBL1671772,CHEMBL240,Voltage-gated inwardly rectifying potassium channel KCNH2,Homo sapiens,B,
CHEMBL305660,CC(C)(C)c1ccc(C(=O)CCCN2CCC(OC(c3ccccc3)c3ccccc3)CC2)cc1,IC50,=,3019.95,nM,5.520000247408364,5.52,CHEMBL829152,CHEMBL1139598,CHEMBL240,Voltage-gated inwardly rectifying potassium channel KCNH2,Homo sapiens,B,
CHEMBL308954,Cc1cc(C#N)cc(C)c1Oc1nc(Nc2ccc(C#N)cc2)nc(N)c1Br,IC50,=,25118.86,nM,4.600000074606178,4.6,CHEMBL3430732,CHEMBL3430320,CHEMBL240,Voltage-gated inwardly rectifying potassium channel KCNH2,Homo sapiens,F,
CHEMBL308954,Cc1cc(C#N)cc(C)c1Oc1nc(Nc2ccc(C#N)cc2)nc(N)c1Br,IC50,=,158489.32,nM,3.7999999979341847,,CHEMBL3430332,CHEMBL3430320,CHEMBL240,Voltage-gated inwardly rectifying potassium channel KCNH2,Homo sapiens,F,
CHEMBL308954,Cc1cc(C#N)cc(C)c1Oc1nc(Nc2ccc(C#N)cc2)nc(N)c1Br,IC50,=,398107.17,nM,3.400000000603809,,CHEMBL3430701,CHEMBL3430320,CHEMBL240,Voltage-gated inwardly rectifying potassium channel KCNH2,Homo sapiens,F,
CHEMBL3091687,NCCCCN(C[C@H]1Cc2ccccc2CN1)[C@H]1CCCc2cccnc21,IC50,=,8900.0,nM,5.050609993355087,5.05,CHEMBL5048808,CHEMBL5046278,CHEMBL240,Voltage-gated inwardly rectifying potassium channel KCNH2,Homo sapiens,T,
CHEMBL3091687,NCCCCN(C[C@H]1Cc2ccccc2CN1)[C@H]1CCCc2cccnc21,IC50,=,8920.0,nM,5.049635145623877,5.05,CHEMBL4156817,CHEMBL4152343,CHEMBL240,Voltage-gated inwardly rectifying potassium channel KCNH2,Homo sapiens,B,
CHEMBL3093959,CCCCCCCN(CC)CCCCc1ccc(Cl)cc1,IC50,=,4.3,nM,8.366531544420413,8.37,CHEMBL3096731,CHEMBL3091311,CHEMBL240,Voltage-gated inwardly rectifying potassium channel KCNH2,Homo sapiens,B,
CHEMBL3093959,CCCCCCCN(CC)CCCCc1ccc(Cl)cc1,IC50,=,43.0,nM,7.366531544420414,7.37,CHEMBL3096732,CHEMBL3091311,CHEMBL240,Voltage-gated inwardly rectifying potassium channel KCNH2,Homo sapiens,B,
CHEMBL3093969,CCCCCCCN(CC)CC#CCc1ccc(Cl)cc1,IC50,=,4.9,nM,8.309803919971486,8.31,CHEMBL3096731,CHEMBL3091311,CHEMBL240,Voltage-gated inwardly rectifying potassium channel KCNH2,Homo sapiens,B,
CHEMBL3093969,CCCCCCCN(CC)CC#CCc1ccc(Cl)cc1,IC50,=,865.0,nM,6.062983892535186,6.06,CHEMBL3096732,CHEMBL3091311,CHEMBL240,Voltage-gated inwardly rectifying potassium channel KCNH2,Homo sapiens,B,
CHEMBL3093972,CCCCCCCN(CC)CC#CC(c1ccccc1)c1ccccc1,IC50,=,182.0,nM,6.739928612014925,6.74,CHEMBL3591518,CHEMBL3588758,CHEMBL240,Voltage-gated inwardly rectifying potassium channel KCNH2,Homo sapiens,A,
CHEMBL3093972,CCCCCCCN(CC)CC#CC(c1ccccc1)c1ccccc1,IC50,=,238.0,nM,6.623423042943488,6.62,CHEMBL3096732,CHEMBL3091311,CHEMBL240,Voltage-gated inwardly rectifying potassium channel KCNH2,Homo sapiens,B,
CHEMBL3093976,CCCCCCCN(CC)CC#CCCc1ccc(Cl)cc1,IC50,=,53.0,nM,7.275724130399211,7.28,CHEMBL3096731,CHEMBL3091311,CHEMBL240,Voltage-gated inwardly rectifying potassium channel KCNH2,Homo sapiens,B,
CHEMBL3093976,CCCCCCCN(CC)CC#CCCc1ccc(Cl)cc1,IC50,=,765.0,nM,6.116338564846382,6.12,CHEMBL3096732,CHEMBL3091311,CHEMBL240,Voltage-gated inwardly rectifying potassium channel KCNH2,Homo sapiens,B,
CHEMBL3093979,CCCCN(CC)CC#CC#Cc1ccc(Cl)cc1,IC50,=,473.0,nM,6.325138859262188,6.33,CHEMBL3096731,CHEMBL3091311,CHEMBL240,Voltage-gated inwardly rectifying potassium channel KCNH2,Homo sapiens,B,
CHEMBL3093979,CCCCN(CC)CC#CC#Cc1ccc(Cl)cc1,IC50,=,9929.0,nM,5.003094489304334,5.0,CHEMBL3096732,CHEMBL3091311,CHEMBL240,Voltage-gated inwardly rectifying potassium channel KCNH2,Homo sapiens,B,
CHEMBL3093982,CCCCCCCN(CC)CC#CCOc1ccc(Cl)cc1,IC50,=,58.0,nM,7.236572006437063,7.24,CHEMBL3096731,CHEMBL3091311,CHEMBL240,Voltage-gated inwardly rectifying potassium channel KCNH2,Homo sapiens,B,
CHEMBL3093982,CCCCCCCN(CC)CC#CCOc1ccc(Cl)cc1,IC50,=,2473.0,nM,5.6067758836387025,5.61,CHEMBL3096732,CHEMBL3091311,CHEMBL240,Voltage-gated inwardly rectifying potassium channel KCNH2,Homo sapiens,B,
CHEMBL31,COc1c(N2CCNC(C)C2)c(F)cc2c(=O)c(C(=O)O)cn(C3CC3)c12,IC50,=,128824.96,nM,3.889999983714797,,CHEMBL766814,CHEMBL1136167,CHEMBL240,Voltage-gated inwardly rectifying potassium channel KCNH2,Homo sapiens,B,
CHEMBL31,COc1c(N2CCNC(C)C2)c(F)cc2c(=O)c(C(=O)O)cn(C3CC3)c12,IC50,=,128824.96,nM,3.889999983714797,,CHEMBL832277,CHEMBL1142050,CHEMBL240,Voltage-gated inwardly rectifying potassium channel KCNH2,Homo sapiens,F,
CHEMBL31,COc1c(N2CCNC(C)C2)c(F)cc2c(=O)c(C(=O)O)cn(C3CC3)c12,IC50,=,128824.96,nM,3.889999983714797,,CHEMBL829152,CHEMBL1139598,CHEMBL240,Voltage-gated inwardly rectifying potassium channel KCNH2,Homo sapiens,B,
CHEMBL31,COc1c(N2CCNC(C)C2)c(F)cc2c(=O)c(C(=O)O)cn(C3CC3)c12,IC50,=,128824.96,nM,3.889999983714797,,CHEMBL954102,CHEMBL1150324,CHEMBL240,Voltage-gated inwardly rectifying potassium channel KCNH2,Homo sapiens,B,
CHEMBL31,COc1c(N2CCNC(C)C2)c(F)cc2c(=O)c(C(=O)O)cn(C3CC3)c12,IC50,=,128824.96,nM,3.889999983714797,,CHEMBL1023674,CHEMBL1158373,CHEMBL240,Voltage-gated inwardly rectifying potassium channel KCNH2,Homo sapiens,B,
CHEMBL31,COc1c(N2CCNC(C)C2)c(F)cc2c(=O)c(C(=O)O)cn(C3CC3)c12,IC50,=,128824.96,nM,3.889999983714797,,CHEMBL1676103,CHEMBL1671772,CHEMBL240,Voltage-gated inwardly rectifying potassium channel KCNH2,Homo sapiens,B,
CHEMBL31,COc1c(N2CCNC(C)C2)c(F)cc2c(=O)c(C(=O)O)cn(C3CC3)c12,IC50,=,130000.0,nM,3.886056647693163,,CHEMBL662305,CHEMBL1135758,CHEMBL240,Voltage-gated inwardly rectifying potassium channel KCNH2,Homo sapiens,F,
CHEMBL31,COc1c(N2CCNC(C)C2)c(F)cc2c(=O)c(C(=O)O)cn(C3CC3)c12,IC50,=,130000.0,nM,3.886056647693163,,CHEMBL2400450,CHEMBL2396647,CHEMBL240,Voltage-gated inwardly rectifying potassium channel KCNH2,Homo sapiens,B,
CHEMBL3120274,CNc1nc(NCCCN(C)C)c2sc(-c3ccc(C(F)(F)F)cc3)cc2n1,IC50,=,2700.0,nM,5.568636235841012,5.57,CHEMBL3124427,CHEMBL3120127,CHEMBL240,Voltage-gated inwardly rectifying potassium channel KCNH2,Homo sapiens,B,
CHEMBL3120274,CNc1nc(NCCCN(C)C)c2sc(-c3ccc(C(F)(F)F)cc3)cc2n1,IC50,=,2700.0,nM,5.568636235841012,5.57,CHEMBL3620197,CHEMBL3616374,CHEMBL240,Voltage-gated inwardly rectifying potassium channel KCNH2,Homo sapiens,B,
CHEMBL3128178,O=C(Nc1ccc(C[C@@H]2CC[C@H]([C@H](O)c3cccnc3)N2)cc1)[C@@H]1CCc2scnc21,IC50,=,6100.0,nM,5.214670164989233,5.21,CHEMBL3129316,CHEMBL3124772,CHEMBL240,Voltage-gated inwardly rectifying potassium channel KCNH2,Homo sapiens,B,
CHEMBL3128178,O=C(Nc1ccc(C[C@@H]2CC[C@H]([C@H](O)c3cccnc3)N2)cc1)[C@@H]1CCc2scnc21,IC50,=,6100.0,nM,5.214670164989233,5.21,CHEMBL3767769,CHEMBL3763146,CHEMBL240,Voltage-gated inwardly rectifying potassium channel KCNH2,Homo sapiens,B,
CHEMBL3186509,O=C(CCN1CCN(C(=O)OCc2cc(Cl)cc(Cl)c2)CC1)c1ccc2[nH]c(=O)oc2c1,IC50,=,480.0,nM,6.318758762624412,6.32,CHEMBL4143975,CHEMBL4138254,CHEMBL240,Voltage-gated inwardly rectifying potassium channel KCNH2,Homo sapiens,B,
CHEMBL3186509,O=C(CCN1CCN(C(=O)OCc2cc(Cl)cc(Cl)c2)CC1)c1ccc2[nH]c(=O)oc2c1,IC50,=,2700.0,nM,5.568636235841012,5.57,CHEMBL4123926,CHEMBL4118209,CHEMBL240,Voltage-gated inwardly rectifying potassium channel KCNH2,Homo sapiens,B,
CHEMBL32,COc1c(N2C[C@@H]3CCCN[C@@H]3C2)c(F)cc2c(=O)c(C(=O)O)cn(C3CC3)c12,IC50,=,79432.82,nM,4.100000018985305,4.1,CHEMBL3430338,CHEMBL3430320,CHEMBL240,Voltage-gated inwardly rectifying potassium channel KCNH2,Homo sapiens,F,
CHEMBL32,COc1c(N2C[C@@H]3CCCN[C@@H]3C2)c(F)cc2c(=O)c(C(=O)O)cn(C3CC3)c12,IC50,=,117489.76,nM,3.9299999833436425,,CHEMBL832277,CHEMBL1142050,CHEMBL240,Voltage-gated inwardly rectifying potassium channel KCNH2,Homo sapiens,F,
CHEMBL32,COc1c(N2C[C@@H]3CCCN[C@@H]3C2)c(F)cc2c(=O)c(C(=O)O)cn(C3CC3)c12,IC50,=,117489.76,nM,3.9299999833436425,,CHEMBL1023674,CHEMBL1158373,CHEMBL240,Voltage-gated inwardly rectifying potassium channel KCNH2,Homo sapiens,B,
CHEMBL32,COc1c(N2C[C@@H]3CCCN[C@@H]3C2)c(F)cc2c(=O)c(C(=O)O)cn(C3CC3)c12,IC50,=,128824.96,nM,3.889999983714797,,CHEMBL766814,CHEMBL1136167,CHEMBL240,Voltage-gated inwardly rectifying potassium channel KCNH2,Homo sapiens,B,
CHEMBL32,COc1c(N2C[C@@H]3CCCN[C@@H]3C2)c(F)cc2c(=O)c(C(=O)O)cn(C3CC3)c12,IC50,=,128824.96,nM,3.889999983714797,,CHEMBL829152,CHEMBL1139598,CHEMBL240,Voltage-gated inwardly rectifying potassium channel KCNH2,Homo sapiens,B,
CHEMBL32,COc1c(N2C[C@@H]3CCCN[C@@H]3C2)c(F)cc2c(=O)c(C(=O)O)cn(C3CC3)c12,IC50,=,128824.96,nM,3.889999983714797,,CHEMBL954102,CHEMBL1150324,CHEMBL240,Voltage-gated inwardly rectifying potassium channel KCNH2,Homo sapiens,B,
CHEMBL32,COc1c(N2C[C@@H]3CCCN[C@@H]3C2)c(F)cc2c(=O)c(C(=O)O)cn(C3CC3)c12,IC50,=,128824.96,nM,3.889999983714797,,CHEMBL1676103,CHEMBL1671772,CHEMBL240,Voltage-gated inwardly rectifying potassium channel KCNH2,Homo sapiens,B,
CHEMBL32,COc1c(N2C[C@@H]3CCCN[C@@H]3C2)c(F)cc2c(=O)c(C(=O)O)cn(C3CC3)c12,IC50,=,129000.0,nM,3.889410289700751,,CHEMBL662305,CHEMBL1135758,CHEMBL240,Voltage-gated inwardly rectifying potassium channel KCNH2,Homo sapiens,F,
CHEMBL32,COc1c(N2C[C@@H]3CCCN[C@@H]3C2)c(F)cc2c(=O)c(C(=O)O)cn(C3CC3)c12,IC50,=,129000.0,nM,3.889410289700751,,CHEMBL2400450,CHEMBL2396647,CHEMBL240,Voltage-gated inwardly rectifying potassium channel KCNH2,Homo sapiens,B,
CHEMBL32,COc1c(N2C[C@@H]3CCCN[C@@H]3C2)c(F)cc2c(=O)c(C(=O)O)cn(C3CC3)c12,IC50,=,129000.0,nM,3.889410289700751,,CHEMBL4809367,CHEMBL4808184,CHEMBL240,Voltage-gated inwardly rectifying potassium channel KCNH2,Homo sapiens,B,
CHEMBL32,COc1c(N2C[C@@H]3CCCN[C@@H]3C2)c(F)cc2c(=O)c(C(=O)O)cn(C3CC3)c12,IC50,=,398107.17,nM,3.400000000603809,,CHEMBL3430707,CHEMBL3430320,CHEMBL240,Voltage-gated inwardly rectifying potassium channel KCNH2,Homo sapiens,F,
CHEMBL3217922,COC[C@H](C)Oc1cc(Oc2ccc(S(C)(=O)=O)cc2)cc(C(=O)Nc2nccs2)c1,IC50,=,6900.0,nM,5.161150909262744,5.16,CHEMBL3224183,CHEMBL3217479,CHEMBL240,Voltage-gated inwardly rectifying potassium channel KCNH2,Homo sapiens,B,
CHEMBL3217922,COC[C@H](C)Oc1cc(Oc2ccc(S(C)(=O)=O)cc2)cc(C(=O)Nc2nccs2)c1,IC50,=,6900.0,nM,5.161150909262744,5.16,CHEMBL3224193,CHEMBL3217434,CHEMBL240,Voltage-gated inwardly rectifying potassium channel KCNH2,Homo sapiens,B,
CHEMBL3217923,COC[C@H](C)Oc1cc(Oc2ccc(S(C)(=O)=O)cc2)cc(C(=O)Nc2nc(C)ns2)c1,IC50,=,7500.0,nM,5.1249387366083,5.12,CHEMBL3224183,CHEMBL3217479,CHEMBL240,Voltage-gated inwardly rectifying potassium channel KCNH2,Homo sapiens,B,
CHEMBL3217923,COC[C@H](C)Oc1cc(Oc2ccc(S(C)(=O)=O)cc2)cc(C(=O)Nc2nc(C)ns2)c1,IC50,=,7500.0,nM,5.1249387366083,5.12,CHEMBL3224193,CHEMBL3217434,CHEMBL240,Voltage-gated inwardly rectifying potassium channel KCNH2,Homo sapiens,B,
CHEMBL3217925,C[C@@H](CO)Oc1cc(Oc2ccc(C(=O)N3CCC3)cc2)cc(C(=O)Nc2ccn(C)n2)c1,IC50,=,70000.0,nM,4.154901959985743,4.16,CHEMBL3224193,CHEMBL3217434,CHEMBL240,Voltage-gated inwardly rectifying potassium channel KCNH2,Homo sapiens,B,
CHEMBL3217925,C[C@@H](CO)Oc1cc(Oc2ccc(C(=O)N3CCC3)cc2)cc(C(=O)Nc2ccn(C)n2)c1,IC50,=,70000.0,nM,4.154901959985743,4.16,CHEMBL3223680,CHEMBL3217639,CHEMBL240,Voltage-gated inwardly rectifying potassium channel KCNH2,Homo sapiens,B,
CHEMBL3218816,C[C@@H]1CN(c2nnc(C(F)(F)F)o2)CCN1c1ncc(OCc2ccncc2C#N)cn1,IC50,=,18000.0,nM,4.7447274948966935,4.75,CHEMBL3226215,CHEMBL3217702,CHEMBL240,Voltage-gated inwardly rectifying potassium channel KCNH2,Homo sapiens,B,
CHEMBL3218816,C[C@@H]1CN(c2nnc(C(F)(F)F)o2)CCN1c1ncc(OCc2ccncc2C#N)cn1,IC50,=,18000.0,nM,4.7447274948966935,4.75,CHEMBL3383394,CHEMBL3351317,CHEMBL240,Voltage-gated inwardly rectifying potassium channel KCNH2,Homo sapiens,B,
CHEMBL3221493,CC(C)OC[C@H](Oc1ncnc2c1cnn2-c1ncccc1Cl)C(=O)Nc1ccc(Cl)cn1,IC50,=,63095.73,nM,4.200000030616179,4.2,CHEMBL3226991,CHEMBL3217683,CHEMBL240,Voltage-gated inwardly rectifying potassium channel KCNH2,Homo sapiens,B,
CHEMBL3221493,CC(C)OC[C@H](Oc1ncnc2c1cnn2-c1ncccc1Cl)C(=O)Nc1ccc(Cl)cn1,IC50,=,63095.73,nM,4.200000030616179,4.2,CHEMBL3227002,CHEMBL3217445,CHEMBL240,Voltage-gated inwardly rectifying potassium channel KCNH2,Homo sapiens,B,
CHEMBL3221496,CC(C)OC[C@H](Oc1ncnc2c1cnn2-c1ncccc1Cl)C(=O)Nc1ccc(F)cn1,IC50,=,79432.82,nM,4.100000018985305,4.1,CHEMBL3226991,CHEMBL3217683,CHEMBL240,Voltage-gated inwardly rectifying potassium channel KCNH2,Homo sapiens,B,
CHEMBL3221496,CC(C)OC[C@H](Oc1ncnc2c1cnn2-c1ncccc1Cl)C(=O)Nc1ccc(F)cn1,IC50,=,79432.82,nM,4.100000018985305,4.1,CHEMBL3227002,CHEMBL3217445,CHEMBL240,Voltage-gated inwardly rectifying potassium channel KCNH2,Homo sapiens,B,
CHEMBL3221502,CC(C)OC[C@H](Oc1ncnc2c1cnn2-c1ncccc1Cl)C(=O)Nc1ccc(C#N)cn1,IC50,=,50118.72,nM,4.300000029139089,4.3,CHEMBL3226991,CHEMBL3217683,CHEMBL240,Voltage-gated inwardly rectifying potassium channel KCNH2,Homo sapiens,B,
CHEMBL3221502,CC(C)OC[C@H](Oc1ncnc2c1cnn2-c1ncccc1Cl)C(=O)Nc1ccc(C#N)cn1,IC50,=,50118.72,nM,4.300000029139089,4.3,CHEMBL3227002,CHEMBL3217445,CHEMBL240,Voltage-gated inwardly rectifying potassium channel KCNH2,Homo sapiens,B,
CHEMBL3221520,O=C(Nc1ccc(F)cn1)[C@H](CN1CC(O)C1)Oc1ncnc2c1cnn2-c1ccccc1Cl,IC50,=,36000.0,nM,4.443697499232713,4.44,CHEMBL3227002,CHEMBL3217445,CHEMBL240,Voltage-gated inwardly rectifying potassium channel KCNH2,Homo sapiens,B,
CHEMBL3221520,O=C(Nc1ccc(F)cn1)[C@H](CN1CC(O)C1)Oc1ncnc2c1cnn2-c1ccccc1Cl,IC50,=,39810.72,nM,4.399999967876858,4.4,CHEMBL3227002,CHEMBL3217445,CHEMBL240,Voltage-gated inwardly rectifying potassium channel KCNH2,Homo sapiens,B,
CHEMBL3221523,O=C(Nc1ccc(F)cn1)[C@H](CN1CC(O)C1)Oc1ncnc2c1cnn2-c1c(Cl)cccc1Cl,IC50,=,19000.0,nM,4.721246399047171,4.72,CHEMBL3227002,CHEMBL3217445,CHEMBL240,Voltage-gated inwardly rectifying potassium channel KCNH2,Homo sapiens,B,
CHEMBL3221523,O=C(Nc1ccc(F)cn1)[C@H](CN1CC(O)C1)Oc1ncnc2c1cnn2-c1c(Cl)cccc1Cl,IC50,=,19952.62,nM,4.70000006855703,4.7,CHEMBL3227002,CHEMBL3217445,CHEMBL240,Voltage-gated inwardly rectifying potassium channel KCNH2,Homo sapiens,B,
CHEMBL3260567,Cc1cccc(-c2[nH]c(CNc3ccccc3F)nc2-c2ccc3ncnn3c2)n1,IC50,=,31040.0,nM,4.508078287413849,4.51,CHEMBL3271188,CHEMBL3259733,CHEMBL240,Voltage-gated inwardly rectifying potassium channel KCNH2,Homo sapiens,B,
CHEMBL3260567,Cc1cccc(-c2[nH]c(CNc3ccccc3F)nc2-c2ccc3ncnn3c2)n1,IC50,=,31040.0,nM,4.508078287413849,4.51,CHEMBL5478935,CHEMBL5465560,CHEMBL240,Voltage-gated inwardly rectifying potassium channel KCNH2,Homo sapiens,B,
CHEMBL3262624,N[C@H]1COCC[C@H]1Nc1cc2cc[nH]c(=O)c2c(Nc2cccc3cc[nH]c23)n1,IC50,=,24900.0,nM,4.603800652904264,4.6,CHEMBL3268715,CHEMBL3259804,CHEMBL240,Voltage-gated inwardly rectifying potassium channel KCNH2,Homo sapiens,B,
CHEMBL3262624,N[C@H]1COCC[C@H]1Nc1cc2cc[nH]c(=O)c2c(Nc2cccc3cc[nH]c23)n1,IC50,=,24900.0,nM,4.603800652904264,4.6,CHEMBL3419125,CHEMBL3414433,CHEMBL240,Voltage-gated inwardly rectifying potassium channel KCNH2,Homo sapiens,B,
CHEMBL3262896,COc1ccc(C(=O)N2CCN(C(=O)/C=C/c3ccc(Br)cc3)CC2)cc1,IC50,=,1600.0,nM,5.795880017344075,5.8,CHEMBL5378342,CHEMBL5375977,CHEMBL240,Voltage-gated inwardly rectifying potassium channel KCNH2,Homo sapiens,T,
CHEMBL3262896,COc1ccc(C(=O)N2CCN(C(=O)/C=C/c3ccc(Br)cc3)CC2)cc1,IC50,=,1600.0,nM,5.795880017344075,5.8,CHEMBL5531470,CHEMBL5528074,CHEMBL240,Voltage-gated inwardly rectifying potassium channel KCNH2,Homo sapiens,T,
CHEMBL327980,Cc1cccc(CCN2CCC(C(=O)c3ccc(NS(C)(=O)=O)cc3)CC2)n1,IC50,=,0.029,nM,10.537602002101044,10.54,CHEMBL5316910,CHEMBL5316274,CHEMBL240,Voltage-gated inwardly rectifying potassium channel KCNH2,Homo sapiens,T,
CHEMBL327980,Cc1cccc(CCN2CCC(C(=O)c3ccc(NS(C)(=O)=O)cc3)CC2)n1,IC50,=,1.2,nM,8.920818753952375,8.92,CHEMBL4026835,CHEMBL4024756,CHEMBL240,Voltage-gated inwardly rectifying potassium channel KCNH2,Homo sapiens,B,
CHEMBL327980,Cc1cccc(CCN2CCC(C(=O)c3ccc(NS(C)(=O)=O)cc3)CC2)n1,IC50,=,7.7,nM,8.113509274827518,8.11,CHEMBL691014,CHEMBL1135758,CHEMBL240,Voltage-gated inwardly rectifying potassium channel KCNH2,Homo sapiens,F,
CHEMBL327980,Cc1cccc(CCN2CCC(C(=O)c3ccc(NS(C)(=O)=O)cc3)CC2)n1,IC50,=,7.762,nM,8.110026361596004,8.11,CHEMBL1023674,CHEMBL1158373,CHEMBL240,Voltage-gated inwardly rectifying potassium channel KCNH2,Homo sapiens,B,
CHEMBL327980,Cc1cccc(CCN2CCC(C(=O)c3ccc(NS(C)(=O)=O)cc3)CC2)n1,IC50,=,7.82,nM,8.106793246940152,8.11,CHEMBL4395516,CHEMBL4393699,CHEMBL240,Voltage-gated inwardly rectifying potassium channel KCNH2,Homo sapiens,B,
CHEMBL327980,Cc1cccc(CCN2CCC(C(=O)c3ccc(NS(C)(=O)=O)cc3)CC2)n1,IC50,=,12.02,nM,7.92009553233328,7.92,CHEMBL1676103,CHEMBL1671772,CHEMBL240,Voltage-gated inwardly rectifying potassium channel KCNH2,Homo sapiens,B,
CHEMBL327980,Cc1cccc(CCN2CCC(C(=O)c3ccc(NS(C)(=O)=O)cc3)CC2)n1,IC50,=,19.95,nM,7.700057099977233,7.7,CHEMBL766814,CHEMBL1136167,CHEMBL240,Voltage-gated inwardly rectifying potassium channel KCNH2,Homo sapiens,B,
CHEMBL327980,Cc1cccc(CCN2CCC(C(=O)c3ccc(NS(C)(=O)=O)cc3)CC2)n1,IC50,=,19.95,nM,7.700057099977233,7.7,CHEMBL829152,CHEMBL1139598,CHEMBL240,Voltage-gated inwardly rectifying potassium channel KCNH2,Homo sapiens,B,
CHEMBL327980,Cc1cccc(CCN2CCC(C(=O)c3ccc(NS(C)(=O)=O)cc3)CC2)n1,IC50,=,19.95,nM,7.700057099977233,7.7,CHEMBL954102,CHEMBL1150324,CHEMBL240,Voltage-gated inwardly rectifying potassium channel KCNH2,Homo sapiens,B,
CHEMBL327980,Cc1cccc(CCN2CCC(C(=O)c3ccc(NS(C)(=O)=O)cc3)CC2)n1,IC50,=,20.0,nM,7.698970004336019,7.7,CHEMBL827807,CHEMBL1137856,CHEMBL240,Voltage-gated inwardly rectifying potassium channel KCNH2,Homo sapiens,B,
CHEMBL327980,Cc1cccc(CCN2CCC(C(=O)c3ccc(NS(C)(=O)=O)cc3)CC2)n1,IC50,=,21.0,nM,7.6777807052660805,7.68,CHEMBL4313394,CHEMBL4311959,CHEMBL240,Voltage-gated inwardly rectifying potassium channel KCNH2,Homo sapiens,B,
CHEMBL327980,Cc1cccc(CCN2CCC(C(=O)c3ccc(NS(C)(=O)=O)cc3)CC2)n1,IC50,=,22.91,nM,7.6399749108106025,7.64,CHEMBL1036648,CHEMBL1154445,CHEMBL240,Voltage-gated inwardly rectifying potassium channel KCNH2,Homo sapiens,B,
CHEMBL327980,Cc1cccc(CCN2CCC(C(=O)c3ccc(NS(C)(=O)=O)cc3)CC2)n1,IC50,=,24.0,nM,7.619788758288394,7.62,CHEMBL3807655,CHEMBL3804820,CHEMBL240,Voltage-gated inwardly rectifying potassium channel KCNH2,Homo sapiens,B,
CHEMBL327980,Cc1cccc(CCN2CCC(C(=O)c3ccc(NS(C)(=O)=O)cc3)CC2)n1,IC50,=,24.2,nM,7.616184634019569,7.62,CHEMBL4832310,CHEMBL4831500,CHEMBL240,Voltage-gated inwardly rectifying potassium channel KCNH2,Homo sapiens,B,
CHEMBL327980,Cc1cccc(CCN2CCC(C(=O)c3ccc(NS(C)(=O)=O)cc3)CC2)n1,IC50,=,27.0,nM,7.568636235841012,7.57,CHEMBL4359465,CHEMBL4354879,CHEMBL240,Voltage-gated inwardly rectifying potassium channel KCNH2,Homo sapiens,B,
CHEMBL327980,Cc1cccc(CCN2CCC(C(=O)c3ccc(NS(C)(=O)=O)cc3)CC2)n1,IC50,=,42.68,nM,7.369775589247568,7.37,CHEMBL5117065,CHEMBL5113453,CHEMBL240,Voltage-gated inwardly rectifying potassium channel KCNH2,Homo sapiens,T,
CHEMBL327980,Cc1cccc(CCN2CCC(C(=O)c3ccc(NS(C)(=O)=O)cc3)CC2)n1,IC50,=,50.0,nM,7.301029995663981,7.3,CHEMBL6093781,CHEMBL6092173,CHEMBL240,Voltage-gated inwardly rectifying potassium channel KCNH2,Homo sapiens,T,
CHEMBL327980,Cc1cccc(CCN2CCC(C(=O)c3ccc(NS(C)(=O)=O)cc3)CC2)n1,IC50,=,70.0,nM,7.154901959985743,7.16,CHEMBL3807184,CHEMBL3804779,CHEMBL240,Voltage-gated inwardly rectifying potassium channel KCNH2,Homo sapiens,B,
CHEMBL3289440,CCOC(=O)N1CCC(CN2CCC3(CC2)CN(S(C)(=O)=O)c2ncccc23)CC1,IC50,=,1900.0,nM,5.721246399047171,5.72,CHEMBL3291975,CHEMBL3286277,CHEMBL240,Voltage-gated inwardly rectifying potassium channel KCNH2,Homo sapiens,B,
CHEMBL3289440,CCOC(=O)N1CCC(CN2CCC3(CC2)CN(S(C)(=O)=O)c2ncccc23)CC1,IC50,=,1900.0,nM,5.721246399047171,5.72,CHEMBL3380409,CHEMBL3351422,CHEMBL240,Voltage-gated inwardly rectifying potassium channel KCNH2,Homo sapiens,B,
CHEMBL3290336,COc1ccc2ccc(=O)n(CCN3CCC(NCc4ccc5c(n4)NC(=O)CO5)CC3)c2n1,IC50,=,21000.0,nM,4.6777807052660805,4.68,CHEMBL3294033,CHEMBL3286091,CHEMBL240,Voltage-gated inwardly rectifying potassium channel KCNH2,Homo sapiens,B,
CHEMBL3290336,COc1ccc2ccc(=O)n(CCN3CCC(NCc4ccc5c(n4)NC(=O)CO5)CC3)c2n1,IC50,=,23000.0,nM,4.638272163982407,4.64,CHEMBL3610296,CHEMBL3608244,CHEMBL240,Voltage-gated inwardly rectifying potassium channel KCNH2,Homo sapiens,B,
CHEMBL3291398,C=C[C@]1(C)C[C@@H](OC(=O)CS[C@@H]2CC[C@@H](N)C[C@H]2O)[C@]2(C)[C@H](C)CC[C@]3(CCC(=O)[C@H]32)[C@@H](C)[C@@H]1O,IC50,=,78200.0,nM,4.106793246940152,4.11,CHEMBL5520727,CHEMBL5518206,CHEMBL240,Voltage-gated inwardly rectifying potassium channel KCNH2,Homo sapiens,T,
CHEMBL3291398,C=C[C@]1(C)C[C@@H](OC(=O)CS[C@@H]2CC[C@@H](N)C[C@H]2O)[C@]2(C)[C@H](C)CC[C@]3(CCC(=O)[C@H]32)[C@@H](C)[C@@H]1O,IC50,=,126000.0,nM,3.8996294548824375,,CHEMBL5520755,CHEMBL5518206,CHEMBL240,Voltage-gated inwardly rectifying potassium channel KCNH2,Homo sapiens,T,
CHEMBL3291398,C=C[C@]1(C)C[C@@H](OC(=O)CS[C@@H]2CC[C@@H](N)C[C@H]2O)[C@]2(C)[C@H](C)CC[C@]3(CCC(=O)[C@H]32)[C@@H](C)[C@@H]1O,IC50,=,126000.0,nM,3.8996294548824375,,CHEMBL6100530,CHEMBL6096719,CHEMBL240,Voltage-gated inwardly rectifying potassium channel KCNH2,Homo sapiens,T,
CHEMBL3301607,O=C(Nc1nc2cccc(-c3ccc(CN4CCS(=O)(=O)CC4)cc3)n2n1)C1CC1,IC50,=,85000.0,nM,4.070581074285707,4.07,CHEMBL4220823,CHEMBL4219073,CHEMBL240,Voltage-gated inwardly rectifying potassium channel KCNH2,Homo sapiens,B,
CHEMBL3301607,O=C(Nc1nc2cccc(-c3ccc(CN4CCS(=O)(=O)CC4)cc3)n2n1)C1CC1,IC50,=,85000.0,nM,4.070581074285707,4.07,CHEMBL4258485,CHEMBL4257478,CHEMBL240,Voltage-gated inwardly rectifying potassium channel KCNH2,Homo sapiens,B,
CHEMBL3305005,COc1ccc2ncc(F)c(CCC34CCC(NCc5ccc6c(n5)NC(=O)CO6)(CC3)CO4)c2n1,IC50,=,600.0,nM,6.221848749616356,6.22,CHEMBL3424852,CHEMBL3421558,CHEMBL240,Voltage-gated inwardly rectifying potassium channel KCNH2,Homo sapiens,B,
CHEMBL3305005,COc1ccc2ncc(F)c(CCC34CCC(NCc5ccc6c(n5)NC(=O)CO6)(CC3)CO4)c2n1,IC50,=,600.0,nM,6.221848749616356,6.22,CHEMBL3607787,CHEMBL3603741,CHEMBL240,Voltage-gated inwardly rectifying potassium channel KCNH2,Homo sapiens,B,
CHEMBL3305005,COc1ccc2ncc(F)c(CCC34CCC(NCc5ccc6c(n5)NC(=O)CO6)(CC3)CO4)c2n1,IC50,=,600.0,nM,6.221848749616356,6.22,CHEMBL5224245,CHEMBL5223095,CHEMBL240,Voltage-gated inwardly rectifying potassium channel KCNH2,Homo sapiens,T,
CHEMBL3305005,COc1ccc2ncc(F)c(CCC34CCC(NCc5ccc6c(n5)NC(=O)CO6)(CC3)CO4)c2n1,IC50,=,2000.0,nM,5.698970004336019,5.7,CHEMBL3607786,CHEMBL3603741,CHEMBL240,Voltage-gated inwardly rectifying potassium channel KCNH2,Homo sapiens,B,
CHEMBL3305005,COc1ccc2ncc(F)c(CCC34CCC(NCc5ccc6c(n5)NC(=O)CO6)(CC3)CO4)c2n1,IC50,=,2100.0,nM,5.6777807052660805,5.68,CHEMBL3424851,CHEMBL3421558,CHEMBL240,Voltage-gated inwardly rectifying potassium channel KCNH2,Homo sapiens,B,
CHEMBL3305167,COc1ccc2ncc(F)c(C[C@H](O)C34CCC(NCc5ccc6c(n5)NC(=O)CO6)(CC3)CO4)c2n1,IC50,=,18.0,nM,7.7447274948966935,7.75,CHEMBL3424852,CHEMBL3421558,CHEMBL240,Voltage-gated inwardly rectifying potassium channel KCNH2,Homo sapiens,B,
CHEMBL3305167,COc1ccc2ncc(F)c(C[C@H](O)C34CCC(NCc5ccc6c(n5)NC(=O)CO6)(CC3)CO4)c2n1,IC50,=,26.0,nM,7.585026652029182,7.58,CHEMBL3424851,CHEMBL3421558,CHEMBL240,Voltage-gated inwardly rectifying potassium channel KCNH2,Homo sapiens,B,
CHEMBL3305167,COc1ccc2ncc(F)c(C[C@H](O)C34CCC(NCc5ccc6c(n5)NC(=O)CO6)(CC3)CO4)c2n1,IC50,=,18000.0,nM,4.7447274948966935,4.75,CHEMBL3404544,CHEMBL3400001,CHEMBL240,Voltage-gated inwardly rectifying potassium channel KCNH2,Homo sapiens,B,
CHEMBL3305167,COc1ccc2ncc(F)c(C[C@H](O)C34CCC(NCc5ccc6c(n5)NC(=O)CO6)(CC3)CO4)c2n1,IC50,=,18000.0,nM,4.7447274948966935,4.75,CHEMBL3607542,CHEMBL3603744,CHEMBL240,Voltage-gated inwardly rectifying potassium channel KCNH2,Homo sapiens,B,
CHEMBL3305167,COc1ccc2ncc(F)c(C[C@H](O)C34CCC(NCc5ccc6c(n5)NC(=O)CO6)(CC3)CO4)c2n1,IC50,=,18000.0,nM,4.7447274948966935,4.75,CHEMBL5224245,CHEMBL5223095,CHEMBL240,Voltage-gated inwardly rectifying potassium channel KCNH2,Homo sapiens,T,
CHEMBL3305167,COc1ccc2ncc(F)c(C[C@H](O)C34CCC(NCc5ccc6c(n5)NC(=O)CO6)(CC3)CO4)c2n1,IC50,=,26000.0,nM,4.585026652029182,,CHEMBL3404543,CHEMBL3400001,CHEMBL240,Voltage-gated inwardly rectifying potassium channel KCNH2,Homo sapiens,B,
CHEMBL3305167,COc1ccc2ncc(F)c(C[C@H](O)C34CCC(NCc5ccc6c(n5)NC(=O)CO6)(CC3)CO4)c2n1,IC50,=,26000.0,nM,4.585026652029182,,CHEMBL3607541,CHEMBL3603744,CHEMBL240,Voltage-gated inwardly rectifying potassium channel KCNH2,Homo sapiens,B,
CHEMBL3317856,O=c1ccc2ncc(=O)n3c2n1C[C@H]3CN1CCC(NCc2cc3c(cn2)OCCC3)CC1,IC50,=,1400.0,nM,5.853871964321762,,CHEMBL5224245,CHEMBL5223095,CHEMBL240,Voltage-gated inwardly rectifying potassium channel KCNH2,Homo sapiens,T,
CHEMBL3317856,O=c1ccc2ncc(=O)n3c2n1C[C@H]3CN1CCC(NCc2cc3c(cn2)OCCC3)CC1,IC50,=,1400000.0,nM,2.853871964321762,,CHEMBL3369560,CHEMBL3352417,CHEMBL240,Voltage-gated inwardly rectifying potassium channel KCNH2,Homo sapiens,B,
CHEMBL3317856,O=c1ccc2ncc(=O)n3c2n1C[C@H]3CN1CCC(NCc2cc3c(cn2)OCCC3)CC1,IC50,=,1400000.0,nM,2.853871964321762,,CHEMBL3428458,CHEMBL3425423,CHEMBL240,Voltage-gated inwardly rectifying potassium channel KCNH2,Homo sapiens,B,
CHEMBL3317856,O=c1ccc2ncc(=O)n3c2n1C[C@H]3CN1CCC(NCc2cc3c(cn2)OCCC3)CC1,IC50,=,1400000.0,nM,2.853871964321762,,CHEMBL4375019,CHEMBL4373693,CHEMBL240,Voltage-gated inwardly rectifying potassium channel KCNH2,Homo sapiens,B,
CHEMBL3318989,COc1cnc2ccc(=O)n(CCN3CCC(c4nc5cc(Cl)ccc5[nH]4)CC3)c2c1,IC50,=,1000.0,nM,6.0,6.0,CHEMBL3366645,CHEMBL3352071,CHEMBL240,Voltage-gated inwardly rectifying potassium channel KCNH2,Homo sapiens,B,
CHEMBL3318989,COc1cnc2ccc(=O)n(CCN3CCC(c4nc5cc(Cl)ccc5[nH]4)CC3)c2c1,IC50,=,1000.0,nM,6.0,6.0,CHEMBL3610296,CHEMBL3608244,CHEMBL240,Voltage-gated inwardly rectifying potassium channel KCNH2,Homo sapiens,B,
CHEMBL3323084,Cn1cc([C@@]2(c3cncc(C(=O)O)c3)N[C@@H](c3nc(-c4ccc(F)cc4)c[nH]3)Cc3c2[nH]c2ccccc32)cn1,IC50,=,11990.0,nM,4.921180816901152,4.92,CHEMBL3378637,CHEMBL3352784,CHEMBL240,Voltage-gated inwardly rectifying potassium channel KCNH2,Homo sapiens,B,
CHEMBL3323084,Cn1cc([C@@]2(c3cncc(C(=O)O)c3)N[C@@H](c3nc(-c4ccc(F)cc4)c[nH]3)Cc3c2[nH]c2ccccc32)cn1,IC50,=,12000.0,nM,4.920818753952375,4.92,CHEMBL3378638,CHEMBL3352784,CHEMBL240,Voltage-gated inwardly rectifying potassium channel KCNH2,Homo sapiens,B,
CHEMBL3353406,C=CC(=O)Nc1cc(Nc2ncc(C#N)c(-c3cn(C)c4ccccc34)n2)c(OC)cc1N(C)CCN(C)C,IC50,=,4300.0,nM,5.366531544420413,5.37,CHEMBL3389028,CHEMBL3351341,CHEMBL240,Voltage-gated inwardly rectifying potassium channel KCNH2,Homo sapiens,B,
CHEMBL3353406,C=CC(=O)Nc1cc(Nc2ncc(C#N)c(-c3cn(C)c4ccccc34)n2)c(OC)cc1N(C)CCN(C)C,IC50,=,4300.0,nM,5.366531544420413,5.37,CHEMBL5577197,CHEMBL5576081,CHEMBL240,Voltage-gated inwardly rectifying potassium channel KCNH2,Homo sapiens,T,
CHEMBL3353407,C=CC(=O)Nc1cc(Nc2ncc(Cl)c(-c3cn(C)c4ccccc34)n2)c(OC)cc1N(C)CCN(C)C,IC50,=,7400.0,nM,5.130768280269024,5.13,CHEMBL3389028,CHEMBL3351341,CHEMBL240,Voltage-gated inwardly rectifying potassium channel KCNH2,Homo sapiens,B,
CHEMBL3353407,C=CC(=O)Nc1cc(Nc2ncc(Cl)c(-c3cn(C)c4ccccc34)n2)c(OC)cc1N(C)CCN(C)C,IC50,=,7400.0,nM,5.130768280269024,5.13,CHEMBL5577197,CHEMBL5576081,CHEMBL240,Voltage-gated inwardly rectifying potassium channel KCNH2,Homo sapiens,T,
CHEMBL3353408,C=CC(=O)Nc1cc(Nc2ncc(Cl)c(-c3c[nH]c4ccccc34)n2)c(OC)cc1N(C)CCN(C)C,IC50,=,14800.0,nM,4.8297382846050425,4.83,CHEMBL3389028,CHEMBL3351341,CHEMBL240,Voltage-gated inwardly rectifying potassium channel KCNH2,Homo sapiens,B,
CHEMBL3353408,C=CC(=O)Nc1cc(Nc2ncc(Cl)c(-c3c[nH]c4ccccc34)n2)c(OC)cc1N(C)CCN(C)C,IC50,=,14800.0,nM,4.8297382846050425,4.83,CHEMBL5577197,CHEMBL5576081,CHEMBL240,Voltage-gated inwardly rectifying potassium channel KCNH2,Homo sapiens,T,
CHEMBL3353409,C=CC(=O)Nc1cc(Nc2ncc(C)c(-c3cn(C)c4ccccc34)n2)c(OC)cc1N(C)CCN(C)C,IC50,=,15600.0,nM,4.806875401645539,4.81,CHEMBL3389028,CHEMBL3351341,CHEMBL240,Voltage-gated inwardly rectifying potassium channel KCNH2,Homo sapiens,B,
CHEMBL3353409,C=CC(=O)Nc1cc(Nc2ncc(C)c(-c3cn(C)c4ccccc34)n2)c(OC)cc1N(C)CCN(C)C,IC50,=,15600.0,nM,4.806875401645539,4.81,CHEMBL5577197,CHEMBL5576081,CHEMBL240,Voltage-gated inwardly rectifying potassium channel KCNH2,Homo sapiens,T,
CHEMBL3353410,C=CC(=O)Nc1cc(Nc2nccc(-c3cn(C)c4ccccc34)n2)c(OC)cc1N(C)CCN(C)C,IC50,=,570.0,nM,6.2441251443275085,6.24,CHEMBL4053853,CHEMBL4052618,CHEMBL240,Voltage-gated inwardly rectifying potassium channel KCNH2,Homo sapiens,B,
CHEMBL3353410,C=CC(=O)Nc1cc(Nc2nccc(-c3cn(C)c4ccccc34)n2)c(OC)cc1N(C)CCN(C)C,IC50,=,16200.0,nM,4.790484985457369,4.79,CHEMBL3389028,CHEMBL3351341,CHEMBL240,Voltage-gated inwardly rectifying potassium channel KCNH2,Homo sapiens,B,
CHEMBL3353410,C=CC(=O)Nc1cc(Nc2nccc(-c3cn(C)c4ccccc34)n2)c(OC)cc1N(C)CCN(C)C,IC50,=,16200.0,nM,4.790484985457369,4.79,CHEMBL5577197,CHEMBL5576081,CHEMBL240,Voltage-gated inwardly rectifying potassium channel KCNH2,Homo sapiens,T,
CHEMBL3355639,CS(=O)(=O)c1ccc(-c2cnc3ccc(-c4cccc(S(=O)(=O)C5CC5)c4)nn23)cc1,IC50,=,400.0,nM,6.3979400086720375,6.4,CHEMBL3381295,CHEMBL3352608,CHEMBL240,Voltage-gated inwardly rectifying potassium channel KCNH2,Homo sapiens,B,
CHEMBL3355639,CS(=O)(=O)c1ccc(-c2cnc3ccc(-c4cccc(S(=O)(=O)C5CC5)c4)nn23)cc1,IC50,=,400.0,nM,6.3979400086720375,6.4,CHEMBL3631371,CHEMBL3627607,CHEMBL240,Voltage-gated inwardly rectifying potassium channel KCNH2,Homo sapiens,B,
CHEMBL3400817,O=C1COc2ccc(CNC34CCC(C[C@]5(O)Cn6c(=O)ccc7ncc(F)c5c76)(CC3)OC4)nc2N1,IC50,=,174000.0,nM,3.7594507517174005,,CHEMBL3404544,CHEMBL3400001,CHEMBL240,Voltage-gated inwardly rectifying potassium channel KCNH2,Homo sapiens,B,
CHEMBL3400817,O=C1COc2ccc(CNC34CCC(C[C@]5(O)Cn6c(=O)ccc7ncc(F)c5c76)(CC3)OC4)nc2N1,IC50,=,174000.0,nM,3.7594507517174005,,CHEMBL3428450,CHEMBL3425423,CHEMBL240,Voltage-gated inwardly rectifying potassium channel KCNH2,Homo sapiens,B,
CHEMBL3400817,O=C1COc2ccc(CNC34CCC(C[C@]5(O)Cn6c(=O)ccc7ncc(F)c5c76)(CC3)OC4)nc2N1,IC50,=,174000.0,nM,3.7594507517174005,,CHEMBL5224245,CHEMBL5223095,CHEMBL240,Voltage-gated inwardly rectifying potassium channel KCNH2,Homo sapiens,T,
CHEMBL3400819,O=C1COc2ccc(CNC34CCC(CC5Cn6c(=O)ccc7ncc(F)c5c76)(CC3)OC4)nc2N1,IC50,=,12300.0,nM,4.910094888560602,4.91,CHEMBL3404543,CHEMBL3400001,CHEMBL240,Voltage-gated inwardly rectifying potassium channel KCNH2,Homo sapiens,B,
CHEMBL3400819,O=C1COc2ccc(CNC34CCC(CC5Cn6c(=O)ccc7ncc(F)c5c76)(CC3)OC4)nc2N1,IC50,=,15200.0,nM,4.818156412055227,4.82,CHEMBL3404543,CHEMBL3400001,CHEMBL240,Voltage-gated inwardly rectifying potassium channel KCNH2,Homo sapiens,B,
CHEMBL3400819,O=C1COc2ccc(CNC34CCC(CC5Cn6c(=O)ccc7ncc(F)c5c76)(CC3)OC4)nc2N1,IC50,=,15800.0,nM,4.801342913045578,4.8,CHEMBL3404544,CHEMBL3400001,CHEMBL240,Voltage-gated inwardly rectifying potassium channel KCNH2,Homo sapiens,B,
CHEMBL3400819,O=C1COc2ccc(CNC34CCC(CC5Cn6c(=O)ccc7ncc(F)c5c76)(CC3)OC4)nc2N1,IC50,=,21600.0,nM,4.665546248849069,4.67,CHEMBL3404544,CHEMBL3400001,CHEMBL240,Voltage-gated inwardly rectifying potassium channel KCNH2,Homo sapiens,B,
CHEMBL3400819,O=C1COc2ccc(CNC34CCC(CC5Cn6c(=O)ccc7ncc(F)c5c76)(CC3)OC4)nc2N1,IC50,=,23000.0,nM,4.638272163982407,4.64,CHEMBL3404543,CHEMBL3400001,CHEMBL240,Voltage-gated inwardly rectifying potassium channel KCNH2,Homo sapiens,B,
CHEMBL3400819,O=C1COc2ccc(CNC34CCC(CC5Cn6c(=O)ccc7ncc(F)c5c76)(CC3)OC4)nc2N1,IC50,=,30000.0,nM,4.522878745280337,4.52,CHEMBL3404544,CHEMBL3400001,CHEMBL240,Voltage-gated inwardly rectifying potassium channel KCNH2,Homo sapiens,B,
CHEMBL3415610,COc1cccc2[nH]c(-c3nc(N[C@@H]4CCOC[C@@H]4N)cnc3C(N)=O)cc12,IC50,=,22000.0,nM,4.657577319177793,4.66,CHEMBL3418525,CHEMBL3414497,CHEMBL240,Voltage-gated inwardly rectifying potassium channel KCNH2,Homo sapiens,B,
CHEMBL3415610,COc1cccc2[nH]c(-c3nc(N[C@@H]4CCOC[C@@H]4N)cnc3C(N)=O)cc12,IC50,=,22000.0,nM,4.657577319177793,4.66,CHEMBL3865682,CHEMBL3864189,CHEMBL240,Voltage-gated inwardly rectifying potassium channel KCNH2,Homo sapiens,B,
CHEMBL3416026,NC(=O)c1nnc(N[C@@H]2CCCC[C@@H]2N)nc1Nc1cccc2cc[nH]c12,IC50,=,5000.0,nM,5.301029995663981,5.3,CHEMBL3419930,CHEMBL3414433,CHEMBL240,Voltage-gated inwardly rectifying potassium channel KCNH2,Homo sapiens,B,
CHEMBL3416026,NC(=O)c1nnc(N[C@@H]2CCCC[C@@H]2N)nc1Nc1cccc2cc[nH]c12,IC50,=,25900.0,nM,4.586700235918748,4.59,CHEMBL3419125,CHEMBL3414433,CHEMBL240,Voltage-gated inwardly rectifying potassium channel KCNH2,Homo sapiens,B,
CHEMBL3416026,NC(=O)c1nnc(N[C@@H]2CCCC[C@@H]2N)nc1Nc1cccc2cc[nH]c12,IC50,=,28000.0,nM,4.552841968657781,4.55,CHEMBL3626606,CHEMBL3621151,CHEMBL240,Voltage-gated inwardly rectifying potassium channel KCNH2,Homo sapiens,B,
CHEMBL3422009,C[C@@H]1c2nnc(-c3csc(-c4ccc(F)cc4F)n3)n2CCN1C(=O)c1ccc(-c2cccs2)cc1,IC50,=,1400.0,nM,5.853871964321762,5.85,CHEMBL3425006,CHEMBL3421625,CHEMBL240,Voltage-gated inwardly rectifying potassium channel KCNH2,Homo sapiens,B,
CHEMBL3422009,C[C@@H]1c2nnc(-c3csc(-c4ccc(F)cc4F)n3)n2CCN1C(=O)c1ccc(-c2cccs2)cc1,IC50,=,1400.0,nM,5.853871964321762,5.85,CHEMBL3610078,CHEMBL3608214,CHEMBL240,Voltage-gated inwardly rectifying potassium channel KCNH2,Homo sapiens,B,
CHEMBL3422010,Cc1nc(-c2nnc3n2CCN(C(=O)c2ccc(-c4cccs4)cc2)[C@@H]3C)cs1,IC50,=,24000.0,nM,4.619788758288394,4.62,CHEMBL3425006,CHEMBL3421625,CHEMBL240,Voltage-gated inwardly rectifying potassium channel KCNH2,Homo sapiens,B,
CHEMBL3422010,Cc1nc(-c2nnc3n2CCN(C(=O)c2ccc(-c4cccs4)cc2)[C@@H]3C)cs1,IC50,=,24000.0,nM,4.619788758288394,4.62,CHEMBL3610078,CHEMBL3608214,CHEMBL240,Voltage-gated inwardly rectifying potassium channel KCNH2,Homo sapiens,B,
CHEMBL3422012,Cc1nc(-c2nnc3n2CCN(C(=O)c2ccc(-c4cccs4)cc2)C3)cs1,IC50,=,26000.0,nM,4.585026652029182,4.58,CHEMBL3889183,CHEMBL3886979,CHEMBL240,Voltage-gated inwardly rectifying potassium channel KCNH2,Homo sapiens,B,439040
CHEMBL3422012,Cc1nc(-c2nnc3n2CCN(C(=O)c2ccc(-c4cccs4)cc2)C3)cs1,IC50,=,26000.0,nM,4.585026652029182,4.58,CHEMBL5735271,CHEMBL5727741,CHEMBL240,Voltage-gated inwardly rectifying potassium channel KCNH2,Homo sapiens,B,911953
CHEMBL3422012,Cc1nc(-c2nnc3n2CCN(C(=O)c2ccc(-c4cccs4)cc2)C3)cs1,IC50,=,27000.0,nM,4.568636235841013,4.57,CHEMBL3425006,CHEMBL3421625,CHEMBL240,Voltage-gated inwardly rectifying potassium channel KCNH2,Homo sapiens,B,
CHEMBL3422016,Cc1csc(-c2nnc3n2CCN(C(=O)c2ccc(-c4cccs4)cc2)[C@@H]3C)n1,IC50,=,17000.0,nM,4.769551078621726,4.77,CHEMBL3425006,CHEMBL3421625,CHEMBL240,Voltage-gated inwardly rectifying potassium channel KCNH2,Homo sapiens,B,
CHEMBL3422016,Cc1csc(-c2nnc3n2CCN(C(=O)c2ccc(-c4cccs4)cc2)[C@@H]3C)n1,IC50,=,17000.0,nM,4.769551078621726,4.77,CHEMBL3889183,CHEMBL3886979,CHEMBL240,Voltage-gated inwardly rectifying potassium channel KCNH2,Homo sapiens,B,439043
CHEMBL3422016,Cc1csc(-c2nnc3n2CCN(C(=O)c2ccc(-c4cccs4)cc2)[C@@H]3C)n1,IC50,=,17000.0,nM,4.769551078621726,4.77,CHEMBL5735271,CHEMBL5727741,CHEMBL240,Voltage-gated inwardly rectifying potassium channel KCNH2,Homo sapiens,B,911956
CHEMBL3422018,Cc1nsc(-c2nnc3n2CCN(C(=O)c2ccc(-c4cccs4)cc2)[C@@H]3C)n1,IC50,=,1310.0,nM,5.882728704344236,5.88,CHEMBL5621454,CHEMBL5620365,CHEMBL240,Voltage-gated inwardly rectifying potassium channel KCNH2,Homo sapiens,T,
CHEMBL3422018,Cc1nsc(-c2nnc3n2CCN(C(=O)c2ccc(-c4cccs4)cc2)[C@@H]3C)n1,IC50,=,8000.0,nM,5.096910013008056,5.1,CHEMBL3425006,CHEMBL3421625,CHEMBL240,Voltage-gated inwardly rectifying potassium channel KCNH2,Homo sapiens,B,
CHEMBL3422018,Cc1nsc(-c2nnc3n2CCN(C(=O)c2ccc(-c4cccs4)cc2)[C@@H]3C)n1,IC50,=,8000.0,nM,5.096910013008056,5.1,CHEMBL3610078,CHEMBL3608214,CHEMBL240,Voltage-gated inwardly rectifying potassium channel KCNH2,Homo sapiens,B,
CHEMBL3422755,COc1ccc2nccc(CCC34CCC(NCc5ccc6c(n5)NC(=O)CO6)(CC3)CO4)c2n1,IC50,=,560.0,nM,6.251811972993799,6.25,CHEMBL3424851,CHEMBL3421558,CHEMBL240,Voltage-gated inwardly rectifying potassium channel KCNH2,Homo sapiens,B,
CHEMBL3422755,COc1ccc2nccc(CCC34CCC(NCc5ccc6c(n5)NC(=O)CO6)(CC3)CO4)c2n1,IC50,=,1300.0,nM,5.886056647693163,5.89,CHEMBL3424852,CHEMBL3421558,CHEMBL240,Voltage-gated inwardly rectifying potassium channel KCNH2,Homo sapiens,B,
CHEMBL3422757,COc1ccc2ncc(C(F)(F)F)c(CCC34CCC(NCc5ccc6c(n5)NC(=O)CO6)(CC3)CO4)c2n1,IC50,=,130.0,nM,6.886056647693163,6.89,CHEMBL3424851,CHEMBL3421558,CHEMBL240,Voltage-gated inwardly rectifying potassium channel KCNH2,Homo sapiens,B,
CHEMBL3422757,COc1ccc2ncc(C(F)(F)F)c(CCC34CCC(NCc5ccc6c(n5)NC(=O)CO6)(CC3)CO4)c2n1,IC50,=,730.0,nM,6.136677139879544,6.14,CHEMBL3424852,CHEMBL3421558,CHEMBL240,Voltage-gated inwardly rectifying potassium channel KCNH2,Homo sapiens,B,
CHEMBL3422758,COc1ccc2ncc(C(F)F)c(CCC34CCC(NCc5ccc6c(n5)NC(=O)CO6)(CC3)CO4)c2n1,IC50,=,1750.0,nM,5.756961951313706,5.76,CHEMBL3424852,CHEMBL3421558,CHEMBL240,Voltage-gated inwardly rectifying potassium channel KCNH2,Homo sapiens,B,
CHEMBL3422758,COc1ccc2ncc(C(F)F)c(CCC34CCC(NCc5ccc6c(n5)NC(=O)CO6)(CC3)CO4)c2n1,IC50,=,5850.0,nM,5.232844133917819,5.23,CHEMBL3424851,CHEMBL3421558,CHEMBL240,Voltage-gated inwardly rectifying potassium channel KCNH2,Homo sapiens,B,
CHEMBL3422759,COc1ccc2ncc(C)c(CCC34CCC(NCc5ccc6c(n5)NC(=O)CO6)(CC3)CO4)c2n1,IC50,=,1060.0,nM,5.97469413473523,5.97,CHEMBL3424852,CHEMBL3421558,CHEMBL240,Voltage-gated inwardly rectifying potassium channel KCNH2,Homo sapiens,B,
CHEMBL3422759,COc1ccc2ncc(C)c(CCC34CCC(NCc5ccc6c(n5)NC(=O)CO6)(CC3)CO4)c2n1,IC50,=,27430.0,nM,4.561774192395471,4.56,CHEMBL3424851,CHEMBL3421558,CHEMBL240,Voltage-gated inwardly rectifying potassium channel KCNH2,Homo sapiens,B,
CHEMBL3422760,COc1ccc2ncc(CO)c(CCC34CCC(NCc5ccc6c(n5)NC(=O)CO6)(CC3)CO4)c2n1,IC50,=,1440.0,nM,5.84163750790475,5.84,CHEMBL3424851,CHEMBL3421558,CHEMBL240,Voltage-gated inwardly rectifying potassium channel KCNH2,Homo sapiens,B,
CHEMBL3422760,COc1ccc2ncc(CO)c(CCC34CCC(NCc5ccc6c(n5)NC(=O)CO6)(CC3)CO4)c2n1,IC50,=,5900.0,nM,5.229147988357855,5.23,CHEMBL3424852,CHEMBL3421558,CHEMBL240,Voltage-gated inwardly rectifying potassium channel KCNH2,Homo sapiens,B,
CHEMBL3422762,COc1ccc2ncc(S(C)(=O)=O)c(CCC34CCC(NCc5ccc6c(n5)NC(=O)CO6)(CC3)CO4)c2n1,IC50,=,1550.0,nM,5.809668301829708,5.81,CHEMBL3424851,CHEMBL3421558,CHEMBL240,Voltage-gated inwardly rectifying potassium channel KCNH2,Homo sapiens,B,
CHEMBL3422762,COc1ccc2ncc(S(C)(=O)=O)c(CCC34CCC(NCc5ccc6c(n5)NC(=O)CO6)(CC3)CO4)c2n1,IC50,=,2410.0,nM,5.617982957425132,5.62,CHEMBL3424852,CHEMBL3421558,CHEMBL240,Voltage-gated inwardly rectifying potassium channel KCNH2,Homo sapiens,B,
CHEMBL3422983,COc1ccc2ncc(C#N)c(CC(O)C34CCC(NCc5ccc6c(n5)NC(=O)CO6)(CC3)CO4)c2n1,IC50,=,2.13,nM,8.671620396561263,8.67,CHEMBL3424851,CHEMBL3421558,CHEMBL240,Voltage-gated inwardly rectifying potassium channel KCNH2,Homo sapiens,B,
CHEMBL3422983,COc1ccc2ncc(C#N)c(CC(O)C34CCC(NCc5ccc6c(n5)NC(=O)CO6)(CC3)CO4)c2n1,IC50,=,2.58,nM,8.588380294036769,8.59,CHEMBL3424851,CHEMBL3421558,CHEMBL240,Voltage-gated inwardly rectifying potassium channel KCNH2,Homo sapiens,B,
CHEMBL3425800,O=C1COc2cc(Cl)c(CNC34CCC(C[C@]5(O)Cn6c(=O)ccc7ncc(F)c5c76)(CC3)OC4)nc2N1,IC50,=,27700.0,nM,4.557520230935552,4.56,CHEMBL3428449,CHEMBL3425423,CHEMBL240,Voltage-gated inwardly rectifying potassium channel KCNH2,Homo sapiens,B,
CHEMBL3425800,O=C1COc2cc(Cl)c(CNC34CCC(C[C@]5(O)Cn6c(=O)ccc7ncc(F)c5c76)(CC3)OC4)nc2N1,IC50,=,126000.0,nM,3.8996294548824375,,CHEMBL3428450,CHEMBL3425423,CHEMBL240,Voltage-gated inwardly rectifying potassium channel KCNH2,Homo sapiens,B,
CHEMBL3425806,O=C1COc2cnc(CNC34CCC(C[C@]5(O)Cn6c(=O)ccc7ncc(F)c5c76)(CC3)OC4)cc2N1,IC50,=,11700.0,nM,4.931814138253839,4.93,CHEMBL3428449,CHEMBL3425423,CHEMBL240,Voltage-gated inwardly rectifying potassium channel KCNH2,Homo sapiens,B,
CHEMBL3425806,O=C1COc2cnc(CNC34CCC(C[C@]5(O)Cn6c(=O)ccc7ncc(F)c5c76)(CC3)OC4)cc2N1,IC50,=,30000.0,nM,4.522878745280337,4.52,CHEMBL3428450,CHEMBL3425423,CHEMBL240,Voltage-gated inwardly rectifying potassium channel KCNH2,Homo sapiens,B,
CHEMBL3425810,O=c1ccc2ncc(F)c3c2n1C[C@@]3(O)CC12CCC(NCc3cc4c(cn3)OCCO4)(CC1)CO2,IC50,=,2600.0,nM,5.585026652029182,5.58,CHEMBL3428449,CHEMBL3425423,CHEMBL240,Voltage-gated inwardly rectifying potassium channel KCNH2,Homo sapiens,B,
CHEMBL3425810,O=c1ccc2ncc(F)c3c2n1C[C@@]3(O)CC12CCC(NCc3cc4c(cn3)OCCO4)(CC1)CO2,IC50,=,764000.0,nM,3.1169066414243103,,CHEMBL3428450,CHEMBL3425423,CHEMBL240,Voltage-gated inwardly rectifying potassium channel KCNH2,Homo sapiens,B,
CHEMBL3425810,O=c1ccc2ncc(F)c3c2n1C[C@@]3(O)CC12CCC(NCc3cc4c(cn3)OCCO4)(CC1)CO2,IC50,=,764000.0,nM,3.1169066414243103,,CHEMBL5224245,CHEMBL5223095,CHEMBL240,Voltage-gated inwardly rectifying potassium channel KCNH2,Homo sapiens,T,
CHEMBL3544911,COc1cccc(OCCCN)c1-c1cc(Nc2cnc(C#N)cn2)n[nH]1,IC50,=,3300.0,nM,5.481486060122112,5.48,CHEMBL5738979,CHEMBL5729563,CHEMBL240,Voltage-gated inwardly rectifying potassium channel KCNH2,Homo sapiens,B,1247518
CHEMBL3544911,COc1cccc(OCCCN)c1-c1cc(Nc2cnc(C#N)cn2)n[nH]1,IC50,=,20000.0,nM,4.698970004336019,4.7,CHEMBL4394729,CHEMBL4393675,CHEMBL240,Voltage-gated inwardly rectifying potassium channel KCNH2,Homo sapiens,B,
CHEMBL356066,O=C(/C=C/c1ccc(CN(CCO)CCc2c[nH]c3ccccc23)cc1)NO,IC50,=,10300.0,nM,4.987162775294828,4.99,CHEMBL1810945,CHEMBL1806458,CHEMBL240,Voltage-gated inwardly rectifying potassium channel KCNH2,Homo sapiens,B,
CHEMBL356066,O=C(/C=C/c1ccc(CN(CCO)CCc2c[nH]c3ccccc23)cc1)NO,IC50,=,10300.0,nM,4.987162775294828,4.99,CHEMBL1820401,CHEMBL1817582,CHEMBL240,Voltage-gated inwardly rectifying potassium channel KCNH2,Homo sapiens,B,
CHEMBL356066,O=C(/C=C/c1ccc(CN(CCO)CCc2c[nH]c3ccccc23)cc1)NO,IC50,=,10300.0,nM,4.987162775294828,4.99,CHEMBL1819679,CHEMBL1817582,CHEMBL240,Voltage-gated inwardly rectifying potassium channel KCNH2,Homo sapiens,B,
CHEMBL356066,O=C(/C=C/c1ccc(CN(CCO)CCc2c[nH]c3ccccc23)cc1)NO,IC50,=,10300.0,nM,4.987162775294828,4.99,CHEMBL1819701,CHEMBL1817582,CHEMBL240,Voltage-gated inwardly rectifying potassium channel KCNH2,Homo sapiens,B,
CHEMBL356066,O=C(/C=C/c1ccc(CN(CCO)CCc2c[nH]c3ccccc23)cc1)NO,IC50,=,12200.0,nM,4.913640169325252,4.91,CHEMBL1111711,CHEMBL1156307,CHEMBL240,Voltage-gated inwardly rectifying potassium channel KCNH2,Homo sapiens,B,
CHEMBL3582317,Cc1nc([C@]2(c3cnn(C)c3)N[C@@H](c3nc(-c4ccc(F)cn4)c[nH]3)Cc3c2[nH]c2ccccc32)no1,IC50,=,8540.0,nM,5.068542129310995,5.07,CHEMBL3583383,CHEMBL3580651,CHEMBL240,Voltage-gated inwardly rectifying potassium channel KCNH2,Homo sapiens,B,
CHEMBL3582317,Cc1nc([C@]2(c3cnn(C)c3)N[C@@H](c3nc(-c4ccc(F)cn4)c[nH]3)Cc3c2[nH]c2ccccc32)no1,IC50,=,8544.0,nM,5.068338760315519,5.07,CHEMBL3779605,CHEMBL3774320,CHEMBL240,Voltage-gated inwardly rectifying potassium channel KCNH2,Homo sapiens,B,
CHEMBL3582317,Cc1nc([C@]2(c3cnn(C)c3)N[C@@H](c3nc(-c4ccc(F)cn4)c[nH]3)Cc3c2[nH]c2ccccc32)no1,IC50,=,12000.0,nM,4.920818753952375,4.92,CHEMBL3583384,CHEMBL3580651,CHEMBL240,Voltage-gated inwardly rectifying potassium channel KCNH2,Homo sapiens,B,
CHEMBL3582317,Cc1nc([C@]2(c3cnn(C)c3)N[C@@H](c3nc(-c4ccc(F)cn4)c[nH]3)Cc3c2[nH]c2ccccc32)no1,IC50,=,12000.0,nM,4.920818753952375,4.92,CHEMBL3776122,CHEMBL3774320,CHEMBL240,Voltage-gated inwardly rectifying potassium channel KCNH2,Homo sapiens,B,
CHEMBL3582336,CCn1cc([C@@]2(c3nn(C)c(=O)o3)N[C@@H](c3nc(-c4ccc(F)cn4)c[nH]3)Cc3c2[nH]c2ccccc32)cn1,IC50,=,27000.0,nM,4.568636235841013,4.57,CHEMBL3583384,CHEMBL3580651,CHEMBL240,Voltage-gated inwardly rectifying potassium channel KCNH2,Homo sapiens,B,
CHEMBL3582336,CCn1cc([C@@]2(c3nn(C)c(=O)o3)N[C@@H](c3nc(-c4ccc(F)cn4)c[nH]3)Cc3c2[nH]c2ccccc32)cn1,IC50,=,32200.0,nM,4.492144128304169,4.49,CHEMBL3583383,CHEMBL3580651,CHEMBL240,Voltage-gated inwardly rectifying potassium channel KCNH2,Homo sapiens,B,
CHEMBL3593771,N#Cc1ccc(N2CCC(Nc3c(C(N)=O)cnc4[nH]ccc34)CC2)nc1,IC50,=,13400.0,nM,4.872895201635193,4.87,CHEMBL3594793,CHEMBL3593212,CHEMBL240,Voltage-gated inwardly rectifying potassium channel KCNH2,Homo sapiens,B,
CHEMBL3593771,N#Cc1ccc(N2CCC(Nc3c(C(N)=O)cnc4[nH]ccc34)CC2)nc1,IC50,=,13400.0,nM,4.872895201635193,4.87,CHEMBL4429529,CHEMBL4428070,CHEMBL240,Voltage-gated inwardly rectifying potassium channel KCNH2,Homo sapiens,B,
CHEMBL3604690,COc1ccc2ncc(F)c(CCC34CCC(NCc5nc6c(cc5C)OCC(=O)N6)(CC3)CO4)c2n1,IC50,=,1000.0,nM,6.0,6.0,CHEMBL3607786,CHEMBL3603741,CHEMBL240,Voltage-gated inwardly rectifying potassium channel KCNH2,Homo sapiens,B,
CHEMBL3604690,COc1ccc2ncc(F)c(CCC34CCC(NCc5nc6c(cc5C)OCC(=O)N6)(CC3)CO4)c2n1,IC50,=,4300.0,nM,5.366531544420413,5.37,CHEMBL3607787,CHEMBL3603741,CHEMBL240,Voltage-gated inwardly rectifying potassium channel KCNH2,Homo sapiens,B,
CHEMBL3604691,COc1ccc2ncc(F)c(CCC34CCC(NCc5cc(C)c6c(n5)NC(=O)CO6)(CC3)CO4)c2n1,IC50,=,300.0,nM,6.522878745280337,6.52,CHEMBL3607786,CHEMBL3603741,CHEMBL240,Voltage-gated inwardly rectifying potassium channel KCNH2,Homo sapiens,B,
CHEMBL3604691,COc1ccc2ncc(F)c(CCC34CCC(NCc5cc(C)c6c(n5)NC(=O)CO6)(CC3)CO4)c2n1,IC50,=,2000.0,nM,5.698970004336019,5.7,CHEMBL3607787,CHEMBL3603741,CHEMBL240,Voltage-gated inwardly rectifying potassium channel KCNH2,Homo sapiens,B,
CHEMBL3604692,COc1ccc2ncc(F)c(CCC34CCC(NCc5nc6c(c(C)c5C)OCC(=O)N6)(CC3)CO4)c2n1,IC50,=,500.0,nM,6.301029995663981,6.3,CHEMBL3607786,CHEMBL3603741,CHEMBL240,Voltage-gated inwardly rectifying potassium channel KCNH2,Homo sapiens,B,
CHEMBL3604692,COc1ccc2ncc(F)c(CCC34CCC(NCc5nc6c(c(C)c5C)OCC(=O)N6)(CC3)CO4)c2n1,IC50,=,4600.0,nM,5.337242168318426,5.34,CHEMBL3607787,CHEMBL3603741,CHEMBL240,Voltage-gated inwardly rectifying potassium channel KCNH2,Homo sapiens,B,
CHEMBL3604734,Cc1cc(NCc2c(F)cccc2C(F)(F)F)c2cccc(C(N)=O)c2n1,IC50,=,398.11,nM,6.399996913372259,6.4,CHEMBL3607755,CHEMBL3603832,CHEMBL240,Voltage-gated inwardly rectifying potassium channel KCNH2,Homo sapiens,B,
CHEMBL3604734,Cc1cc(NCc2c(F)cccc2C(F)(F)F)c2cccc(C(N)=O)c2n1,IC50,=,398.11,nM,6.399996913372259,6.4,CHEMBL4222828,CHEMBL4219173,CHEMBL240,Voltage-gated inwardly rectifying potassium channel KCNH2,Homo sapiens,B,
CHEMBL3604799,COc1ccc2ncc(F)c(CCC34CCC(NCc5ccc6c(n5)NC(=O)C(C)O6)(CC3)CO4)c2n1,IC50,=,800.0,nM,6.096910013008056,6.1,CHEMBL3607786,CHEMBL3603741,CHEMBL240,Voltage-gated inwardly rectifying potassium channel KCNH2,Homo sapiens,B,
CHEMBL3604799,COc1ccc2ncc(F)c(CCC34CCC(NCc5ccc6c(n5)NC(=O)C(C)O6)(CC3)CO4)c2n1,IC50,=,1800.0,nM,5.7447274948966935,5.75,CHEMBL3607786,CHEMBL3603741,CHEMBL240,Voltage-gated inwardly rectifying potassium channel KCNH2,Homo sapiens,B,
CHEMBL3604801,CCOC(=O)C1(C)Oc2ccc(CNC34CCC(CCc5c(F)cnc6ccc(OC)nc56)(CC3)OC4)nc2NC1=O,IC50,=,2400.0,nM,5.619788758288394,5.62,CHEMBL3607786,CHEMBL3603741,CHEMBL240,Voltage-gated inwardly rectifying potassium channel KCNH2,Homo sapiens,B,
CHEMBL3604801,CCOC(=O)C1(C)Oc2ccc(CNC34CCC(CCc5c(F)cnc6ccc(OC)nc56)(CC3)OC4)nc2NC1=O,IC50,=,3600.0,nM,5.443697499232712,5.44,CHEMBL3607786,CHEMBL3603741,CHEMBL240,Voltage-gated inwardly rectifying potassium channel KCNH2,Homo sapiens,B,
CHEMBL3605120,O=C1COc2ccc(CNC34CCC(CCc5c(F)cnc6ccc(OCCO)nc56)(CC3)OC4)nc2N1,IC50,=,2900.0,nM,5.537602002101044,5.54,CHEMBL3607542,CHEMBL3603744,CHEMBL240,Voltage-gated inwardly rectifying potassium channel KCNH2,Homo sapiens,B,
CHEMBL3605120,O=C1COc2ccc(CNC34CCC(CCc5c(F)cnc6ccc(OCCO)nc56)(CC3)OC4)nc2N1,IC50,=,25000.0,nM,4.6020599913279625,4.6,CHEMBL3607541,CHEMBL3603744,CHEMBL240,Voltage-gated inwardly rectifying potassium channel KCNH2,Homo sapiens,B,
CHEMBL3608680,Cc1nsc(-c2nnc3n2CCN(C(=O)c2ccc(F)cc2)[C@@H]3C)n1,IC50,=,70000.0,nM,4.154901959985743,4.16,CHEMBL3888930,CHEMBL3886889,CHEMBL240,Voltage-gated inwardly rectifying potassium channel KCNH2,Homo sapiens,B,423436
CHEMBL3608680,Cc1nsc(-c2nnc3n2CCN(C(=O)c2ccc(F)cc2)[C@@H]3C)n1,IC50,=,70000.0,nM,4.154901959985743,4.16,CHEMBL5731263,CHEMBL5725659,CHEMBL240,Voltage-gated inwardly rectifying potassium channel KCNH2,Homo sapiens,B,535306
CHEMBL3608680,Cc1nsc(-c2nnc3n2CCN(C(=O)c2ccc(F)cc2)[C@@H]3C)n1,IC50,=,70000.0,nM,4.154901959985743,4.16,CHEMBL5736066,CHEMBL5728113,CHEMBL240,Voltage-gated inwardly rectifying potassium channel KCNH2,Homo sapiens,B,980685
CHEMBL3608684,Cc1nsc(-c2nnc3n2CCN(C(=O)c2ccc(F)cc2)C3)n1,IC50,=,50000.0,nM,4.301029995663981,4.3,CHEMBL3610078,CHEMBL3608214,CHEMBL240,Voltage-gated inwardly rectifying potassium channel KCNH2,Homo sapiens,B,
CHEMBL3608684,Cc1nsc(-c2nnc3n2CCN(C(=O)c2ccc(F)cc2)C3)n1,IC50,=,50000.0,nM,4.301029995663981,4.3,CHEMBL5733044,CHEMBL5726620,CHEMBL240,Voltage-gated inwardly rectifying potassium channel KCNH2,Homo sapiens,B,707130
CHEMBL3608687,Cc1nsc(-c2nnc3n2CCN(C(=O)c2ccc(Cl)cc2)[C@@H]3C)n1,IC50,=,66000.0,nM,4.180456064458132,4.18,CHEMBL3610078,CHEMBL3608214,CHEMBL240,Voltage-gated inwardly rectifying potassium channel KCNH2,Homo sapiens,B,
CHEMBL3608687,Cc1nsc(-c2nnc3n2CCN(C(=O)c2ccc(Cl)cc2)[C@@H]3C)n1,IC50,=,66000.0,nM,4.180456064458132,4.18,CHEMBL3888930,CHEMBL3886889,CHEMBL240,Voltage-gated inwardly rectifying potassium channel KCNH2,Homo sapiens,B,423434
CHEMBL3608687,Cc1nsc(-c2nnc3n2CCN(C(=O)c2ccc(Cl)cc2)[C@@H]3C)n1,IC50,=,66000.0,nM,4.180456064458132,4.18,CHEMBL5731263,CHEMBL5725659,CHEMBL240,Voltage-gated inwardly rectifying potassium channel KCNH2,Homo sapiens,B,535304
CHEMBL3608687,Cc1nsc(-c2nnc3n2CCN(C(=O)c2ccc(Cl)cc2)[C@@H]3C)n1,IC50,=,66000.0,nM,4.180456064458132,4.18,CHEMBL5736066,CHEMBL5728113,CHEMBL240,Voltage-gated inwardly rectifying potassium channel KCNH2,Homo sapiens,B,980683
CHEMBL3608740,Cc1nsc(-c2nnc3n2CCN(C(=O)c2ccccc2)[C@@H]3C)n1,IC50,=,50000.0,nM,4.301029995663981,4.3,CHEMBL3610078,CHEMBL3608214,CHEMBL240,Voltage-gated inwardly rectifying potassium channel KCNH2,Homo sapiens,B,
CHEMBL3608740,Cc1nsc(-c2nnc3n2CCN(C(=O)c2ccccc2)[C@@H]3C)n1,IC50,=,50000.0,nM,4.301029995663981,4.3,CHEMBL3888930,CHEMBL3886889,CHEMBL240,Voltage-gated inwardly rectifying potassium channel KCNH2,Homo sapiens,B,423448
CHEMBL3608740,Cc1nsc(-c2nnc3n2CCN(C(=O)c2ccccc2)[C@@H]3C)n1,IC50,=,50000.0,nM,4.301029995663981,4.3,CHEMBL5731263,CHEMBL5725659,CHEMBL240,Voltage-gated inwardly rectifying potassium channel KCNH2,Homo sapiens,B,535318
CHEMBL3608740,Cc1nsc(-c2nnc3n2CCN(C(=O)c2ccccc2)[C@@H]3C)n1,IC50,=,50000.0,nM,4.301029995663981,4.3,CHEMBL5736066,CHEMBL5728113,CHEMBL240,Voltage-gated inwardly rectifying potassium channel KCNH2,Homo sapiens,B,980697
CHEMBL3608741,Cc1nsc(-c2nnc3n2CCN(C(=O)c2ccc(F)cc2)[C@@H]3CCO)n1,IC50,=,50000.0,nM,4.301029995663981,4.3,CHEMBL3610078,CHEMBL3608214,CHEMBL240,Voltage-gated inwardly rectifying potassium channel KCNH2,Homo sapiens,B,
CHEMBL3608741,Cc1nsc(-c2nnc3n2CCN(C(=O)c2ccc(F)cc2)[C@@H]3CCO)n1,IC50,=,50000.0,nM,4.301029995663981,4.3,CHEMBL3888930,CHEMBL3886889,CHEMBL240,Voltage-gated inwardly rectifying potassium channel KCNH2,Homo sapiens,B,423442
CHEMBL3608741,Cc1nsc(-c2nnc3n2CCN(C(=O)c2ccc(F)cc2)[C@@H]3CCO)n1,IC50,=,50000.0,nM,4.301029995663981,4.3,CHEMBL5731263,CHEMBL5725659,CHEMBL240,Voltage-gated inwardly rectifying potassium channel KCNH2,Homo sapiens,B,535312
CHEMBL3608741,Cc1nsc(-c2nnc3n2CCN(C(=O)c2ccc(F)cc2)[C@@H]3CCO)n1,IC50,=,50000.0,nM,4.301029995663981,4.3,CHEMBL5736066,CHEMBL5728113,CHEMBL240,Voltage-gated inwardly rectifying potassium channel KCNH2,Homo sapiens,B,980691
CHEMBL3609637,COc1cc(-c2cn(C3CCc4c(F)cccc4N(CC(F)(F)F)C3=O)nn2)ccc1-n1cnc(C)c1,IC50,=,2610.0,nM,5.583359492661719,5.58,CHEMBL3611641,CHEMBL3608254,CHEMBL240,Voltage-gated inwardly rectifying potassium channel KCNH2,Homo sapiens,B,
CHEMBL3609637,COc1cc(-c2cn(C3CCc4c(F)cccc4N(CC(F)(F)F)C3=O)nn2)ccc1-n1cnc(C)c1,IC50,=,12900.0,nM,4.889410289700751,4.89,CHEMBL3611634,CHEMBL3608254,CHEMBL240,Voltage-gated inwardly rectifying potassium channel KCNH2,Homo sapiens,B,
CHEMBL3612807,Cc1c([C@@H](O)CN2CCN(C[C@H](O)c3ccc(C#N)cn3)CC2)ccc2c1COC2=O,IC50,=,12000.0,nM,4.920818753952375,4.92,CHEMBL3615686,CHEMBL3612018,CHEMBL240,Voltage-gated inwardly rectifying potassium channel KCNH2,Homo sapiens,B,
CHEMBL3612807,Cc1c([C@@H](O)CN2CCN(C[C@H](O)c3ccc(C#N)cn3)CC2)ccc2c1COC2=O,IC50,=,18000.0,nM,4.7447274948966935,4.75,CHEMBL4004312,CHEMBL4002630,CHEMBL240,Voltage-gated inwardly rectifying potassium channel KCNH2,Homo sapiens,B,
CHEMBL3612807,Cc1c([C@@H](O)CN2CCN(C[C@H](O)c3ccc(C#N)cn3)CC2)ccc2c1COC2=O,IC50,=,28000.0,nM,4.552841968657781,4.55,CHEMBL3615683,CHEMBL3612018,CHEMBL240,Voltage-gated inwardly rectifying potassium channel KCNH2,Homo sapiens,B,
CHEMBL3612810,COc1cc([C@@H](O)CN2CCN(C[C@H](O)c3ccc4c(c3C)COC4=O)CC2)ncc1C#N,IC50,=,17000.0,nM,4.769551078621726,4.77,CHEMBL3615683,CHEMBL3612018,CHEMBL240,Voltage-gated inwardly rectifying potassium channel KCNH2,Homo sapiens,B,
CHEMBL3612810,COc1cc([C@@H](O)CN2CCN(C[C@H](O)c3ccc4c(c3C)COC4=O)CC2)ncc1C#N,IC50,=,33000.0,nM,4.481486060122113,4.48,CHEMBL3615686,CHEMBL3612018,CHEMBL240,Voltage-gated inwardly rectifying potassium channel KCNH2,Homo sapiens,B,
CHEMBL3612811,COc1cc(C(O)CN2CCN(C[C@H](O)c3ccc4c(c3C)COC4=O)CC2)ccc1C#N,IC50,=,1700.0,nM,5.769551078621726,5.77,CHEMBL3615683,CHEMBL3612018,CHEMBL240,Voltage-gated inwardly rectifying potassium channel KCNH2,Homo sapiens,B,
CHEMBL3612811,COc1cc(C(O)CN2CCN(C[C@H](O)c3ccc4c(c3C)COC4=O)CC2)ccc1C#N,IC50,=,5100.0,nM,5.292429823902063,5.29,CHEMBL3615683,CHEMBL3612018,CHEMBL240,Voltage-gated inwardly rectifying potassium channel KCNH2,Homo sapiens,B,
CHEMBL3612814,Cc1nc(C(O)CN2CCN(C[C@H](O)c3ccc4c(c3C)COC4=O)CC2)ccc1C#N,IC50,=,14000.0,nM,4.853871964321762,4.85,CHEMBL3615686,CHEMBL3612018,CHEMBL240,Voltage-gated inwardly rectifying potassium channel KCNH2,Homo sapiens,B,
CHEMBL3612814,Cc1nc(C(O)CN2CCN(C[C@H](O)c3ccc4c(c3C)COC4=O)CC2)ccc1C#N,IC50,=,17000.0,nM,4.769551078621726,4.77,CHEMBL3615683,CHEMBL3612018,CHEMBL240,Voltage-gated inwardly rectifying potassium channel KCNH2,Homo sapiens,B,
CHEMBL3612923,Cc1c([C@@H](O)CN2CCN(CC(O)c3ncc(C#N)cc3Cl)CC2)ccc2c1COC2=O,IC50,=,5700.0,nM,5.2441251443275085,5.24,CHEMBL3615683,CHEMBL3612018,CHEMBL240,Voltage-gated inwardly rectifying potassium channel KCNH2,Homo sapiens,B,
CHEMBL3612923,Cc1c([C@@H](O)CN2CCN(CC(O)c3ncc(C#N)cc3Cl)CC2)ccc2c1COC2=O,IC50,=,16000.0,nM,4.795880017344075,4.8,CHEMBL3615683,CHEMBL3612018,CHEMBL240,Voltage-gated inwardly rectifying potassium channel KCNH2,Homo sapiens,B,
CHEMBL3612924,Cc1c([C@@H](O)CN2CCN(CC(O)c3cc(C4CC4)c(C#N)cn3)CC2)ccc2c1COC2=O,IC50,=,10000.0,nM,5.0,5.0,CHEMBL3615683,CHEMBL3612018,CHEMBL240,Voltage-gated inwardly rectifying potassium channel KCNH2,Homo sapiens,B,
CHEMBL3612924,Cc1c([C@@H](O)CN2CCN(CC(O)c3cc(C4CC4)c(C#N)cn3)CC2)ccc2c1COC2=O,IC50,=,11000.0,nM,4.958607314841775,4.96,CHEMBL3615683,CHEMBL3612018,CHEMBL240,Voltage-gated inwardly rectifying potassium channel KCNH2,Homo sapiens,B,
CHEMBL3612924,Cc1c([C@@H](O)CN2CCN(CC(O)c3cc(C4CC4)c(C#N)cn3)CC2)ccc2c1COC2=O,IC50,=,14000.0,nM,4.853871964321762,4.85,CHEMBL3615686,CHEMBL3612018,CHEMBL240,Voltage-gated inwardly rectifying potassium channel KCNH2,Homo sapiens,B,
CHEMBL3612925,COc1cc(C(O)CN2CCN(C[C@H](O)c3ccc4c(c3C)COC4=O)CC2)nc(C)c1C#N,IC50,=,5700.0,nM,5.2441251443275085,5.24,CHEMBL3615683,CHEMBL3612018,CHEMBL240,Voltage-gated inwardly rectifying potassium channel KCNH2,Homo sapiens,B,
CHEMBL3612925,COc1cc(C(O)CN2CCN(C[C@H](O)c3ccc4c(c3C)COC4=O)CC2)nc(C)c1C#N,IC50,=,16000.0,nM,4.795880017344075,4.8,CHEMBL3615683,CHEMBL3612018,CHEMBL240,Voltage-gated inwardly rectifying potassium channel KCNH2,Homo sapiens,B,
CHEMBL3612926,CCOc1cc(C(O)CN2CCN(C[C@H](O)c3ccc4c(c3C)COC4=O)CC2)ncc1C#N,IC50,=,7700.0,nM,5.113509274827518,5.11,CHEMBL3615683,CHEMBL3612018,CHEMBL240,Voltage-gated inwardly rectifying potassium channel KCNH2,Homo sapiens,B,
CHEMBL3612926,CCOc1cc(C(O)CN2CCN(C[C@H](O)c3ccc4c(c3C)COC4=O)CC2)ncc1C#N,IC50,=,11000.0,nM,4.958607314841775,4.96,CHEMBL3615683,CHEMBL3612018,CHEMBL240,Voltage-gated inwardly rectifying potassium channel KCNH2,Homo sapiens,B,
CHEMBL3612926,CCOc1cc(C(O)CN2CCN(C[C@H](O)c3ccc4c(c3C)COC4=O)CC2)ncc1C#N,IC50,=,12000.0,nM,4.920818753952375,4.92,CHEMBL3615686,CHEMBL3612018,CHEMBL240,Voltage-gated inwardly rectifying potassium channel KCNH2,Homo sapiens,B,
CHEMBL3612927,Cc1c([C@@H](O)CN2CCN(CC(O)c3cc(C(F)(F)F)c(C#N)cn3)CC2)ccc2c1COC2=O,IC50,=,4800.0,nM,5.318758762624412,5.32,CHEMBL3615683,CHEMBL3612018,CHEMBL240,Voltage-gated inwardly rectifying potassium channel KCNH2,Homo sapiens,B,
CHEMBL3612927,Cc1c([C@@H](O)CN2CCN(CC(O)c3cc(C(F)(F)F)c(C#N)cn3)CC2)ccc2c1COC2=O,IC50,=,10000.0,nM,5.0,5.0,CHEMBL3615683,CHEMBL3612018,CHEMBL240,Voltage-gated inwardly rectifying potassium channel KCNH2,Homo sapiens,B,
CHEMBL3612928,[2H]C([2H])([2H])Oc1cc(C(O)CN2CCN(C[C@H](O)c3ccc4c(c3C)COC4=O)CC2)ncc1C#N,IC50,=,20000.0,nM,4.698970004336019,4.7,CHEMBL3615683,CHEMBL3612018,CHEMBL240,Voltage-gated inwardly rectifying potassium channel KCNH2,Homo sapiens,B,
CHEMBL3612928,[2H]C([2H])([2H])Oc1cc(C(O)CN2CCN(C[C@H](O)c3ccc4c(c3C)COC4=O)CC2)ncc1C#N,IC50,=,21000.0,nM,4.6777807052660805,4.68,CHEMBL3615683,CHEMBL3612018,CHEMBL240,Voltage-gated inwardly rectifying potassium channel KCNH2,Homo sapiens,B,
CHEMBL3612928,[2H]C([2H])([2H])Oc1cc(C(O)CN2CCN(C[C@H](O)c3ccc4c(c3C)COC4=O)CC2)ncc1C#N,IC50,=,30000.0,nM,4.522878745280337,4.52,CHEMBL3615686,CHEMBL3612018,CHEMBL240,Voltage-gated inwardly rectifying potassium channel KCNH2,Homo sapiens,B,
CHEMBL362103,CCC[S+]([O-])CCCN(CC)CC(O)COc1ccc(C#N)cc1,IC50,=,5.0,nM,8.301029995663981,8.3,CHEMBL988126,CHEMBL1157138,CHEMBL240,Voltage-gated inwardly rectifying potassium channel KCNH2,Homo sapiens,B,
CHEMBL362103,CCC[S+]([O-])CCCN(CC)CC(O)COc1ccc(C#N)cc1,IC50,=,250.0,nM,6.6020599913279625,6.6,CHEMBL827807,CHEMBL1137856,CHEMBL240,Voltage-gated inwardly rectifying potassium channel KCNH2,Homo sapiens,B,
CHEMBL3622105,Cc1c([C@@H](O)CN2CCC3(CC2)CCN(c2ccc(C#N)cn2)C3)ccc2c1COC2=O,IC50,=,2400.0,nM,5.619788758288394,5.62,CHEMBL4004312,CHEMBL4002630,CHEMBL240,Voltage-gated inwardly rectifying potassium channel KCNH2,Homo sapiens,B,
CHEMBL3622105,Cc1c([C@@H](O)CN2CCC3(CC2)CCN(c2ccc(C#N)cn2)C3)ccc2c1COC2=O,IC50,=,96000.0,nM,4.017728766960432,4.02,CHEMBL5039908,CHEMBL5038592,CHEMBL240,Voltage-gated inwardly rectifying potassium channel KCNH2,Homo sapiens,T,
CHEMBL363295,CC(CC(c1ccccc1)c1ccccc1)NC(C)(C)C,IC50,=,500.0,nM,6.301029995663981,6.3,CHEMBL827807,CHEMBL1137856,CHEMBL240,Voltage-gated inwardly rectifying potassium channel KCNH2,Homo sapiens,B,
CHEMBL363295,CC(CC(c1ccccc1)c1ccccc1)NC(C)(C)C,IC50,=,5754.4,nM,5.2399999527072705,5.24,CHEMBL1676103,CHEMBL1671772,CHEMBL240,Voltage-gated inwardly rectifying potassium channel KCNH2,Homo sapiens,B,
CHEMBL3650825,Cc1cc(Cl)cnc1C(=O)Nc1ccc2c(c1)C1(COC(N)=N1)C1(CC1)CO2,IC50,=,4910.0,nM,5.308918507877031,5.31,CHEMBL3705667,CHEMBL3638878,CHEMBL240,Voltage-gated inwardly rectifying potassium channel KCNH2,Homo sapiens,B,288728
CHEMBL3650825,Cc1cc(Cl)cnc1C(=O)Nc1ccc2c(c1)C1(COC(N)=N1)C1(CC1)CO2,IC50,=,4910.0,nM,5.308918507877031,5.31,CHEMBL3887897,CHEMBL3886493,CHEMBL240,Voltage-gated inwardly rectifying potassium channel KCNH2,Homo sapiens,B,361963
CHEMBL3650827,N#Cc1ccc(C(=O)Nc2ccc3c(c2)C2(COC(N)=N2)C2(CC2)CO3)nc1,IC50,=,3650.0,nM,5.437707135543525,5.44,CHEMBL3705667,CHEMBL3638878,CHEMBL240,Voltage-gated inwardly rectifying potassium channel KCNH2,Homo sapiens,B,288730
CHEMBL3650827,N#Cc1ccc(C(=O)Nc2ccc3c(c2)C2(COC(N)=N2)C2(CC2)CO3)nc1,IC50,=,3650.0,nM,5.437707135543525,5.44,CHEMBL3887897,CHEMBL3886493,CHEMBL240,Voltage-gated inwardly rectifying potassium channel KCNH2,Homo sapiens,B,361965
CHEMBL3650830,NC1=NC2(c3cc(-c4cncnc4)ccc3OCC23CC3)c2cccc(F)c21,IC50,=,4250.0,nM,5.371611069949688,5.37,CHEMBL3705667,CHEMBL3638878,CHEMBL240,Voltage-gated inwardly rectifying potassium channel KCNH2,Homo sapiens,B,288733
CHEMBL3650830,NC1=NC2(c3cc(-c4cncnc4)ccc3OCC23CC3)c2cccc(F)c21,IC50,=,4250.0,nM,5.371611069949688,5.37,CHEMBL3887897,CHEMBL3886493,CHEMBL240,Voltage-gated inwardly rectifying potassium channel KCNH2,Homo sapiens,B,361968
CHEMBL3650831,NC1=NC2(CO1)c1cc(-c3cncnc3)ccc1OC(Cc1ccccc1)C21COC1,IC50,=,7730.0,nM,5.111820506081675,5.11,CHEMBL3705667,CHEMBL3638878,CHEMBL240,Voltage-gated inwardly rectifying potassium channel KCNH2,Homo sapiens,B,288735
CHEMBL3650831,NC1=NC2(CO1)c1cc(-c3cncnc3)ccc1OC(Cc1ccccc1)C21COC1,IC50,=,7730.0,nM,5.111820506081675,5.11,CHEMBL3887897,CHEMBL3886493,CHEMBL240,Voltage-gated inwardly rectifying potassium channel KCNH2,Homo sapiens,B,361970
CHEMBL3650834,CC#Cc1cncc(-c2ccc3c(c2)C2(COC(N)=N2)C2(COC2)C(CC2CC2)O3)c1,IC50,=,5220.0,nM,5.282329496997738,5.28,CHEMBL3705667,CHEMBL3638878,CHEMBL240,Voltage-gated inwardly rectifying potassium channel KCNH2,Homo sapiens,B,288737
CHEMBL3650834,CC#Cc1cncc(-c2ccc3c(c2)C2(COC(N)=N2)C2(COC2)C(CC2CC2)O3)c1,IC50,=,5220.0,nM,5.282329496997738,5.28,CHEMBL3887897,CHEMBL3886493,CHEMBL240,Voltage-gated inwardly rectifying potassium channel KCNH2,Homo sapiens,B,361972
CHEMBL3650838,NC1=NC2(CO1)c1cc(-c3cncc4ccccc34)ccc1OC1(CCC1)C21COC1,IC50,=,3700.0,nM,5.431798275933005,5.43,CHEMBL3705667,CHEMBL3638878,CHEMBL240,Voltage-gated inwardly rectifying potassium channel KCNH2,Homo sapiens,B,288742
CHEMBL3650838,NC1=NC2(CO1)c1cc(-c3cncc4ccccc34)ccc1OC1(CCC1)C21COC1,IC50,=,3700.0,nM,5.431798275933005,5.43,CHEMBL3887897,CHEMBL3886493,CHEMBL240,Voltage-gated inwardly rectifying potassium channel KCNH2,Homo sapiens,B,361977
CHEMBL3650845,CC1(C)Oc2ccc(NC(=O)c3ccc(Cl)cn3)cc2[C@@]2(COC(N)=N2)C12COC2,IC50,=,20670.0,nM,4.684659523372712,4.68,CHEMBL3705667,CHEMBL3638878,CHEMBL240,Voltage-gated inwardly rectifying potassium channel KCNH2,Homo sapiens,B,288746
CHEMBL3650845,CC1(C)Oc2ccc(NC(=O)c3ccc(Cl)cn3)cc2[C@@]2(COC(N)=N2)C12COC2,IC50,=,20670.0,nM,4.684659523372712,4.68,CHEMBL3887897,CHEMBL3886493,CHEMBL240,Voltage-gated inwardly rectifying potassium channel KCNH2,Homo sapiens,B,361981
CHEMBL3650848,CC1(C)Oc2ccc(NC(=O)c3ccc(Cl)cn3)cc2[C@@]2(COC(N)=N2)C12CC2,IC50,=,3250.0,nM,5.488116639021126,5.49,CHEMBL3705667,CHEMBL3638878,CHEMBL240,Voltage-gated inwardly rectifying potassium channel KCNH2,Homo sapiens,B,288749
CHEMBL3650848,CC1(C)Oc2ccc(NC(=O)c3ccc(Cl)cn3)cc2[C@@]2(COC(N)=N2)C12CC2,IC50,=,3250.0,nM,5.488116639021126,5.49,CHEMBL3887897,CHEMBL3886493,CHEMBL240,Voltage-gated inwardly rectifying potassium channel KCNH2,Homo sapiens,B,361984
CHEMBL3650850,COc1cnc(C(=O)Nc2ccc3c(c2)[C@@]2(COC(N)=N2)C2(CC2)C(C)(C)O3)cn1,IC50,=,20770.0,nM,4.682563503464901,4.68,CHEMBL3705667,CHEMBL3638878,CHEMBL240,Voltage-gated inwardly rectifying potassium channel KCNH2,Homo sapiens,B,288751
CHEMBL3650850,COc1cnc(C(=O)Nc2ccc3c(c2)[C@@]2(COC(N)=N2)C2(CC2)C(C)(C)O3)cn1,IC50,=,20770.0,nM,4.682563503464901,4.68,CHEMBL3887897,CHEMBL3886493,CHEMBL240,Voltage-gated inwardly rectifying potassium channel KCNH2,Homo sapiens,B,361986
CHEMBL3650851,CC1(C)Oc2ccc(NC(=O)c3cnc(C(F)F)cn3)cc2[C@@]2(COC(N)=N2)C12CC2,IC50,=,15100.0,nM,4.82102305270683,4.82,CHEMBL3705667,CHEMBL3638878,CHEMBL240,Voltage-gated inwardly rectifying potassium channel KCNH2,Homo sapiens,B,288752
CHEMBL3650851,CC1(C)Oc2ccc(NC(=O)c3cnc(C(F)F)cn3)cc2[C@@]2(COC(N)=N2)C12CC2,IC50,=,15100.0,nM,4.82102305270683,4.82,CHEMBL3887897,CHEMBL3886493,CHEMBL240,Voltage-gated inwardly rectifying potassium channel KCNH2,Homo sapiens,B,361987
CHEMBL3663684,Cc1c(-c2ccccc2)n[nH]c1C(=O)Nc1ccc([C@H]2CNCCO2)cc1,IC50,=,10780.0,nM,4.96738123914928,4.97,CHEMBL5734655,CHEMBL5727433,CHEMBL240,Voltage-gated inwardly rectifying potassium channel KCNH2,Homo sapiens,B,852507
CHEMBL3663684,Cc1c(-c2ccccc2)n[nH]c1C(=O)Nc1ccc([C@H]2CNCCO2)cc1,IC50,=,10780.0,nM,4.96738123914928,4.97,CHEMBL5738029,CHEMBL5729081,CHEMBL240,Voltage-gated inwardly rectifying potassium channel KCNH2,Homo sapiens,B,1163400
CHEMBL3664031,Nc1ccccc1NC(=O)c1cc2ccc(N3CCNCC3)cc2cn1,IC50,=,4200.0,nM,5.376750709602099,5.38,CHEMBL5735720,CHEMBL5727940,CHEMBL240,Voltage-gated inwardly rectifying potassium channel KCNH2,Homo sapiens,B,951735
CHEMBL3664031,Nc1ccccc1NC(=O)c1cc2ccc(N3CCNCC3)cc2cn1,IC50,=,4200.0,nM,5.376750709602099,5.38,CHEMBL5738851,CHEMBL5729514,CHEMBL240,Voltage-gated inwardly rectifying potassium channel KCNH2,Homo sapiens,B,1236129
CHEMBL3675746,CCc1nc2c(C)cc(C)nc2n1Cc1ccc(/C=C/CN2CCN(C(C)C)CC2)cc1,IC50,=,1000.0,nM,6.0,6.0,CHEMBL4044435,CHEMBL4043105,CHEMBL240,Voltage-gated inwardly rectifying potassium channel KCNH2,Homo sapiens,B,
CHEMBL3675746,CCc1nc2c(C)cc(C)nc2n1Cc1ccc(/C=C/CN2CCN(C(C)C)CC2)cc1,IC50,=,1000.0,nM,6.0,6.0,CHEMBL4178742,CHEMBL4177561,CHEMBL240,Voltage-gated inwardly rectifying potassium channel KCNH2,Homo sapiens,B,
CHEMBL3692706,Cc1c(CCN2CCN(C(=O)Cc3ccc(-n4cnnn4)nc3)CC2)ccc2c1COC2=O,IC50,=,17000.0,nM,4.769551078621726,4.77,CHEMBL3797007,CHEMBL3792353,CHEMBL240,Voltage-gated inwardly rectifying potassium channel KCNH2,Homo sapiens,B,
CHEMBL3692706,Cc1c(CCN2CCN(C(=O)Cc3ccc(-n4cnnn4)nc3)CC2)ccc2c1COC2=O,IC50,=,29000.0,nM,4.5376020021010435,4.54,CHEMBL3797009,CHEMBL3792353,CHEMBL240,Voltage-gated inwardly rectifying potassium channel KCNH2,Homo sapiens,B,
CHEMBL3696475,Cc1c([C@@H](O)CN2CCN(C[C@H](O)c3ccc4c(c3C)COC4=O)CC2)ccc2c1COC2=O,IC50,=,22000.0,nM,4.657577319177793,4.66,CHEMBL4427471,CHEMBL4425169,CHEMBL240,Voltage-gated inwardly rectifying potassium channel KCNH2,Homo sapiens,B,
CHEMBL3696475,Cc1c([C@@H](O)CN2CCN(C[C@H](O)c3ccc4c(c3C)COC4=O)CC2)ccc2c1COC2=O,IC50,=,22000.0,nM,4.657577319177793,4.66,CHEMBL5039908,CHEMBL5038592,CHEMBL240,Voltage-gated inwardly rectifying potassium channel KCNH2,Homo sapiens,T,
CHEMBL3696475,Cc1c([C@@H](O)CN2CCN(C[C@H](O)c3ccc4c(c3C)COC4=O)CC2)ccc2c1COC2=O,IC50,=,23000.0,nM,4.638272163982407,4.64,CHEMBL4427468,CHEMBL4425169,CHEMBL240,Voltage-gated inwardly rectifying potassium channel KCNH2,Homo sapiens,B,
CHEMBL3696476,Cc1c([C@H](O)CN2CCN(C[C@@H](O)c3ccc4c(c3C)COC4=O)CC2)ccc2c1COC2=O,IC50,=,22000.0,nM,4.657577319177793,4.66,CHEMBL4427471,CHEMBL4425169,CHEMBL240,Voltage-gated inwardly rectifying potassium channel KCNH2,Homo sapiens,B,
CHEMBL3696476,Cc1c([C@H](O)CN2CCN(C[C@@H](O)c3ccc4c(c3C)COC4=O)CC2)ccc2c1COC2=O,IC50,=,47000.0,nM,4.327902142064283,4.33,CHEMBL4427468,CHEMBL4425169,CHEMBL240,Voltage-gated inwardly rectifying potassium channel KCNH2,Homo sapiens,B,
CHEMBL3703085,CN(C)[C@H]1CC[C@H](n2cc(C(N)=O)c(Nc3ccc(Cl)cc3)n2)[C@@H](C#N)C1,IC50,=,3000.0,nM,5.522878745280337,5.52,CHEMBL4033001,CHEMBL4028908,CHEMBL240,Voltage-gated inwardly rectifying potassium channel KCNH2,Homo sapiens,B,
CHEMBL3703085,CN(C)[C@H]1CC[C@H](n2cc(C(N)=O)c(Nc3ccc(Cl)cc3)n2)[C@@H](C#N)C1,IC50,=,12200.0,nM,4.913640169325252,4.91,CHEMBL4033008,CHEMBL4028908,CHEMBL240,Voltage-gated inwardly rectifying potassium channel KCNH2,Homo sapiens,B,
CHEMBL3703220,NC1=NC2(CO1)c1cc(Br)ccc1OC(Cc1ccccc1)C21COC1,IC50,=,7930.0,nM,5.100726812682396,5.1,CHEMBL3705667,CHEMBL3638878,CHEMBL240,Voltage-gated inwardly rectifying potassium channel KCNH2,Homo sapiens,B,288642
CHEMBL3703220,NC1=NC2(CO1)c1cc(Br)ccc1OC(Cc1ccccc1)C21COC1,IC50,=,7930.0,nM,5.100726812682396,5.1,CHEMBL3887897,CHEMBL3886493,CHEMBL240,Voltage-gated inwardly rectifying potassium channel KCNH2,Homo sapiens,B,361877
CHEMBL3703237,NC1=NC2(CO1)c1cc(NC(=O)c3ccc(Cl)cn3)ccc1OCC21CC1,IC50,=,2170.0,nM,5.66354026615147,5.66,CHEMBL3705667,CHEMBL3638878,CHEMBL240,Voltage-gated inwardly rectifying potassium channel KCNH2,Homo sapiens,B,288651
CHEMBL3703237,NC1=NC2(CO1)c1cc(NC(=O)c3ccc(Cl)cn3)ccc1OCC21CC1,IC50,=,2170.0,nM,5.66354026615147,5.66,CHEMBL3887897,CHEMBL3886493,CHEMBL240,Voltage-gated inwardly rectifying potassium channel KCNH2,Homo sapiens,B,361886
CHEMBL3703254,CC#Cc1cncc(-c2ccc3c(c2)C2(COC(N)=N2)C2(CC2)CO3)c1,IC50,=,1980.0,nM,5.703334809738469,5.7,CHEMBL3705667,CHEMBL3638878,CHEMBL240,Voltage-gated inwardly rectifying potassium channel KCNH2,Homo sapiens,B,288714
CHEMBL3703254,CC#Cc1cncc(-c2ccc3c(c2)C2(COC(N)=N2)C2(CC2)CO3)c1,IC50,=,1980.0,nM,5.703334809738469,5.7,CHEMBL3887897,CHEMBL3886493,CHEMBL240,Voltage-gated inwardly rectifying potassium channel KCNH2,Homo sapiens,B,361949
CHEMBL3703254,CC#Cc1cncc(-c2ccc3c(c2)C2(COC(N)=N2)C2(CC2)CO3)c1,IC50,=,4830.0,nM,5.316052869248487,5.32,CHEMBL3705667,CHEMBL3638878,CHEMBL240,Voltage-gated inwardly rectifying potassium channel KCNH2,Homo sapiens,B,288659
CHEMBL3703254,CC#Cc1cncc(-c2ccc3c(c2)C2(COC(N)=N2)C2(CC2)CO3)c1,IC50,=,4830.0,nM,5.316052869248487,5.32,CHEMBL3887897,CHEMBL3886493,CHEMBL240,Voltage-gated inwardly rectifying potassium channel KCNH2,Homo sapiens,B,361894
CHEMBL3703255,CC#Cc1cncc(-c2ccc3c(c2)C2(COC(N)=N2)C2(COC2)CO3)c1,IC50,=,9400.0,nM,5.026872146400301,5.03,CHEMBL3705667,CHEMBL3638878,CHEMBL240,Voltage-gated inwardly rectifying potassium channel KCNH2,Homo sapiens,B,288711
CHEMBL3703255,CC#Cc1cncc(-c2ccc3c(c2)C2(COC(N)=N2)C2(COC2)CO3)c1,IC50,=,9400.0,nM,5.026872146400301,5.03,CHEMBL3887897,CHEMBL3886493,CHEMBL240,Voltage-gated inwardly rectifying potassium channel KCNH2,Homo sapiens,B,361946
CHEMBL3703258,NC1=NC2(CO1)c1cc(-c3cncc(C4CC4)c3)ccc1OCC21CC1,IC50,=,3480.0,nM,5.458420756053419,5.46,CHEMBL3705667,CHEMBL3638878,CHEMBL240,Voltage-gated inwardly rectifying potassium channel KCNH2,Homo sapiens,B,288663
CHEMBL3703258,NC1=NC2(CO1)c1cc(-c3cncc(C4CC4)c3)ccc1OCC21CC1,IC50,=,3480.0,nM,5.458420756053419,5.46,CHEMBL3887897,CHEMBL3886493,CHEMBL240,Voltage-gated inwardly rectifying potassium channel KCNH2,Homo sapiens,B,361898
CHEMBL3703259,NC1=NC2(CO1)c1cc(-c3cncc(OCC(F)(F)F)c3)ccc1OCC21CC1,IC50,=,5810.0,nM,5.235823867609669,5.24,CHEMBL3705667,CHEMBL3638878,CHEMBL240,Voltage-gated inwardly rectifying potassium channel KCNH2,Homo sapiens,B,288664
CHEMBL3703259,NC1=NC2(CO1)c1cc(-c3cncc(OCC(F)(F)F)c3)ccc1OCC21CC1,IC50,=,5810.0,nM,5.235823867609669,5.24,CHEMBL3887897,CHEMBL3886493,CHEMBL240,Voltage-gated inwardly rectifying potassium channel KCNH2,Homo sapiens,B,361899
CHEMBL3703260,NC1=NC2(CO1)c1cc(-c3cncc(OCC(F)F)c3)ccc1OCC21CC1,IC50,=,6900.0,nM,5.161150909262744,5.16,CHEMBL3705667,CHEMBL3638878,CHEMBL240,Voltage-gated inwardly rectifying potassium channel KCNH2,Homo sapiens,B,288665
CHEMBL3703260,NC1=NC2(CO1)c1cc(-c3cncc(OCC(F)F)c3)ccc1OCC21CC1,IC50,=,6900.0,nM,5.161150909262744,5.16,CHEMBL3887897,CHEMBL3886493,CHEMBL240,Voltage-gated inwardly rectifying potassium channel KCNH2,Homo sapiens,B,361900
CHEMBL3703261,NC1=NC2(CO1)c1cc(-c3cncc(OC(F)F)c3)ccc1OCC21CC1,IC50,=,2780.0,nM,5.555955204081924,5.56,CHEMBL3705667,CHEMBL3638878,CHEMBL240,Voltage-gated inwardly rectifying potassium channel KCNH2,Homo sapiens,B,288666
CHEMBL3703261,NC1=NC2(CO1)c1cc(-c3cncc(OC(F)F)c3)ccc1OCC21CC1,IC50,=,2780.0,nM,5.555955204081924,5.56,CHEMBL3887897,CHEMBL3886493,CHEMBL240,Voltage-gated inwardly rectifying potassium channel KCNH2,Homo sapiens,B,361901
CHEMBL3703262,NC1=NC2(CO1)c1cc(-c3cnc4[nH]ccc4c3)ccc1OCC21CC1,IC50,=,9220.0,nM,5.035269078946371,5.04,CHEMBL3705667,CHEMBL3638878,CHEMBL240,Voltage-gated inwardly rectifying potassium channel KCNH2,Homo sapiens,B,288667
CHEMBL3703262,NC1=NC2(CO1)c1cc(-c3cnc4[nH]ccc4c3)ccc1OCC21CC1,IC50,=,9220.0,nM,5.035269078946371,5.04,CHEMBL3887897,CHEMBL3886493,CHEMBL240,Voltage-gated inwardly rectifying potassium channel KCNH2,Homo sapiens,B,361902
CHEMBL3703263,NC1=NC2(CO1)c1cc(-c3cnc4[nH]cc(Cl)c4c3)ccc1OCC21CC1,IC50,=,4430.0,nM,5.3535962737769305,5.35,CHEMBL3705667,CHEMBL3638878,CHEMBL240,Voltage-gated inwardly rectifying potassium channel KCNH2,Homo sapiens,B,288668
CHEMBL3703263,NC1=NC2(CO1)c1cc(-c3cnc4[nH]cc(Cl)c4c3)ccc1OCC21CC1,IC50,=,4430.0,nM,5.3535962737769305,5.35,CHEMBL3887897,CHEMBL3886493,CHEMBL240,Voltage-gated inwardly rectifying potassium channel KCNH2,Homo sapiens,B,361903
CHEMBL3703264,CCc1cncc(-c2ccc3c(c2)C2(COC(N)=N2)C2(CC2)CO3)c1,IC50,=,4480.0,nM,5.3487219860018556,5.35,CHEMBL3705667,CHEMBL3638878,CHEMBL240,Voltage-gated inwardly rectifying potassium channel KCNH2,Homo sapiens,B,288669
CHEMBL3703264,CCc1cncc(-c2ccc3c(c2)C2(COC(N)=N2)C2(CC2)CO3)c1,IC50,=,4480.0,nM,5.3487219860018556,5.35,CHEMBL3887897,CHEMBL3886493,CHEMBL240,Voltage-gated inwardly rectifying potassium channel KCNH2,Homo sapiens,B,361904
CHEMBL3703265,NC1=NC2(CO1)c1cc(-c3cncc(OCC(F)(F)C(F)F)c3)ccc1OCC21CC1,IC50,=,1670.0,nM,5.777283528852417,5.78,CHEMBL3705667,CHEMBL3638878,CHEMBL240,Voltage-gated inwardly rectifying potassium channel KCNH2,Homo sapiens,B,288670
CHEMBL3703265,NC1=NC2(CO1)c1cc(-c3cncc(OCC(F)(F)C(F)F)c3)ccc1OCC21CC1,IC50,=,1670.0,nM,5.777283528852417,5.78,CHEMBL3887897,CHEMBL3886493,CHEMBL240,Voltage-gated inwardly rectifying potassium channel KCNH2,Homo sapiens,B,361905
CHEMBL3703266,COc1ccnc(-c2ccc3c(c2)C2(COC(N)=N2)C2(COC2)C(C)(C)O3)c1,IC50,=,9770.0,nM,5.010105436281227,5.01,CHEMBL3705667,CHEMBL3638878,CHEMBL240,Voltage-gated inwardly rectifying potassium channel KCNH2,Homo sapiens,B,288671
CHEMBL3703266,COc1ccnc(-c2ccc3c(c2)C2(COC(N)=N2)C2(COC2)C(C)(C)O3)c1,IC50,=,9770.0,nM,5.010105436281227,5.01,CHEMBL3887897,CHEMBL3886493,CHEMBL240,Voltage-gated inwardly rectifying potassium channel KCNH2,Homo sapiens,B,361906
CHEMBL3703268,CC#Cc1cncc(-c2ccc3c(c2)C2(CSC(N)=N2)C2(COC2)CO3)c1,IC50,=,6050.0,nM,5.2182446253475305,5.22,CHEMBL3705667,CHEMBL3638878,CHEMBL240,Voltage-gated inwardly rectifying potassium channel KCNH2,Homo sapiens,B,288674
CHEMBL3703268,CC#Cc1cncc(-c2ccc3c(c2)C2(CSC(N)=N2)C2(COC2)CO3)c1,IC50,=,6050.0,nM,5.2182446253475305,5.22,CHEMBL3887897,CHEMBL3886493,CHEMBL240,Voltage-gated inwardly rectifying potassium channel KCNH2,Homo sapiens,B,361909
CHEMBL3703271,COc1cncc(-c2ccc3c(c2)C2(COC(N)=N2)C2(COC2)C2(CCC2)O3)c1,IC50,=,8220.0,nM,5.0851281824599495,5.08,CHEMBL3705667,CHEMBL3638878,CHEMBL240,Voltage-gated inwardly rectifying potassium channel KCNH2,Homo sapiens,B,288678
CHEMBL3703271,COc1cncc(-c2ccc3c(c2)C2(COC(N)=N2)C2(COC2)C2(CCC2)O3)c1,IC50,=,8220.0,nM,5.0851281824599495,5.08,CHEMBL3887897,CHEMBL3886493,CHEMBL240,Voltage-gated inwardly rectifying potassium channel KCNH2,Homo sapiens,B,361913
CHEMBL3703285,CC#Cc1cncc(-c2ccc3c(c2)C2(COC(N)=N2)C2(COC2)C(CC)O3)c1,IC50,=,7940.0,nM,5.100179497572904,5.1,CHEMBL3705667,CHEMBL3638878,CHEMBL240,Voltage-gated inwardly rectifying potassium channel KCNH2,Homo sapiens,B,288690
CHEMBL3703285,CC#Cc1cncc(-c2ccc3c(c2)C2(COC(N)=N2)C2(COC2)C(CC)O3)c1,IC50,=,7940.0,nM,5.100179497572904,5.1,CHEMBL3887897,CHEMBL3886493,CHEMBL240,Voltage-gated inwardly rectifying potassium channel KCNH2,Homo sapiens,B,361925
CHEMBL3703289,CC#Cc1cncc(-c2ccc3c(c2)C2(COC(N)=N2)C2(COC2)C(CCC)O3)c1,IC50,=,5340.0,nM,5.272458742971444,5.27,CHEMBL3705667,CHEMBL3638878,CHEMBL240,Voltage-gated inwardly rectifying potassium channel KCNH2,Homo sapiens,B,288695
CHEMBL3703289,CC#Cc1cncc(-c2ccc3c(c2)C2(COC(N)=N2)C2(COC2)C(CCC)O3)c1,IC50,=,5340.0,nM,5.272458742971444,5.27,CHEMBL3887897,CHEMBL3886493,CHEMBL240,Voltage-gated inwardly rectifying potassium channel KCNH2,Homo sapiens,B,361930
CHEMBL3703295,NC1=NC2(CO1)c1cc(-c3cncnc3)ccc1OCC21CCC1,IC50,=,5280.0,nM,5.277366077466188,5.28,CHEMBL3705667,CHEMBL3638878,CHEMBL240,Voltage-gated inwardly rectifying potassium channel KCNH2,Homo sapiens,B,288704
CHEMBL3703295,NC1=NC2(CO1)c1cc(-c3cncnc3)ccc1OCC21CCC1,IC50,=,5280.0,nM,5.277366077466188,5.28,CHEMBL3887897,CHEMBL3886493,CHEMBL240,Voltage-gated inwardly rectifying potassium channel KCNH2,Homo sapiens,B,361939
CHEMBL3703298,NC1=NC2(CO1)c1cc(-c3cc(Cl)cnc3F)ccc1OCC21CC1,IC50,=,3250.0,nM,5.488116639021126,5.49,CHEMBL3705667,CHEMBL3638878,CHEMBL240,Voltage-gated inwardly rectifying potassium channel KCNH2,Homo sapiens,B,288707
CHEMBL3703298,NC1=NC2(CO1)c1cc(-c3cc(Cl)cnc3F)ccc1OCC21CC1,IC50,=,3250.0,nM,5.488116639021126,5.49,CHEMBL3887897,CHEMBL3886493,CHEMBL240,Voltage-gated inwardly rectifying potassium channel KCNH2,Homo sapiens,B,361942
CHEMBL3703299,COc1cncc(-c2ccc3c(c2)C2(COC(N)=N2)C2(CC2)CO3)c1,IC50,=,7900.0,nM,5.102372908709558,5.1,CHEMBL3705667,CHEMBL3638878,CHEMBL240,Voltage-gated inwardly rectifying potassium channel KCNH2,Homo sapiens,B,288708
CHEMBL3703299,COc1cncc(-c2ccc3c(c2)C2(COC(N)=N2)C2(CC2)CO3)c1,IC50,=,7900.0,nM,5.102372908709558,5.1,CHEMBL3887897,CHEMBL3886493,CHEMBL240,Voltage-gated inwardly rectifying potassium channel KCNH2,Homo sapiens,B,361943
CHEMBL3703300,CCOc1cncc(-c2ccc3c(c2)C2(COC(N)=N2)C2(CC2)CO3)c1,IC50,=,5750.0,nM,5.2403321553103694,5.24,CHEMBL3705667,CHEMBL3638878,CHEMBL240,Voltage-gated inwardly rectifying potassium channel KCNH2,Homo sapiens,B,288709
CHEMBL3703300,CCOc1cncc(-c2ccc3c(c2)C2(COC(N)=N2)C2(CC2)CO3)c1,IC50,=,5750.0,nM,5.2403321553103694,5.24,CHEMBL3887897,CHEMBL3886493,CHEMBL240,Voltage-gated inwardly rectifying potassium channel KCNH2,Homo sapiens,B,361944
CHEMBL3703301,NC1=NC2(CO1)c1cc(-c3cncc(Cl)c3)ccc1OCC21CC1,IC50,=,2910.0,nM,5.536107011014092,5.54,CHEMBL3705667,CHEMBL3638878,CHEMBL240,Voltage-gated inwardly rectifying potassium channel KCNH2,Homo sapiens,B,288710
CHEMBL3703301,NC1=NC2(CO1)c1cc(-c3cncc(Cl)c3)ccc1OCC21CC1,IC50,=,2910.0,nM,5.536107011014092,5.54,CHEMBL3887897,CHEMBL3886493,CHEMBL240,Voltage-gated inwardly rectifying potassium channel KCNH2,Homo sapiens,B,361945
CHEMBL3703304,CC#Cc1cncc(-c2cc3c(cc2F)OCC2(CC2)C32COC(N)=N2)c1,IC50,=,4320.0,nM,5.364516253185088,5.37,CHEMBL3705667,CHEMBL3638878,CHEMBL240,Voltage-gated inwardly rectifying potassium channel KCNH2,Homo sapiens,B,288715
CHEMBL3703304,CC#Cc1cncc(-c2cc3c(cc2F)OCC2(CC2)C32COC(N)=N2)c1,IC50,=,4320.0,nM,5.364516253185088,5.37,CHEMBL3887897,CHEMBL3886493,CHEMBL240,Voltage-gated inwardly rectifying potassium channel KCNH2,Homo sapiens,B,361950
CHEMBL3707392,O=C1c2cc(-c3ccc(OC(F)(F)F)cc3)ccc2OCCN1Cc1ncccn1,IC50,=,5700.0,nM,5.2441251443275085,5.24,CHEMBL3883131,CHEMBL3882737,CHEMBL240,Voltage-gated inwardly rectifying potassium channel KCNH2,Homo sapiens,B,
CHEMBL3707392,O=C1c2cc(-c3ccc(OC(F)(F)F)cc3)ccc2OCCN1Cc1ncccn1,IC50,=,6000.0,nM,5.221848749616356,5.22,CHEMBL4766000,CHEMBL4765231,CHEMBL240,Voltage-gated inwardly rectifying potassium channel KCNH2,Homo sapiens,B,
CHEMBL370805,COC(=O)[C@H]1[C@@H](OC(=O)c2ccccc2)C[C@@H]2CC[C@H]1N2C,IC50,=,4.4,nM,8.356547323513812,8.36,CHEMBL822598,CHEMBL1135758,CHEMBL240,Voltage-gated inwardly rectifying potassium channel KCNH2,Homo sapiens,F,
CHEMBL370805,COC(=O)[C@H]1[C@@H](OC(=O)c2ccccc2)C[C@@H]2CC[C@H]1N2C,IC50,=,5754.4,nM,5.2399999527072705,5.24,CHEMBL832278,CHEMBL1142050,CHEMBL240,Voltage-gated inwardly rectifying potassium channel KCNH2,Homo sapiens,F,
CHEMBL370805,COC(=O)[C@H]1[C@@H](OC(=O)c2ccccc2)C[C@@H]2CC[C@H]1N2C,IC50,=,5754.4,nM,5.2399999527072705,5.24,CHEMBL1023674,CHEMBL1158373,CHEMBL240,Voltage-gated inwardly rectifying potassium channel KCNH2,Homo sapiens,B,
CHEMBL370805,COC(=O)[C@H]1[C@@H](OC(=O)c2ccccc2)C[C@@H]2CC[C@H]1N2C,IC50,=,7244.36,nM,5.139999976065226,5.14,CHEMBL766814,CHEMBL1136167,CHEMBL240,Voltage-gated inwardly rectifying potassium channel KCNH2,Homo sapiens,B,
CHEMBL370805,COC(=O)[C@H]1[C@@H](OC(=O)c2ccccc2)C[C@@H]2CC[C@H]1N2C,IC50,=,7244.36,nM,5.139999976065226,5.14,CHEMBL829152,CHEMBL1139598,CHEMBL240,Voltage-gated inwardly rectifying potassium channel KCNH2,Homo sapiens,B,
CHEMBL370805,COC(=O)[C@H]1[C@@H](OC(=O)c2ccccc2)C[C@@H]2CC[C@H]1N2C,IC50,=,7244.36,nM,5.139999976065226,5.14,CHEMBL954102,CHEMBL1150324,CHEMBL240,Voltage-gated inwardly rectifying potassium channel KCNH2,Homo sapiens,B,
CHEMBL3735506,COCCN1CCC(CNC(=O)c2n[nH]c3ccc(-c4cccc(F)c4F)cc23)CC1,IC50,=,44.0,nM,7.356547323513812,7.36,CHEMBL4615929,CHEMBL4613299,CHEMBL240,Voltage-gated inwardly rectifying potassium channel KCNH2,Homo sapiens,B,
CHEMBL3735506,COCCN1CCC(CNC(=O)c2n[nH]c3ccc(-c4cccc(F)c4F)cc23)CC1,IC50,=,49.9,nM,7.30189945437661,7.3,CHEMBL5738581,CHEMBL5729383,CHEMBL240,Voltage-gated inwardly rectifying potassium channel KCNH2,Homo sapiens,B,1216173
CHEMBL3742114,CCOC(=O)C1=C(CN2CCOCC2)NC(c2nccs2)=NC1c1ccc(F)cc1Br,IC50,=,860.0,nM,6.065501548756432,6.07,CHEMBL4028623,CHEMBL4024802,CHEMBL240,Voltage-gated inwardly rectifying potassium channel KCNH2,Homo sapiens,B,
CHEMBL3742114,CCOC(=O)C1=C(CN2CCOCC2)NC(c2nccs2)=NC1c1ccc(F)cc1Br,IC50,=,1340.0,nM,5.872895201635192,5.87,CHEMBL5330667,CHEMBL5329208,CHEMBL240,Voltage-gated inwardly rectifying potassium channel KCNH2,Homo sapiens,T,
CHEMBL374731,Cc1cn([C@@H]2C[C@@H](O)[C@H](CO)O2)c(=O)[nH]c1=O,IC50,=,5011872.34,nM,2.29999999967702,,CHEMBL3430720,CHEMBL3430320,CHEMBL240,Voltage-gated inwardly rectifying potassium channel KCNH2,Homo sapiens,F,
CHEMBL374731,Cc1cn([C@@H]2C[C@@H](O)[C@H](CO)O2)c(=O)[nH]c1=O,IC50,=,158489319.25,nM,0.7999999999893443,,CHEMBL3430351,CHEMBL3430320,CHEMBL240,Voltage-gated inwardly rectifying potassium channel KCNH2,Homo sapiens,F,
CHEMBL3752154,COc1ccc2ncc(F)c(CC(N)C34CCC(NCc5ccc6c(n5)NC(=O)CO6)(CC3)CO4)c2n1,IC50,=,1200.0,nM,5.920818753952375,5.92,CHEMBL3755637,CHEMBL3751822,CHEMBL240,Voltage-gated inwardly rectifying potassium channel KCNH2,Homo sapiens,B,
CHEMBL3752154,COc1ccc2ncc(F)c(CC(N)C34CCC(NCc5ccc6c(n5)NC(=O)CO6)(CC3)CO4)c2n1,IC50,=,14000.0,nM,4.853871964321762,4.85,CHEMBL3755636,CHEMBL3751822,CHEMBL240,Voltage-gated inwardly rectifying potassium channel KCNH2,Homo sapiens,B,
CHEMBL3752154,COc1ccc2ncc(F)c(CC(N)C34CCC(NCc5ccc6c(n5)NC(=O)CO6)(CC3)CO4)c2n1,IC50,=,14600.0,nM,4.835647144215563,4.84,CHEMBL3755637,CHEMBL3751822,CHEMBL240,Voltage-gated inwardly rectifying potassium channel KCNH2,Homo sapiens,B,
CHEMBL3753902,COc1ccc2ncc(F)c(C(O)CC34CCC(NCc5ccc6c(n5)NC(=O)CO6)(CC3)CO4)c2n1,IC50,=,1300.0,nM,5.886056647693163,5.89,CHEMBL3755637,CHEMBL3751822,CHEMBL240,Voltage-gated inwardly rectifying potassium channel KCNH2,Homo sapiens,B,
CHEMBL3753902,COc1ccc2ncc(F)c(C(O)CC34CCC(NCc5ccc6c(n5)NC(=O)CO6)(CC3)CO4)c2n1,IC50,=,4000.0,nM,5.3979400086720375,5.4,CHEMBL3755637,CHEMBL3751822,CHEMBL240,Voltage-gated inwardly rectifying potassium channel KCNH2,Homo sapiens,B,
CHEMBL3754258,COc1ccc2ncc(F)c(C(=O)CC34CCC(NCc5ccc6c(n5)NC(=O)CO6)(CC3)CO4)c2n1,IC50,=,1200.0,nM,5.920818753952375,5.92,CHEMBL3755637,CHEMBL3751822,CHEMBL240,Voltage-gated inwardly rectifying potassium channel KCNH2,Homo sapiens,B,
CHEMBL3754258,COc1ccc2ncc(F)c(C(=O)CC34CCC(NCc5ccc6c(n5)NC(=O)CO6)(CC3)CO4)c2n1,IC50,=,3700.0,nM,5.431798275933005,5.43,CHEMBL3755636,CHEMBL3751822,CHEMBL240,Voltage-gated inwardly rectifying potassium channel KCNH2,Homo sapiens,B,
CHEMBL3754515,Nc1ccc(-c2cnc(N)c(-c3ccc(Cl)cc3)c2)cn1,IC50,=,1800.0,nM,5.7447274948966935,5.75,CHEMBL3755587,CHEMBL3751803,CHEMBL240,Voltage-gated inwardly rectifying potassium channel KCNH2,Homo sapiens,B,
CHEMBL3754515,Nc1ccc(-c2cnc(N)c(-c3ccc(Cl)cc3)c2)cn1,IC50,=,1800.0,nM,5.7447274948966935,5.75,CHEMBL4681980,CHEMBL4680107,CHEMBL240,Voltage-gated inwardly rectifying potassium channel KCNH2,Homo sapiens,B,
CHEMBL376488,COc1nc2ccc(Br)cc2cc1[C@@H](c1ccccc1)[C@@](O)(CCN(C)C)c1cccc2ccccc12,IC50,=,370.0,nM,6.431798275933005,6.43,CHEMBL4181645,CHEMBL4177672,CHEMBL240,Voltage-gated inwardly rectifying potassium channel KCNH2,Homo sapiens,B,
CHEMBL376488,COc1nc2ccc(Br)cc2cc1[C@@H](c1ccccc1)[C@@](O)(CCN(C)C)c1cccc2ccccc12,IC50,=,370.0,nM,6.431798275933005,6.43,CHEMBL4221371,CHEMBL4219096,CHEMBL240,Voltage-gated inwardly rectifying potassium channel KCNH2,Homo sapiens,B,
CHEMBL376488,COc1nc2ccc(Br)cc2cc1[C@@H](c1ccccc1)[C@@](O)(CCN(C)C)c1cccc2ccccc12,IC50,=,1036.0,nM,5.984640244590786,5.99,CHEMBL5588136,CHEMBL5584339,CHEMBL240,Voltage-gated inwardly rectifying potassium channel KCNH2,Homo sapiens,T,
CHEMBL376488,COc1nc2ccc(Br)cc2cc1[C@@H](c1ccccc1)[C@@](O)(CCN(C)C)c1cccc2ccccc12,IC50,=,1600.0,nM,5.795880017344075,5.8,CHEMBL4135532,CHEMBL4130520,CHEMBL240,Voltage-gated inwardly rectifying potassium channel KCNH2,Homo sapiens,B,
CHEMBL376488,COc1nc2ccc(Br)cc2cc1[C@@H](c1ccccc1)[C@@](O)(CCN(C)C)c1cccc2ccccc12,IC50,=,1600.0,nM,5.795880017344075,5.8,CHEMBL4221368,CHEMBL4219096,CHEMBL240,Voltage-gated inwardly rectifying potassium channel KCNH2,Homo sapiens,B,
CHEMBL376488,COc1nc2ccc(Br)cc2cc1[C@@H](c1ccccc1)[C@@](O)(CCN(C)C)c1cccc2ccccc12,IC50,=,1600.0,nM,5.795880017344075,5.8,CHEMBL4481698,CHEMBL4480421,CHEMBL240,Voltage-gated inwardly rectifying potassium channel KCNH2,Homo sapiens,B,
CHEMBL376488,COc1nc2ccc(Br)cc2cc1[C@@H](c1ccccc1)[C@@](O)(CCN(C)C)c1cccc2ccccc12,IC50,=,1600.0,nM,5.795880017344075,5.8,CHEMBL4481758,CHEMBL4480425,CHEMBL240,Voltage-gated inwardly rectifying potassium channel KCNH2,Homo sapiens,B,
CHEMBL376488,COc1nc2ccc(Br)cc2cc1[C@@H](c1ccccc1)[C@@](O)(CCN(C)C)c1cccc2ccccc12,IC50,=,1600.0,nM,5.795880017344075,5.8,CHEMBL4610754,CHEMBL4610003,CHEMBL240,Voltage-gated inwardly rectifying potassium channel KCNH2,Homo sapiens,B,
CHEMBL376488,COc1nc2ccc(Br)cc2cc1[C@@H](c1ccccc1)[C@@](O)(CCN(C)C)c1cccc2ccccc12,IC50,=,1600.0,nM,5.795880017344075,5.8,CHEMBL5265642,CHEMBL5260858,CHEMBL240,Voltage-gated inwardly rectifying potassium channel KCNH2,Homo sapiens,T,
CHEMBL3774411,Cn1c(SCCCN2CC3CCN(c4ccc(C(F)(F)F)cc4)C3C2)nnc1-c1cc[nH]c(=O)c1,IC50,=,1258.93,nM,5.899998417198648,5.9,CHEMBL3776609,CHEMBL3774368,CHEMBL240,Voltage-gated inwardly rectifying potassium channel KCNH2,Homo sapiens,B,
CHEMBL3774411,Cn1c(SCCCN2CC3CCN(c4ccc(C(F)(F)F)cc4)C3C2)nnc1-c1cc[nH]c(=O)c1,IC50,=,2511.89,nM,5.59999938302362,5.6,CHEMBL3776609,CHEMBL3774368,CHEMBL240,Voltage-gated inwardly rectifying potassium channel KCNH2,Homo sapiens,B,
CHEMBL3774649,Cn1c(SCCCN2CC3CCN(c4ccccc4)C3C2)nnc1C1CCOCC1,IC50,=,3162.28,nM,5.499999678657065,5.5,CHEMBL3776609,CHEMBL3774368,CHEMBL240,Voltage-gated inwardly rectifying potassium channel KCNH2,Homo sapiens,B,
CHEMBL3774649,Cn1c(SCCCN2CC3CCN(c4ccccc4)C3C2)nnc1C1CCOCC1,IC50,=,3981.07,nM,5.40000018605658,5.4,CHEMBL3776609,CHEMBL3774368,CHEMBL240,Voltage-gated inwardly rectifying potassium channel KCNH2,Homo sapiens,B,
CHEMBL3774683,Cn1c(SCCCN2CC3CCN(c4ccc(C(F)(F)F)cc4)C3C2)nnc1-c1cnccn1,IC50,=,125.89,nM,6.900008766455315,6.9,CHEMBL3776609,CHEMBL3774368,CHEMBL240,Voltage-gated inwardly rectifying potassium channel KCNH2,Homo sapiens,B,
CHEMBL3774683,Cn1c(SCCCN2CC3CCN(c4ccc(C(F)(F)F)cc4)C3C2)nnc1-c1cnccn1,IC50,=,251.19,nM,6.599997654072045,6.6,CHEMBL3776609,CHEMBL3774368,CHEMBL240,Voltage-gated inwardly rectifying potassium channel KCNH2,Homo sapiens,B,
CHEMBL3774769,Cn1c(SCCCN2CC3CCN(c4ccc(C(F)(F)F)cc4)C3C2)nnc1-c1ccc(=O)n(C)c1,IC50,=,251.19,nM,6.599997654072045,6.6,CHEMBL3776609,CHEMBL3774368,CHEMBL240,Voltage-gated inwardly rectifying potassium channel KCNH2,Homo sapiens,B,
CHEMBL3774769,Cn1c(SCCCN2CC3CCN(c4ccc(C(F)(F)F)cc4)C3C2)nnc1-c1ccc(=O)n(C)c1,IC50,=,1258.93,nM,5.899998417198648,5.9,CHEMBL3776609,CHEMBL3774368,CHEMBL240,Voltage-gated inwardly rectifying potassium channel KCNH2,Homo sapiens,B,
CHEMBL3774769,Cn1c(SCCCN2CC3CCN(c4ccc(C(F)(F)F)cc4)C3C2)nnc1-c1ccc(=O)n(C)c1,IC50,=,1995.26,nM,5.700000503883016,5.7,CHEMBL3776609,CHEMBL3774368,CHEMBL240,Voltage-gated inwardly rectifying potassium channel KCNH2,Homo sapiens,B,
CHEMBL3774783,Cn1c(SCCCN2CC3CCN(c4ccccc4C(F)(F)F)C3C2)nnc1-c1cnccn1,IC50,=,1258.93,nM,5.899998417198648,5.9,CHEMBL3776609,CHEMBL3774368,CHEMBL240,Voltage-gated inwardly rectifying potassium channel KCNH2,Homo sapiens,B,
CHEMBL3774783,Cn1c(SCCCN2CC3CCN(c4ccccc4C(F)(F)F)C3C2)nnc1-c1cnccn1,IC50,=,1584.89,nM,5.800000874803203,5.8,CHEMBL3776609,CHEMBL3774368,CHEMBL240,Voltage-gated inwardly rectifying potassium channel KCNH2,Homo sapiens,B,
CHEMBL3775197,Cn1c(SCCCN2CC3CCN(c4ccccc4C(F)(F)F)C3C2)nnc1-c1cccnc1,IC50,=,1995.26,nM,5.700000503883016,5.7,CHEMBL3776609,CHEMBL3774368,CHEMBL240,Voltage-gated inwardly rectifying potassium channel KCNH2,Homo sapiens,B,
CHEMBL3775197,Cn1c(SCCCN2CC3CCN(c4ccccc4C(F)(F)F)C3C2)nnc1-c1cccnc1,IC50,=,5011.87,nM,5.300000202445418,5.3,CHEMBL3776609,CHEMBL3774368,CHEMBL240,Voltage-gated inwardly rectifying potassium channel KCNH2,Homo sapiens,B,
CHEMBL3775226,Cc1ncoc1-c1nnc(SCCCN2CC3CCN(c4ccc(C(F)(F)F)cc4F)C3C2)n1C,IC50,=,199.53,nM,6.699991797446187,6.7,CHEMBL3776609,CHEMBL3774368,CHEMBL240,Voltage-gated inwardly rectifying potassium channel KCNH2,Homo sapiens,B,
CHEMBL3775226,Cc1ncoc1-c1nnc(SCCCN2CC3CCN(c4ccc(C(F)(F)F)cc4F)C3C2)n1C,IC50,=,398.11,nM,6.399996913372259,6.4,CHEMBL3776609,CHEMBL3774368,CHEMBL240,Voltage-gated inwardly rectifying potassium channel KCNH2,Homo sapiens,B,
CHEMBL3775226,Cc1ncoc1-c1nnc(SCCCN2CC3CCN(c4ccc(C(F)(F)F)cc4F)C3C2)n1C,IC50,=,15848.93,nM,4.800000052738446,4.8,CHEMBL3776609,CHEMBL3774368,CHEMBL240,Voltage-gated inwardly rectifying potassium channel KCNH2,Homo sapiens,B,
CHEMBL3775243,Cn1c(SCCCN2CC3CCN(c4ccc(C(F)(F)F)cc4)C3C2)nnc1N1CCOCC1,IC50,=,125.89,nM,6.900008766455315,6.9,CHEMBL3776609,CHEMBL3774368,CHEMBL240,Voltage-gated inwardly rectifying potassium channel KCNH2,Homo sapiens,B,
CHEMBL3775243,Cn1c(SCCCN2CC3CCN(c4ccc(C(F)(F)F)cc4)C3C2)nnc1N1CCOCC1,IC50,=,501.19,nM,6.299997602857746,6.3,CHEMBL3776609,CHEMBL3774368,CHEMBL240,Voltage-gated inwardly rectifying potassium channel KCNH2,Homo sapiens,B,
CHEMBL3775589,Cc1ncoc1-c1nnc(SCCCN2CC3CCN(c4ccccc4)C3C2)n1C,IC50,=,1258.93,nM,5.899998417198648,5.9,CHEMBL3776609,CHEMBL3774368,CHEMBL240,Voltage-gated inwardly rectifying potassium channel KCNH2,Homo sapiens,B,
CHEMBL3775589,Cc1ncoc1-c1nnc(SCCCN2CC3CCN(c4ccccc4)C3C2)n1C,IC50,=,1584.89,nM,5.800000874803203,5.8,CHEMBL3776609,CHEMBL3774368,CHEMBL240,Voltage-gated inwardly rectifying potassium channel KCNH2,Homo sapiens,B,
CHEMBL377566,CN(C)C(=O)N1N=C(c2cc(F)ccc2F)C[C@@]1(CCCN)c1ccccc1,IC50,=,19300.0,nM,4.714442690992226,4.71,CHEMBL870149,CHEMBL1147831,CHEMBL240,Voltage-gated inwardly rectifying potassium channel KCNH2,Homo sapiens,T,
CHEMBL377566,CN(C)C(=O)N1N=C(c2cc(F)ccc2F)C[C@@]1(CCCN)c1ccccc1,IC50,=,19300.0,nM,4.714442690992226,4.71,CHEMBL893743,CHEMBL1147937,CHEMBL240,Voltage-gated inwardly rectifying potassium channel KCNH2,Homo sapiens,T,
CHEMBL3775729,CC1(c2nc(-c3ccccc3)c[nH]2)Cc2c([nH]c3ccccc23)C(C2CCOCC2)N1,IC50,=,530.0,nM,6.275724130399211,6.28,CHEMBL3779605,CHEMBL3774320,CHEMBL240,Voltage-gated inwardly rectifying potassium channel KCNH2,Homo sapiens,B,
CHEMBL3775729,CC1(c2nc(-c3ccccc3)c[nH]2)Cc2c([nH]c3ccccc23)C(C2CCOCC2)N1,IC50,=,1634.0,nM,5.786747947803603,5.79,CHEMBL3779605,CHEMBL3774320,CHEMBL240,Voltage-gated inwardly rectifying potassium channel KCNH2,Homo sapiens,B,
CHEMBL3775729,CC1(c2nc(-c3ccccc3)c[nH]2)Cc2c([nH]c3ccccc23)C(C2CCOCC2)N1,IC50,=,2175.0,nM,5.662540738709344,5.66,CHEMBL3779605,CHEMBL3774320,CHEMBL240,Voltage-gated inwardly rectifying potassium channel KCNH2,Homo sapiens,B,
CHEMBL3775729,CC1(c2nc(-c3ccccc3)c[nH]2)Cc2c([nH]c3ccccc23)C(C2CCOCC2)N1,IC50,=,2946.0,nM,5.5307672574933875,5.53,CHEMBL3779605,CHEMBL3774320,CHEMBL240,Voltage-gated inwardly rectifying potassium channel KCNH2,Homo sapiens,B,
CHEMBL3775737,Cn1c(SCCCN2CC3CCN(c4ccc(F)cc4)C3C2)nnc1C1CCOCC1,IC50,=,794.33,nM,6.0999990348465305,6.1,CHEMBL3776609,CHEMBL3774368,CHEMBL240,Voltage-gated inwardly rectifying potassium channel KCNH2,Homo sapiens,B,
CHEMBL3775737,Cn1c(SCCCN2CC3CCN(c4ccc(F)cc4)C3C2)nnc1C1CCOCC1,IC50,=,6309.57,nM,5.200000237109354,5.2,CHEMBL3776609,CHEMBL3774368,CHEMBL240,Voltage-gated inwardly rectifying potassium channel KCNH2,Homo sapiens,B,
CHEMBL3785865,Cc1c(O)ccc2c1C(=O)N(Cc1ccccc1-c1ccccc1)C2C(=O)NC(C)(C)C,IC50,=,26000.0,nM,4.585026652029182,4.58,CHEMBL3790041,CHEMBL3784945,CHEMBL240,Voltage-gated inwardly rectifying potassium channel KCNH2,Homo sapiens,B,
CHEMBL3785865,Cc1c(O)ccc2c1C(=O)N(Cc1ccccc1-c1ccccc1)C2C(=O)NC(C)(C)C,IC50,=,46000.0,nM,4.337242168318426,4.34,CHEMBL3790041,CHEMBL3784945,CHEMBL240,Voltage-gated inwardly rectifying potassium channel KCNH2,Homo sapiens,B,
CHEMBL3792423,O=C1OCc2cc(CCC3CCN(C(=O)Cc4ccc(-n5cnnn5)nc4)CC3)ccc21,IC50,=,2000.0,nM,5.698970004336019,5.7,CHEMBL3797007,CHEMBL3792353,CHEMBL240,Voltage-gated inwardly rectifying potassium channel KCNH2,Homo sapiens,B,
CHEMBL3792423,O=C1OCc2cc(CCC3CCN(C(=O)Cc4ccc(-n5cnnn5)nc4)CC3)ccc21,IC50,=,5400.0,nM,5.267606240177031,5.27,CHEMBL3797009,CHEMBL3792353,CHEMBL240,Voltage-gated inwardly rectifying potassium channel KCNH2,Homo sapiens,B,
CHEMBL3793380,Cc1cc(-n2cnnn2)cnc1CC(=O)N1CCN(CCc2ccc3c(c2C)COC3=O)CC1,IC50,=,52000.0,nM,4.2839966563652006,4.28,CHEMBL3797009,CHEMBL3792353,CHEMBL240,Voltage-gated inwardly rectifying potassium channel KCNH2,Homo sapiens,B,
CHEMBL3793380,Cc1cc(-n2cnnn2)cnc1CC(=O)N1CCN(CCc2ccc3c(c2C)COC3=O)CC1,IC50,=,52000.0,nM,4.2839966563652006,4.28,CHEMBL3797007,CHEMBL3792353,CHEMBL240,Voltage-gated inwardly rectifying potassium channel KCNH2,Homo sapiens,B,
CHEMBL3794155,O=C1OCc2cc(CCN3CCN(C(=O)Cc4ccc(-n5cnnn5)nc4)CC3)ccc21,IC50,=,4500.0,nM,5.346787486224656,5.35,CHEMBL3797007,CHEMBL3792353,CHEMBL240,Voltage-gated inwardly rectifying potassium channel KCNH2,Homo sapiens,B,
CHEMBL3794155,O=C1OCc2cc(CCN3CCN(C(=O)Cc4ccc(-n5cnnn5)nc4)CC3)ccc21,IC50,=,9300.0,nM,5.031517051446064,5.03,CHEMBL3797009,CHEMBL3792353,CHEMBL240,Voltage-gated inwardly rectifying potassium channel KCNH2,Homo sapiens,B,
CHEMBL3794292,Cc1c(C(C)CN2CCN(C(=O)Cc3ccc(-n4cnnn4)nc3)CC2)ccc2c1COC2=O,IC50,=,30000.0,nM,4.522878745280337,4.52,CHEMBL3797007,CHEMBL3792353,CHEMBL240,Voltage-gated inwardly rectifying potassium channel KCNH2,Homo sapiens,B,
CHEMBL3794292,Cc1c(C(C)CN2CCN(C(=O)Cc3ccc(-n4cnnn4)nc3)CC2)ccc2c1COC2=O,IC50,=,49000.0,nM,4.309803919971486,4.31,CHEMBL3797009,CHEMBL3792353,CHEMBL240,Voltage-gated inwardly rectifying potassium channel KCNH2,Homo sapiens,B,
CHEMBL3814374,CC(C)Oc1cc([C@@](Cc2ccccc2)(NC[C@H](O)CC(F)(F)F)c2cc(F)cc(OC(F)(F)C(F)F)c2)ccc1F,IC50,=,25600.0,nM,4.591760034688151,4.59,CHEMBL3815833,CHEMBL3813624,CHEMBL240,Voltage-gated inwardly rectifying potassium channel KCNH2,Homo sapiens,B,
CHEMBL3814374,CC(C)Oc1cc([C@@](Cc2ccccc2)(NC[C@H](O)CC(F)(F)F)c2cc(F)cc(OC(F)(F)C(F)F)c2)ccc1F,IC50,=,28000.0,nM,4.552841968657781,4.55,CHEMBL3815836,CHEMBL3813624,CHEMBL240,Voltage-gated inwardly rectifying potassium channel KCNH2,Homo sapiens,B,
CHEMBL3814424,CN(C/C=C/c1ccc(C(F)(F)F)cc1)Cc1cccc2ccoc12.Cl,IC50,=,3700.0,nM,5.431798275933005,5.43,CHEMBL4027662,CHEMBL4024779,CHEMBL240,Voltage-gated inwardly rectifying potassium channel KCNH2,Homo sapiens,B,
CHEMBL3814424,CN(C/C=C/c1ccc(C(F)(F)F)cc1)Cc1cccc2ccoc12.Cl,IC50,=,3710.0,nM,5.430626090384954,5.43,CHEMBL3816785,CHEMBL3813689,CHEMBL240,Voltage-gated inwardly rectifying potassium channel KCNH2,Homo sapiens,B,
CHEMBL3827961,COc1ccc(/C=C/CN(C)Cc2ccc3c(c2)CCCCC3)cc1.Cl,IC50,=,3200.0,nM,5.494850021680094,5.5,CHEMBL4019656,CHEMBL4017515,CHEMBL240,Voltage-gated inwardly rectifying potassium channel KCNH2,Homo sapiens,B,
CHEMBL3827961,COc1ccc(/C=C/CN(C)Cc2ccc3c(c2)CCCCC3)cc1.Cl,IC50,=,3200.0,nM,5.494850021680094,5.5,CHEMBL4255809,CHEMBL4251700,CHEMBL240,Voltage-gated inwardly rectifying potassium channel KCNH2,Homo sapiens,B,
CHEMBL3828074,CCc1nc2c(C)cc(N3CCN(CC(=O)N4CC(O)C4)CC3)cn2c1N(C)c1nc(-c2ccc(F)cc2)c(C#N)s1,IC50,=,15000.0,nM,4.823908740944319,4.82,CHEMBL4051903,CHEMBL4049443,CHEMBL240,Voltage-gated inwardly rectifying potassium channel KCNH2,Homo sapiens,B,
CHEMBL3828074,CCc1nc2c(C)cc(N3CCN(CC(=O)N4CC(O)C4)CC3)cn2c1N(C)c1nc(-c2ccc(F)cc2)c(C#N)s1,IC50,=,15000.0,nM,4.823908740944319,4.82,CHEMBL4051888,CHEMBL4049443,CHEMBL240,Voltage-gated inwardly rectifying potassium channel KCNH2,Homo sapiens,B,
CHEMBL3828074,CCc1nc2c(C)cc(N3CCN(CC(=O)N4CC(O)C4)CC3)cn2c1N(C)c1nc(-c2ccc(F)cc2)c(C#N)s1,IC50,=,15000.0,nM,4.823908740944319,4.82,CHEMBL5537402,CHEMBL5537112,CHEMBL240,Voltage-gated inwardly rectifying potassium channel KCNH2,Homo sapiens,B,
CHEMBL3828585,CN(C/C=C/c1ccc(C(F)(F)F)cc1)Cc1ccc2c(c1)CCCC2.Cl,IC50,=,1400.0,nM,5.853871964321762,5.85,CHEMBL4019656,CHEMBL4017515,CHEMBL240,Voltage-gated inwardly rectifying potassium channel KCNH2,Homo sapiens,B,
CHEMBL3828585,CN(C/C=C/c1ccc(C(F)(F)F)cc1)Cc1ccc2c(c1)CCCC2.Cl,IC50,=,1400.0,nM,5.853871964321762,5.85,CHEMBL4255809,CHEMBL4251700,CHEMBL240,Voltage-gated inwardly rectifying potassium channel KCNH2,Homo sapiens,B,
CHEMBL384400,CCN(CC)Cc1ccc2c(c1)CC[C@H](N1CCN(CCc3ccc(Cl)cc3)CC1=O)C2,IC50,=,3300.0,nM,5.481486060122112,5.48,CHEMBL854894,CHEMBL1137586,CHEMBL240,Voltage-gated inwardly rectifying potassium channel KCNH2,Homo sapiens,B,
CHEMBL384400,CCN(CC)Cc1ccc2c(c1)CC[C@H](N1CCN(CCc3ccc(Cl)cc3)CC1=O)C2,IC50,=,3300.0,nM,5.481486060122112,5.48,CHEMBL903920,CHEMBL1142907,CHEMBL240,Voltage-gated inwardly rectifying potassium channel KCNH2,Homo sapiens,B,
CHEMBL387971,COCCOCC#Cc1cc(-c2n[nH]c3c2C(=O)c2cc(CN4CCN(C)CC4)ccc2-3)cs1,IC50,=,5300.0,nM,5.275724130399211,5.28,CHEMBL914758,CHEMBL1147155,CHEMBL240,Voltage-gated inwardly rectifying potassium channel KCNH2,Homo sapiens,T,
CHEMBL387971,COCCOCC#Cc1cc(-c2n[nH]c3c2C(=O)c2cc(CN4CCN(C)CC4)ccc2-3)cs1,IC50,=,9400.0,nM,5.026872146400301,5.03,CHEMBL914755,CHEMBL1147155,CHEMBL240,Voltage-gated inwardly rectifying potassium channel KCNH2,Homo sapiens,B,
CHEMBL38827,CCCCN(CCCC)CC(O)c1cc(Cl)cc2c1-c1ccc(Cl)cc1/C2=C/c1ccc(Cl)cc1,IC50,=,377.0,nM,6.423658649794207,6.42,CHEMBL4013657,CHEMBL4011644,CHEMBL240,Voltage-gated inwardly rectifying potassium channel KCNH2,Homo sapiens,B,
CHEMBL38827,CCCCN(CCCC)CC(O)c1cc(Cl)cc2c1-c1ccc(Cl)cc1/C2=C/c1ccc(Cl)cc1,IC50,=,380.0,nM,6.42021640338319,6.42,CHEMBL5215423,CHEMBL5214895,CHEMBL240,Voltage-gated inwardly rectifying potassium channel KCNH2,Homo sapiens,T,
CHEMBL38827,CCCCN(CCCC)CC(O)c1cc(Cl)cc2c1-c1ccc(Cl)cc1/C2=C/c1ccc(Cl)cc1,IC50,=,380.0,nM,6.42021640338319,6.42,CHEMBL6090810,CHEMBL6087468,CHEMBL240,Voltage-gated inwardly rectifying potassium channel KCNH2,Homo sapiens,T,
CHEMBL38827,CCCCN(CCCC)CC(O)c1cc(Cl)cc2c1-c1ccc(Cl)cc1/C2=C/c1ccc(Cl)cc1,IC50,=,8100.0,nM,5.09151498112135,5.09,CHEMBL827807,CHEMBL1137856,CHEMBL240,Voltage-gated inwardly rectifying potassium channel KCNH2,Homo sapiens,B,
CHEMBL38827,CCCCN(CCCC)CC(O)c1cc(Cl)cc2c1-c1ccc(Cl)cc1/C2=C/c1ccc(Cl)cc1,IC50,=,8128.31,nM,5.089999741487069,5.09,CHEMBL1676103,CHEMBL1671772,CHEMBL240,Voltage-gated inwardly rectifying potassium channel KCNH2,Homo sapiens,B,
CHEMBL3895053,C[C@]1(O)CC[C@H](Nc2ccc3ncc(-c4cccc(OC(F)(F)F)c4)n3n2)CC1,IC50,=,26000.0,nM,4.585026652029182,4.58,CHEMBL3888917,CHEMBL3886885,CHEMBL240,Voltage-gated inwardly rectifying potassium channel KCNH2,Homo sapiens,B,422706
CHEMBL3895053,C[C@]1(O)CC[C@H](Nc2ccc3ncc(-c4cccc(OC(F)(F)F)c4)n3n2)CC1,IC50,=,26000.0,nM,4.585026652029182,4.58,CHEMBL5730850,CHEMBL5725461,CHEMBL240,Voltage-gated inwardly rectifying potassium channel KCNH2,Homo sapiens,B,487360
CHEMBL3895053,C[C@]1(O)CC[C@H](Nc2ccc3ncc(-c4cccc(OC(F)(F)F)c4)n3n2)CC1,IC50,=,26000.0,nM,4.585026652029182,4.58,CHEMBL5734332,CHEMBL5727268,CHEMBL240,Voltage-gated inwardly rectifying potassium channel KCNH2,Homo sapiens,B,822054
CHEMBL3895053,C[C@]1(O)CC[C@H](Nc2ccc3ncc(-c4cccc(OC(F)(F)F)c4)n3n2)CC1,IC50,=,26000.0,nM,4.585026652029182,4.58,CHEMBL5736241,CHEMBL5728181,CHEMBL240,Voltage-gated inwardly rectifying potassium channel KCNH2,Homo sapiens,B,988039
CHEMBL3897632,FC(F)Oc1cc(-c2cnn(Cc3cc[nH]n3)c2)ccc1Cl,IC50,=,5.21,nM,8.283162276700475,8.28,CHEMBL5731865,CHEMBL5726011,CHEMBL240,Voltage-gated inwardly rectifying potassium channel KCNH2,Homo sapiens,B,597945
CHEMBL3897632,FC(F)Oc1cc(-c2cnn(Cc3cc[nH]n3)c2)ccc1Cl,IC50,=,9560.0,nM,5.0195421077239,5.02,CHEMBL3865242,CHEMBL3864170,CHEMBL240,Voltage-gated inwardly rectifying potassium channel KCNH2,Homo sapiens,B,
CHEMBL3900159,Cc1c([C@H]2CN3CCN(C(=O)Cc4ccc(-n5cnnn5)nc4)C[C@H]3CO2)ccc2c1COC2=O,IC50,=,26800.0,nM,4.5718652059712115,4.57,CHEMBL3869648,CHEMBL3868612,CHEMBL240,Voltage-gated inwardly rectifying potassium channel KCNH2,Homo sapiens,B,
CHEMBL3900159,Cc1c([C@H]2CN3CCN(C(=O)Cc4ccc(-n5cnnn5)nc4)C[C@H]3CO2)ccc2c1COC2=O,IC50,=,56500.0,nM,4.247951552180561,4.25,CHEMBL3869650,CHEMBL3868612,CHEMBL240,Voltage-gated inwardly rectifying potassium channel KCNH2,Homo sapiens,B,
CHEMBL3908640,O=S1(=O)CCC(CNc2ccc3ncc(-c4cccc(OC(F)(F)F)c4)n3n2)CC1,IC50,=,10000.0,nM,5.0,5.0,CHEMBL3888917,CHEMBL3886885,CHEMBL240,Voltage-gated inwardly rectifying potassium channel KCNH2,Homo sapiens,B,422713
CHEMBL3908640,O=S1(=O)CCC(CNc2ccc3ncc(-c4cccc(OC(F)(F)F)c4)n3n2)CC1,IC50,=,10000.0,nM,5.0,5.0,CHEMBL5730850,CHEMBL5725461,CHEMBL240,Voltage-gated inwardly rectifying potassium channel KCNH2,Homo sapiens,B,487367
CHEMBL3908640,O=S1(=O)CCC(CNc2ccc3ncc(-c4cccc(OC(F)(F)F)c4)n3n2)CC1,IC50,=,10000.0,nM,5.0,5.0,CHEMBL5734332,CHEMBL5727268,CHEMBL240,Voltage-gated inwardly rectifying potassium channel KCNH2,Homo sapiens,B,822061
CHEMBL3908640,O=S1(=O)CCC(CNc2ccc3ncc(-c4cccc(OC(F)(F)F)c4)n3n2)CC1,IC50,=,10000.0,nM,5.0,5.0,CHEMBL5736241,CHEMBL5728181,CHEMBL240,Voltage-gated inwardly rectifying potassium channel KCNH2,Homo sapiens,B,988046
CHEMBL3912135,C[C@]1(O)CC[C@H](Nc2ccc3ncc(-c4cccc(C(F)(F)F)c4)n3n2)CC1,IC50,=,12000.0,nM,4.920818753952375,4.92,CHEMBL3888917,CHEMBL3886885,CHEMBL240,Voltage-gated inwardly rectifying potassium channel KCNH2,Homo sapiens,B,422703
CHEMBL3912135,C[C@]1(O)CC[C@H](Nc2ccc3ncc(-c4cccc(C(F)(F)F)c4)n3n2)CC1,IC50,=,12000.0,nM,4.920818753952375,4.92,CHEMBL5730850,CHEMBL5725461,CHEMBL240,Voltage-gated inwardly rectifying potassium channel KCNH2,Homo sapiens,B,487357
CHEMBL3912135,C[C@]1(O)CC[C@H](Nc2ccc3ncc(-c4cccc(C(F)(F)F)c4)n3n2)CC1,IC50,=,12000.0,nM,4.920818753952375,4.92,CHEMBL5734332,CHEMBL5727268,CHEMBL240,Voltage-gated inwardly rectifying potassium channel KCNH2,Homo sapiens,B,822051
CHEMBL3912135,C[C@]1(O)CC[C@H](Nc2ccc3ncc(-c4cccc(C(F)(F)F)c4)n3n2)CC1,IC50,=,12000.0,nM,4.920818753952375,4.92,CHEMBL5736241,CHEMBL5728181,CHEMBL240,Voltage-gated inwardly rectifying potassium channel KCNH2,Homo sapiens,B,988036
CHEMBL3918431,c1ccc2cc(NC3=NC[C@@]4(CN5CCC4CC5)O3)ncc2c1,IC50,=,3200.0,nM,5.494850021680094,5.5,CHEMBL3997250,CHEMBL3994648,CHEMBL240,Voltage-gated inwardly rectifying potassium channel KCNH2,Homo sapiens,B,
CHEMBL3918431,c1ccc2cc(NC3=NC[C@@]4(CN5CCC4CC5)O3)ncc2c1,IC50,=,3200.0,nM,5.494850021680094,5.5,CHEMBL4004722,CHEMBL4002647,CHEMBL240,Voltage-gated inwardly rectifying potassium channel KCNH2,Homo sapiens,B,
CHEMBL3918431,c1ccc2cc(NC3=NC[C@@]4(CN5CCC4CC5)O3)ncc2c1,IC50,=,3220.0,nM,5.492144128304169,5.49,CHEMBL3878944,CHEMBL3877302,CHEMBL240,Voltage-gated inwardly rectifying potassium channel KCNH2,Homo sapiens,B,
CHEMBL3921885,Cn1c(SCCCN2CC[C@]3(C[C@@H]3c3ccc(F)cc3F)C2)nnc1-c1cccnc1,IC50,=,2754.23,nM,5.5599997955387845,5.56,CHEMBL3855279,CHEMBL3853329,CHEMBL240,Voltage-gated inwardly rectifying potassium channel KCNH2,Homo sapiens,B,
CHEMBL3921885,Cn1c(SCCCN2CC[C@]3(C[C@@H]3c3ccc(F)cc3F)C2)nnc1-c1cccnc1,IC50,=,2800.0,nM,5.552841968657781,5.55,CHEMBL3855279,CHEMBL3853329,CHEMBL240,Voltage-gated inwardly rectifying potassium channel KCNH2,Homo sapiens,B,
CHEMBL3922156,Cc1c([C@@H]2CN3CCN(C(=O)Cc4ccc(-n5cnnn5)nc4)C[C@@H]3CO2)ccc2c1COC2=O,IC50,=,59400.0,nM,4.2262135550188065,4.23,CHEMBL3869648,CHEMBL3868612,CHEMBL240,Voltage-gated inwardly rectifying potassium channel KCNH2,Homo sapiens,B,
CHEMBL3922156,Cc1c([C@@H]2CN3CCN(C(=O)Cc4ccc(-n5cnnn5)nc4)C[C@@H]3CO2)ccc2c1COC2=O,IC50,=,74900.0,nM,4.125518182300533,4.13,CHEMBL3869650,CHEMBL3868612,CHEMBL240,Voltage-gated inwardly rectifying potassium channel KCNH2,Homo sapiens,B,
CHEMBL3927856,FC(F)Oc1cc(-c2cnn(Cc3cn[nH]c3)c2)ccc1Cl,IC50,=,8.23,nM,8.08460016478773,8.09,CHEMBL5731865,CHEMBL5726011,CHEMBL240,Voltage-gated inwardly rectifying potassium channel KCNH2,Homo sapiens,B,597946
CHEMBL3927856,FC(F)Oc1cc(-c2cnn(Cc3cn[nH]c3)c2)ccc1Cl,IC50,=,52600.0,nM,4.279014255846261,4.28,CHEMBL3865242,CHEMBL3864170,CHEMBL240,Voltage-gated inwardly rectifying potassium channel KCNH2,Homo sapiens,B,
CHEMBL3929578,Cc1c([C@@H]2CN3CCN(C(=O)Cc4ccc(-n5cnnn5)nc4)C[C@H]3CO2)ccc2c1COC2=O,IC50,=,19700.0,nM,4.705533773838407,4.71,CHEMBL3869650,CHEMBL3868612,CHEMBL240,Voltage-gated inwardly rectifying potassium channel KCNH2,Homo sapiens,B,
CHEMBL3929578,Cc1c([C@@H]2CN3CCN(C(=O)Cc4ccc(-n5cnnn5)nc4)C[C@H]3CO2)ccc2c1COC2=O,IC50,=,21100.0,nM,4.675717544702307,4.68,CHEMBL3869648,CHEMBL3868612,CHEMBL240,Voltage-gated inwardly rectifying potassium channel KCNH2,Homo sapiens,B,
CHEMBL3929927,Cc1cc(C#N)cc(C)c1Oc1nc(NC2CCN(Cc3ccc(S(N)(=O)=O)cc3)CC2)nc2ccsc12,IC50,=,130.0,nM,6.886056647693163,6.89,CHEMBL4359448,CHEMBL4354878,CHEMBL240,Voltage-gated inwardly rectifying potassium channel KCNH2,Homo sapiens,B,
CHEMBL3929927,Cc1cc(C#N)cc(C)c1Oc1nc(NC2CCN(Cc3ccc(S(N)(=O)=O)cc3)CC2)nc2ccsc12,IC50,=,130.0,nM,6.886056647693163,6.89,CHEMBL4381402,CHEMBL4376885,CHEMBL240,Voltage-gated inwardly rectifying potassium channel KCNH2,Homo sapiens,B,
CHEMBL3929927,Cc1cc(C#N)cc(C)c1Oc1nc(NC2CCN(Cc3ccc(S(N)(=O)=O)cc3)CC2)nc2ccsc12,IC50,=,130.0,nM,6.886056647693163,6.89,CHEMBL4832854,CHEMBL4831515,CHEMBL240,Voltage-gated inwardly rectifying potassium channel KCNH2,Homo sapiens,A,
CHEMBL3933749,Cc1c([C@@H]2CN3CCN(C(=O)Cc4ccc(-n5cnnn5)cn4)C[C@H]3CO2)ccc(F)c1C#N,IC50,=,20300.0,nM,4.692503962086787,4.69,CHEMBL3869650,CHEMBL3868612,CHEMBL240,Voltage-gated inwardly rectifying potassium channel KCNH2,Homo sapiens,B,
CHEMBL3933749,Cc1c([C@@H]2CN3CCN(C(=O)Cc4ccc(-n5cnnn5)cn4)C[C@H]3CO2)ccc(F)c1C#N,IC50,=,20300.0,nM,4.692503962086787,4.69,CHEMBL4322077,CHEMBL4321786,CHEMBL240,Voltage-gated inwardly rectifying potassium channel KCNH2,Homo sapiens,B,
CHEMBL3936854,Cn1cc(Cn2cc(-c3ccc(Cl)c(OC(F)F)c3)cn2)cn1,IC50,=,119.0,nM,6.924453038607469,6.92,CHEMBL5731865,CHEMBL5726011,CHEMBL240,Voltage-gated inwardly rectifying potassium channel KCNH2,Homo sapiens,B,597943
CHEMBL3936854,Cn1cc(Cn2cc(-c3ccc(Cl)c(OC(F)F)c3)cn2)cn1,IC50,=,52400.0,nM,4.280668713016273,4.28,CHEMBL3865242,CHEMBL3864170,CHEMBL240,Voltage-gated inwardly rectifying potassium channel KCNH2,Homo sapiens,B,
CHEMBL393718,CCOc1cc(CN2CCC(Nc3nc4cc(S(N)(=O)=O)ccc4o3)CC2)ccc1OC,IC50,=,3500.0,nM,5.455931955649724,5.46,CHEMBL902576,CHEMBL1138333,CHEMBL240,Voltage-gated inwardly rectifying potassium channel KCNH2,Homo sapiens,T,
CHEMBL393718,CCOc1cc(CN2CCC(Nc3nc4cc(S(N)(=O)=O)ccc4o3)CC2)ccc1OC,IC50,=,3500.0,nM,5.455931955649724,5.46,CHEMBL1113040,CHEMBL1154321,CHEMBL240,Voltage-gated inwardly rectifying potassium channel KCNH2,Homo sapiens,B,
CHEMBL3937515,COc1cnc(C(=O)Nc2ccc(F)c([C@]3(C)CS(=O)(=O)C(C)(C)C(N)=N3)c2)cn1,IC50,=,7464.0,nM,5.127028369261557,5.13,CHEMBL5133258,CHEMBL5131410,CHEMBL240,Voltage-gated inwardly rectifying potassium channel KCNH2,Homo sapiens,T,
CHEMBL3937515,COc1cnc(C(=O)Nc2ccc(F)c([C@]3(C)CS(=O)(=O)C(C)(C)C(N)=N3)c2)cn1,IC50,=,8100.0,nM,5.09151498112135,5.09,CHEMBL5133256,CHEMBL5131410,CHEMBL240,Voltage-gated inwardly rectifying potassium channel KCNH2,Homo sapiens,T,
CHEMBL3938107,Cn1c(SCCCN2CC[C@]3(C[C@@H]3c3ccc(C(F)(F)F)cc3)C2)nnc1-c1cccnc1,IC50,=,1200.0,nM,5.920818753952375,5.92,CHEMBL3855279,CHEMBL3853329,CHEMBL240,Voltage-gated inwardly rectifying potassium channel KCNH2,Homo sapiens,B,
CHEMBL3938107,Cn1c(SCCCN2CC[C@]3(C[C@@H]3c3ccc(C(F)(F)F)cc3)C2)nnc1-c1cccnc1,IC50,=,1230.27,nM,5.90999956608739,5.91,CHEMBL3855279,CHEMBL3853329,CHEMBL240,Voltage-gated inwardly rectifying potassium channel KCNH2,Homo sapiens,B,
CHEMBL3945735,Cn1ccc(Cn2cc(-c3ccc(Cl)c(C(F)(F)F)c3)cn2)n1,IC50,=,1010.0,nM,5.995678626217357,6.0,CHEMBL5731865,CHEMBL5726011,CHEMBL240,Voltage-gated inwardly rectifying potassium channel KCNH2,Homo sapiens,B,597969
CHEMBL3945735,Cn1ccc(Cn2cc(-c3ccc(Cl)c(C(F)(F)F)c3)cn2)n1,IC50,=,3470.0,nM,5.459670525209127,5.46,CHEMBL3865242,CHEMBL3864170,CHEMBL240,Voltage-gated inwardly rectifying potassium channel KCNH2,Homo sapiens,B,
CHEMBL3946901,Cn1c(SCCCN2CC[C@]3(C[C@@H]3c3ccc(C(F)(F)F)cc3)C2)nnc1-c1ccccn1,IC50,=,200.0,nM,6.698970004336019,6.7,CHEMBL3855279,CHEMBL3853329,CHEMBL240,Voltage-gated inwardly rectifying potassium channel KCNH2,Homo sapiens,B,
CHEMBL3946901,Cn1c(SCCCN2CC[C@]3(C[C@@H]3c3ccc(C(F)(F)F)cc3)C2)nnc1-c1ccccn1,IC50,=,208.93,nM,6.679999195735272,6.68,CHEMBL3855279,CHEMBL3853329,CHEMBL240,Voltage-gated inwardly rectifying potassium channel KCNH2,Homo sapiens,B,
CHEMBL3952064,C[C@H]1C[C@H]2CSC(N)=N[C@@]2(c2nc(NC(=O)c3ccc(OC(F)F)cn3)cs2)CO1,IC50,=,9900.0,nM,5.004364805402449,5.0,CHEMBL3887163,CHEMBL3886197,CHEMBL240,Voltage-gated inwardly rectifying potassium channel KCNH2,Homo sapiens,B,390525
CHEMBL3952064,C[C@H]1C[C@H]2CSC(N)=N[C@@]2(c2nc(NC(=O)c3ccc(OC(F)F)cn3)cs2)CO1,IC50,=,9900.0,nM,5.004364805402449,5.0,CHEMBL4183120,CHEMBL4177751,CHEMBL240,Voltage-gated inwardly rectifying potassium channel KCNH2,Homo sapiens,B,
CHEMBL3952064,C[C@H]1C[C@H]2CSC(N)=N[C@@]2(c2nc(NC(=O)c3ccc(OC(F)F)cn3)cs2)CO1,IC50,=,9900.0,nM,5.004364805402449,5.0,CHEMBL4342657,CHEMBL4342403,CHEMBL240,Voltage-gated inwardly rectifying potassium channel KCNH2,Homo sapiens,B,
CHEMBL3952064,C[C@H]1C[C@H]2CSC(N)=N[C@@]2(c2nc(NC(=O)c3ccc(OC(F)F)cn3)cs2)CO1,IC50,=,23600.0,nM,4.627087997029894,4.63,CHEMBL3887163,CHEMBL3886197,CHEMBL240,Voltage-gated inwardly rectifying potassium channel KCNH2,Homo sapiens,B,390526
CHEMBL3954214,O=C(Nc1ccc(OC(F)(F)F)cc1)c1cnc(N2CC[C@H](O)C2)c(-c2cncnc2)c1,IC50,=,4200.0,nM,5.376750709602099,5.38,CHEMBL4200760,CHEMBL4196169,CHEMBL240,Voltage-gated inwardly rectifying potassium channel KCNH2,Homo sapiens,B,
CHEMBL3954214,O=C(Nc1ccc(OC(F)(F)F)cc1)c1cnc(N2CC[C@H](O)C2)c(-c2cncnc2)c1,IC50,=,4500.0,nM,5.346787486224656,5.35,CHEMBL4200761,CHEMBL4196169,CHEMBL240,Voltage-gated inwardly rectifying potassium channel KCNH2,Homo sapiens,B,
CHEMBL3954214,O=C(Nc1ccc(OC(F)(F)F)cc1)c1cnc(N2CC[C@H](O)C2)c(-c2cncnc2)c1,IC50,=,9600.0,nM,5.017728766960431,5.02,CHEMBL4200746,CHEMBL4196169,CHEMBL240,Voltage-gated inwardly rectifying potassium channel KCNH2,Homo sapiens,B,
CHEMBL3954438,Fc1ccc(-c2cnn(Cc3cc[nH]n3)c2)cc1OC(F)F,IC50,=,8.01,nM,8.096367483915762,8.1,CHEMBL5731865,CHEMBL5726011,CHEMBL240,Voltage-gated inwardly rectifying potassium channel KCNH2,Homo sapiens,B,597957
CHEMBL3954438,Fc1ccc(-c2cnn(Cc3cc[nH]n3)c2)cc1OC(F)F,IC50,=,135000.0,nM,3.8696662315049934,,CHEMBL3865242,CHEMBL3864170,CHEMBL240,Voltage-gated inwardly rectifying potassium channel KCNH2,Homo sapiens,B,
CHEMBL3957193,O=C(c1ccc2cc(Oc3ccc(C(F)(F)F)cn3)ccc2n1)N1CCNCC1,IC50,=,12900.0,nM,4.889410289700751,4.89,CHEMBL5147695,CHEMBL5143671,CHEMBL240,Voltage-gated inwardly rectifying potassium channel KCNH2,Homo sapiens,T,
CHEMBL3957193,O=C(c1ccc2cc(Oc3ccc(C(F)(F)F)cn3)ccc2n1)N1CCNCC1,IC50,=,20000.0,nM,4.698970004336019,4.7,CHEMBL5147783,CHEMBL5143671,CHEMBL240,Voltage-gated inwardly rectifying potassium channel KCNH2,Homo sapiens,T,
CHEMBL3964407,O[C@H]1CC[C@H](Nc2ccc3ncc(-c4cccc(Cl)c4)n3n2)CC1,IC50,=,30000.0,nM,4.522878745280337,4.52,CHEMBL3888917,CHEMBL3886885,CHEMBL240,Voltage-gated inwardly rectifying potassium channel KCNH2,Homo sapiens,B,422699
CHEMBL3964407,O[C@H]1CC[C@H](Nc2ccc3ncc(-c4cccc(Cl)c4)n3n2)CC1,IC50,=,30000.0,nM,4.522878745280337,4.52,CHEMBL5730850,CHEMBL5725461,CHEMBL240,Voltage-gated inwardly rectifying potassium channel KCNH2,Homo sapiens,B,487353
CHEMBL3964407,O[C@H]1CC[C@H](Nc2ccc3ncc(-c4cccc(Cl)c4)n3n2)CC1,IC50,=,30000.0,nM,4.522878745280337,4.52,CHEMBL5734332,CHEMBL5727268,CHEMBL240,Voltage-gated inwardly rectifying potassium channel KCNH2,Homo sapiens,B,822047
CHEMBL3964407,O[C@H]1CC[C@H](Nc2ccc3ncc(-c4cccc(Cl)c4)n3n2)CC1,IC50,=,30000.0,nM,4.522878745280337,4.52,CHEMBL5736241,CHEMBL5728181,CHEMBL240,Voltage-gated inwardly rectifying potassium channel KCNH2,Homo sapiens,B,988032
CHEMBL3965204,O[C@H]1CC[C@H](Nc2ccc3ncc(-c4cccc(OC(F)(F)F)c4)n3n2)CC1,IC50,=,16000.0,nM,4.795880017344075,4.8,CHEMBL3888917,CHEMBL3886885,CHEMBL240,Voltage-gated inwardly rectifying potassium channel KCNH2,Homo sapiens,B,422712
CHEMBL3965204,O[C@H]1CC[C@H](Nc2ccc3ncc(-c4cccc(OC(F)(F)F)c4)n3n2)CC1,IC50,=,16000.0,nM,4.795880017344075,4.8,CHEMBL5730850,CHEMBL5725461,CHEMBL240,Voltage-gated inwardly rectifying potassium channel KCNH2,Homo sapiens,B,487366
CHEMBL3965204,O[C@H]1CC[C@H](Nc2ccc3ncc(-c4cccc(OC(F)(F)F)c4)n3n2)CC1,IC50,=,16000.0,nM,4.795880017344075,4.8,CHEMBL5734332,CHEMBL5727268,CHEMBL240,Voltage-gated inwardly rectifying potassium channel KCNH2,Homo sapiens,B,822060
CHEMBL3965204,O[C@H]1CC[C@H](Nc2ccc3ncc(-c4cccc(OC(F)(F)F)c4)n3n2)CC1,IC50,=,16000.0,nM,4.795880017344075,4.8,CHEMBL5736241,CHEMBL5728181,CHEMBL240,Voltage-gated inwardly rectifying potassium channel KCNH2,Homo sapiens,B,988045
CHEMBL3966599,Cn1ccc(Cn2cc(-c3ccc(Cl)c(OC(F)F)c3)cn2)n1,IC50,=,78.4,nM,7.105683937315561,7.11,CHEMBL5731865,CHEMBL5726011,CHEMBL240,Voltage-gated inwardly rectifying potassium channel KCNH2,Homo sapiens,B,597941
CHEMBL3966599,Cn1ccc(Cn2cc(-c3ccc(Cl)c(OC(F)F)c3)cn2)n1,IC50,=,8080.0,nM,5.092588639225414,5.09,CHEMBL3865242,CHEMBL3864170,CHEMBL240,Voltage-gated inwardly rectifying potassium channel KCNH2,Homo sapiens,B,
CHEMBL3967984,C[C@H]1C[C@H]2CSC(N)=N[C@@]2(c2nc(NC(=O)c3ccc(Cl)cn3)cs2)CO1,IC50,=,9000.0,nM,5.045757490560675,5.05,CHEMBL3887163,CHEMBL3886197,CHEMBL240,Voltage-gated inwardly rectifying potassium channel KCNH2,Homo sapiens,B,390527
CHEMBL3967984,C[C@H]1C[C@H]2CSC(N)=N[C@@]2(c2nc(NC(=O)c3ccc(Cl)cn3)cs2)CO1,IC50,=,9000.0,nM,5.045757490560675,5.05,CHEMBL4183120,CHEMBL4177751,CHEMBL240,Voltage-gated inwardly rectifying potassium channel KCNH2,Homo sapiens,B,
CHEMBL3972449,Cc1cc(OC(F)F)cnc1C(=O)Nc1csc([C@]23CO[C@@H](C)C[C@H]2CSC(N)=N3)n1,IC50,=,9600.0,nM,5.017728766960431,5.02,CHEMBL3887163,CHEMBL3886197,CHEMBL240,Voltage-gated inwardly rectifying potassium channel KCNH2,Homo sapiens,B,390528
CHEMBL3972449,Cc1cc(OC(F)F)cnc1C(=O)Nc1csc([C@]23CO[C@@H](C)C[C@H]2CSC(N)=N3)n1,IC50,=,9600.0,nM,5.017728766960431,5.02,CHEMBL4183120,CHEMBL4177751,CHEMBL240,Voltage-gated inwardly rectifying potassium channel KCNH2,Homo sapiens,B,
CHEMBL3972449,Cc1cc(OC(F)F)cnc1C(=O)Nc1csc([C@]23CO[C@@H](C)C[C@H]2CSC(N)=N3)n1,IC50,=,9600.0,nM,5.017728766960431,5.02,CHEMBL5731943,CHEMBL5726048,CHEMBL240,Voltage-gated inwardly rectifying potassium channel KCNH2,Homo sapiens,B,603584
CHEMBL3973534,NC1=N[C@@]2(c3cc(NC(=O)c4ccc(OC(F)F)cn4)ccc3F)COCC[C@H]2CS1,IC50,=,500.0,nM,6.301029995663981,6.3,CHEMBL3887163,CHEMBL3886197,CHEMBL240,Voltage-gated inwardly rectifying potassium channel KCNH2,Homo sapiens,B,312465
CHEMBL3973534,NC1=N[C@@]2(c3cc(NC(=O)c4ccc(OC(F)F)cn4)ccc3F)COCC[C@H]2CS1,IC50,=,500.0,nM,6.301029995663981,6.3,CHEMBL5731943,CHEMBL5726048,CHEMBL240,Voltage-gated inwardly rectifying potassium channel KCNH2,Homo sapiens,B,603586
CHEMBL3975087,FC(F)c1cc(-c2cnn(Cc3cc[nH]n3)c2)ccc1Cl,IC50,=,30.1,nM,7.521433504406157,7.52,CHEMBL5731865,CHEMBL5726011,CHEMBL240,Voltage-gated inwardly rectifying potassium channel KCNH2,Homo sapiens,B,597965
CHEMBL3975087,FC(F)c1cc(-c2cnn(Cc3cc[nH]n3)c2)ccc1Cl,IC50,=,4750.0,nM,5.323306390375134,5.32,CHEMBL3865242,CHEMBL3864170,CHEMBL240,Voltage-gated inwardly rectifying potassium channel KCNH2,Homo sapiens,B,
CHEMBL3978935,C[C@@H]1CN(c2sc(C(F)(F)F)nc2-c2nc3ccccc3[nH]2)CCN1C(=O)Cn1cnc2cccnc21,IC50,=,1400.0,nM,5.853871964321762,5.85,CHEMBL5130108,CHEMBL5126609,CHEMBL240,Voltage-gated inwardly rectifying potassium channel KCNH2,Homo sapiens,T,
CHEMBL3978935,C[C@@H]1CN(c2sc(C(F)(F)F)nc2-c2nc3ccccc3[nH]2)CCN1C(=O)Cn1cnc2cccnc21,IC50,=,1750.0,nM,5.756961951313706,5.76,CHEMBL5129939,CHEMBL5126607,CHEMBL240,Voltage-gated inwardly rectifying potassium channel KCNH2,Homo sapiens,T,
CHEMBL3979144,O[C@H]1CC[C@H](Nc2ccc3ncc(-c4cccc(C(F)(F)F)c4)n3n2)CC1,IC50,=,10000.0,nM,5.0,5.0,CHEMBL3888917,CHEMBL3886885,CHEMBL240,Voltage-gated inwardly rectifying potassium channel KCNH2,Homo sapiens,B,422704
CHEMBL3979144,O[C@H]1CC[C@H](Nc2ccc3ncc(-c4cccc(C(F)(F)F)c4)n3n2)CC1,IC50,=,10000.0,nM,5.0,5.0,CHEMBL5730850,CHEMBL5725461,CHEMBL240,Voltage-gated inwardly rectifying potassium channel KCNH2,Homo sapiens,B,487358
CHEMBL3979144,O[C@H]1CC[C@H](Nc2ccc3ncc(-c4cccc(C(F)(F)F)c4)n3n2)CC1,IC50,=,10000.0,nM,5.0,5.0,CHEMBL5734332,CHEMBL5727268,CHEMBL240,Voltage-gated inwardly rectifying potassium channel KCNH2,Homo sapiens,B,822052
CHEMBL3979144,O[C@H]1CC[C@H](Nc2ccc3ncc(-c4cccc(C(F)(F)F)c4)n3n2)CC1,IC50,=,10000.0,nM,5.0,5.0,CHEMBL5736241,CHEMBL5728181,CHEMBL240,Voltage-gated inwardly rectifying potassium channel KCNH2,Homo sapiens,B,988037
CHEMBL3983077,CCc1[nH]ncc1Cn1cc(-c2ccc(Cl)c(OC(F)F)c2)cn1,IC50,=,56.0,nM,7.251811972993799,7.25,CHEMBL5731865,CHEMBL5726011,CHEMBL240,Voltage-gated inwardly rectifying potassium channel KCNH2,Homo sapiens,B,597956
CHEMBL3983077,CCc1[nH]ncc1Cn1cc(-c2ccc(Cl)c(OC(F)F)c2)cn1,IC50,=,35000.0,nM,4.455931955649724,4.46,CHEMBL3865242,CHEMBL3864170,CHEMBL240,Voltage-gated inwardly rectifying potassium channel KCNH2,Homo sapiens,B,
CHEMBL3983509,C[C@H]1C[C@H]2CSC(N)=N[C@@]2(c2cc(NC(=O)c3ccc(Cl)cn3)ccc2F)CO1,IC50,=,200.0,nM,6.698970004336019,6.7,CHEMBL3887163,CHEMBL3886197,CHEMBL240,Voltage-gated inwardly rectifying potassium channel KCNH2,Homo sapiens,B,312469
CHEMBL3983509,C[C@H]1C[C@H]2CSC(N)=N[C@@]2(c2cc(NC(=O)c3ccc(Cl)cn3)ccc2F)CO1,IC50,=,200.0,nM,6.698970004336019,6.7,CHEMBL5731943,CHEMBL5726048,CHEMBL240,Voltage-gated inwardly rectifying potassium channel KCNH2,Homo sapiens,B,603588
CHEMBL4,CC1COc2c(N3CCN(C)CC3)c(F)cc3c(=O)c(C(=O)O)cn1c23,IC50,=,1412537.54,nM,2.8500000014212983,,CHEMBL766814,CHEMBL1136167,CHEMBL240,Voltage-gated inwardly rectifying potassium channel KCNH2,Homo sapiens,B,
CHEMBL4,CC1COc2c(N3CCN(C)CC3)c(F)cc3c(=O)c(C(=O)O)cn1c23,IC50,=,1412537.54,nM,2.8500000014212983,,CHEMBL829152,CHEMBL1139598,CHEMBL240,Voltage-gated inwardly rectifying potassium channel KCNH2,Homo sapiens,B,
CHEMBL4,CC1COc2c(N3CCN(C)CC3)c(F)cc3c(=O)c(C(=O)O)cn1c23,IC50,=,1412537.54,nM,2.8500000014212983,,CHEMBL954102,CHEMBL1150324,CHEMBL240,Voltage-gated inwardly rectifying potassium channel KCNH2,Homo sapiens,B,
CHEMBL4,CC1COc2c(N3CCN(C)CC3)c(F)cc3c(=O)c(C(=O)O)cn1c23,IC50,=,1412537.54,nM,2.8500000014212983,,CHEMBL1676103,CHEMBL1671772,CHEMBL240,Voltage-gated inwardly rectifying potassium channel KCNH2,Homo sapiens,B,
CHEMBL4,CC1COc2c(N3CCN(C)CC3)c(F)cc3c(=O)c(C(=O)O)cn1c23,IC50,=,1420000.0,nM,2.8477116556169433,,CHEMBL2400450,CHEMBL2396647,CHEMBL240,Voltage-gated inwardly rectifying potassium channel KCNH2,Homo sapiens,B,
CHEMBL40,CCC1(c2ccccc2)C(=O)NC(=O)NC1=O,IC50,=,3000000.0,nM,2.5228787452803374,,CHEMBL827807,CHEMBL1137856,CHEMBL240,Voltage-gated inwardly rectifying potassium channel KCNH2,Homo sapiens,B,
CHEMBL40,CCC1(c2ccccc2)C(=O)NC(=O)NC1=O,IC50,=,3019951.72,nM,2.520000000057813,,CHEMBL1036648,CHEMBL1154445,CHEMBL240,Voltage-gated inwardly rectifying potassium channel KCNH2,Homo sapiens,B,
CHEMBL40,CCC1(c2ccccc2)C(=O)NC(=O)NC1=O,IC50,=,3019951.72,nM,2.520000000057813,,CHEMBL1676103,CHEMBL1671772,CHEMBL240,Voltage-gated inwardly rectifying potassium channel KCNH2,Homo sapiens,B,
CHEMBL401895,Cc1cc(C)n(-c2cc(NC(=O)COc3cccc(CN(C)C)c3)nc(-c3ccc(C)o3)n2)n1,IC50,=,1200.0,nM,5.920818753952375,5.92,CHEMBL928993,CHEMBL1141544,CHEMBL240,Voltage-gated inwardly rectifying potassium channel KCNH2,Homo sapiens,B,
CHEMBL401895,Cc1cc(C)n(-c2cc(NC(=O)COc3cccc(CN(C)C)c3)nc(-c3ccc(C)o3)n2)n1,IC50,=,1200.0,nM,5.920818753952375,5.92,CHEMBL3267744,CHEMBL3259781,CHEMBL240,Voltage-gated inwardly rectifying potassium channel KCNH2,Homo sapiens,B,
CHEMBL4060355,O=C(O)CC1CCC2(CCN(c3ccc(-c4nc5cc(C(F)(F)F)ccc5[nH]4)cn3)CC2)OC1,IC50,=,800.0,nM,6.096910013008056,6.1,CHEMBL4050158,CHEMBL4049398,CHEMBL240,Voltage-gated inwardly rectifying potassium channel KCNH2,Homo sapiens,B,
CHEMBL4060355,O=C(O)CC1CCC2(CCN(c3ccc(-c4nc5cc(C(F)(F)F)ccc5[nH]4)cn3)CC2)OC1,IC50,=,1200.0,nM,5.920818753952375,5.92,CHEMBL4050158,CHEMBL4049398,CHEMBL240,Voltage-gated inwardly rectifying potassium channel KCNH2,Homo sapiens,B,
CHEMBL4060355,O=C(O)CC1CCC2(CCN(c3ccc(-c4nc5cc(C(F)(F)F)ccc5[nH]4)cn3)CC2)OC1,IC50,=,7800.0,nM,5.107905397309519,5.11,CHEMBL4050158,CHEMBL4049398,CHEMBL240,Voltage-gated inwardly rectifying potassium channel KCNH2,Homo sapiens,B,
CHEMBL4061436,COc1ncc(-c2nc(NCc3ccccn3)c3c(-c4ccccc4)cccc3n2)cn1,IC50,=,1900.0,nM,5.721246399047171,5.72,CHEMBL4431053,CHEMBL4428127,CHEMBL240,Voltage-gated inwardly rectifying potassium channel KCNH2,Homo sapiens,B,
CHEMBL4061436,COc1ncc(-c2nc(NCc3ccccn3)c3c(-c4ccccc4)cccc3n2)cn1,IC50,=,66000.0,nM,4.180456064458132,4.18,CHEMBL4015498,CHEMBL4014310,CHEMBL240,Voltage-gated inwardly rectifying potassium channel KCNH2,Homo sapiens,A,
CHEMBL4062339,CC1(OC(=O)N2CCC([C@H]3C[C@H]3CCOc3ccc(CC(=O)N4CCC4)c(F)c3)CC2)CC1,IC50,=,8600.0,nM,5.065501548756432,5.07,CHEMBL3997335,CHEMBL3994654,CHEMBL240,Voltage-gated inwardly rectifying potassium channel KCNH2,Homo sapiens,B,
CHEMBL4062339,CC1(OC(=O)N2CCC([C@H]3C[C@H]3CCOc3ccc(CC(=O)N4CCC4)c(F)c3)CC2)CC1,IC50,=,23000.0,nM,4.638272163982407,4.64,CHEMBL3997333,CHEMBL3994654,CHEMBL240,Voltage-gated inwardly rectifying potassium channel KCNH2,Homo sapiens,B,
CHEMBL4062753,Cc1c([C@@H](O)CN2CCC3(CC2)CCN(c2ccns2)C3=O)ccc2c1COC2=O,IC50,=,5000.0,nM,5.301029995663981,5.3,CHEMBL4030033,CHEMBL4028831,CHEMBL240,Voltage-gated inwardly rectifying potassium channel KCNH2,Homo sapiens,B,
CHEMBL4062753,Cc1c([C@@H](O)CN2CCC3(CC2)CCN(c2ccns2)C3=O)ccc2c1COC2=O,IC50,=,8900.0,nM,5.050609993355087,5.05,CHEMBL4030012,CHEMBL4028831,CHEMBL240,Voltage-gated inwardly rectifying potassium channel KCNH2,Homo sapiens,B,
CHEMBL4063658,CN(C)c1ccc(C(=O)N(CC(=O)NC2CCCCC2)Cc2ccc(C(=O)NO)cc2)cc1,IC50,=,21527.82,nM,4.666999946484248,4.67,CHEMBL4017034,CHEMBL4014348,CHEMBL240,Voltage-gated inwardly rectifying potassium channel KCNH2,Homo sapiens,B,
CHEMBL4063658,CN(C)c1ccc(C(=O)N(CC(=O)NC2CCCCC2)Cc2ccc(C(=O)NO)cc2)cc1,IC50,=,52119.47,nM,4.2830000092535,4.28,CHEMBL4017034,CHEMBL4014348,CHEMBL240,Voltage-gated inwardly rectifying potassium channel KCNH2,Homo sapiens,B,
CHEMBL4064760,Cc1c([C@@H](O)CN2CCC3(CC2)CCN(c2cnc(S(C)(=O)=O)cn2)C3)ccc2c1COC2=O,IC50,=,8900.0,nM,5.050609993355087,5.05,CHEMBL4004312,CHEMBL4002630,CHEMBL240,Voltage-gated inwardly rectifying potassium channel KCNH2,Homo sapiens,B,
CHEMBL4064760,Cc1c([C@@H](O)CN2CCC3(CC2)CCN(c2cnc(S(C)(=O)=O)cn2)C3)ccc2c1COC2=O,IC50,=,22700.0,nM,4.6439741428068775,4.64,CHEMBL4004321,CHEMBL4002630,CHEMBL240,Voltage-gated inwardly rectifying potassium channel KCNH2,Homo sapiens,B,
CHEMBL4066256,Cc1c([C@@H](O)CN2CCC3(CC2)CC(=O)N(c2ccc(S(C)(=O)=O)cn2)C3)ccc2c1COC2=O,IC50,=,17400.0,nM,4.7594507517174005,4.76,CHEMBL4004312,CHEMBL4002630,CHEMBL240,Voltage-gated inwardly rectifying potassium channel KCNH2,Homo sapiens,B,
CHEMBL4066256,Cc1c([C@@H](O)CN2CCC3(CC2)CC(=O)N(c2ccc(S(C)(=O)=O)cn2)C3)ccc2c1COC2=O,IC50,=,24000.0,nM,4.619788758288394,4.62,CHEMBL4004321,CHEMBL4002630,CHEMBL240,Voltage-gated inwardly rectifying potassium channel KCNH2,Homo sapiens,B,
CHEMBL4066553,CC1(COc2ccc(OC(F)(F)F)cc2)CCn2cc([N+](=O)[O-])nc2O1,IC50,=,3800.0,nM,5.42021640338319,5.42,CHEMBL4052295,CHEMBL4049454,CHEMBL240,Voltage-gated inwardly rectifying potassium channel KCNH2,Homo sapiens,B,
CHEMBL4066553,CC1(COc2ccc(OC(F)(F)F)cc2)CCn2cc([N+](=O)[O-])nc2O1,IC50,=,3800.0,nM,5.42021640338319,5.42,CHEMBL5036401,CHEMBL5036301,CHEMBL240,Voltage-gated inwardly rectifying potassium channel KCNH2,Homo sapiens,B,
CHEMBL4068414,CCCCc1cc(OC2CCN(CCC(C)S(=O)(=O)CC)CC2)c2ncccc2c1.Cl.Cl,IC50,=,131.83,nM,6.879985747921933,6.88,CHEMBL4047735,CHEMBL4043263,CHEMBL240,Voltage-gated inwardly rectifying potassium channel KCNH2,Homo sapiens,B,
CHEMBL4068414,CCCCc1cc(OC2CCN(CCC(C)S(=O)(=O)CC)CC2)c2ncccc2c1.Cl.Cl,IC50,=,199.53,nM,6.699991797446187,6.7,CHEMBL4047735,CHEMBL4043263,CHEMBL240,Voltage-gated inwardly rectifying potassium channel KCNH2,Homo sapiens,B,
CHEMBL4069245,Cc1c([C@@H](O)CN2CCC3(CC2)CCN(c2ccc(=O)n(C)n2)C3=O)ccc2c1COC2=O,IC50,=,20000.0,nM,4.698970004336019,4.7,CHEMBL4030056,CHEMBL4028831,CHEMBL240,Voltage-gated inwardly rectifying potassium channel KCNH2,Homo sapiens,B,
CHEMBL4069245,Cc1c([C@@H](O)CN2CCC3(CC2)CCN(c2ccc(=O)n(C)n2)C3=O)ccc2c1COC2=O,IC50,=,21600.0,nM,4.665546248849069,4.67,CHEMBL4030012,CHEMBL4028831,CHEMBL240,Voltage-gated inwardly rectifying potassium channel KCNH2,Homo sapiens,B,
CHEMBL4069395,Cc1c(CN2CCOCC2)cc(-c2ccc(C(C)C)cc2)n1-c1ccc(F)cc1,IC50,=,10000.0,nM,5.0,5.0,CHEMBL4255046,CHEMBL4251653,CHEMBL240,Voltage-gated inwardly rectifying potassium channel KCNH2,Homo sapiens,B,
CHEMBL4069395,Cc1c(CN2CCOCC2)cc(-c2ccc(C(C)C)cc2)n1-c1ccc(F)cc1,IC50,=,10000.0,nM,5.0,5.0,CHEMBL4308576,CHEMBL4304832,CHEMBL240,Voltage-gated inwardly rectifying potassium channel KCNH2,Homo sapiens,B,
CHEMBL4069631,CN(C)c1ccc(C(=O)N(CCCCCC(=O)NO)CC(=O)NCc2ccccc2)cc1,IC50,=,50815.94,nM,4.294000036374051,4.29,CHEMBL4017034,CHEMBL4014348,CHEMBL240,Voltage-gated inwardly rectifying potassium channel KCNH2,Homo sapiens,B,
CHEMBL4069631,CN(C)c1ccc(C(=O)N(CCCCCC(=O)NO)CC(=O)NCc2ccccc2)cc1,IC50,=,279898.13,nM,3.5530000030465,,CHEMBL4017034,CHEMBL4014348,CHEMBL240,Voltage-gated inwardly rectifying potassium channel KCNH2,Homo sapiens,B,
CHEMBL4075203,O=C(O)CC1CCOC2(CCN(c3ccc(-c4nc5cc(C(F)(F)F)ccc5[nH]4)cn3)CC2)C1,IC50,=,2900.0,nM,5.537602002101044,5.54,CHEMBL4050158,CHEMBL4049398,CHEMBL240,Voltage-gated inwardly rectifying potassium channel KCNH2,Homo sapiens,B,
CHEMBL4075203,O=C(O)CC1CCOC2(CCN(c3ccc(-c4nc5cc(C(F)(F)F)ccc5[nH]4)cn3)CC2)C1,IC50,=,4300.0,nM,5.366531544420413,5.37,CHEMBL4050158,CHEMBL4049398,CHEMBL240,Voltage-gated inwardly rectifying potassium channel KCNH2,Homo sapiens,B,
CHEMBL4075203,O=C(O)CC1CCOC2(CCN(c3ccc(-c4nc5cc(C(F)(F)F)ccc5[nH]4)cn3)CC2)C1,IC50,=,6600.0,nM,5.180456064458131,5.18,CHEMBL4050158,CHEMBL4049398,CHEMBL240,Voltage-gated inwardly rectifying potassium channel KCNH2,Homo sapiens,B,
CHEMBL4075319,COc1nsc(N2CCC3(CCN(C[C@H](O)c4ccc5c(c4C)COC5=O)CC3)C2=O)n1,IC50,=,9600.0,nM,5.017728766960431,5.02,CHEMBL4030012,CHEMBL4028831,CHEMBL240,Voltage-gated inwardly rectifying potassium channel KCNH2,Homo sapiens,B,
CHEMBL4075319,COc1nsc(N2CCC3(CCN(C[C@H](O)c4ccc5c(c4C)COC5=O)CC3)C2=O)n1,IC50,=,10300.0,nM,4.987162775294828,4.99,CHEMBL4030033,CHEMBL4028831,CHEMBL240,Voltage-gated inwardly rectifying potassium channel KCNH2,Homo sapiens,B,
CHEMBL4075319,COc1nsc(N2CCC3(CCN(C[C@H](O)c4ccc5c(c4C)COC5=O)CC3)C2=O)n1,IC50,=,10300.0,nM,4.987162775294828,4.99,CHEMBL5039908,CHEMBL5038592,CHEMBL240,Voltage-gated inwardly rectifying potassium channel KCNH2,Homo sapiens,T,
CHEMBL4075906,Cc1cc(N2CCC3(CCN(C[C@H](O)c4ccc5c(c4C)COC5=O)CC3)C2=O)sn1,IC50,=,6600.0,nM,5.180456064458131,5.18,CHEMBL4030033,CHEMBL4028831,CHEMBL240,Voltage-gated inwardly rectifying potassium channel KCNH2,Homo sapiens,B,
CHEMBL4075906,Cc1cc(N2CCC3(CCN(C[C@H](O)c4ccc5c(c4C)COC5=O)CC3)C2=O)sn1,IC50,=,7400.0,nM,5.130768280269024,5.13,CHEMBL4030012,CHEMBL4028831,CHEMBL240,Voltage-gated inwardly rectifying potassium channel KCNH2,Homo sapiens,B,
CHEMBL4076061,N[C@@H]1CCC=C(c2ccc(F)cc2)[C@H]1COc1cc(F)c(S(=O)(=O)Nc2cscn2)cc1Cl,IC50,=,10300.0,nM,4.987162775294828,4.99,CHEMBL4017761,CHEMBL4017456,CHEMBL240,Voltage-gated inwardly rectifying potassium channel KCNH2,Homo sapiens,B,
CHEMBL4076061,N[C@@H]1CCC=C(c2ccc(F)cc2)[C@H]1COc1cc(F)c(S(=O)(=O)Nc2cscn2)cc1Cl,IC50,=,10300.0,nM,4.987162775294828,4.99,CHEMBL4180171,CHEMBL4177611,CHEMBL240,Voltage-gated inwardly rectifying potassium channel KCNH2,Homo sapiens,B,
CHEMBL4076989,CC(C)CN(CCc1ccc(Cl)cc1)C1CCN(c2nc(N)n[nH]2)CC1,IC50,=,4000.0,nM,5.3979400086720375,5.4,CHEMBL4022938,CHEMBL4020821,CHEMBL240,Voltage-gated inwardly rectifying potassium channel KCNH2,Homo sapiens,B,
CHEMBL4076989,CC(C)CN(CCc1ccc(Cl)cc1)C1CCN(c2nc(N)n[nH]2)CC1,IC50,=,4000.0,nM,5.3979400086720375,5.4,CHEMBL4704019,CHEMBL4699582,CHEMBL240,Voltage-gated inwardly rectifying potassium channel KCNH2,Homo sapiens,B,
CHEMBL4076989,CC(C)CN(CCc1ccc(Cl)cc1)C1CCN(c2nc(N)n[nH]2)CC1,IC50,=,8000.0,nM,5.096910013008056,5.1,CHEMBL4619017,CHEMBL4616703,CHEMBL240,Voltage-gated inwardly rectifying potassium channel KCNH2,Homo sapiens,B,
CHEMBL4081080,N/C(CC(O)c1cc2c(F)cc(F)cc2c2cc(C(F)(F)F)ccc12)=N\N=C\c1ccc(F)cc1,IC50,=,67.0,nM,7.173925197299173,7.17,CHEMBL4013657,CHEMBL4011644,CHEMBL240,Voltage-gated inwardly rectifying potassium channel KCNH2,Homo sapiens,B,
CHEMBL4081080,N/C(CC(O)c1cc2c(F)cc(F)cc2c2cc(C(F)(F)F)ccc12)=N\N=C\c1ccc(F)cc1,IC50,=,70.0,nM,7.154901959985743,7.16,CHEMBL5215423,CHEMBL5214895,CHEMBL240,Voltage-gated inwardly rectifying potassium channel KCNH2,Homo sapiens,T,
CHEMBL4082282,O=C(O)CC1CCC2(CCN(c3ccc(-c4nc5cc(C(F)(F)F)ccc5[nH]4)cn3)CC2)O1,IC50,=,16000.0,nM,4.795880017344075,4.8,CHEMBL4050158,CHEMBL4049398,CHEMBL240,Voltage-gated inwardly rectifying potassium channel KCNH2,Homo sapiens,B,
CHEMBL4082282,O=C(O)CC1CCC2(CCN(c3ccc(-c4nc5cc(C(F)(F)F)ccc5[nH]4)cn3)CC2)O1,IC50,=,17400.0,nM,4.7594507517174005,4.76,CHEMBL4050158,CHEMBL4049398,CHEMBL240,Voltage-gated inwardly rectifying potassium channel KCNH2,Homo sapiens,B,
CHEMBL4082422,NC(=O)c1cc(Cl)c2c(Cl)c(C3CC3)n(C3CCCNC3)c2n1,IC50,=,1000.0,nM,6.0,6.0,CHEMBL5634413,CHEMBL5634074,CHEMBL240,Voltage-gated inwardly rectifying potassium channel KCNH2,Homo sapiens,T,
CHEMBL4082422,NC(=O)c1cc(Cl)c2c(Cl)c(C3CC3)n(C3CCCNC3)c2n1,IC50,=,2900.0,nM,5.537602002101044,5.54,CHEMBL4047367,CHEMBL4043238,CHEMBL240,Voltage-gated inwardly rectifying potassium channel KCNH2,Homo sapiens,B,
CHEMBL4084106,CC(C)(N)c1nc(-c2ccc(OC(F)(F)F)cc2)c[nH]1,IC50,=,1800.0,nM,5.7447274948966935,5.75,CHEMBL3992697,CHEMBL3992487,CHEMBL240,Voltage-gated inwardly rectifying potassium channel KCNH2,Homo sapiens,B,
CHEMBL4084106,CC(C)(N)c1nc(-c2ccc(OC(F)(F)F)cc2)c[nH]1,IC50,=,2600.0,nM,5.585026652029182,5.58,CHEMBL3992708,CHEMBL3992487,CHEMBL240,Voltage-gated inwardly rectifying potassium channel KCNH2,Homo sapiens,B,
CHEMBL4084182,N=C(NCCCOc1ccc(F)cc1)Nc1ccc(Cl)cc1,IC50,=,216.0,nM,6.665546248849069,6.67,CHEMBL4017746,CHEMBL4017455,CHEMBL240,Voltage-gated inwardly rectifying potassium channel KCNH2,Homo sapiens,B,
CHEMBL4084182,N=C(NCCCOc1ccc(F)cc1)Nc1ccc(Cl)cc1,IC50,=,430.0,nM,6.366531544420413,6.37,CHEMBL4017747,CHEMBL4017455,CHEMBL240,Voltage-gated inwardly rectifying potassium channel KCNH2,Homo sapiens,B,
CHEMBL4084845,Cc1ccc(-c2ncc(OC[C@H]3CCNC3)cc2-c2ccc(C#N)cc2)cc1,IC50,=,3000.0,nM,5.522878745280337,5.52,CHEMBL4022418,CHEMBL4020789,CHEMBL240,Voltage-gated inwardly rectifying potassium channel KCNH2,Homo sapiens,B,
CHEMBL4084845,Cc1ccc(-c2ncc(OC[C@H]3CCNC3)cc2-c2ccc(C#N)cc2)cc1,IC50,=,3200.0,nM,5.494850021680094,5.5,CHEMBL4019810,CHEMBL4017519,CHEMBL240,Voltage-gated inwardly rectifying potassium channel KCNH2,Homo sapiens,B,
CHEMBL4086237,Cc1c([C@@H](O)CN2CCC3(CC2)CC(=O)N(c2cnc(S(C)(=O)=O)cn2)C3)ccc2c1COC2=O,IC50,=,16100.0,nM,4.79317412396815,4.79,CHEMBL4004312,CHEMBL4002630,CHEMBL240,Voltage-gated inwardly rectifying potassium channel KCNH2,Homo sapiens,B,
CHEMBL4086237,Cc1c([C@@H](O)CN2CCC3(CC2)CC(=O)N(c2cnc(S(C)(=O)=O)cn2)C3)ccc2c1COC2=O,IC50,=,27800.0,nM,4.555955204081924,4.56,CHEMBL4004321,CHEMBL4002630,CHEMBL240,Voltage-gated inwardly rectifying potassium channel KCNH2,Homo sapiens,B,
CHEMBL409224,COc1ccccc1Oc1ccccc1CN1CCC2(CC1)CCN(C(=O)c1ccc(Cl)cc1)CC2,IC50,=,2.512,nM,8.599980364934842,8.6,CHEMBL948146,CHEMBL1142336,CHEMBL240,Voltage-gated inwardly rectifying potassium channel KCNH2,Homo sapiens,B,
CHEMBL409224,COc1ccccc1Oc1ccccc1CN1CCC2(CC1)CCN(C(=O)c1ccc(Cl)cc1)CC2,IC50,=,2.512,nM,8.599980364934842,8.6,CHEMBL1036929,CHEMBL1154736,CHEMBL240,Voltage-gated inwardly rectifying potassium channel KCNH2,Homo sapiens,B,
CHEMBL409224,COc1ccccc1Oc1ccccc1CN1CCC2(CC1)CCN(C(=O)c1ccc(Cl)cc1)CC2,IC50,=,87.1,nM,7.059981844992337,7.06,CHEMBL1045843,CHEMBL1154736,CHEMBL240,Voltage-gated inwardly rectifying potassium channel KCNH2,Homo sapiens,B,
CHEMBL4092262,Cc1c([C@@H](O)CN2CCC3(CC2)CCN(c2ccncc2)C3=O)ccc2c1COC2=O,IC50,=,10400.0,nM,4.982966660701219,4.98,CHEMBL4030012,CHEMBL4028831,CHEMBL240,Voltage-gated inwardly rectifying potassium channel KCNH2,Homo sapiens,B,
CHEMBL4092262,Cc1c([C@@H](O)CN2CCC3(CC2)CCN(c2ccncc2)C3=O)ccc2c1COC2=O,IC50,=,19500.0,nM,4.709965388637482,4.71,CHEMBL4030033,CHEMBL4028831,CHEMBL240,Voltage-gated inwardly rectifying potassium channel KCNH2,Homo sapiens,B,
CHEMBL4093031,CNC(=O)c1c(-c2ccc(F)cc2)oc2ccc(-c3cc(C(=O)NC4(c5ncccn5)CC4)ccc3C)c(F)c12,IC50,=,18000.0,nM,4.7447274948966935,4.75,CHEMBL4015637,CHEMBL4014311,CHEMBL240,Voltage-gated inwardly rectifying potassium channel KCNH2,Homo sapiens,B,
CHEMBL4093031,CNC(=O)c1c(-c2ccc(F)cc2)oc2ccc(-c3cc(C(=O)NC4(c5ncccn5)CC4)ccc3C)c(F)c12,IC50,=,24000.0,nM,4.619788758288394,4.62,CHEMBL4015596,CHEMBL4014311,CHEMBL240,Voltage-gated inwardly rectifying potassium channel KCNH2,Homo sapiens,B,
CHEMBL4093284,COCc1cnc(N2CCC([C@H]3C[C@H]3CCOc3cc(F)c(CC(=O)N4CCC4)c(F)c3)CC2)nc1,IC50,=,9100.0,nM,5.040958607678906,5.04,CHEMBL3997333,CHEMBL3994654,CHEMBL240,Voltage-gated inwardly rectifying potassium channel KCNH2,Homo sapiens,B,
CHEMBL4093284,COCc1cnc(N2CCC([C@H]3C[C@H]3CCOc3cc(F)c(CC(=O)N4CCC4)c(F)c3)CC2)nc1,IC50,=,12000.0,nM,4.920818753952375,4.92,CHEMBL3997335,CHEMBL3994654,CHEMBL240,Voltage-gated inwardly rectifying potassium channel KCNH2,Homo sapiens,B,
CHEMBL4094163,Cc1cc(/C=C/C#N)cc(C)c1Oc1nc(NC2CCN(Cc3ccc(S(N)(=O)=O)cc3)CC2)nc2ccsc12,IC50,=,180.0,nM,6.7447274948966935,6.75,CHEMBL4832854,CHEMBL4831515,CHEMBL240,Voltage-gated inwardly rectifying potassium channel KCNH2,Homo sapiens,A,
CHEMBL4094163,Cc1cc(/C=C/C#N)cc(C)c1Oc1nc(NC2CCN(Cc3ccc(S(N)(=O)=O)cc3)CC2)nc2ccsc12,IC50,=,186.0,nM,6.730487055782083,6.73,CHEMBL4052442,CHEMBL4049458,CHEMBL240,Voltage-gated inwardly rectifying potassium channel KCNH2,Homo sapiens,B,
CHEMBL4094163,Cc1cc(/C=C/C#N)cc(C)c1Oc1nc(NC2CCN(Cc3ccc(S(N)(=O)=O)cc3)CC2)nc2ccsc12,IC50,=,186.0,nM,6.730487055782083,6.73,CHEMBL4359448,CHEMBL4354878,CHEMBL240,Voltage-gated inwardly rectifying potassium channel KCNH2,Homo sapiens,B,
CHEMBL4095422,Cc1nsc(N2CCC3(CCN(C[C@H](O)c4ccc5c(c4C)COC5=O)CC3)C2=O)n1,IC50,=,9000.0,nM,5.045757490560675,5.05,CHEMBL4030033,CHEMBL4028831,CHEMBL240,Voltage-gated inwardly rectifying potassium channel KCNH2,Homo sapiens,B,
CHEMBL4095422,Cc1nsc(N2CCC3(CCN(C[C@H](O)c4ccc5c(c4C)COC5=O)CC3)C2=O)n1,IC50,=,14500.0,nM,4.838631997765025,4.84,CHEMBL4030012,CHEMBL4028831,CHEMBL240,Voltage-gated inwardly rectifying potassium channel KCNH2,Homo sapiens,B,
CHEMBL4096145,CC1(C)[C@H](Nc2c(C(N)=O)cnn3cc(-c4ccccc4)cc23)CC[C@]1(C)N,IC50,=,300.0,nM,6.522878745280337,6.52,CHEMBL4054843,CHEMBL4052645,CHEMBL240,Voltage-gated inwardly rectifying potassium channel KCNH2,Homo sapiens,B,
CHEMBL4096145,CC1(C)[C@H](Nc2c(C(N)=O)cnn3cc(-c4ccccc4)cc23)CC[C@]1(C)N,IC50,=,3800.0,nM,5.42021640338319,5.42,CHEMBL4054845,CHEMBL4052645,CHEMBL240,Voltage-gated inwardly rectifying potassium channel KCNH2,Homo sapiens,B,
CHEMBL4096468,NC1(Cc2nc(-c3ccc(OC(F)(F)F)cc3)c[nH]2)COC1,IC50,=,10000.0,nM,5.0,5.0,CHEMBL3992708,CHEMBL3992487,CHEMBL240,Voltage-gated inwardly rectifying potassium channel KCNH2,Homo sapiens,B,
CHEMBL4096468,NC1(Cc2nc(-c3ccc(OC(F)(F)F)cc3)c[nH]2)COC1,IC50,=,14000.0,nM,4.853871964321762,4.85,CHEMBL3992697,CHEMBL3992487,CHEMBL240,Voltage-gated inwardly rectifying potassium channel KCNH2,Homo sapiens,B,
CHEMBL4098260,Cc1c([C@@H](O)CN2CCC3(CC2)CCN(c2ccc(S(C)(=O)=O)cn2)C3)ccc2c1COC2=O,IC50,=,11700.0,nM,4.931814138253839,4.93,CHEMBL4004321,CHEMBL4002630,CHEMBL240,Voltage-gated inwardly rectifying potassium channel KCNH2,Homo sapiens,B,
CHEMBL4098260,Cc1c([C@@H](O)CN2CCC3(CC2)CCN(c2ccc(S(C)(=O)=O)cn2)C3)ccc2c1COC2=O,IC50,=,11700.0,nM,4.931814138253839,4.93,CHEMBL4030033,CHEMBL4028831,CHEMBL240,Voltage-gated inwardly rectifying potassium channel KCNH2,Homo sapiens,B,
CHEMBL4098260,Cc1c([C@@H](O)CN2CCC3(CC2)CCN(c2ccc(S(C)(=O)=O)cn2)C3)ccc2c1COC2=O,IC50,=,14400.0,nM,4.841637507904751,4.84,CHEMBL4004312,CHEMBL4002630,CHEMBL240,Voltage-gated inwardly rectifying potassium channel KCNH2,Homo sapiens,B,
CHEMBL4098260,Cc1c([C@@H](O)CN2CCC3(CC2)CCN(c2ccc(S(C)(=O)=O)cn2)C3)ccc2c1COC2=O,IC50,=,14400.0,nM,4.841637507904751,4.84,CHEMBL4030012,CHEMBL4028831,CHEMBL240,Voltage-gated inwardly rectifying potassium channel KCNH2,Homo sapiens,B,
CHEMBL4098822,O=C(c1cc(F)cc(Cl)c1)N1CCn2nc(-c3ccc(F)cn3)cc2C1,IC50,=,15000.0,nM,4.823908740944319,4.82,CHEMBL4046796,CHEMBL4043199,CHEMBL240,Voltage-gated inwardly rectifying potassium channel KCNH2,Homo sapiens,B,
CHEMBL4098822,O=C(c1cc(F)cc(Cl)c1)N1CCn2nc(-c3ccc(F)cn3)cc2C1,IC50,=,15000.0,nM,4.823908740944319,4.82,CHEMBL4427261,CHEMBL4425158,CHEMBL240,Voltage-gated inwardly rectifying potassium channel KCNH2,Homo sapiens,B,
CHEMBL4099387,CN(Cc1ccccn1)Cc1ccccc1CNc1ccnc2cc(Cl)ccc12,IC50,=,870.0,nM,6.060480747381382,6.06,CHEMBL4027157,CHEMBL4024765,CHEMBL240,Voltage-gated inwardly rectifying potassium channel KCNH2,Homo sapiens,B,
CHEMBL4099387,CN(Cc1ccccn1)Cc1ccccc1CNc1ccnc2cc(Cl)ccc12,IC50,=,870.96,nM,6.060001790087838,6.06,CHEMBL4027157,CHEMBL4024765,CHEMBL240,Voltage-gated inwardly rectifying potassium channel KCNH2,Homo sapiens,B,
CHEMBL4099807,c1ccc(-c2cccc3nc(-c4cccnc4)nc(NCc4ccccn4)c23)cc1,IC50,=,20000.0,nM,4.698970004336019,4.7,CHEMBL4015498,CHEMBL4014310,CHEMBL240,Voltage-gated inwardly rectifying potassium channel KCNH2,Homo sapiens,A,
CHEMBL4099807,c1ccc(-c2cccc3nc(-c4cccnc4)nc(NCc4ccccn4)c23)cc1,IC50,=,20000.0,nM,4.698970004336019,4.7,CHEMBL4431053,CHEMBL4428127,CHEMBL240,Voltage-gated inwardly rectifying potassium channel KCNH2,Homo sapiens,B,
CHEMBL41,CNCCC(Oc1ccc(C(F)(F)F)cc1)c1ccccc1,IC50,=,10.0,nM,8.0,8.0,CHEMBL3090833,CHEMBL3085767,CHEMBL240,Voltage-gated inwardly rectifying potassium channel KCNH2,Homo sapiens,B,
CHEMBL41,CNCCC(Oc1ccc(C(F)(F)F)cc1)c1ccccc1,IC50,=,457.09,nM,6.339998279897117,6.34,CHEMBL1676103,CHEMBL1671772,CHEMBL240,Voltage-gated inwardly rectifying potassium channel KCNH2,Homo sapiens,B,
CHEMBL41,CNCCC(Oc1ccc(C(F)(F)F)cc1)c1ccccc1,IC50,=,1513.56,nM,5.820000358220838,5.82,CHEMBL766814,CHEMBL1136167,CHEMBL240,Voltage-gated inwardly rectifying potassium channel KCNH2,Homo sapiens,B,
CHEMBL41,CNCCC(Oc1ccc(C(F)(F)F)cc1)c1ccccc1,IC50,=,1513.56,nM,5.820000358220838,5.82,CHEMBL829152,CHEMBL1139598,CHEMBL240,Voltage-gated inwardly rectifying potassium channel KCNH2,Homo sapiens,B,
CHEMBL41,CNCCC(Oc1ccc(C(F)(F)F)cc1)c1ccccc1,IC50,=,1513.56,nM,5.820000358220838,5.82,CHEMBL954102,CHEMBL1150324,CHEMBL240,Voltage-gated inwardly rectifying potassium channel KCNH2,Homo sapiens,B,
CHEMBL41,CNCCC(Oc1ccc(C(F)(F)F)cc1)c1ccccc1,IC50,=,3100.0,nM,5.508638306165727,5.51,CHEMBL1217370,CHEMBL1212860,CHEMBL240,Voltage-gated inwardly rectifying potassium channel KCNH2,Homo sapiens,B,
CHEMBL41,CNCCC(Oc1ccc(C(F)(F)F)cc1)c1ccccc1,IC50,=,12286.4,nM,4.910575349755107,4.91,CHEMBL1909190,CHEMBL1909046,CHEMBL240,Voltage-gated inwardly rectifying potassium channel KCNH2,Homo sapiens,B,
CHEMBL4100435,NC(=O)c1cc(Cl)c2c(Cl)c(C#CC3CC3)n(C3CCCNC3)c2n1,IC50,=,1000.0,nM,6.0,6.0,CHEMBL4047367,CHEMBL4043238,CHEMBL240,Voltage-gated inwardly rectifying potassium channel KCNH2,Homo sapiens,B,
CHEMBL4100435,NC(=O)c1cc(Cl)c2c(Cl)c(C#CC3CC3)n(C3CCCNC3)c2n1,IC50,=,1000.0,nM,6.0,6.0,CHEMBL5634413,CHEMBL5634074,CHEMBL240,Voltage-gated inwardly rectifying potassium channel KCNH2,Homo sapiens,T,
CHEMBL4102566,c1ccc(-c2cc(NC3=NC[C@@]4(CN5CCC4CC5)O3)ncn2)cc1,IC50,=,4000.0,nM,5.3979400086720375,5.4,CHEMBL3997250,CHEMBL3994648,CHEMBL240,Voltage-gated inwardly rectifying potassium channel KCNH2,Homo sapiens,B,
CHEMBL4102566,c1ccc(-c2cc(NC3=NC[C@@]4(CN5CCC4CC5)O3)ncn2)cc1,IC50,=,4000.0,nM,5.3979400086720375,5.4,CHEMBL4004722,CHEMBL4002647,CHEMBL240,Voltage-gated inwardly rectifying potassium channel KCNH2,Homo sapiens,B,
CHEMBL4103004,COc1nccc(N2CCC3(CCN(C[C@H](O)c4ccc5c(c4C)COC5=O)CC3)C2=O)n1,IC50,=,7900.0,nM,5.102372908709558,5.1,CHEMBL4030012,CHEMBL4028831,CHEMBL240,Voltage-gated inwardly rectifying potassium channel KCNH2,Homo sapiens,B,
CHEMBL4103004,COc1nccc(N2CCC3(CCN(C[C@H](O)c4ccc5c(c4C)COC5=O)CC3)C2=O)n1,IC50,=,8200.0,nM,5.086186147616283,5.09,CHEMBL4030033,CHEMBL4028831,CHEMBL240,Voltage-gated inwardly rectifying potassium channel KCNH2,Homo sapiens,B,
CHEMBL4105584,COc1ccc2c(c1)[C@@H]1C[C@]1(C(=O)N1[C@@H]3CC[C@H]1CN(C)C3)Cn1c-2c(C2CCCCC2)c2ccc(C(=O)NS(=O)(=O)N(C)C)cc21,IC50,=,12400.0,nM,4.906578314837765,4.91,CHEMBL3128610,CHEMBL3124792,CHEMBL240,Voltage-gated inwardly rectifying potassium channel KCNH2,Homo sapiens,B,
CHEMBL4105584,COc1ccc2c(c1)[C@@H]1C[C@]1(C(=O)N1[C@@H]3CC[C@H]1CN(C)C3)Cn1c-2c(C2CCCCC2)c2ccc(C(=O)NS(=O)(=O)N(C)C)cc21,IC50,=,24500.0,nM,4.610833915635467,4.61,CHEMBL3128678,CHEMBL3124792,CHEMBL240,Voltage-gated inwardly rectifying potassium channel KCNH2,Homo sapiens,B,
CHEMBL4105584,COc1ccc2c(c1)[C@@H]1C[C@]1(C(=O)N1[C@@H]3CC[C@H]1CN(C)C3)Cn1c-2c(C2CCCCC2)c2ccc(C(=O)NS(=O)(=O)N(C)C)cc21,IC50,=,26000.0,nM,4.585026652029182,4.58,CHEMBL3762781,CHEMBL3758092,CHEMBL240,Voltage-gated inwardly rectifying potassium channel KCNH2,Homo sapiens,B,
CHEMBL4106732,O=C(Nc1ccc(SC(F)(F)F)cc1)c1cnc(N2CC[C@@H](O)C2)c(-c2cncnc2)c1,IC50,=,1500.0,nM,5.823908740944319,5.82,CHEMBL4200760,CHEMBL4196169,CHEMBL240,Voltage-gated inwardly rectifying potassium channel KCNH2,Homo sapiens,B,
CHEMBL4106732,O=C(Nc1ccc(SC(F)(F)F)cc1)c1cnc(N2CC[C@@H](O)C2)c(-c2cncnc2)c1,IC50,=,10500.0,nM,4.978810700930062,4.98,CHEMBL4200746,CHEMBL4196169,CHEMBL240,Voltage-gated inwardly rectifying potassium channel KCNH2,Homo sapiens,B,
CHEMBL4106866,Cc1nsc(-c2nnc3n2CCN(C(=O)c2ccc(Cl)c(F)c2)[C@@H]3C)n1,IC50,=,70000.0,nM,4.154901959985743,4.16,CHEMBL3888930,CHEMBL3886889,CHEMBL240,Voltage-gated inwardly rectifying potassium channel KCNH2,Homo sapiens,B,423435
CHEMBL4106866,Cc1nsc(-c2nnc3n2CCN(C(=O)c2ccc(Cl)c(F)c2)[C@@H]3C)n1,IC50,=,70000.0,nM,4.154901959985743,4.16,CHEMBL5731263,CHEMBL5725659,CHEMBL240,Voltage-gated inwardly rectifying potassium channel KCNH2,Homo sapiens,B,535305
CHEMBL4106866,Cc1nsc(-c2nnc3n2CCN(C(=O)c2ccc(Cl)c(F)c2)[C@@H]3C)n1,IC50,=,70000.0,nM,4.154901959985743,4.16,CHEMBL5736066,CHEMBL5728113,CHEMBL240,Voltage-gated inwardly rectifying potassium channel KCNH2,Homo sapiens,B,980684
CHEMBL4107016,Cc1nsc(-c2nnc3n2CCN(C(=O)c2ccc(C#N)cc2)[C@@H]3C)n1,IC50,=,59000.0,nM,4.229147988357856,4.23,CHEMBL3888930,CHEMBL3886889,CHEMBL240,Voltage-gated inwardly rectifying potassium channel KCNH2,Homo sapiens,B,423453
CHEMBL4107016,Cc1nsc(-c2nnc3n2CCN(C(=O)c2ccc(C#N)cc2)[C@@H]3C)n1,IC50,=,59000.0,nM,4.229147988357856,4.23,CHEMBL5736066,CHEMBL5728113,CHEMBL240,Voltage-gated inwardly rectifying potassium channel KCNH2,Homo sapiens,B,980702
CHEMBL4107668,Cc1cccc(-c2nnc3n2CCN(C(=O)c2ccc(-c4ccccc4)cc2)[C@@H]3C)n1,IC50,=,25000.0,nM,4.6020599913279625,4.6,CHEMBL3889183,CHEMBL3886979,CHEMBL240,Voltage-gated inwardly rectifying potassium channel KCNH2,Homo sapiens,B,439045
CHEMBL4107668,Cc1cccc(-c2nnc3n2CCN(C(=O)c2ccc(-c4ccccc4)cc2)[C@@H]3C)n1,IC50,=,25000.0,nM,4.6020599913279625,4.6,CHEMBL5735271,CHEMBL5727741,CHEMBL240,Voltage-gated inwardly rectifying potassium channel KCNH2,Homo sapiens,B,911958
CHEMBL4107759,O=C(Nc1ccc([C@H]2CNCCO2)cc1)c1ccc(OCC(F)(F)F)nc1,IC50,=,9840.0,nM,5.007004901568658,5.01,CHEMBL5734655,CHEMBL5727433,CHEMBL240,Voltage-gated inwardly rectifying potassium channel KCNH2,Homo sapiens,B,852492
CHEMBL4107759,O=C(Nc1ccc([C@H]2CNCCO2)cc1)c1ccc(OCC(F)(F)F)nc1,IC50,=,9840.0,nM,5.007004901568658,5.01,CHEMBL5738029,CHEMBL5729081,CHEMBL240,Voltage-gated inwardly rectifying potassium channel KCNH2,Homo sapiens,B,1163385
CHEMBL4107878,O=C(Nc1ccc([C@H]2CNCCO2)cc1)c1ccc(C(F)(F)F)nc1,IC50,=,17420.0,nM,4.758951849328356,4.76,CHEMBL5734655,CHEMBL5727433,CHEMBL240,Voltage-gated inwardly rectifying potassium channel KCNH2,Homo sapiens,B,852516
CHEMBL4107878,O=C(Nc1ccc([C@H]2CNCCO2)cc1)c1ccc(C(F)(F)F)nc1,IC50,=,17420.0,nM,4.758951849328356,4.76,CHEMBL5738029,CHEMBL5729081,CHEMBL240,Voltage-gated inwardly rectifying potassium channel KCNH2,Homo sapiens,B,1163409
CHEMBL4108583,Cc1nsc(-c2nnc3n2CCN(C(=O)c2ccc(Cl)c(Cl)c2)[C@@H]3C)n1,IC50,=,42000.0,nM,4.376750709602099,4.38,CHEMBL3888930,CHEMBL3886889,CHEMBL240,Voltage-gated inwardly rectifying potassium channel KCNH2,Homo sapiens,B,423432
CHEMBL4108583,Cc1nsc(-c2nnc3n2CCN(C(=O)c2ccc(Cl)c(Cl)c2)[C@@H]3C)n1,IC50,=,42000.0,nM,4.376750709602099,4.38,CHEMBL5731263,CHEMBL5725659,CHEMBL240,Voltage-gated inwardly rectifying potassium channel KCNH2,Homo sapiens,B,535302
CHEMBL4108583,Cc1nsc(-c2nnc3n2CCN(C(=O)c2ccc(Cl)c(Cl)c2)[C@@H]3C)n1,IC50,=,42000.0,nM,4.376750709602099,4.38,CHEMBL5736066,CHEMBL5728113,CHEMBL240,Voltage-gated inwardly rectifying potassium channel KCNH2,Homo sapiens,B,980681
CHEMBL4108623,CCc1noc(-c2nnc3n2CCN(C(=O)c2ccc(-c4cccs4)cc2)[C@@H]3C)n1,IC50,=,32000.0,nM,4.494850021680094,4.5,CHEMBL3888930,CHEMBL3886889,CHEMBL240,Voltage-gated inwardly rectifying potassium channel KCNH2,Homo sapiens,B,423454
CHEMBL4108623,CCc1noc(-c2nnc3n2CCN(C(=O)c2ccc(-c4cccs4)cc2)[C@@H]3C)n1,IC50,=,32000.0,nM,4.494850021680094,4.5,CHEMBL5731263,CHEMBL5725659,CHEMBL240,Voltage-gated inwardly rectifying potassium channel KCNH2,Homo sapiens,B,535324
CHEMBL4108623,CCc1noc(-c2nnc3n2CCN(C(=O)c2ccc(-c4cccs4)cc2)[C@@H]3C)n1,IC50,=,32000.0,nM,4.494850021680094,4.5,CHEMBL5736066,CHEMBL5728113,CHEMBL240,Voltage-gated inwardly rectifying potassium channel KCNH2,Homo sapiens,B,980703
CHEMBL410885,O=C(c1ccncn1)N1CCC2(CCN(Cc3cccc(Oc4ccccc4)c3)CC2)CC1,IC50,=,1412.54,nM,5.849999245077862,5.85,CHEMBL948146,CHEMBL1142336,CHEMBL240,Voltage-gated inwardly rectifying potassium channel KCNH2,Homo sapiens,B,
CHEMBL410885,O=C(c1ccncn1)N1CCC2(CCN(Cc3cccc(Oc4ccccc4)c3)CC2)CC1,IC50,=,1412.54,nM,5.849999245077862,5.85,CHEMBL1036929,CHEMBL1154736,CHEMBL240,Voltage-gated inwardly rectifying potassium channel KCNH2,Homo sapiens,B,
CHEMBL410885,O=C(c1ccncn1)N1CCC2(CCN(Cc3cccc(Oc4ccccc4)c3)CC2)CC1,IC50,=,1949.84,nM,5.710001024518515,5.71,CHEMBL1045843,CHEMBL1154736,CHEMBL240,Voltage-gated inwardly rectifying potassium channel KCNH2,Homo sapiens,B,
CHEMBL4109584,Cc1nsc(-c2nnc3n2CCN(C(=O)c2ccc(C(F)(F)F)cc2)[C@@H]3C)n1,IC50,=,45000.0,nM,4.346787486224656,4.35,CHEMBL3888930,CHEMBL3886889,CHEMBL240,Voltage-gated inwardly rectifying potassium channel KCNH2,Homo sapiens,B,423449
CHEMBL4109584,Cc1nsc(-c2nnc3n2CCN(C(=O)c2ccc(C(F)(F)F)cc2)[C@@H]3C)n1,IC50,=,45000.0,nM,4.346787486224656,4.35,CHEMBL5731263,CHEMBL5725659,CHEMBL240,Voltage-gated inwardly rectifying potassium channel KCNH2,Homo sapiens,B,535319
CHEMBL4109584,Cc1nsc(-c2nnc3n2CCN(C(=O)c2ccc(C(F)(F)F)cc2)[C@@H]3C)n1,IC50,=,45000.0,nM,4.346787486224656,4.35,CHEMBL5736066,CHEMBL5728113,CHEMBL240,Voltage-gated inwardly rectifying potassium channel KCNH2,Homo sapiens,B,980698
CHEMBL4109904,O=C(Nc1ccc([C@H]2CNCCO2)cc1)c1ccc(Cl)nc1,IC50,=,14260.0,nM,4.8458804744841535,4.85,CHEMBL5738029,CHEMBL5729081,CHEMBL240,Voltage-gated inwardly rectifying potassium channel KCNH2,Homo sapiens,B,1163412
CHEMBL4109904,O=C(Nc1ccc([C@H]2CNCCO2)cc1)c1ccc(Cl)nc1,IC50,=,49670.0,nM,4.303905840004776,4.3,CHEMBL5734655,CHEMBL5727433,CHEMBL240,Voltage-gated inwardly rectifying potassium channel KCNH2,Homo sapiens,B,852495
CHEMBL4109904,O=C(Nc1ccc([C@H]2CNCCO2)cc1)c1ccc(Cl)nc1,IC50,=,49670.0,nM,4.303905840004776,4.3,CHEMBL5738029,CHEMBL5729081,CHEMBL240,Voltage-gated inwardly rectifying potassium channel KCNH2,Homo sapiens,B,1163388
CHEMBL4110224,Cc1nsc(-c2nnc3n2CCN(C(=O)c2ccc(F)cc2F)[C@@H]3C)n1,IC50,=,70000.0,nM,4.154901959985743,4.16,CHEMBL3888930,CHEMBL3886889,CHEMBL240,Voltage-gated inwardly rectifying potassium channel KCNH2,Homo sapiens,B,423447
CHEMBL4110224,Cc1nsc(-c2nnc3n2CCN(C(=O)c2ccc(F)cc2F)[C@@H]3C)n1,IC50,=,70000.0,nM,4.154901959985743,4.16,CHEMBL5731263,CHEMBL5725659,CHEMBL240,Voltage-gated inwardly rectifying potassium channel KCNH2,Homo sapiens,B,535317
CHEMBL4110224,Cc1nsc(-c2nnc3n2CCN(C(=O)c2ccc(F)cc2F)[C@@H]3C)n1,IC50,=,70000.0,nM,4.154901959985743,4.16,CHEMBL5736066,CHEMBL5728113,CHEMBL240,Voltage-gated inwardly rectifying potassium channel KCNH2,Homo sapiens,B,980696
CHEMBL4110242,CCC[C@@H]1c2nnc(-c3nc(C)ns3)n2CCN1C(=O)c1ccc(F)cc1,IC50,=,61000.0,nM,4.214670164989233,4.21,CHEMBL3888930,CHEMBL3886889,CHEMBL240,Voltage-gated inwardly rectifying potassium channel KCNH2,Homo sapiens,B,423451
CHEMBL4110242,CCC[C@@H]1c2nnc(-c3nc(C)ns3)n2CCN1C(=O)c1ccc(F)cc1,IC50,=,61000.0,nM,4.214670164989233,4.21,CHEMBL5731263,CHEMBL5725659,CHEMBL240,Voltage-gated inwardly rectifying potassium channel KCNH2,Homo sapiens,B,535321
CHEMBL4110242,CCC[C@@H]1c2nnc(-c3nc(C)ns3)n2CCN1C(=O)c1ccc(F)cc1,IC50,=,61000.0,nM,4.214670164989233,4.21,CHEMBL5736066,CHEMBL5728113,CHEMBL240,Voltage-gated inwardly rectifying potassium channel KCNH2,Homo sapiens,B,980700
CHEMBL4110286,CCc1noc(-c2nnc3n2CCN(C(=O)c2ccc(F)cc2)[C@@H]3C)n1,IC50,=,70000.0,nM,4.154901959985743,4.16,CHEMBL3888930,CHEMBL3886889,CHEMBL240,Voltage-gated inwardly rectifying potassium channel KCNH2,Homo sapiens,B,423443
CHEMBL4110286,CCc1noc(-c2nnc3n2CCN(C(=O)c2ccc(F)cc2)[C@@H]3C)n1,IC50,=,70000.0,nM,4.154901959985743,4.16,CHEMBL5731263,CHEMBL5725659,CHEMBL240,Voltage-gated inwardly rectifying potassium channel KCNH2,Homo sapiens,B,535313
CHEMBL4110286,CCc1noc(-c2nnc3n2CCN(C(=O)c2ccc(F)cc2)[C@@H]3C)n1,IC50,=,70000.0,nM,4.154901959985743,4.16,CHEMBL5736066,CHEMBL5728113,CHEMBL240,Voltage-gated inwardly rectifying potassium channel KCNH2,Homo sapiens,B,980692
CHEMBL4110570,O=C(Nc1ccc(OC(F)(F)Cl)cc1)c1cnc(N2CC[C@@H](O)C2)c(-c2cncnc2)c1,IC50,=,1800.0,nM,5.7447274948966935,5.75,CHEMBL4200760,CHEMBL4196169,CHEMBL240,Voltage-gated inwardly rectifying potassium channel KCNH2,Homo sapiens,B,
CHEMBL4110570,O=C(Nc1ccc(OC(F)(F)Cl)cc1)c1cnc(N2CC[C@@H](O)C2)c(-c2cncnc2)c1,IC50,=,3600.0,nM,5.443697499232712,5.44,CHEMBL4200746,CHEMBL4196169,CHEMBL240,Voltage-gated inwardly rectifying potassium channel KCNH2,Homo sapiens,B,
CHEMBL4110570,O=C(Nc1ccc(OC(F)(F)Cl)cc1)c1cnc(N2CC[C@@H](O)C2)c(-c2cncnc2)c1,IC50,=,5000.0,nM,5.301029995663981,5.3,CHEMBL4200761,CHEMBL4196169,CHEMBL240,Voltage-gated inwardly rectifying potassium channel KCNH2,Homo sapiens,B,
CHEMBL4110584,O=C(Nc1ccc([C@H]2CNCCO2)cc1)c1cc(Cl)nc(Cl)c1,IC50,=,11390.0,nM,4.9434762759209,4.94,CHEMBL5734655,CHEMBL5727433,CHEMBL240,Voltage-gated inwardly rectifying potassium channel KCNH2,Homo sapiens,B,852504
CHEMBL4110584,O=C(Nc1ccc([C@H]2CNCCO2)cc1)c1cc(Cl)nc(Cl)c1,IC50,=,11390.0,nM,4.9434762759209,4.94,CHEMBL5738029,CHEMBL5729081,CHEMBL240,Voltage-gated inwardly rectifying potassium channel KCNH2,Homo sapiens,B,1163397
CHEMBL4110737,Cc1cc(C(=O)Nc2ccc([C@H]3CNCCO3)cc2)cc(Cl)n1,IC50,=,73180.0,nM,4.135607594849411,4.14,CHEMBL5734655,CHEMBL5727433,CHEMBL240,Voltage-gated inwardly rectifying potassium channel KCNH2,Homo sapiens,B,852525
CHEMBL4110737,Cc1cc(C(=O)Nc2ccc([C@H]3CNCCO3)cc2)cc(Cl)n1,IC50,=,73180.0,nM,4.135607594849411,4.14,CHEMBL5738029,CHEMBL5729081,CHEMBL240,Voltage-gated inwardly rectifying potassium channel KCNH2,Homo sapiens,B,1163418
CHEMBL4110770,Cc1nsc(-c2nnc3n2CCN(C(=O)c2cccc(Cl)c2)[C@@H]3C)n1,IC50,=,70000.0,nM,4.154901959985743,4.16,CHEMBL3888930,CHEMBL3886889,CHEMBL240,Voltage-gated inwardly rectifying potassium channel KCNH2,Homo sapiens,B,423445
CHEMBL4110770,Cc1nsc(-c2nnc3n2CCN(C(=O)c2cccc(Cl)c2)[C@@H]3C)n1,IC50,=,70000.0,nM,4.154901959985743,4.16,CHEMBL5731263,CHEMBL5725659,CHEMBL240,Voltage-gated inwardly rectifying potassium channel KCNH2,Homo sapiens,B,535315
CHEMBL4110770,Cc1nsc(-c2nnc3n2CCN(C(=O)c2cccc(Cl)c2)[C@@H]3C)n1,IC50,=,70000.0,nM,4.154901959985743,4.16,CHEMBL5736066,CHEMBL5728113,CHEMBL240,Voltage-gated inwardly rectifying potassium channel KCNH2,Homo sapiens,B,980694
CHEMBL4111714,Cc1nsc(-c2nnc3n2CCN(C(=O)c2cccc(F)c2)[C@@H]3C)n1,IC50,=,70000.0,nM,4.154901959985743,4.16,CHEMBL3888930,CHEMBL3886889,CHEMBL240,Voltage-gated inwardly rectifying potassium channel KCNH2,Homo sapiens,B,423444
CHEMBL4111714,Cc1nsc(-c2nnc3n2CCN(C(=O)c2cccc(F)c2)[C@@H]3C)n1,IC50,=,70000.0,nM,4.154901959985743,4.16,CHEMBL5731263,CHEMBL5725659,CHEMBL240,Voltage-gated inwardly rectifying potassium channel KCNH2,Homo sapiens,B,535314
CHEMBL4111714,Cc1nsc(-c2nnc3n2CCN(C(=O)c2cccc(F)c2)[C@@H]3C)n1,IC50,=,70000.0,nM,4.154901959985743,4.16,CHEMBL5736066,CHEMBL5728113,CHEMBL240,Voltage-gated inwardly rectifying potassium channel KCNH2,Homo sapiens,B,980693
CHEMBL4112037,Cc1nsc(-c2nnc3n2CCN(C(=O)c2ccc(F)c(F)c2)[C@@H]3C)n1,IC50,=,70000.0,nM,4.154901959985743,4.16,CHEMBL3888930,CHEMBL3886889,CHEMBL240,Voltage-gated inwardly rectifying potassium channel KCNH2,Homo sapiens,B,423440
CHEMBL4112037,Cc1nsc(-c2nnc3n2CCN(C(=O)c2ccc(F)c(F)c2)[C@@H]3C)n1,IC50,=,70000.0,nM,4.154901959985743,4.16,CHEMBL5731263,CHEMBL5725659,CHEMBL240,Voltage-gated inwardly rectifying potassium channel KCNH2,Homo sapiens,B,535310
CHEMBL4112037,Cc1nsc(-c2nnc3n2CCN(C(=O)c2ccc(F)c(F)c2)[C@@H]3C)n1,IC50,=,70000.0,nM,4.154901959985743,4.16,CHEMBL5736066,CHEMBL5728113,CHEMBL240,Voltage-gated inwardly rectifying potassium channel KCNH2,Homo sapiens,B,980689
CHEMBL4112585,Cc1nsc(-c2nnc3n2CCN(C(=O)c2cc(F)cc(F)c2)[C@@H]3C)n1,IC50,=,46000.0,nM,4.337242168318426,4.34,CHEMBL3888930,CHEMBL3886889,CHEMBL240,Voltage-gated inwardly rectifying potassium channel KCNH2,Homo sapiens,B,423446
CHEMBL4112585,Cc1nsc(-c2nnc3n2CCN(C(=O)c2cc(F)cc(F)c2)[C@@H]3C)n1,IC50,=,46000.0,nM,4.337242168318426,4.34,CHEMBL5731263,CHEMBL5725659,CHEMBL240,Voltage-gated inwardly rectifying potassium channel KCNH2,Homo sapiens,B,535316
CHEMBL4112585,Cc1nsc(-c2nnc3n2CCN(C(=O)c2cc(F)cc(F)c2)[C@@H]3C)n1,IC50,=,46000.0,nM,4.337242168318426,4.34,CHEMBL5736066,CHEMBL5728113,CHEMBL240,Voltage-gated inwardly rectifying potassium channel KCNH2,Homo sapiens,B,980695
CHEMBL4112608,CC[C@@H]1c2nnc(-c3nc(C)ns3)n2CCN1C(=O)c1ccc(F)cc1,IC50,=,70000.0,nM,4.154901959985743,4.16,CHEMBL3888930,CHEMBL3886889,CHEMBL240,Voltage-gated inwardly rectifying potassium channel KCNH2,Homo sapiens,B,423450
CHEMBL4112608,CC[C@@H]1c2nnc(-c3nc(C)ns3)n2CCN1C(=O)c1ccc(F)cc1,IC50,=,70000.0,nM,4.154901959985743,4.16,CHEMBL5731263,CHEMBL5725659,CHEMBL240,Voltage-gated inwardly rectifying potassium channel KCNH2,Homo sapiens,B,535320
CHEMBL4112608,CC[C@@H]1c2nnc(-c3nc(C)ns3)n2CCN1C(=O)c1ccc(F)cc1,IC50,=,70000.0,nM,4.154901959985743,4.16,CHEMBL5736066,CHEMBL5728113,CHEMBL240,Voltage-gated inwardly rectifying potassium channel KCNH2,Homo sapiens,B,980699
CHEMBL4112613,Cc1nc(-c2nnc3n2CCN(C(=O)c2ccc(-c4cccs4)cc2)[C@@H]3C)sc1C,IC50,=,12000.0,nM,4.920818753952375,4.92,CHEMBL3889183,CHEMBL3886979,CHEMBL240,Voltage-gated inwardly rectifying potassium channel KCNH2,Homo sapiens,B,439044
CHEMBL4112613,Cc1nc(-c2nnc3n2CCN(C(=O)c2ccc(-c4cccs4)cc2)[C@@H]3C)sc1C,IC50,=,12000.0,nM,4.920818753952375,4.92,CHEMBL5735271,CHEMBL5727741,CHEMBL240,Voltage-gated inwardly rectifying potassium channel KCNH2,Homo sapiens,B,911957
CHEMBL4113428,Cc1nsc(-c2nnc3n2CCN(C(=O)c2cc(F)c(F)c(F)c2F)[C@@H]3C)n1,IC50,=,70000.0,nM,4.154901959985743,4.16,CHEMBL3888930,CHEMBL3886889,CHEMBL240,Voltage-gated inwardly rectifying potassium channel KCNH2,Homo sapiens,B,423441
CHEMBL4113428,Cc1nsc(-c2nnc3n2CCN(C(=O)c2cc(F)c(F)c(F)c2F)[C@@H]3C)n1,IC50,=,70000.0,nM,4.154901959985743,4.16,CHEMBL5731263,CHEMBL5725659,CHEMBL240,Voltage-gated inwardly rectifying potassium channel KCNH2,Homo sapiens,B,535311
CHEMBL4113428,Cc1nsc(-c2nnc3n2CCN(C(=O)c2cc(F)c(F)c(F)c2F)[C@@H]3C)n1,IC50,=,70000.0,nM,4.154901959985743,4.16,CHEMBL5736066,CHEMBL5728113,CHEMBL240,Voltage-gated inwardly rectifying potassium channel KCNH2,Homo sapiens,B,980690
CHEMBL4113741,CCc1nsc(-c2nnc3n2CCN(C(=O)c2ccc(F)cc2)[C@@H]3C)n1,IC50,=,32000.0,nM,4.494850021680094,4.5,CHEMBL3888930,CHEMBL3886889,CHEMBL240,Voltage-gated inwardly rectifying potassium channel KCNH2,Homo sapiens,B,423433
CHEMBL4113741,CCc1nsc(-c2nnc3n2CCN(C(=O)c2ccc(F)cc2)[C@@H]3C)n1,IC50,=,32000.0,nM,4.494850021680094,4.5,CHEMBL5731263,CHEMBL5725659,CHEMBL240,Voltage-gated inwardly rectifying potassium channel KCNH2,Homo sapiens,B,535303
CHEMBL4113741,CCc1nsc(-c2nnc3n2CCN(C(=O)c2ccc(F)cc2)[C@@H]3C)n1,IC50,=,32000.0,nM,4.494850021680094,4.5,CHEMBL5736066,CHEMBL5728113,CHEMBL240,Voltage-gated inwardly rectifying potassium channel KCNH2,Homo sapiens,B,980682
CHEMBL4114218,C[C@@H]1c2nnc(-c3cccc(O)n3)n2CCN1C(=O)c1ccc(-c2cccs2)cc1,IC50,=,20000.0,nM,4.698970004336019,4.7,CHEMBL3889183,CHEMBL3886979,CHEMBL240,Voltage-gated inwardly rectifying potassium channel KCNH2,Homo sapiens,B,439046
CHEMBL4114218,C[C@@H]1c2nnc(-c3cccc(O)n3)n2CCN1C(=O)c1ccc(-c2cccs2)cc1,IC50,=,20000.0,nM,4.698970004336019,4.7,CHEMBL5735271,CHEMBL5727741,CHEMBL240,Voltage-gated inwardly rectifying potassium channel KCNH2,Homo sapiens,B,911959
CHEMBL4114258,COc1cccc(C(=O)N2CCn3c(-c4nc(C)ns4)nnc3[C@H]2C)c1,IC50,=,70000.0,nM,4.154901959985743,4.16,CHEMBL3888930,CHEMBL3886889,CHEMBL240,Voltage-gated inwardly rectifying potassium channel KCNH2,Homo sapiens,B,423452
CHEMBL4114258,COc1cccc(C(=O)N2CCn3c(-c4nc(C)ns4)nnc3[C@H]2C)c1,IC50,=,70000.0,nM,4.154901959985743,4.16,CHEMBL5731263,CHEMBL5725659,CHEMBL240,Voltage-gated inwardly rectifying potassium channel KCNH2,Homo sapiens,B,535322
CHEMBL4114280,Cc1nsc(-c2nnc3n2CCN(C(=O)c2ccc(F)c(Cl)c2)[C@@H]3C)n1,IC50,=,45000.0,nM,4.346787486224656,4.35,CHEMBL3888930,CHEMBL3886889,CHEMBL240,Voltage-gated inwardly rectifying potassium channel KCNH2,Homo sapiens,B,423437
CHEMBL4114280,Cc1nsc(-c2nnc3n2CCN(C(=O)c2ccc(F)c(Cl)c2)[C@@H]3C)n1,IC50,=,45000.0,nM,4.346787486224656,4.35,CHEMBL5731263,CHEMBL5725659,CHEMBL240,Voltage-gated inwardly rectifying potassium channel KCNH2,Homo sapiens,B,535307
CHEMBL4114280,Cc1nsc(-c2nnc3n2CCN(C(=O)c2ccc(F)c(Cl)c2)[C@@H]3C)n1,IC50,=,45000.0,nM,4.346787486224656,4.35,CHEMBL5736066,CHEMBL5728113,CHEMBL240,Voltage-gated inwardly rectifying potassium channel KCNH2,Homo sapiens,B,980686
CHEMBL4115295,Cc1nsc(-c2nnc3n2CCN(C(=O)c2ccc(F)c(F)c2F)[C@@H]3C)n1,IC50,=,70000.0,nM,4.154901959985743,4.16,CHEMBL3888930,CHEMBL3886889,CHEMBL240,Voltage-gated inwardly rectifying potassium channel KCNH2,Homo sapiens,B,423439
CHEMBL4115295,Cc1nsc(-c2nnc3n2CCN(C(=O)c2ccc(F)c(F)c2F)[C@@H]3C)n1,IC50,=,70000.0,nM,4.154901959985743,4.16,CHEMBL5731263,CHEMBL5725659,CHEMBL240,Voltage-gated inwardly rectifying potassium channel KCNH2,Homo sapiens,B,535309
CHEMBL4115295,Cc1nsc(-c2nnc3n2CCN(C(=O)c2ccc(F)c(F)c2F)[C@@H]3C)n1,IC50,=,70000.0,nM,4.154901959985743,4.16,CHEMBL5736066,CHEMBL5728113,CHEMBL240,Voltage-gated inwardly rectifying potassium channel KCNH2,Homo sapiens,B,980688
CHEMBL4115594,Cc1nsc(-c2nnc3n2CCN(C(=O)c2cc(F)c(F)c(F)c2)[C@@H]3C)n1,IC50,=,70000.0,nM,4.154901959985743,4.16,CHEMBL3888930,CHEMBL3886889,CHEMBL240,Voltage-gated inwardly rectifying potassium channel KCNH2,Homo sapiens,B,423438
CHEMBL4115594,Cc1nsc(-c2nnc3n2CCN(C(=O)c2cc(F)c(F)c(F)c2)[C@@H]3C)n1,IC50,=,70000.0,nM,4.154901959985743,4.16,CHEMBL5731263,CHEMBL5725659,CHEMBL240,Voltage-gated inwardly rectifying potassium channel KCNH2,Homo sapiens,B,535308
CHEMBL4115594,Cc1nsc(-c2nnc3n2CCN(C(=O)c2cc(F)c(F)c(F)c2)[C@@H]3C)n1,IC50,=,70000.0,nM,4.154901959985743,4.16,CHEMBL5736066,CHEMBL5728113,CHEMBL240,Voltage-gated inwardly rectifying potassium channel KCNH2,Homo sapiens,B,980687
CHEMBL412663,COC(=O)C1=CCC2CCC1N2C,IC50,=,8912.51,nM,5.049999969853415,5.05,CHEMBL1676103,CHEMBL1671772,CHEMBL240,Voltage-gated inwardly rectifying potassium channel KCNH2,Homo sapiens,B,
CHEMBL412663,COC(=O)C1=CCC2CCC1N2C,IC50,=,169824.37,nM,3.7699999878429686,,CHEMBL1676103,CHEMBL1671772,CHEMBL240,Voltage-gated inwardly rectifying potassium channel KCNH2,Homo sapiens,B,
CHEMBL415944,COC(=O)Cc1ccc(-n2cc(C3CCN(CCN4CCNC4=O)CC3)c3cc(Cl)ccc32)cc1,IC50,=,131.0,nM,6.882728704344236,6.88,CHEMBL766816,CHEMBL1136402,CHEMBL240,Voltage-gated inwardly rectifying potassium channel KCNH2,Homo sapiens,B,
CHEMBL415944,COC(=O)Cc1ccc(-n2cc(C3CCN(CCN4CCNC4=O)CC3)c3cc(Cl)ccc32)cc1,IC50,=,131.83,nM,6.879985747921933,6.88,CHEMBL1676103,CHEMBL1671772,CHEMBL240,Voltage-gated inwardly rectifying potassium channel KCNH2,Homo sapiens,B,
CHEMBL416956,OC(c1cc(C(F)(F)F)nc2c(C(F)(F)F)cccc12)C1CCCCN1,IC50,=,2600.0,nM,5.585026652029182,5.58,CHEMBL827807,CHEMBL1137856,CHEMBL240,Voltage-gated inwardly rectifying potassium channel KCNH2,Homo sapiens,B,
CHEMBL416956,OC(c1cc(C(F)(F)F)nc2c(C(F)(F)F)cccc12)C1CCCCN1,IC50,=,5495.41,nM,5.259999900311453,5.26,CHEMBL1676103,CHEMBL1671772,CHEMBL240,Voltage-gated inwardly rectifying potassium channel KCNH2,Homo sapiens,B,
CHEMBL416956,OC(c1cc(C(F)(F)F)nc2c(C(F)(F)F)cccc12)C1CCCCN1,IC50,=,5623.41,nM,5.250000251143582,5.25,CHEMBL829152,CHEMBL1139598,CHEMBL240,Voltage-gated inwardly rectifying potassium channel KCNH2,Homo sapiens,B,
CHEMBL416956,OC(c1cc(C(F)(F)F)nc2c(C(F)(F)F)cccc12)C1CCCCN1,IC50,=,5623.41,nM,5.250000251143582,5.25,CHEMBL954102,CHEMBL1150324,CHEMBL240,Voltage-gated inwardly rectifying potassium channel KCNH2,Homo sapiens,B,
CHEMBL4174323,NC(=O)c1cnc2ccc(-c3cccnc3)cc2c1NC1CCOCC1,IC50,=,2100.0,nM,5.6777807052660805,5.68,CHEMBL4153776,CHEMBL4152224,CHEMBL240,Voltage-gated inwardly rectifying potassium channel KCNH2,Homo sapiens,B,
CHEMBL4174323,NC(=O)c1cnc2ccc(-c3cccnc3)cc2c1NC1CCOCC1,IC50,=,2100.0,nM,5.6777807052660805,5.68,CHEMBL4478172,CHEMBL4477207,CHEMBL240,Voltage-gated inwardly rectifying potassium channel KCNH2,Homo sapiens,B,
CHEMBL42,CN1CCN(C2=Nc3cc(Cl)ccc3Nc3ccccc32)CC1,IC50,=,190.55,nM,6.719991046891813,6.72,CHEMBL1023674,CHEMBL1158373,CHEMBL240,Voltage-gated inwardly rectifying potassium channel KCNH2,Homo sapiens,B,
CHEMBL42,CN1CCN(C2=Nc3cc(Cl)ccc3Nc3ccccc32)CC1,IC50,=,191.0,nM,6.718966632752272,6.72,CHEMBL822598,CHEMBL1135758,CHEMBL240,Voltage-gated inwardly rectifying potassium channel KCNH2,Homo sapiens,F,
CHEMBL42,CN1CCN(C2=Nc3cc(Cl)ccc3Nc3ccccc32)CC1,IC50,=,320.0,nM,6.494850021680094,6.5,CHEMBL1027667,CHEMBL1137783,CHEMBL240,Voltage-gated inwardly rectifying potassium channel KCNH2,Homo sapiens,B,
CHEMBL42,CN1CCN(C2=Nc3cc(Cl)ccc3Nc3ccccc32)CC1,IC50,=,323.59,nM,6.4900049079866005,6.49,CHEMBL766814,CHEMBL1136167,CHEMBL240,Voltage-gated inwardly rectifying potassium channel KCNH2,Homo sapiens,B,
CHEMBL42,CN1CCN(C2=Nc3cc(Cl)ccc3Nc3ccccc32)CC1,IC50,=,323.59,nM,6.4900049079866005,6.49,CHEMBL829152,CHEMBL1139598,CHEMBL240,Voltage-gated inwardly rectifying potassium channel KCNH2,Homo sapiens,B,
CHEMBL42,CN1CCN(C2=Nc3cc(Cl)ccc3Nc3ccccc32)CC1,IC50,=,323.59,nM,6.4900049079866005,6.49,CHEMBL954102,CHEMBL1150324,CHEMBL240,Voltage-gated inwardly rectifying potassium channel KCNH2,Homo sapiens,B,
CHEMBL42,CN1CCN(C2=Nc3cc(Cl)ccc3Nc3ccccc32)CC1,IC50,=,650.0,nM,6.187086643357144,6.19,CHEMBL2390223,CHEMBL2385071,CHEMBL240,Voltage-gated inwardly rectifying potassium channel KCNH2,Homo sapiens,B,
CHEMBL42,CN1CCN(C2=Nc3cc(Cl)ccc3Nc3ccccc32)CC1,IC50,=,901.0,nM,6.045275209020938,6.04,CHEMBL3744556,CHEMBL3739370,CHEMBL240,Voltage-gated inwardly rectifying potassium channel KCNH2,Homo sapiens,B,
CHEMBL42,CN1CCN(C2=Nc3cc(Cl)ccc3Nc3ccccc32)CC1,IC50,=,3200.0,nM,5.494850021680094,5.5,CHEMBL4671572,CHEMBL4665835,CHEMBL240,Voltage-gated inwardly rectifying potassium channel KCNH2,Homo sapiens,B,
CHEMBL42,CN1CCN(C2=Nc3cc(Cl)ccc3Nc3ccccc32)CC1,IC50,=,3981.07,nM,5.40000018605658,5.4,CHEMBL1676103,CHEMBL1671772,CHEMBL240,Voltage-gated inwardly rectifying potassium channel KCNH2,Homo sapiens,B,
CHEMBL42,CN1CCN(C2=Nc3cc(Cl)ccc3Nc3ccccc32)CC1,IC50,=,5754.4,nM,5.2399999527072705,5.24,CHEMBL832278,CHEMBL1142050,CHEMBL240,Voltage-gated inwardly rectifying potassium channel KCNH2,Homo sapiens,F,
CHEMBL42,CN1CCN(C2=Nc3cc(Cl)ccc3Nc3ccccc32)CC1,IC50,=,10571.0,nM,4.975883927173229,4.98,CHEMBL1909190,CHEMBL1909046,CHEMBL240,Voltage-gated inwardly rectifying potassium channel KCNH2,Homo sapiens,B,
CHEMBL4207042,CNC(=O)c1cnc(N)c(O[C@H]2CN(C(=O)Cc3ccc(OC(F)(F)F)cc3)CC2(F)F)c1,IC50,=,79000.0,nM,4.102372908709558,4.1,CHEMBL4195808,CHEMBL4190406,CHEMBL240,Voltage-gated inwardly rectifying potassium channel KCNH2,Homo sapiens,B,
CHEMBL4207042,CNC(=O)c1cnc(N)c(O[C@H]2CN(C(=O)Cc3ccc(OC(F)(F)F)cc3)CC2(F)F)c1,IC50,=,88000.0,nM,4.055517327849832,4.06,CHEMBL4195809,CHEMBL4190406,CHEMBL240,Voltage-gated inwardly rectifying potassium channel KCNH2,Homo sapiens,B,
CHEMBL4215846,Cn1cnc(-c2ccc(OC3CCN(C(=O)Cc4ccc(OC(F)(F)F)cc4)CC3)c(C(N)=O)c2)c1,IC50,=,9500.0,nM,5.022276394711152,5.02,CHEMBL4195809,CHEMBL4190406,CHEMBL240,Voltage-gated inwardly rectifying potassium channel KCNH2,Homo sapiens,B,
CHEMBL4215846,Cn1cnc(-c2ccc(OC3CCN(C(=O)Cc4ccc(OC(F)(F)F)cc4)CC3)c(C(N)=O)c2)c1,IC50,=,18000.0,nM,4.7447274948966935,4.75,CHEMBL4195808,CHEMBL4190406,CHEMBL240,Voltage-gated inwardly rectifying potassium channel KCNH2,Homo sapiens,B,
CHEMBL4216500,Cn1cnc(-c2cnc(N)c(O[C@H]3CN(C(=O)Cc4ccc(OC(F)(F)F)cc4)CC3(F)F)c2)c1,IC50,=,7700.0,nM,5.113509274827518,5.11,CHEMBL4195809,CHEMBL4190406,CHEMBL240,Voltage-gated inwardly rectifying potassium channel KCNH2,Homo sapiens,B,
CHEMBL4216500,Cn1cnc(-c2cnc(N)c(O[C@H]3CN(C(=O)Cc4ccc(OC(F)(F)F)cc4)CC3(F)F)c2)c1,IC50,=,11000.0,nM,4.958607314841775,4.96,CHEMBL4195808,CHEMBL4190406,CHEMBL240,Voltage-gated inwardly rectifying potassium channel KCNH2,Homo sapiens,B,
CHEMBL4239085,O=C(O)C[C@H](CN1CC[C@@H](CCc2ccc3c(n2)NCCC3)C1)c1cccc(O[C@@H]2CCOC2)c1,IC50,=,31622.78,nM,4.499999953328896,4.5,CHEMBL4236906,CHEMBL4229566,CHEMBL240,Voltage-gated inwardly rectifying potassium channel KCNH2,Homo sapiens,B,
CHEMBL4239085,O=C(O)C[C@H](CN1CC[C@@H](CCc2ccc3c(n2)NCCC3)C1)c1cccc(O[C@@H]2CCOC2)c1,IC50,=,39810.72,nM,4.399999967876858,4.4,CHEMBL4236905,CHEMBL4229566,CHEMBL240,Voltage-gated inwardly rectifying potassium channel KCNH2,Homo sapiens,B,
CHEMBL4241824,Cc1cc(C)n(-c2cccc([C@H](CC(=O)O)CN3CC[C@@H](CCc4ccc5c(n4)NCCC5)C3)c2)n1,IC50,=,12589.25,nM,4.900000142057633,4.9,CHEMBL4236906,CHEMBL4229566,CHEMBL240,Voltage-gated inwardly rectifying potassium channel KCNH2,Homo sapiens,B,
CHEMBL4241824,Cc1cc(C)n(-c2cccc([C@H](CC(=O)O)CN3CC[C@@H](CCc4ccc5c(n4)NCCC5)C3)c2)n1,IC50,=,31622.78,nM,4.499999953328896,4.5,CHEMBL4236905,CHEMBL4229566,CHEMBL240,Voltage-gated inwardly rectifying potassium channel KCNH2,Homo sapiens,B,
CHEMBL4242635,O=C(O)C[C@H](CN1CC[C@@H](CCc2ccc3c(n2)NCCC3)C1)c1cccc(C2CC2)c1,IC50,=,1995.26,nM,5.700000503883016,5.7,CHEMBL4236906,CHEMBL4229566,CHEMBL240,Voltage-gated inwardly rectifying potassium channel KCNH2,Homo sapiens,B,
CHEMBL4242635,O=C(O)C[C@H](CN1CC[C@@H](CCc2ccc3c(n2)NCCC3)C1)c1cccc(C2CC2)c1,IC50,=,5011.87,nM,5.300000202445418,5.3,CHEMBL4236905,CHEMBL4229566,CHEMBL240,Voltage-gated inwardly rectifying potassium channel KCNH2,Homo sapiens,B,
CHEMBL4244784,O=C(O)C[C@H](CN1CC[C@@H](CCc2ccc3c(n2)NCCC3)C1)c1cccc(C2CCOC2)c1,IC50,=,12589.25,nM,4.900000142057633,4.9,CHEMBL4236906,CHEMBL4229566,CHEMBL240,Voltage-gated inwardly rectifying potassium channel KCNH2,Homo sapiens,B,
CHEMBL4244784,O=C(O)C[C@H](CN1CC[C@@H](CCc2ccc3c(n2)NCCC3)C1)c1cccc(C2CCOC2)c1,IC50,=,31622.78,nM,4.499999953328896,4.5,CHEMBL4236906,CHEMBL4229566,CHEMBL240,Voltage-gated inwardly rectifying potassium channel KCNH2,Homo sapiens,B,
CHEMBL4244784,O=C(O)C[C@H](CN1CC[C@@H](CCc2ccc3c(n2)NCCC3)C1)c1cccc(C2CCOC2)c1,IC50,=,39810.72,nM,4.399999967876858,4.4,CHEMBL4236905,CHEMBL4229566,CHEMBL240,Voltage-gated inwardly rectifying potassium channel KCNH2,Homo sapiens,B,
CHEMBL4247149,Cc1ccn(-c2cccc([C@H](CC(=O)O)CN3CC[C@@H](CCc4ccc5c(n4)NCCC5)C3)c2)n1,IC50,=,10000.0,nM,5.0,5.0,CHEMBL4236906,CHEMBL4229566,CHEMBL240,Voltage-gated inwardly rectifying potassium channel KCNH2,Homo sapiens,B,
CHEMBL4247149,Cc1ccn(-c2cccc([C@H](CC(=O)O)CN3CC[C@@H](CCc4ccc5c(n4)NCCC5)C3)c2)n1,IC50,=,39810.72,nM,4.399999967876858,4.4,CHEMBL4236905,CHEMBL4229566,CHEMBL240,Voltage-gated inwardly rectifying potassium channel KCNH2,Homo sapiens,B,
CHEMBL4249172,O=C(O)C[C@H](CN1CC[C@@H](CCc2ccc3c(n2)NCCC3)C1)c1cccc(O[C@H]2CCOC2)c1,IC50,=,15848.93,nM,4.800000052738446,4.8,CHEMBL4236906,CHEMBL4229566,CHEMBL240,Voltage-gated inwardly rectifying potassium channel KCNH2,Homo sapiens,B,
CHEMBL4249172,O=C(O)C[C@H](CN1CC[C@@H](CCc2ccc3c(n2)NCCC3)C1)c1cccc(O[C@H]2CCOC2)c1,IC50,=,31622.78,nM,4.499999953328896,4.5,CHEMBL4236905,CHEMBL4229566,CHEMBL240,Voltage-gated inwardly rectifying potassium channel KCNH2,Homo sapiens,B,
CHEMBL4250148,Cc1cnn(C)c1-c1cccc([C@H](CC(=O)O)CN2CC[C@@H](CCc3ccc4c(n3)NCCC4)C2)c1,IC50,=,12589.25,nM,4.900000142057633,4.9,CHEMBL4236906,CHEMBL4229566,CHEMBL240,Voltage-gated inwardly rectifying potassium channel KCNH2,Homo sapiens,B,
CHEMBL4250148,Cc1cnn(C)c1-c1cccc([C@H](CC(=O)O)CN2CC[C@@H](CCc3ccc4c(n3)NCCC4)C2)c1,IC50,=,31622.78,nM,4.499999953328896,4.5,CHEMBL4236905,CHEMBL4229566,CHEMBL240,Voltage-gated inwardly rectifying potassium channel KCNH2,Homo sapiens,B,
CHEMBL4280558,CN(c1ccc(-c2ccc(-n3cccn3)cc2O)nn1)C1CC(C)(C)NC(C)(C)C1,IC50,=,300.0,nM,6.522878745280337,6.52,CHEMBL4260925,CHEMBL4257581,CHEMBL240,Voltage-gated inwardly rectifying potassium channel KCNH2,Homo sapiens,B,
CHEMBL4280558,CN(c1ccc(-c2ccc(-n3cccn3)cc2O)nn1)C1CC(C)(C)NC(C)(C)C1,IC50,=,300.0,nM,6.522878745280337,6.52,CHEMBL5237932,CHEMBL5236575,CHEMBL240,Voltage-gated inwardly rectifying potassium channel KCNH2,Homo sapiens,T,
CHEMBL4280886,Brc1ccc(Nc2ccc(CN3CCC4(CC3)OCCc3sccc34)cc2)cc1,IC50,=,2300.0,nM,5.638272163982407,5.64,CHEMBL4261226,CHEMBL4257587,CHEMBL240,Voltage-gated inwardly rectifying potassium channel KCNH2,Homo sapiens,B,
CHEMBL4280886,Brc1ccc(Nc2ccc(CN3CCC4(CC3)OCCc3sccc34)cc2)cc1,IC50,=,7900.0,nM,5.102372908709558,5.1,CHEMBL4261225,CHEMBL4257587,CHEMBL240,Voltage-gated inwardly rectifying potassium channel KCNH2,Homo sapiens,B,
CHEMBL4283367,CN(c1ccc(-c2ccc(-c3cn[nH]c3)cc2O)nn1)C1CC(C)(C)NC(C)(C)C1,IC50,=,6000.0,nM,5.221848749616356,5.22,CHEMBL4260925,CHEMBL4257581,CHEMBL240,Voltage-gated inwardly rectifying potassium channel KCNH2,Homo sapiens,B,
CHEMBL4283367,CN(c1ccc(-c2ccc(-c3cn[nH]c3)cc2O)nn1)C1CC(C)(C)NC(C)(C)C1,IC50,=,6000.0,nM,5.221848749616356,5.22,CHEMBL5237932,CHEMBL5236575,CHEMBL240,Voltage-gated inwardly rectifying potassium channel KCNH2,Homo sapiens,T,
CHEMBL4288117,FC(F)(F)Oc1ccc(Oc2ccc(N3CCC4(CC3)OCCc3sccc34)cc2)cc1,IC50,=,1500.0,nM,5.823908740944319,5.82,CHEMBL4261226,CHEMBL4257587,CHEMBL240,Voltage-gated inwardly rectifying potassium channel KCNH2,Homo sapiens,B,
CHEMBL4288117,FC(F)(F)Oc1ccc(Oc2ccc(N3CCC4(CC3)OCCc3sccc34)cc2)cc1,IC50,=,10000.0,nM,5.0,5.0,CHEMBL4261225,CHEMBL4257587,CHEMBL240,Voltage-gated inwardly rectifying potassium channel KCNH2,Homo sapiens,B,
CHEMBL4288439,CC1(C)CC(Oc2ccc(-c3ccc(-n4cccn4)cc3O)nn2)CC(C)(C)N1,IC50,=,230.0,nM,6.638272163982407,6.64,CHEMBL4260925,CHEMBL4257581,CHEMBL240,Voltage-gated inwardly rectifying potassium channel KCNH2,Homo sapiens,B,
CHEMBL4288439,CC1(C)CC(Oc2ccc(-c3ccc(-n4cccn4)cc3O)nn2)CC(C)(C)N1,IC50,=,230.0,nM,6.638272163982407,6.64,CHEMBL5237932,CHEMBL5236575,CHEMBL240,Voltage-gated inwardly rectifying potassium channel KCNH2,Homo sapiens,T,
CHEMBL4290141,CC1(C)CC(Oc2ccc(-c3ccc(-c4cn[nH]c4)cc3O)nn2)CC(C)(C)N1,IC50,=,6300.0,nM,5.200659450546418,5.2,CHEMBL4260925,CHEMBL4257581,CHEMBL240,Voltage-gated inwardly rectifying potassium channel KCNH2,Homo sapiens,B,
CHEMBL4290141,CC1(C)CC(Oc2ccc(-c3ccc(-c4cn[nH]c4)cc3O)nn2)CC(C)(C)N1,IC50,=,6300.0,nM,5.200659450546418,5.2,CHEMBL5237932,CHEMBL5236575,CHEMBL240,Voltage-gated inwardly rectifying potassium channel KCNH2,Homo sapiens,T,
CHEMBL4290774,Oc1cc(-n2cccn2)ccc1-c1ccc(OC2CCNCC2)nn1,IC50,=,6000.0,nM,5.221848749616356,5.22,CHEMBL4260925,CHEMBL4257581,CHEMBL240,Voltage-gated inwardly rectifying potassium channel KCNH2,Homo sapiens,B,
CHEMBL4290774,Oc1cc(-n2cccn2)ccc1-c1ccc(OC2CCNCC2)nn1,IC50,=,6000.0,nM,5.221848749616356,5.22,CHEMBL5237932,CHEMBL5236575,CHEMBL240,Voltage-gated inwardly rectifying potassium channel KCNH2,Homo sapiens,T,
CHEMBL4293735,CC(C)(C)c1ccc(CN2CCC3(CCCCO3)CC2)cc1,IC50,=,8100.0,nM,5.09151498112135,5.09,CHEMBL4261226,CHEMBL4257587,CHEMBL240,Voltage-gated inwardly rectifying potassium channel KCNH2,Homo sapiens,B,
CHEMBL4293735,CC(C)(C)c1ccc(CN2CCC3(CCCCO3)CC2)cc1,IC50,=,15800.0,nM,4.801342913045578,4.8,CHEMBL4261225,CHEMBL4257587,CHEMBL240,Voltage-gated inwardly rectifying potassium channel KCNH2,Homo sapiens,B,
CHEMBL429436,O=C(c1ccc(Cl)cc1)N1CCC2(CCN(Cc3cccc(Oc4ccccc4)c3)CC2)CC1,IC50,=,81.28,nM,7.090016305060156,7.09,CHEMBL948146,CHEMBL1142336,CHEMBL240,Voltage-gated inwardly rectifying potassium channel KCNH2,Homo sapiens,B,
CHEMBL429436,O=C(c1ccc(Cl)cc1)N1CCC2(CCN(Cc3cccc(Oc4ccccc4)c3)CC2)CC1,IC50,=,81.28,nM,7.090016305060156,7.09,CHEMBL1036929,CHEMBL1154736,CHEMBL240,Voltage-gated inwardly rectifying potassium channel KCNH2,Homo sapiens,B,
CHEMBL429436,O=C(c1ccc(Cl)cc1)N1CCC2(CCN(Cc3cccc(Oc4ccccc4)c3)CC2)CC1,IC50,=,602.56,nM,6.219999701663429,6.22,CHEMBL1045843,CHEMBL1154736,CHEMBL240,Voltage-gated inwardly rectifying potassium channel KCNH2,Homo sapiens,B,
CHEMBL4297310,Cc1ccccc1CN1C(=O)C2=C(CCN(Cc3ccccc3)C2)N2CCN=C12,IC50,=,3710.0,nM,5.430626090384954,5.43,CHEMBL5167771,CHEMBL5154926,CHEMBL240,Voltage-gated inwardly rectifying potassium channel KCNH2,Homo sapiens,T,
CHEMBL4297310,Cc1ccccc1CN1C(=O)C2=C(CCN(Cc3ccccc3)C2)N2CCN=C12,IC50,=,3710.0,nM,5.430626090384954,5.43,CHEMBL6157479,CHEMBL6153125,CHEMBL240,Voltage-gated inwardly rectifying potassium channel KCNH2,Homo sapiens,T,
CHEMBL4297454,CCNC(=O)c1cc2c(-c3cc(C(C)(C)O)ccc3Oc3c(C)cc(F)cc3C)cn(C)c(=O)c2[nH]1,IC50,=,2800.0,nM,5.552841968657781,5.55,CHEMBL5539762,CHEMBL5537163,CHEMBL240,Voltage-gated inwardly rectifying potassium channel KCNH2,Homo sapiens,T,
CHEMBL4297454,CCNC(=O)c1cc2c(-c3cc(C(C)(C)O)ccc3Oc3c(C)cc(F)cc3C)cn(C)c(=O)c2[nH]1,IC50,=,3100.0,nM,5.508638306165727,5.51,CHEMBL5539772,CHEMBL5537163,CHEMBL240,Voltage-gated inwardly rectifying potassium channel KCNH2,Homo sapiens,T,
CHEMBL43,COc1cc(NS(C)(=O)=O)ccc1Nc1c2ccccc2nc2ccccc12,IC50,=,208.93,nM,6.679999195735272,6.68,CHEMBL1676103,CHEMBL1671772,CHEMBL240,Voltage-gated inwardly rectifying potassium channel KCNH2,Homo sapiens,B,
CHEMBL43,COc1cc(NS(C)(=O)=O)ccc1Nc1c2ccccc2nc2ccccc12,IC50,=,210.0,nM,6.6777807052660805,6.68,CHEMBL988126,CHEMBL1157138,CHEMBL240,Voltage-gated inwardly rectifying potassium channel KCNH2,Homo sapiens,B,
CHEMBL434394,OC(CNCC(O)C1CCc2cc(F)ccc2O1)C1CCc2cc(F)ccc2O1,IC50,=,316.23,nM,6.499996931948306,6.5,CHEMBL3430339,CHEMBL3430320,CHEMBL240,Voltage-gated inwardly rectifying potassium channel KCNH2,Homo sapiens,F,
CHEMBL434394,OC(CNCC(O)C1CCc2cc(F)ccc2O1)C1CCc2cc(F)ccc2O1,IC50,=,6309.57,nM,5.200000237109354,5.2,CHEMBL3430708,CHEMBL3430320,CHEMBL240,Voltage-gated inwardly rectifying potassium channel KCNH2,Homo sapiens,F,
CHEMBL434394,OC(CNCC(O)C1CCc2cc(F)ccc2O1)C1CCc2cc(F)ccc2O1,IC50,=,6309.57,nM,5.200000237109354,5.2,CHEMBL3430738,CHEMBL3430320,CHEMBL240,Voltage-gated inwardly rectifying potassium channel KCNH2,Homo sapiens,F,
CHEMBL439849,N#Cc1ccc2[nH]cc(CCCCN3CCN(c4ccc5oc(C(N)=O)cc5c4)CC3)c2c1,IC50,=,5550.0,nM,5.255707016877324,5.26,CHEMBL5047399,CHEMBL5046241,CHEMBL240,Voltage-gated inwardly rectifying potassium channel KCNH2,Homo sapiens,T,
CHEMBL439849,N#Cc1ccc2[nH]cc(CCCCN3CCN(c4ccc5oc(C(N)=O)cc5c4)CC3)c2c1,IC50,=,5600.0,nM,5.251811972993799,5.25,CHEMBL5165162,CHEMBL5154874,CHEMBL240,Voltage-gated inwardly rectifying potassium channel KCNH2,Homo sapiens,T,
CHEMBL443476,O=C1NCCN1CCN1CCC(c2cn(-c3ccccc3)c3ccc(Cl)cc23)CC1,IC50,=,87.1,nM,7.059981844992337,7.06,CHEMBL1676103,CHEMBL1671772,CHEMBL240,Voltage-gated inwardly rectifying potassium channel KCNH2,Homo sapiens,B,
CHEMBL443476,O=C1NCCN1CCN1CCC(c2cn(-c3ccccc3)c3ccc(Cl)cc23)CC1,IC50,=,88.0,nM,7.055517327849831,7.06,CHEMBL766816,CHEMBL1136402,CHEMBL240,Voltage-gated inwardly rectifying potassium channel KCNH2,Homo sapiens,B,
CHEMBL4439006,C[C@@H]1OCC2(CCN(c3nc4[nH]nc(-c5ccnc(NC6CC6)c5Cl)c4c(=O)n3C)CC2)[C@@H]1N,IC50,=,17000.0,nM,4.769551078621726,4.77,CHEMBL4414124,CHEMBL4411333,CHEMBL240,Voltage-gated inwardly rectifying potassium channel KCNH2,Homo sapiens,B,
CHEMBL4439006,C[C@@H]1OCC2(CCN(c3nc4[nH]nc(-c5ccnc(NC6CC6)c5Cl)c4c(=O)n3C)CC2)[C@@H]1N,IC50,=,17000.0,nM,4.769551078621726,4.77,CHEMBL4414110,CHEMBL4411333,CHEMBL240,Voltage-gated inwardly rectifying potassium channel KCNH2,Homo sapiens,B,
CHEMBL4442663,Nc1n[nH]c(N2CCC(N3C[C@@H](O)C[C@@H]3Cc3ccc(Cl)cc3)CC2)n1,IC50,=,13200.0,nM,4.87942606879415,4.88,CHEMBL4312823,CHEMBL4311945,CHEMBL240,Voltage-gated inwardly rectifying potassium channel KCNH2,Homo sapiens,B,
CHEMBL4442663,Nc1n[nH]c(N2CCC(N3C[C@@H](O)C[C@@H]3Cc3ccc(Cl)cc3)CC2)n1,IC50,=,17500.0,nM,4.756961951313706,4.76,CHEMBL5739235,CHEMBL5729686,CHEMBL240,Voltage-gated inwardly rectifying potassium channel KCNH2,Homo sapiens,B,1273881
CHEMBL4443524,CNC(=O)c1c(-c2ccc(O)cc2)oc2ccc(O)c(CN3CCCCC3)c12,IC50,=,38.0,nM,7.42021640338319,7.42,CHEMBL5107306,CHEMBL5104197,CHEMBL240,Voltage-gated inwardly rectifying potassium channel KCNH2,Homo sapiens,T,
CHEMBL4443524,CNC(=O)c1c(-c2ccc(O)cc2)oc2ccc(O)c(CN3CCCCC3)c12,IC50,=,2460.0,nM,5.609064892896621,5.61,CHEMBL6107684,CHEMBL6103639,CHEMBL240,Voltage-gated inwardly rectifying potassium channel KCNH2,Homo sapiens,T,
CHEMBL4443524,CNC(=O)c1c(-c2ccc(O)cc2)oc2ccc(O)c(CN3CCCCC3)c12,IC50,=,6900.0,nM,5.161150909262744,5.16,CHEMBL5038061,CHEMBL5036355,CHEMBL240,Voltage-gated inwardly rectifying potassium channel KCNH2,Homo sapiens,B,
CHEMBL4443524,CNC(=O)c1c(-c2ccc(O)cc2)oc2ccc(O)c(CN3CCCCC3)c12,IC50,=,6900.0,nM,5.161150909262744,5.16,CHEMBL5634738,CHEMBL5634083,CHEMBL240,Voltage-gated inwardly rectifying potassium channel KCNH2,Homo sapiens,T,
CHEMBL4443524,CNC(=O)c1c(-c2ccc(O)cc2)oc2ccc(O)c(CN3CCCCC3)c12,IC50,=,21000.0,nM,4.6777807052660805,4.68,CHEMBL5139560,CHEMBL5137025,CHEMBL240,Voltage-gated inwardly rectifying potassium channel KCNH2,Homo sapiens,T,
CHEMBL4461925,Nc1n[nH]c(N2CCC(N3CCOC[C@@H]3Cc3ccc(Cl)cc3)CC2)n1,IC50,=,12000.0,nM,4.920818753952375,4.92,CHEMBL4312798,CHEMBL4311945,CHEMBL240,Voltage-gated inwardly rectifying potassium channel KCNH2,Homo sapiens,B,
CHEMBL4461925,Nc1n[nH]c(N2CCC(N3CCOC[C@@H]3Cc3ccc(Cl)cc3)CC2)n1,IC50,=,17500.0,nM,4.756961951313706,4.76,CHEMBL5739235,CHEMBL5729686,CHEMBL240,Voltage-gated inwardly rectifying potassium channel KCNH2,Homo sapiens,B,1273868
CHEMBL4461925,Nc1n[nH]c(N2CCC(N3CCOC[C@@H]3Cc3ccc(Cl)cc3)CC2)n1,IC50,=,39000.0,nM,4.4089353929735005,4.41,CHEMBL4312823,CHEMBL4311945,CHEMBL240,Voltage-gated inwardly rectifying potassium channel KCNH2,Homo sapiens,B,
CHEMBL4461925,Nc1n[nH]c(N2CCC(N3CCOC[C@@H]3Cc3ccc(Cl)cc3)CC2)n1,IC50,=,39000.0,nM,4.4089353929735005,4.41,CHEMBL4704019,CHEMBL4699582,CHEMBL240,Voltage-gated inwardly rectifying potassium channel KCNH2,Homo sapiens,B,
CHEMBL4463663,Nc1cc(F)c(S(=O)(=O)N2CCC(O)CC2)cc1C(=O)Nc1cc(F)c(F)c(F)c1,IC50,=,8780.0,nM,5.056505484093897,5.06,CHEMBL4338991,CHEMBL4334551,CHEMBL240,Voltage-gated inwardly rectifying potassium channel KCNH2,Homo sapiens,B,
CHEMBL4463663,Nc1cc(F)c(S(=O)(=O)N2CCC(O)CC2)cc1C(=O)Nc1cc(F)c(F)c(F)c1,IC50,=,10900.0,nM,4.962573502059376,4.96,CHEMBL4339001,CHEMBL4334551,CHEMBL240,Voltage-gated inwardly rectifying potassium channel KCNH2,Homo sapiens,B,
CHEMBL4465428,Cl.O=S(=O)(/C=C/c1ncccc1F)c1ccc(OCCCN2CCOCC2)cc1,IC50,=,112000.0,nM,3.950781977329818,,CHEMBL4712777,CHEMBL4706647,CHEMBL240,Voltage-gated inwardly rectifying potassium channel KCNH2,Homo sapiens,B,
CHEMBL4465428,Cl.O=S(=O)(/C=C/c1ncccc1F)c1ccc(OCCCN2CCOCC2)cc1,IC50,=,112100.0,nM,3.9503943874050265,,CHEMBL4331822,CHEMBL4330092,CHEMBL240,Voltage-gated inwardly rectifying potassium channel KCNH2,Homo sapiens,B,
CHEMBL4470253,CO[C@@H]1C[C@H](Cc2ccc(Cl)cc2)N(C2CCN(c3nc(N)n[nH]3)CC2)C1,IC50,=,15800.0,nM,4.801342913045578,4.8,CHEMBL4312823,CHEMBL4311945,CHEMBL240,Voltage-gated inwardly rectifying potassium channel KCNH2,Homo sapiens,B,
CHEMBL4470253,CO[C@@H]1C[C@H](Cc2ccc(Cl)cc2)N(C2CCN(c3nc(N)n[nH]3)CC2)C1,IC50,=,17500.0,nM,4.756961951313706,4.76,CHEMBL5739235,CHEMBL5729686,CHEMBL240,Voltage-gated inwardly rectifying potassium channel KCNH2,Homo sapiens,B,1273883
CHEMBL4473519,NC(=O)c1ccn(-c2cccc(OC(=O)NCCN3CCN(c4ccccc4)CC3)c2)c1,IC50,=,5248.07,nM,5.280000380871156,5.28,CHEMBL4409081,CHEMBL4406846,CHEMBL240,Voltage-gated inwardly rectifying potassium channel KCNH2,Homo sapiens,B,
CHEMBL4473519,NC(=O)c1ccn(-c2cccc(OC(=O)NCCN3CCN(c4ccccc4)CC3)c2)c1,IC50,=,5300.0,nM,5.275724130399211,5.28,CHEMBL4409081,CHEMBL4406846,CHEMBL240,Voltage-gated inwardly rectifying potassium channel KCNH2,Homo sapiens,B,
CHEMBL4475043,C[C@@H]1OCC2(CCN(c3cnc4c(-c5cccc(Cl)c5Cl)n[nH]c4n3)CC2)[C@@H]1N,IC50,=,4.0,nM,8.397940008672037,8.4,CHEMBL4414124,CHEMBL4411333,CHEMBL240,Voltage-gated inwardly rectifying potassium channel KCNH2,Homo sapiens,B,
CHEMBL4475043,C[C@@H]1OCC2(CCN(c3cnc4c(-c5cccc(Cl)c5Cl)n[nH]c4n3)CC2)[C@@H]1N,IC50,=,100.0,nM,7.0,7.0,CHEMBL5098616,CHEMBL5096203,CHEMBL240,Voltage-gated inwardly rectifying potassium channel KCNH2,Homo sapiens,T,
CHEMBL448,CCCC(C)C1(CC)C(=O)NC(=O)NC1=O,IC50,=,131825.67,nM,3.880000012702256,,CHEMBL1676103,CHEMBL1671772,CHEMBL240,Voltage-gated inwardly rectifying potassium channel KCNH2,Homo sapiens,B,
CHEMBL448,CCCC(C)C1(CC)C(=O)NC(=O)NC1=O,IC50,=,22800000.0,nM,1.642065152999546,,CHEMBL827807,CHEMBL1137856,CHEMBL240,Voltage-gated inwardly rectifying potassium channel KCNH2,Homo sapiens,B,
CHEMBL4483673,C[C@H]1C[C@H]2CSC(N)=N[C@@]2(c2cc(NC(=O)c3ccc(OC(F)F)cn3)ccc2F)CO1,IC50,=,400.0,nM,6.3979400086720375,6.4,CHEMBL4342657,CHEMBL4342403,CHEMBL240,Voltage-gated inwardly rectifying potassium channel KCNH2,Homo sapiens,B,
CHEMBL4483673,C[C@H]1C[C@H]2CSC(N)=N[C@@]2(c2cc(NC(=O)c3ccc(OC(F)F)cn3)ccc2F)CO1,IC50,=,400.0,nM,6.3979400086720375,6.4,CHEMBL5731943,CHEMBL5726048,CHEMBL240,Voltage-gated inwardly rectifying potassium channel KCNH2,Homo sapiens,B,603585
CHEMBL4517296,Cn1c(C(N)=O)ccc1-c1cccc(OC(=O)NCCN2CCN(c3ccccc3)CC2)c1,IC50,=,6400.0,nM,5.1938200260161125,5.19,CHEMBL4409081,CHEMBL4406846,CHEMBL240,Voltage-gated inwardly rectifying potassium channel KCNH2,Homo sapiens,B,
CHEMBL4517296,Cn1c(C(N)=O)ccc1-c1cccc(OC(=O)NCCN2CCN(c3ccccc3)CC2)c1,IC50,=,6456.54,nM,5.190000154058473,5.19,CHEMBL4409081,CHEMBL4406846,CHEMBL240,Voltage-gated inwardly rectifying potassium channel KCNH2,Homo sapiens,B,
CHEMBL4517408,COc1cc(-c2cncc(-c3ccc(N4CCNCC4)cc3)c2C)cc(OC)c1OC,IC50,=,8000.0,nM,5.096910013008056,5.1,CHEMBL5577688,CHEMBL5576108,CHEMBL240,Voltage-gated inwardly rectifying potassium channel KCNH2,Homo sapiens,T,
CHEMBL4517408,COc1cc(-c2cncc(-c3ccc(N4CCNCC4)cc3)c2C)cc(OC)c1OC,IC50,=,8300.0,nM,5.080921907623926,5.08,CHEMBL4626210,CHEMBL4622974,CHEMBL240,Voltage-gated inwardly rectifying potassium channel KCNH2,Homo sapiens,B,
CHEMBL4518483,N#Cc1ccc(COc2cccc(C3CCN(Cc4nc5ccc(C(=O)O)cc5n4C[C@@H]4CCO4)CC3)n2)c(F)c1,IC50,=,2600.0,nM,5.585026652029182,5.58,CHEMBL5344086,CHEMBL5338823,CHEMBL240,Voltage-gated inwardly rectifying potassium channel KCNH2,Homo sapiens,B,
CHEMBL4518483,N#Cc1ccc(COc2cccc(C3CCN(Cc4nc5ccc(C(=O)O)cc5n4C[C@@H]4CCO4)CC3)n2)c(F)c1,IC50,=,4300.0,nM,5.366531544420413,5.37,CHEMBL5168509,CHEMBL5154938,CHEMBL240,Voltage-gated inwardly rectifying potassium channel KCNH2,Homo sapiens,T,
CHEMBL4518483,N#Cc1ccc(COc2cccc(C3CCN(Cc4nc5ccc(C(=O)O)cc5n4C[C@@H]4CCO4)CC3)n2)c(F)c1,IC50,=,4300.0,nM,5.366531544420413,5.37,CHEMBL6113427,CHEMBL6109144,CHEMBL240,Voltage-gated inwardly rectifying potassium channel KCNH2,Homo sapiens,T,
CHEMBL4518483,N#Cc1ccc(COc2cccc(C3CCN(Cc4nc5ccc(C(=O)O)cc5n4C[C@@H]4CCO4)CC3)n2)c(F)c1,IC50,=,5800.0,nM,5.236572006437063,5.24,CHEMBL5582341,CHEMBL5579877,CHEMBL240,Voltage-gated inwardly rectifying potassium channel KCNH2,Homo sapiens,T,
CHEMBL4518483,N#Cc1ccc(COc2cccc(C3CCN(Cc4nc5ccc(C(=O)O)cc5n4C[C@@H]4CCO4)CC3)n2)c(F)c1,IC50,=,9300.0,nM,5.031517051446064,5.03,CHEMBL6140094,CHEMBL6134892,CHEMBL240,Voltage-gated inwardly rectifying potassium channel KCNH2,Homo sapiens,T,
CHEMBL4518492,NC(=O)c1cc(Cl)c2c(Cl)c(C#CC3CCCO3)n([C@H]3CCCNC3)c2n1,IC50,=,5.0,nM,8.301029995663981,8.3,CHEMBL4373005,CHEMBL4371067,CHEMBL240,Voltage-gated inwardly rectifying potassium channel KCNH2,Homo sapiens,B,
CHEMBL4518492,NC(=O)c1cc(Cl)c2c(Cl)c(C#CC3CCCO3)n([C@H]3CCCNC3)c2n1,IC50,=,10.0,nM,8.0,8.0,CHEMBL4373005,CHEMBL4371067,CHEMBL240,Voltage-gated inwardly rectifying potassium channel KCNH2,Homo sapiens,B,
CHEMBL4526283,CNC(=O)c1cnc(Nc2ccc(F)cn2)cc1Nc1ccccc1S(C)(=O)=O,IC50,=,2500.0,nM,5.6020599913279625,5.6,CHEMBL4414860,CHEMBL4414548,CHEMBL240,Voltage-gated inwardly rectifying potassium channel KCNH2,Homo sapiens,B,
CHEMBL4526283,CNC(=O)c1cnc(Nc2ccc(F)cn2)cc1Nc1ccccc1S(C)(=O)=O,IC50,=,25000.0,nM,4.6020599913279625,4.6,CHEMBL4414831,CHEMBL4414548,CHEMBL240,Voltage-gated inwardly rectifying potassium channel KCNH2,Homo sapiens,B,
CHEMBL4529465,COc1cc([C@](O)(CCN(C)C)[C@@H](c2cc3cc(Br)ccc3nc2OC)c2cccc(OC)c2F)cc(OC)n1,IC50,=,13000.0,nM,4.886056647693163,4.89,CHEMBL4481758,CHEMBL4480425,CHEMBL240,Voltage-gated inwardly rectifying potassium channel KCNH2,Homo sapiens,B,
CHEMBL4529465,COc1cc([C@](O)(CCN(C)C)[C@@H](c2cc3cc(Br)ccc3nc2OC)c2cccc(OC)c2F)cc(OC)n1,IC50,=,13000.0,nM,4.886056647693163,4.89,CHEMBL4610754,CHEMBL4610003,CHEMBL240,Voltage-gated inwardly rectifying potassium channel KCNH2,Homo sapiens,B,
CHEMBL453654,COc1ccc2nc(-c3ccc(OC4CCN(C5CCC5)CC4)cc3)n(C)c(=O)c2c1,IC50,=,3800.0,nM,5.42021640338319,5.42,CHEMBL956578,CHEMBL1152163,CHEMBL240,Voltage-gated inwardly rectifying potassium channel KCNH2,Homo sapiens,B,
CHEMBL453654,COc1ccc2nc(-c3ccc(OC4CCN(C5CCC5)CC4)cc3)n(C)c(=O)c2c1,IC50,=,3800.0,nM,5.42021640338319,5.42,CHEMBL1827362,CHEMBL1821550,CHEMBL240,Voltage-gated inwardly rectifying potassium channel KCNH2,Homo sapiens,B,
CHEMBL4537828,CO[C@H]1C[C@H](Cc2ccc(Cl)cc2)N(C2CCN(c3nc(N)n[nH]3)CC2)C1,IC50,=,17500.0,nM,4.756961951313706,4.76,CHEMBL5739235,CHEMBL5729686,CHEMBL240,Voltage-gated inwardly rectifying potassium channel KCNH2,Homo sapiens,B,1273880
CHEMBL4537828,CO[C@H]1C[C@H](Cc2ccc(Cl)cc2)N(C2CCN(c3nc(N)n[nH]3)CC2)C1,IC50,=,19000.0,nM,4.721246399047171,4.72,CHEMBL4312823,CHEMBL4311945,CHEMBL240,Voltage-gated inwardly rectifying potassium channel KCNH2,Homo sapiens,B,
CHEMBL453893,Cn1c(-c2ccc(OC3CCN(C4CCC4)CC3)cc2)nc2c(Cl)cccc2c1=O,IC50,=,1100.0,nM,5.958607314841775,5.96,CHEMBL956578,CHEMBL1152163,CHEMBL240,Voltage-gated inwardly rectifying potassium channel KCNH2,Homo sapiens,B,
CHEMBL453893,Cn1c(-c2ccc(OC3CCN(C4CCC4)CC3)cc2)nc2c(Cl)cccc2c1=O,IC50,=,1100.0,nM,5.958607314841775,5.96,CHEMBL1827362,CHEMBL1821550,CHEMBL240,Voltage-gated inwardly rectifying potassium channel KCNH2,Homo sapiens,B,
CHEMBL453894,Cn1c(-c2ccc(OC3CCN(C4CCC4)CC3)cc2)nc2c(C(F)(F)F)cccc2c1=O,IC50,=,350.0,nM,6.455931955649724,6.46,CHEMBL956578,CHEMBL1152163,CHEMBL240,Voltage-gated inwardly rectifying potassium channel KCNH2,Homo sapiens,B,
CHEMBL453894,Cn1c(-c2ccc(OC3CCN(C4CCC4)CC3)cc2)nc2c(C(F)(F)F)cccc2c1=O,IC50,=,350.0,nM,6.455931955649724,6.46,CHEMBL1827362,CHEMBL1821550,CHEMBL240,Voltage-gated inwardly rectifying potassium channel KCNH2,Homo sapiens,B,
CHEMBL4540218,Cc1cc(C(N)=O)c(-c2cccc(OC(=O)NCCCN3CCN(c4ccccc4)CC3)c2)o1,IC50,=,1071.52,nM,5.969999718407896,5.97,CHEMBL4409081,CHEMBL4406846,CHEMBL240,Voltage-gated inwardly rectifying potassium channel KCNH2,Homo sapiens,B,
CHEMBL4540218,Cc1cc(C(N)=O)c(-c2cccc(OC(=O)NCCCN3CCN(c4ccccc4)CC3)c2)o1,IC50,=,1100.0,nM,5.958607314841775,5.96,CHEMBL4409081,CHEMBL4406846,CHEMBL240,Voltage-gated inwardly rectifying potassium channel KCNH2,Homo sapiens,B,
CHEMBL4541206,CC1OC2(CCN(CCc3ccccc3)CC2)CN(c2ccccc2)C1=O,IC50,=,400.0,nM,6.3979400086720375,6.4,CHEMBL4356657,CHEMBL4354824,CHEMBL240,Voltage-gated inwardly rectifying potassium channel KCNH2,Homo sapiens,B,
CHEMBL4541206,CC1OC2(CCN(CCc3ccccc3)CC2)CN(c2ccccc2)C1=O,IC50,=,400.0,nM,6.3979400086720375,6.4,CHEMBL4676425,CHEMBL4673253,CHEMBL240,Voltage-gated inwardly rectifying potassium channel KCNH2,Homo sapiens,B,
CHEMBL4546097,Cn1c(=O)n(CCCO)c(=O)c2c1nc(Oc1cccc(Cl)c1)n2Cc1ccc(Cl)cc1,IC50,=,1900.0,nM,5.721246399047171,5.72,CHEMBL6157104,CHEMBL6153114,CHEMBL240,Voltage-gated inwardly rectifying potassium channel KCNH2,Homo sapiens,T,
CHEMBL4546097,Cn1c(=O)n(CCCO)c(=O)c2c1nc(Oc1cccc(Cl)c1)n2Cc1ccc(Cl)cc1,IC50,=,17900.0,nM,4.747146969020107,4.75,CHEMBL6157043,CHEMBL6153114,CHEMBL240,Voltage-gated inwardly rectifying potassium channel KCNH2,Homo sapiens,T,
CHEMBL454642,Cn1c(-c2ccc(OC3CCN(C4CCC4)CC3)cc2)nc2c(F)cccc2c1=O,IC50,=,7900.0,nM,5.102372908709558,5.1,CHEMBL956578,CHEMBL1152163,CHEMBL240,Voltage-gated inwardly rectifying potassium channel KCNH2,Homo sapiens,B,
CHEMBL454642,Cn1c(-c2ccc(OC3CCN(C4CCC4)CC3)cc2)nc2c(F)cccc2c1=O,IC50,=,7900.0,nM,5.102372908709558,5.1,CHEMBL1827362,CHEMBL1821550,CHEMBL240,Voltage-gated inwardly rectifying potassium channel KCNH2,Homo sapiens,B,
CHEMBL454879,COc1ccc2c(=O)n(C)c(-c3ccc(OC4CCN(C5CCC5)CC4)cc3)nc2c1,IC50,=,4300.0,nM,5.366531544420413,5.37,CHEMBL956578,CHEMBL1152163,CHEMBL240,Voltage-gated inwardly rectifying potassium channel KCNH2,Homo sapiens,B,
CHEMBL454879,COc1ccc2c(=O)n(C)c(-c3ccc(OC4CCN(C5CCC5)CC4)cc3)nc2c1,IC50,=,4300.0,nM,5.366531544420413,5.37,CHEMBL1827362,CHEMBL1821550,CHEMBL240,Voltage-gated inwardly rectifying potassium channel KCNH2,Homo sapiens,B,
CHEMBL4554053,NC(=O)c1ccn(-c2cccc(OC(=O)NCCCN3CCN(c4ccccc4)CC3)c2)c1,IC50,=,3500.0,nM,5.455931955649724,5.46,CHEMBL4409081,CHEMBL4406846,CHEMBL240,Voltage-gated inwardly rectifying potassium channel KCNH2,Homo sapiens,B,
CHEMBL4554053,NC(=O)c1ccn(-c2cccc(OC(=O)NCCCN3CCN(c4ccccc4)CC3)c2)c1,IC50,=,3548.13,nM,5.450000476425332,5.45,CHEMBL4409081,CHEMBL4406846,CHEMBL240,Voltage-gated inwardly rectifying potassium channel KCNH2,Homo sapiens,B,
CHEMBL455681,Cn1c(-c2ccc(OC3CCN(C4CCCC4)CC3)cc2)nc2ccccc2c1=O,IC50,=,2900.0,nM,5.537602002101044,5.54,CHEMBL956578,CHEMBL1152163,CHEMBL240,Voltage-gated inwardly rectifying potassium channel KCNH2,Homo sapiens,B,
CHEMBL455681,Cn1c(-c2ccc(OC3CCN(C4CCCC4)CC3)cc2)nc2ccccc2c1=O,IC50,=,2900.0,nM,5.537602002101044,5.54,CHEMBL1827362,CHEMBL1821550,CHEMBL240,Voltage-gated inwardly rectifying potassium channel KCNH2,Homo sapiens,B,
CHEMBL4559965,Cc1c(C(O)CN2CCN(CC(O)c3ccc4c(c3C)COC4=O)CC2)ccc2c1COC2=O,IC50,=,23000.0,nM,4.638272163982407,4.64,CHEMBL4427468,CHEMBL4425169,CHEMBL240,Voltage-gated inwardly rectifying potassium channel KCNH2,Homo sapiens,B,
CHEMBL4559965,Cc1c(C(O)CN2CCN(CC(O)c3ccc4c(c3C)COC4=O)CC2)ccc2c1COC2=O,IC50,=,28000.0,nM,4.552841968657781,4.55,CHEMBL4427471,CHEMBL4425169,CHEMBL240,Voltage-gated inwardly rectifying potassium channel KCNH2,Homo sapiens,B,
CHEMBL4565200,Cc1cc(C(N)=O)c(-c2cccc(OC(=O)NCCN3CCN(c4ccccc4)CC3)c2)s1,IC50,=,280.0,nM,6.552841968657781,6.55,CHEMBL4409081,CHEMBL4406846,CHEMBL240,Voltage-gated inwardly rectifying potassium channel KCNH2,Homo sapiens,B,
CHEMBL4565200,Cc1cc(C(N)=O)c(-c2cccc(OC(=O)NCCN3CCN(c4ccccc4)CC3)c2)s1,IC50,=,281.84,nM,6.549997369826814,6.55,CHEMBL4409081,CHEMBL4406846,CHEMBL240,Voltage-gated inwardly rectifying potassium channel KCNH2,Homo sapiens,B,
CHEMBL4580568,Nc1n[nH]c(N2CCC(N3CCCC[C@@H]3Cc3ccc(Cl)cc3)CC2)n1,IC50,=,5500.0,nM,5.259637310505756,5.26,CHEMBL5739235,CHEMBL5729686,CHEMBL240,Voltage-gated inwardly rectifying potassium channel KCNH2,Homo sapiens,B,1273871
CHEMBL4580568,Nc1n[nH]c(N2CCC(N3CCCC[C@@H]3Cc3ccc(Cl)cc3)CC2)n1,IC50,=,8300.0,nM,5.080921907623926,5.08,CHEMBL4312823,CHEMBL4311945,CHEMBL240,Voltage-gated inwardly rectifying potassium channel KCNH2,Homo sapiens,B,
CHEMBL4580568,Nc1n[nH]c(N2CCC(N3CCCC[C@@H]3Cc3ccc(Cl)cc3)CC2)n1,IC50,=,8300.0,nM,5.080921907623926,5.08,CHEMBL4704019,CHEMBL4699582,CHEMBL240,Voltage-gated inwardly rectifying potassium channel KCNH2,Homo sapiens,B,
CHEMBL45816,COCC(=O)O[C@]1(CCN(C)CCCc2nc3ccccc3[nH]2)CCc2cc(F)ccc2[C@@H]1C(C)C,IC50,=,580.0,nM,6.236572006437063,6.24,CHEMBL4181845,CHEMBL4177680,CHEMBL240,Voltage-gated inwardly rectifying potassium channel KCNH2,Homo sapiens,B,
CHEMBL45816,COCC(=O)O[C@]1(CCN(C)CCCc2nc3ccccc3[nH]2)CCc2cc(F)ccc2[C@@H]1C(C)C,IC50,=,806.0,nM,6.093664958194909,6.09,CHEMBL1033089,CHEMBL1140166,CHEMBL240,Voltage-gated inwardly rectifying potassium channel KCNH2,Homo sapiens,B,
CHEMBL45816,COCC(=O)O[C@]1(CCN(C)CCCc2nc3ccccc3[nH]2)CCc2cc(F)ccc2[C@@H]1C(C)C,IC50,=,1300.0,nM,5.886056647693163,5.89,CHEMBL3611375,CHEMBL3608217,CHEMBL240,Voltage-gated inwardly rectifying potassium channel KCNH2,Homo sapiens,B,
CHEMBL45816,COCC(=O)O[C@]1(CCN(C)CCCc2nc3ccccc3[nH]2)CCc2cc(F)ccc2[C@@H]1C(C)C,IC50,=,1340.0,nM,5.872895201635192,5.87,CHEMBL1839504,CHEMBL1833916,CHEMBL240,Voltage-gated inwardly rectifying potassium channel KCNH2,Homo sapiens,B,
CHEMBL45816,COCC(=O)O[C@]1(CCN(C)CCCc2nc3ccccc3[nH]2)CCc2cc(F)ccc2[C@@H]1C(C)C,IC50,=,1340.0,nM,5.872895201635192,5.87,CHEMBL4393244,CHEMBL4392842,CHEMBL240,Voltage-gated inwardly rectifying potassium channel KCNH2,Homo sapiens,B,
CHEMBL45816,COCC(=O)O[C@]1(CCN(C)CCCc2nc3ccccc3[nH]2)CCc2cc(F)ccc2[C@@H]1C(C)C,IC50,=,1400.0,nM,5.853871964321762,5.85,CHEMBL827807,CHEMBL1137856,CHEMBL240,Voltage-gated inwardly rectifying potassium channel KCNH2,Homo sapiens,B,
CHEMBL45816,COCC(=O)O[C@]1(CCN(C)CCCc2nc3ccccc3[nH]2)CCc2cc(F)ccc2[C@@H]1C(C)C,IC50,=,1400.0,nM,5.853871964321762,5.85,CHEMBL1121059,CHEMBL1158564,CHEMBL240,Voltage-gated inwardly rectifying potassium channel KCNH2,Homo sapiens,B,
CHEMBL45816,COCC(=O)O[C@]1(CCN(C)CCCc2nc3ccccc3[nH]2)CCc2cc(F)ccc2[C@@H]1C(C)C,IC50,=,1400.0,nM,5.853871964321762,5.85,CHEMBL1646507,CHEMBL1641559,CHEMBL240,Voltage-gated inwardly rectifying potassium channel KCNH2,Homo sapiens,B,
CHEMBL45816,COCC(=O)O[C@]1(CCN(C)CCCc2nc3ccccc3[nH]2)CCc2cc(F)ccc2[C@@H]1C(C)C,IC50,=,1400.0,nM,5.853871964321762,5.85,CHEMBL2339143,CHEMBL2331236,CHEMBL240,Voltage-gated inwardly rectifying potassium channel KCNH2,Homo sapiens,B,
CHEMBL45816,COCC(=O)O[C@]1(CCN(C)CCCc2nc3ccccc3[nH]2)CCc2cc(F)ccc2[C@@H]1C(C)C,IC50,=,1430.0,nM,5.844663962534938,5.84,CHEMBL656375,CHEMBL1135758,CHEMBL240,Voltage-gated inwardly rectifying potassium channel KCNH2,Homo sapiens,F,
CHEMBL45816,COCC(=O)O[C@]1(CCN(C)CCCc2nc3ccccc3[nH]2)CCc2cc(F)ccc2[C@@H]1C(C)C,IC50,=,1445.44,nM,5.839999931118699,5.84,CHEMBL766814,CHEMBL1136167,CHEMBL240,Voltage-gated inwardly rectifying potassium channel KCNH2,Homo sapiens,B,
CHEMBL45816,COCC(=O)O[C@]1(CCN(C)CCCc2nc3ccccc3[nH]2)CCc2cc(F)ccc2[C@@H]1C(C)C,IC50,=,1445.44,nM,5.839999931118699,5.84,CHEMBL832277,CHEMBL1142050,CHEMBL240,Voltage-gated inwardly rectifying potassium channel KCNH2,Homo sapiens,F,
CHEMBL45816,COCC(=O)O[C@]1(CCN(C)CCCc2nc3ccccc3[nH]2)CCc2cc(F)ccc2[C@@H]1C(C)C,IC50,=,1445.44,nM,5.839999931118699,5.84,CHEMBL829152,CHEMBL1139598,CHEMBL240,Voltage-gated inwardly rectifying potassium channel KCNH2,Homo sapiens,B,
CHEMBL45816,COCC(=O)O[C@]1(CCN(C)CCCc2nc3ccccc3[nH]2)CCc2cc(F)ccc2[C@@H]1C(C)C,IC50,=,1445.44,nM,5.839999931118699,5.84,CHEMBL954102,CHEMBL1150324,CHEMBL240,Voltage-gated inwardly rectifying potassium channel KCNH2,Homo sapiens,B,
CHEMBL45816,COCC(=O)O[C@]1(CCN(C)CCCc2nc3ccccc3[nH]2)CCc2cc(F)ccc2[C@@H]1C(C)C,IC50,=,1445.44,nM,5.839999931118699,5.84,CHEMBL1023674,CHEMBL1158373,CHEMBL240,Voltage-gated inwardly rectifying potassium channel KCNH2,Homo sapiens,B,
CHEMBL45816,COCC(=O)O[C@]1(CCN(C)CCCc2nc3ccccc3[nH]2)CCc2cc(F)ccc2[C@@H]1C(C)C,IC50,=,1800.0,nM,5.7447274948966935,5.75,CHEMBL3430642,CHEMBL3430321,CHEMBL240,Voltage-gated inwardly rectifying potassium channel KCNH2,Homo sapiens,F,
CHEMBL45816,COCC(=O)O[C@]1(CCN(C)CCCc2nc3ccccc3[nH]2)CCc2cc(F)ccc2[C@@H]1C(C)C,IC50,=,3300.0,nM,5.481486060122112,5.48,CHEMBL2344015,CHEMBL2331553,CHEMBL240,Voltage-gated inwardly rectifying potassium channel KCNH2,Homo sapiens,B,
CHEMBL4588384,Nc1n[nH]c(N2CCC(N3CCC[C@@H]3Cc3ccc(Cl)cc3)CC2)n1,IC50,=,4000.0,nM,5.3979400086720375,5.4,CHEMBL4312823,CHEMBL4311945,CHEMBL240,Voltage-gated inwardly rectifying potassium channel KCNH2,Homo sapiens,B,
CHEMBL4588384,Nc1n[nH]c(N2CCC(N3CCC[C@@H]3Cc3ccc(Cl)cc3)CC2)n1,IC50,=,5500.0,nM,5.259637310505756,5.26,CHEMBL5739235,CHEMBL5729686,CHEMBL240,Voltage-gated inwardly rectifying potassium channel KCNH2,Homo sapiens,B,1273874
CHEMBL4594376,CCc1[nH]nc(C(=O)Nc2ccc([C@H]3CNCCO3)cc2)c1C,IC50,=,216600.0,nM,3.6643415477106984,,CHEMBL5734655,CHEMBL5727433,CHEMBL240,Voltage-gated inwardly rectifying potassium channel KCNH2,Homo sapiens,B,852488
CHEMBL4594376,CCc1[nH]nc(C(=O)Nc2ccc([C@H]3CNCCO3)cc2)c1C,IC50,=,216600.0,nM,3.6643415477106984,,CHEMBL5738029,CHEMBL5729081,CHEMBL240,Voltage-gated inwardly rectifying potassium channel KCNH2,Homo sapiens,B,1163381
CHEMBL46,Cc1nccn1CC1CCc2c(c3ccccc3n2C)C1=O,IC50,=,400.0,nM,6.3979400086720375,6.4,CHEMBL1274536,CHEMBL1268946,CHEMBL240,Voltage-gated inwardly rectifying potassium channel KCNH2,Homo sapiens,B,
CHEMBL46,Cc1nccn1CC1CCc2c(c3ccccc3n2C)C1=O,IC50,=,812.83,nM,6.090000275786018,6.09,CHEMBL766814,CHEMBL1136167,CHEMBL240,Voltage-gated inwardly rectifying potassium channel KCNH2,Homo sapiens,B,
CHEMBL46,Cc1nccn1CC1CCc2c(c3ccccc3n2C)C1=O,IC50,=,812.83,nM,6.090000275786018,6.09,CHEMBL829152,CHEMBL1139598,CHEMBL240,Voltage-gated inwardly rectifying potassium channel KCNH2,Homo sapiens,B,
CHEMBL46,Cc1nccn1CC1CCc2c(c3ccccc3n2C)C1=O,IC50,=,812.83,nM,6.090000275786018,6.09,CHEMBL954102,CHEMBL1150324,CHEMBL240,Voltage-gated inwardly rectifying potassium channel KCNH2,Homo sapiens,B,
CHEMBL46,Cc1nccn1CC1CCc2c(c3ccccc3n2C)C1=O,IC50,=,812.83,nM,6.090000275786018,6.09,CHEMBL1676103,CHEMBL1671772,CHEMBL240,Voltage-gated inwardly rectifying potassium channel KCNH2,Homo sapiens,B,
CHEMBL461101,CC1=NN(c2ccc(C)c(C)c2)C(=O)/C1=N\Nc1cccc(-c2cccc(C(=O)O)c2)c1O,IC50,=,630.96,nM,6.199998172182031,6.2,CHEMBL3430331,CHEMBL3430320,CHEMBL240,Voltage-gated inwardly rectifying potassium channel KCNH2,Homo sapiens,F,
CHEMBL461101,CC1=NN(c2ccc(C)c(C)c2)C(=O)/C1=N\Nc1cccc(-c2cccc(C(=O)O)c2)c1O,IC50,=,690.0,nM,6.161150909262744,6.16,CHEMBL3773319,CHEMBL3769327,CHEMBL240,Voltage-gated inwardly rectifying potassium channel KCNH2,Homo sapiens,B,
CHEMBL461101,CC1=NN(c2ccc(C)c(C)c2)C(=O)/C1=N\Nc1cccc(-c2cccc(C(=O)O)c2)c1O,IC50,=,1584893.19,nM,2.8000000006743972,,CHEMBL3430731,CHEMBL3430320,CHEMBL240,Voltage-gated inwardly rectifying potassium channel KCNH2,Homo sapiens,F,
CHEMBL4632807,CC(C)Oc1cncc(-c2ccc3[nH]nc(C(=O)NCC4CCOCC4)c3c2)c1,IC50,=,860.0,nM,6.065501548756432,6.07,CHEMBL4615929,CHEMBL4613299,CHEMBL240,Voltage-gated inwardly rectifying potassium channel KCNH2,Homo sapiens,B,
CHEMBL4632807,CC(C)Oc1cncc(-c2ccc3[nH]nc(C(=O)NCC4CCOCC4)c3c2)c1,IC50,=,860.0,nM,6.065501548756432,6.07,CHEMBL5738581,CHEMBL5729383,CHEMBL240,Voltage-gated inwardly rectifying potassium channel KCNH2,Homo sapiens,B,1216119
CHEMBL4633136,O=C(NC1CCS(=O)(=O)C1)c1n[nH]c2ccc(-c3cccc(F)c3F)cc12,IC50,=,14500.0,nM,4.838631997765025,4.84,CHEMBL4615929,CHEMBL4613299,CHEMBL240,Voltage-gated inwardly rectifying potassium channel KCNH2,Homo sapiens,B,
CHEMBL4633136,O=C(NC1CCS(=O)(=O)C1)c1n[nH]c2ccc(-c3cccc(F)c3F)cc12,IC50,=,15000.0,nM,4.823908740944319,4.82,CHEMBL5738581,CHEMBL5729383,CHEMBL240,Voltage-gated inwardly rectifying potassium channel KCNH2,Homo sapiens,B,1216137
CHEMBL4633141,O=C(NC1CCOC1)c1n[nH]c2ccc(-c3cccc(F)c3F)cc12,IC50,=,13000.0,nM,4.886056647693163,4.89,CHEMBL5738581,CHEMBL5729383,CHEMBL240,Voltage-gated inwardly rectifying potassium channel KCNH2,Homo sapiens,B,1216167
CHEMBL4633141,O=C(NC1CCOC1)c1n[nH]c2ccc(-c3cccc(F)c3F)cc12,IC50,=,13300.0,nM,4.876148359032914,4.88,CHEMBL4615929,CHEMBL4613299,CHEMBL240,Voltage-gated inwardly rectifying potassium channel KCNH2,Homo sapiens,B,
CHEMBL4634867,O=C(NCC1CCOC1)c1n[nH]c2ccc(-c3cccc(F)c3F)cc12,IC50,=,4300.0,nM,5.366531544420413,5.37,CHEMBL4615929,CHEMBL4613299,CHEMBL240,Voltage-gated inwardly rectifying potassium channel KCNH2,Homo sapiens,B,
CHEMBL4634867,O=C(NCC1CCOC1)c1n[nH]c2ccc(-c3cccc(F)c3F)cc12,IC50,=,4300.0,nM,5.366531544420413,5.37,CHEMBL5738581,CHEMBL5729383,CHEMBL240,Voltage-gated inwardly rectifying potassium channel KCNH2,Homo sapiens,B,1216147
CHEMBL4635305,CN1C[C@H](Cc2ccc(Cl)cc2)N(C2CCN(c3n[nH]c(N)n3)CC2)Cc2ccccc21,IC50,=,3200.0,nM,5.494850021680094,5.5,CHEMBL4619017,CHEMBL4616703,CHEMBL240,Voltage-gated inwardly rectifying potassium channel KCNH2,Homo sapiens,B,
CHEMBL4635305,CN1C[C@H](Cc2ccc(Cl)cc2)N(C2CCN(c3n[nH]c(N)n3)CC2)Cc2ccccc21,IC50,=,5500.0,nM,5.259637310505756,5.26,CHEMBL5739235,CHEMBL5729686,CHEMBL240,Voltage-gated inwardly rectifying potassium channel KCNH2,Homo sapiens,B,1273884
CHEMBL4635680,O=C(NCC1CCCOC1)c1n[nH]c2ccc(-c3cccc(F)c3F)cc12,IC50,=,22000.0,nM,4.657577319177793,4.66,CHEMBL5738581,CHEMBL5729383,CHEMBL240,Voltage-gated inwardly rectifying potassium channel KCNH2,Homo sapiens,B,1216141
CHEMBL4635680,O=C(NCC1CCCOC1)c1n[nH]c2ccc(-c3cccc(F)c3F)cc12,IC50,=,22300.0,nM,4.651695136951839,4.65,CHEMBL4615929,CHEMBL4613299,CHEMBL240,Voltage-gated inwardly rectifying potassium channel KCNH2,Homo sapiens,B,
CHEMBL4635900,O=C(NCC1CCCO1)c1n[nH]c2ccc(-c3cccc(F)c3F)cc12,IC50,=,11000.0,nM,4.958607314841775,4.96,CHEMBL4615929,CHEMBL4613299,CHEMBL240,Voltage-gated inwardly rectifying potassium channel KCNH2,Homo sapiens,B,
CHEMBL4635900,O=C(NCC1CCCO1)c1n[nH]c2ccc(-c3cccc(F)c3F)cc12,IC50,=,11000.0,nM,4.958607314841775,4.96,CHEMBL5738581,CHEMBL5729383,CHEMBL240,Voltage-gated inwardly rectifying potassium channel KCNH2,Homo sapiens,B,1216143
CHEMBL4636056,CN1C(C)(C)CC(Nc2nc3c(-c4ccc(C(=O)N5C[C@@H]6C[C@H]5CO6)cc4)cnn3c(N)c2-c2ccccc2)CC1(C)C,IC50,=,2800.0,nM,5.552841968657781,5.55,CHEMBL4605859,CHEMBL4602715,CHEMBL240,Voltage-gated inwardly rectifying potassium channel KCNH2,Homo sapiens,B,
CHEMBL4636056,CN1C(C)(C)CC(Nc2nc3c(-c4ccc(C(=O)N5C[C@@H]6C[C@H]5CO6)cc4)cnn3c(N)c2-c2ccccc2)CC1(C)C,IC50,=,4700.0,nM,5.327902142064282,5.33,CHEMBL4605858,CHEMBL4602715,CHEMBL240,Voltage-gated inwardly rectifying potassium channel KCNH2,Homo sapiens,B,
CHEMBL4636306,COCc1ccncc1-c1ccc2[nH]nc(C(=O)NCC3CCOCC3)c2c1,IC50,=,47000.0,nM,4.327902142064283,4.33,CHEMBL5738581,CHEMBL5729383,CHEMBL240,Voltage-gated inwardly rectifying potassium channel KCNH2,Homo sapiens,B,1216161
CHEMBL4636306,COCc1ccncc1-c1ccc2[nH]nc(C(=O)NCC3CCOCC3)c2c1,IC50,=,47100.0,nM,4.326979092871103,4.33,CHEMBL4615929,CHEMBL4613299,CHEMBL240,Voltage-gated inwardly rectifying potassium channel KCNH2,Homo sapiens,B,
CHEMBL4637576,Nc1nc(N2CCC(N3Cc4cc(Cl)cc(Cl)c4OC[C@@H]3Cc3ccc(Cl)cc3)CC2)n[nH]1,IC50,=,5500.0,nM,5.259637310505756,5.26,CHEMBL5739235,CHEMBL5729686,CHEMBL240,Voltage-gated inwardly rectifying potassium channel KCNH2,Homo sapiens,B,1273888
CHEMBL4637576,Nc1nc(N2CCC(N3Cc4cc(Cl)cc(Cl)c4OC[C@@H]3Cc3ccc(Cl)cc3)CC2)n[nH]1,IC50,=,6000.0,nM,5.221848749616356,5.22,CHEMBL4619017,CHEMBL4616703,CHEMBL240,Voltage-gated inwardly rectifying potassium channel KCNH2,Homo sapiens,B,
CHEMBL4638321,O=C(NCC1CCOCC1)c1n[nH]c2ccc(-c3cccnc3)cc12,IC50,=,49000.0,nM,4.309803919971486,4.31,CHEMBL5738581,CHEMBL5729383,CHEMBL240,Voltage-gated inwardly rectifying potassium channel KCNH2,Homo sapiens,B,1216163
CHEMBL4638321,O=C(NCC1CCOCC1)c1n[nH]c2ccc(-c3cccnc3)cc12,IC50,=,49300.0,nM,4.30715308072277,4.31,CHEMBL4615929,CHEMBL4613299,CHEMBL240,Voltage-gated inwardly rectifying potassium channel KCNH2,Homo sapiens,B,
CHEMBL4638897,Nc1nc(N2CCC(N3Cc4cc(Cl)ccc4OC[C@@H]3Cc3ccc(Cl)cc3)CC2)n[nH]1,IC50,=,5500.0,nM,5.259637310505756,5.26,CHEMBL5739235,CHEMBL5729686,CHEMBL240,Voltage-gated inwardly rectifying potassium channel KCNH2,Homo sapiens,B,1273887
CHEMBL4638897,Nc1nc(N2CCC(N3Cc4cc(Cl)ccc4OC[C@@H]3Cc3ccc(Cl)cc3)CC2)n[nH]1,IC50,=,6700.0,nM,5.173925197299173,5.17,CHEMBL4619017,CHEMBL4616703,CHEMBL240,Voltage-gated inwardly rectifying potassium channel KCNH2,Homo sapiens,B,
CHEMBL4640061,Cc1c(N2CC[C@@H]([C@H](C)N)C2)c(F)cc2ccc(=O)n(C3CC3)c12,IC50,=,48800.0,nM,4.311580177997289,4.31,CHEMBL4619543,CHEMBL4616724,CHEMBL240,Voltage-gated inwardly rectifying potassium channel KCNH2,Homo sapiens,B,
CHEMBL4640061,Cc1c(N2CC[C@@H]([C@H](C)N)C2)c(F)cc2ccc(=O)n(C3CC3)c12,IC50,=,49000.0,nM,4.309803919971486,4.31,CHEMBL4809365,CHEMBL4808184,CHEMBL240,Voltage-gated inwardly rectifying potassium channel KCNH2,Homo sapiens,B,
CHEMBL4640857,Nc1nc(N2CCC(N3Cc4ccccc4OC[C@@H]3Cc3ccc(Cl)cc3)CC2)n[nH]1,IC50,=,22000.0,nM,4.657577319177793,4.66,CHEMBL4619017,CHEMBL4616703,CHEMBL240,Voltage-gated inwardly rectifying potassium channel KCNH2,Homo sapiens,B,
CHEMBL4640857,Nc1nc(N2CCC(N3Cc4ccccc4OC[C@@H]3Cc3ccc(Cl)cc3)CC2)n[nH]1,IC50,=,22000.0,nM,4.657577319177793,4.66,CHEMBL4704019,CHEMBL4699582,CHEMBL240,Voltage-gated inwardly rectifying potassium channel KCNH2,Homo sapiens,B,
CHEMBL4640857,Nc1nc(N2CCC(N3Cc4ccccc4OC[C@@H]3Cc3ccc(Cl)cc3)CC2)n[nH]1,IC50,=,23000.0,nM,4.638272163982407,4.64,CHEMBL4619034,CHEMBL4616703,CHEMBL240,Voltage-gated inwardly rectifying potassium channel KCNH2,Homo sapiens,B,
CHEMBL4641082,O=C(NCC1CCOCC1)c1n[nH]c2ccc(-c3cccc(F)c3F)cc12,IC50,=,4000.0,nM,5.3979400086720375,5.4,CHEMBL5738581,CHEMBL5729383,CHEMBL240,Voltage-gated inwardly rectifying potassium channel KCNH2,Homo sapiens,B,1216131
CHEMBL4641082,O=C(NCC1CCOCC1)c1n[nH]c2ccc(-c3cccc(F)c3F)cc12,IC50,=,4100.0,nM,5.3872161432802645,5.39,CHEMBL4615929,CHEMBL4613299,CHEMBL240,Voltage-gated inwardly rectifying potassium channel KCNH2,Homo sapiens,B,
CHEMBL4641148,O=C(NCC1CCOCC1)c1n[nH]c2ccc(-c3cnccc3CO)cc12,IC50,=,41000.0,nM,4.3872161432802645,4.39,CHEMBL5738581,CHEMBL5729383,CHEMBL240,Voltage-gated inwardly rectifying potassium channel KCNH2,Homo sapiens,B,1216153
CHEMBL4641148,O=C(NCC1CCOCC1)c1n[nH]c2ccc(-c3cnccc3CO)cc12,IC50,=,41300.0,nM,4.384049948343599,4.38,CHEMBL4615929,CHEMBL4613299,CHEMBL240,Voltage-gated inwardly rectifying potassium channel KCNH2,Homo sapiens,B,
CHEMBL4641672,O=C(Nc1cc(-c2cn(C3CCOCC3)c3cnccc23)ccn1)N1CCOCC1,IC50,=,11000.0,nM,4.958607314841775,4.96,CHEMBL4604972,CHEMBL4602691,CHEMBL240,Voltage-gated inwardly rectifying potassium channel KCNH2,Homo sapiens,B,
CHEMBL4641672,O=C(Nc1cc(-c2cn(C3CCOCC3)c3cnccc23)ccn1)N1CCOCC1,IC50,=,24100.0,nM,4.617982957425132,4.62,CHEMBL4605025,CHEMBL4602691,CHEMBL240,Voltage-gated inwardly rectifying potassium channel KCNH2,Homo sapiens,B,
CHEMBL4641839,C[C@@H]1CN(C(=O)Nc2cc(-c3cn(C4CCOCC4)c4cnccc34)ccn2)C[C@H](C)O1,IC50,=,6600.0,nM,5.180456064458131,5.18,CHEMBL4605025,CHEMBL4602691,CHEMBL240,Voltage-gated inwardly rectifying potassium channel KCNH2,Homo sapiens,B,
CHEMBL4641839,C[C@@H]1CN(C(=O)Nc2cc(-c3cn(C4CCOCC4)c4cnccc34)ccn2)C[C@H](C)O1,IC50,=,24000.0,nM,4.619788758288394,4.62,CHEMBL4604972,CHEMBL4602691,CHEMBL240,Voltage-gated inwardly rectifying potassium channel KCNH2,Homo sapiens,B,
CHEMBL4643920,COCc1cncc(-c2ccc3[nH]nc(C(=O)NCC4CCOCC4)c3c2)c1,IC50,=,5700.0,nM,5.2441251443275085,5.24,CHEMBL4615929,CHEMBL4613299,CHEMBL240,Voltage-gated inwardly rectifying potassium channel KCNH2,Homo sapiens,B,
CHEMBL4643920,COCc1cncc(-c2ccc3[nH]nc(C(=O)NCC4CCOCC4)c3c2)c1,IC50,=,5700.0,nM,5.2441251443275085,5.24,CHEMBL5738581,CHEMBL5729383,CHEMBL240,Voltage-gated inwardly rectifying potassium channel KCNH2,Homo sapiens,B,1216121
CHEMBL4643920,COCc1cncc(-c2ccc3[nH]nc(C(=O)NCC4CCOCC4)c3c2)c1,IC50,=,96000.0,nM,4.017728766960432,4.02,CHEMBL5738581,CHEMBL5729383,CHEMBL240,Voltage-gated inwardly rectifying potassium channel KCNH2,Homo sapiens,B,1216123
CHEMBL4644274,COc1ccc(-c2cnn3c(N)c(-c4ccccc4)c(NC4CC(C)(C)N(C)C(C)(C)C4)nc23)cc1OC,IC50,=,500.0,nM,6.301029995663981,6.3,CHEMBL4605859,CHEMBL4602715,CHEMBL240,Voltage-gated inwardly rectifying potassium channel KCNH2,Homo sapiens,B,
CHEMBL4644274,COc1ccc(-c2cnn3c(N)c(-c4ccccc4)c(NC4CC(C)(C)N(C)C(C)(C)C4)nc23)cc1OC,IC50,=,1200.0,nM,5.920818753952375,5.92,CHEMBL4605858,CHEMBL4602715,CHEMBL240,Voltage-gated inwardly rectifying potassium channel KCNH2,Homo sapiens,B,
CHEMBL4645474,O=C(Nc1cc(-c2cn(-c3ccccc3)c3cnccc23)ccn1)NC1CC1,IC50,=,600.0,nM,6.221848749616356,6.22,CHEMBL4605025,CHEMBL4602691,CHEMBL240,Voltage-gated inwardly rectifying potassium channel KCNH2,Homo sapiens,B,
CHEMBL4645474,O=C(Nc1cc(-c2cn(-c3ccccc3)c3cnccc23)ccn1)NC1CC1,IC50,=,1200.0,nM,5.920818753952375,5.92,CHEMBL4604972,CHEMBL4602691,CHEMBL240,Voltage-gated inwardly rectifying potassium channel KCNH2,Homo sapiens,B,
CHEMBL4648962,Nc1nc(N2CCC(N3Cc4cc(F)ccc4OC[C@@H]3Cc3ccc(Cl)cc3)CC2)n[nH]1,IC50,=,6700.0,nM,5.173925197299173,5.17,CHEMBL4619017,CHEMBL4616703,CHEMBL240,Voltage-gated inwardly rectifying potassium channel KCNH2,Homo sapiens,B,
CHEMBL4648962,Nc1nc(N2CCC(N3Cc4cc(F)ccc4OC[C@@H]3Cc3ccc(Cl)cc3)CC2)n[nH]1,IC50,=,17500.0,nM,4.756961951313706,4.76,CHEMBL5739235,CHEMBL5729686,CHEMBL240,Voltage-gated inwardly rectifying potassium channel KCNH2,Homo sapiens,B,1273886
CHEMBL4650365,C[C@@H]1Cc2c(ccc3[nH]ncc23)[C@@H](c2ccc(NC3CN(CCCF)C3)cn2)N1CC(F)(F)F,IC50,=,1.5,nM,8.823908740944319,8.82,CHEMBL5735025,CHEMBL5727624,CHEMBL240,Voltage-gated inwardly rectifying potassium channel KCNH2,Homo sapiens,B,887429
CHEMBL4650365,C[C@@H]1Cc2c(ccc3[nH]ncc23)[C@@H](c2ccc(NC3CN(CCCF)C3)cn2)N1CC(F)(F)F,IC50,=,1.8,nM,8.744727494896694,8.74,CHEMBL5735025,CHEMBL5727624,CHEMBL240,Voltage-gated inwardly rectifying potassium channel KCNH2,Homo sapiens,B,887430
CHEMBL4650365,C[C@@H]1Cc2c(ccc3[nH]ncc23)[C@@H](c2ccc(NC3CN(CCCF)C3)cn2)N1CC(F)(F)F,IC50,=,2.1,nM,8.67778070526608,8.68,CHEMBL5735025,CHEMBL5727624,CHEMBL240,Voltage-gated inwardly rectifying potassium channel KCNH2,Homo sapiens,B,887426
CHEMBL4650365,C[C@@H]1Cc2c(ccc3[nH]ncc23)[C@@H](c2ccc(NC3CN(CCCF)C3)cn2)N1CC(F)(F)F,IC50,=,2.4,nM,8.619788758288394,8.62,CHEMBL5735025,CHEMBL5727624,CHEMBL240,Voltage-gated inwardly rectifying potassium channel KCNH2,Homo sapiens,B,887411
CHEMBL4650365,C[C@@H]1Cc2c(ccc3[nH]ncc23)[C@@H](c2ccc(NC3CN(CCCF)C3)cn2)N1CC(F)(F)F,IC50,=,22000.0,nM,4.657577319177793,4.66,CHEMBL4676137,CHEMBL4673245,CHEMBL240,Voltage-gated inwardly rectifying potassium channel KCNH2,Homo sapiens,B,
CHEMBL468397,COC(=O)C(CCCN(C)CCCc1nc2ccccc2[nH]1)(c1ccc(Br)cc1)C(C)C,IC50,=,178.0,nM,6.7495799976911055,6.75,CHEMBL978140,CHEMBL1155867,CHEMBL240,Voltage-gated inwardly rectifying potassium channel KCNH2,Homo sapiens,B,
CHEMBL468397,COC(=O)C(CCCN(C)CCCc1nc2ccccc2[nH]1)(c1ccc(Br)cc1)C(C)C,IC50,=,178.0,nM,6.7495799976911055,6.75,CHEMBL3117583,CHEMBL3112460,CHEMBL240,Voltage-gated inwardly rectifying potassium channel KCNH2,Homo sapiens,B,
CHEMBL471994,Cc1ccccc1C1CCN(C[C@H]2CCc3cccnc3[C@@H](O)C2)CC1,IC50,=,220.0,nM,6.657577319177793,6.66,CHEMBL948532,CHEMBL1157476,CHEMBL240,Voltage-gated inwardly rectifying potassium channel KCNH2,Homo sapiens,B,
CHEMBL471994,Cc1ccccc1C1CCN(C[C@H]2CCc3cccnc3[C@@H](O)C2)CC1,IC50,=,310.0,nM,6.508638306165727,6.51,CHEMBL948532,CHEMBL1157476,CHEMBL240,Voltage-gated inwardly rectifying potassium channel KCNH2,Homo sapiens,B,
CHEMBL472,COc1ccc(Cl)cc1C(=O)NCCc1ccc(S(=O)(=O)NC(=O)NC2CCCCC2)cc1,IC50,=,74000.0,nM,4.130768280269024,4.13,CHEMBL749472,CHEMBL1135758,CHEMBL240,Voltage-gated inwardly rectifying potassium channel KCNH2,Homo sapiens,F,
CHEMBL472,COc1ccc(Cl)cc1C(=O)NCCc1ccc(S(=O)(=O)NC(=O)NC2CCCCC2)cc1,IC50,=,74000.0,nM,4.130768280269024,4.13,CHEMBL988126,CHEMBL1157138,CHEMBL240,Voltage-gated inwardly rectifying potassium channel KCNH2,Homo sapiens,B,
CHEMBL472,COc1ccc(Cl)cc1C(=O)NCCc1ccc(S(=O)(=O)NC(=O)NC2CCCCC2)cc1,IC50,=,74131.02,nM,4.130000024196025,4.13,CHEMBL1023674,CHEMBL1158373,CHEMBL240,Voltage-gated inwardly rectifying potassium channel KCNH2,Homo sapiens,B,
CHEMBL472,COc1ccc(Cl)cc1C(=O)NCCc1ccc(S(=O)(=O)NC(=O)NC2CCCCC2)cc1,IC50,=,74131.02,nM,4.130000024196025,4.13,CHEMBL1676103,CHEMBL1671772,CHEMBL240,Voltage-gated inwardly rectifying potassium channel KCNH2,Homo sapiens,B,
CHEMBL472168,Cc1ccccc1C1CCN(C[C@@H]2CCc3cccnc3[C@@H](O)C2)CC1,IC50,=,1500.0,nM,5.823908740944319,5.82,CHEMBL948532,CHEMBL1157476,CHEMBL240,Voltage-gated inwardly rectifying potassium channel KCNH2,Homo sapiens,B,
CHEMBL472168,Cc1ccccc1C1CCN(C[C@@H]2CCc3cccnc3[C@@H](O)C2)CC1,IC50,=,2700.0,nM,5.568636235841012,5.57,CHEMBL948532,CHEMBL1157476,CHEMBL240,Voltage-gated inwardly rectifying potassium channel KCNH2,Homo sapiens,B,
CHEMBL472363,O=C(COc1cccc(Cl)c1)NC1CCN(Cc2ccn(-c3ccc(C(F)(F)F)cc3)c2)CC1,IC50,=,560.0,nM,6.251811972993799,6.25,CHEMBL973619,CHEMBL1156734,CHEMBL240,Voltage-gated inwardly rectifying potassium channel KCNH2,Homo sapiens,B,
CHEMBL472363,O=C(COc1cccc(Cl)c1)NC1CCN(Cc2ccn(-c3ccc(C(F)(F)F)cc3)c2)CC1,IC50,=,560.0,nM,6.251811972993799,6.25,CHEMBL1063190,CHEMBL1152349,CHEMBL240,Voltage-gated inwardly rectifying potassium channel KCNH2,Homo sapiens,B,
CHEMBL472363,O=C(COc1cccc(Cl)c1)NC1CCN(Cc2ccn(-c3ccc(C(F)(F)F)cc3)c2)CC1,IC50,=,560.0,nM,6.251811972993799,6.25,CHEMBL1061741,CHEMBL1153627,CHEMBL240,Voltage-gated inwardly rectifying potassium channel KCNH2,Homo sapiens,B,
CHEMBL473,CN(CCOc1ccc(NS(C)(=O)=O)cc1)CCc1ccc(NS(C)(=O)=O)cc1,IC50,=,4.1,nM,8.387216143280265,8.39,CHEMBL2330781,CHEMBL2321724,CHEMBL240,Voltage-gated inwardly rectifying potassium channel KCNH2,Homo sapiens,B,
CHEMBL473,CN(CCOc1ccc(NS(C)(=O)=O)cc1)CCc1ccc(NS(C)(=O)=O)cc1,IC50,=,5.0,nM,8.301029995663981,8.3,CHEMBL3430637,CHEMBL3430321,CHEMBL240,Voltage-gated inwardly rectifying potassium channel KCNH2,Homo sapiens,F,
CHEMBL473,CN(CCOc1ccc(NS(C)(=O)=O)cc1)CCc1ccc(NS(C)(=O)=O)cc1,IC50,=,9.2,nM,8.036212172654444,8.04,CHEMBL889312,CHEMBL1145378,CHEMBL240,Voltage-gated inwardly rectifying potassium channel KCNH2,Homo sapiens,B,
CHEMBL473,CN(CCOc1ccc(NS(C)(=O)=O)cc1)CCc1ccc(NS(C)(=O)=O)cc1,IC50,=,10.0,nM,8.0,8.0,CHEMBL766816,CHEMBL1136402,CHEMBL240,Voltage-gated inwardly rectifying potassium channel KCNH2,Homo sapiens,B,
CHEMBL473,CN(CCOc1ccc(NS(C)(=O)=O)cc1)CCc1ccc(NS(C)(=O)=O)cc1,IC50,=,10.0,nM,8.0,8.0,CHEMBL766814,CHEMBL1136167,CHEMBL240,Voltage-gated inwardly rectifying potassium channel KCNH2,Homo sapiens,B,
CHEMBL473,CN(CCOc1ccc(NS(C)(=O)=O)cc1)CCc1ccc(NS(C)(=O)=O)cc1,IC50,=,10.0,nM,8.0,8.0,CHEMBL829152,CHEMBL1139598,CHEMBL240,Voltage-gated inwardly rectifying potassium channel KCNH2,Homo sapiens,B,
CHEMBL473,CN(CCOc1ccc(NS(C)(=O)=O)cc1)CCc1ccc(NS(C)(=O)=O)cc1,IC50,=,10.0,nM,8.0,8.0,CHEMBL954102,CHEMBL1150324,CHEMBL240,Voltage-gated inwardly rectifying potassium channel KCNH2,Homo sapiens,B,
CHEMBL473,CN(CCOc1ccc(NS(C)(=O)=O)cc1)CCc1ccc(NS(C)(=O)=O)cc1,IC50,=,10.0,nM,8.0,8.0,CHEMBL3430328,CHEMBL3430320,CHEMBL240,Voltage-gated inwardly rectifying potassium channel KCNH2,Homo sapiens,F,
CHEMBL473,CN(CCOc1ccc(NS(C)(=O)=O)cc1)CCc1ccc(NS(C)(=O)=O)cc1,IC50,=,12.3,nM,7.910094888560602,7.91,CHEMBL1023674,CHEMBL1158373,CHEMBL240,Voltage-gated inwardly rectifying potassium channel KCNH2,Homo sapiens,B,
CHEMBL473,CN(CCOc1ccc(NS(C)(=O)=O)cc1)CCc1ccc(NS(C)(=O)=O)cc1,IC50,=,13.0,nM,7.886056647693163,7.89,CHEMBL4774539,CHEMBL4765447,CHEMBL240,Voltage-gated inwardly rectifying potassium channel KCNH2,Homo sapiens,B,
CHEMBL473,CN(CCOc1ccc(NS(C)(=O)=O)cc1)CCc1ccc(NS(C)(=O)=O)cc1,IC50,=,14.0,nM,7.853871964321762,7.85,CHEMBL5546325,CHEMBL5543124,CHEMBL240,Voltage-gated inwardly rectifying potassium channel KCNH2,Homo sapiens,T,
CHEMBL473,CN(CCOc1ccc(NS(C)(=O)=O)cc1)CCc1ccc(NS(C)(=O)=O)cc1,IC50,=,14.0,nM,7.853871964321762,7.85,CHEMBL6182348,CHEMBL6178015,CHEMBL240,Voltage-gated inwardly rectifying potassium channel KCNH2,Homo sapiens,T,
CHEMBL473,CN(CCOc1ccc(NS(C)(=O)=O)cc1)CCc1ccc(NS(C)(=O)=O)cc1,IC50,=,15.0,nM,7.823908740944319,7.82,CHEMBL691014,CHEMBL1135758,CHEMBL240,Voltage-gated inwardly rectifying potassium channel KCNH2,Homo sapiens,F,
CHEMBL473,CN(CCOc1ccc(NS(C)(=O)=O)cc1)CCc1ccc(NS(C)(=O)=O)cc1,IC50,=,15.0,nM,7.823908740944319,7.82,CHEMBL4612554,CHEMBL4610112,CHEMBL240,Voltage-gated inwardly rectifying potassium channel KCNH2,Homo sapiens,B,
CHEMBL473,CN(CCOc1ccc(NS(C)(=O)=O)cc1)CCc1ccc(NS(C)(=O)=O)cc1,IC50,=,16.0,nM,7.795880017344075,7.8,CHEMBL6137961,CHEMBL6134847,CHEMBL240,Voltage-gated inwardly rectifying potassium channel KCNH2,Homo sapiens,T,
CHEMBL473,CN(CCOc1ccc(NS(C)(=O)=O)cc1)CCc1ccc(NS(C)(=O)=O)cc1,IC50,=,30.0,nM,7.522878745280337,7.52,CHEMBL827807,CHEMBL1137856,CHEMBL240,Voltage-gated inwardly rectifying potassium channel KCNH2,Homo sapiens,B,
CHEMBL473,CN(CCOc1ccc(NS(C)(=O)=O)cc1)CCc1ccc(NS(C)(=O)=O)cc1,IC50,=,48.98,nM,7.309981219211305,7.31,CHEMBL1036648,CHEMBL1154445,CHEMBL240,Voltage-gated inwardly rectifying potassium channel KCNH2,Homo sapiens,B,
CHEMBL473,CN(CCOc1ccc(NS(C)(=O)=O)cc1)CCc1ccc(NS(C)(=O)=O)cc1,IC50,=,90.0,nM,7.045757490560675,7.05,CHEMBL5731991,CHEMBL5726069,CHEMBL240,Voltage-gated inwardly rectifying potassium channel KCNH2,Homo sapiens,B,606905
CHEMBL473,CN(CCOc1ccc(NS(C)(=O)=O)cc1)CCc1ccc(NS(C)(=O)=O)cc1,IC50,=,125.89,nM,6.900008766455315,6.9,CHEMBL3430697,CHEMBL3430320,CHEMBL240,Voltage-gated inwardly rectifying potassium channel KCNH2,Homo sapiens,F,
CHEMBL473,CN(CCOc1ccc(NS(C)(=O)=O)cc1)CCc1ccc(NS(C)(=O)=O)cc1,IC50,=,200.0,nM,6.698970004336019,6.7,CHEMBL3859699,CHEMBL3856276,CHEMBL240,Voltage-gated inwardly rectifying potassium channel KCNH2,Homo sapiens,B,
CHEMBL473,CN(CCOc1ccc(NS(C)(=O)=O)cc1)CCc1ccc(NS(C)(=O)=O)cc1,IC50,=,630.96,nM,6.199998172182031,6.2,CHEMBL3430729,CHEMBL3430320,CHEMBL240,Voltage-gated inwardly rectifying potassium channel KCNH2,Homo sapiens,F,
CHEMBL473,CN(CCOc1ccc(NS(C)(=O)=O)cc1)CCc1ccc(NS(C)(=O)=O)cc1,IC50,=,1460.0,nM,5.835647144215563,5.84,CHEMBL4770548,CHEMBL4765335,CHEMBL240,Voltage-gated inwardly rectifying potassium channel KCNH2,Homo sapiens,B,
CHEMBL473,CN(CCOc1ccc(NS(C)(=O)=O)cc1)CCc1ccc(NS(C)(=O)=O)cc1,IC50,=,44000.0,nM,4.356547323513812,4.36,CHEMBL684971,CHEMBL1128716,CHEMBL240,Voltage-gated inwardly rectifying potassium channel KCNH2,Homo sapiens,F,
CHEMBL4741793,C[C@H](NC(=O)c1cc(C(F)(F)F)nn1C)c1nc(-c2ccnc(C(F)(F)F)c2)no1,IC50,=,11900.0,nM,4.924453038607469,4.92,CHEMBL4714789,CHEMBL4706729,CHEMBL240,Voltage-gated inwardly rectifying potassium channel KCNH2,Homo sapiens,B,
CHEMBL4741793,C[C@H](NC(=O)c1cc(C(F)(F)F)nn1C)c1nc(-c2ccnc(C(F)(F)F)c2)no1,IC50,=,11900.0,nM,4.924453038607469,4.92,CHEMBL5391122,CHEMBL5390224,CHEMBL240,Voltage-gated inwardly rectifying potassium channel KCNH2,Homo sapiens,T,
CHEMBL4742862,COc1cc(NC2CN(CCCF)C2)ccc1[C@@H]1c2ccc3[nH]ncc3c2C[C@@H](C)N1CC1(F)CC1,IC50,=,8.8,nM,8.05551732784983,8.06,CHEMBL5735025,CHEMBL5727624,CHEMBL240,Voltage-gated inwardly rectifying potassium channel KCNH2,Homo sapiens,B,887400
CHEMBL4742862,COc1cc(NC2CN(CCCF)C2)ccc1[C@@H]1c2ccc3[nH]ncc3c2C[C@@H](C)N1CC1(F)CC1,IC50,=,9100.0,nM,5.040958607678906,5.04,CHEMBL4676137,CHEMBL4673245,CHEMBL240,Voltage-gated inwardly rectifying potassium channel KCNH2,Homo sapiens,B,
CHEMBL4742862,COc1cc(NC2CN(CCCF)C2)ccc1[C@@H]1c2ccc3[nH]ncc3c2C[C@@H](C)N1CC1(F)CC1,IC50,=,9100.0,nM,5.040958607678906,5.04,CHEMBL5731674,CHEMBL5725903,CHEMBL240,Voltage-gated inwardly rectifying potassium channel KCNH2,Homo sapiens,B,576012
CHEMBL4743256,COc1cc(NC2CN(CCCF)C2)ccc1[C@@H]1c2ccc3[nH]ncc3c2C[C@@H](C)N1CC(C)(F)F,IC50,=,2.6,nM,8.585026652029182,8.59,CHEMBL5735025,CHEMBL5727624,CHEMBL240,Voltage-gated inwardly rectifying potassium channel KCNH2,Homo sapiens,B,887413
CHEMBL4743256,COc1cc(NC2CN(CCCF)C2)ccc1[C@@H]1c2ccc3[nH]ncc3c2C[C@@H](C)N1CC(C)(F)F,IC50,=,5400.0,nM,5.267606240177031,5.27,CHEMBL5731674,CHEMBL5725903,CHEMBL240,Voltage-gated inwardly rectifying potassium channel KCNH2,Homo sapiens,B,576016
CHEMBL4749445,C[C@@H]1Cc2c(ccc3[nH]ncc23)[C@@H](c2ccc(NC3CN(CCCF)C3)c(F)n2)N1CC(F)(F)F,IC50,=,1.6,nM,8.795880017344075,8.8,CHEMBL5735025,CHEMBL5727624,CHEMBL240,Voltage-gated inwardly rectifying potassium channel KCNH2,Homo sapiens,B,887423
CHEMBL4749445,C[C@@H]1Cc2c(ccc3[nH]ncc23)[C@@H](c2ccc(NC3CN(CCCF)C3)c(F)n2)N1CC(F)(F)F,IC50,=,27000.0,nM,4.568636235841013,4.57,CHEMBL5731674,CHEMBL5725903,CHEMBL240,Voltage-gated inwardly rectifying potassium channel KCNH2,Homo sapiens,B,576021
CHEMBL4751083,CNC(=O)c1nn(C)c2ccc(Nc3nccc(-n4cc(CN(C)C)c(C)n4)n3)cc12,IC50,=,3000.0,nM,5.522878745280337,5.52,CHEMBL4669217,CHEMBL4665716,CHEMBL240,Voltage-gated inwardly rectifying potassium channel KCNH2,Homo sapiens,B,
CHEMBL4751083,CNC(=O)c1nn(C)c2ccc(Nc3nccc(-n4cc(CN(C)C)c(C)n4)n3)cc12,IC50,=,3000.0,nM,5.522878745280337,5.52,CHEMBL4675676,CHEMBL4673232,CHEMBL240,Voltage-gated inwardly rectifying potassium channel KCNH2,Homo sapiens,B,
CHEMBL4751083,CNC(=O)c1nn(C)c2ccc(Nc3nccc(-n4cc(CN(C)C)c(C)n4)n3)cc12,IC50,=,3000.0,nM,5.522878745280337,5.52,CHEMBL4701493,CHEMBL4699472,CHEMBL240,Voltage-gated inwardly rectifying potassium channel KCNH2,Homo sapiens,B,
CHEMBL4751083,CNC(=O)c1nn(C)c2ccc(Nc3nccc(-n4cc(CN(C)C)c(C)n4)n3)cc12,IC50,=,3000.0,nM,5.522878745280337,5.52,CHEMBL5365659,CHEMBL5365395,CHEMBL240,Voltage-gated inwardly rectifying potassium channel KCNH2,Homo sapiens,T,
CHEMBL4751724,CC(C)(CO)Cn1nc(-c2ccc3cc(OC4CC4)ccc3c2)c(C(N)=O)c1N,IC50,=,12300.0,nM,4.910094888560602,4.91,CHEMBL4675511,CHEMBL4673226,CHEMBL240,Voltage-gated inwardly rectifying potassium channel KCNH2,Homo sapiens,B,
CHEMBL4751724,CC(C)(CO)Cn1nc(-c2ccc3cc(OC4CC4)ccc3c2)c(C(N)=O)c1N,IC50,=,13000.0,nM,4.886056647693163,4.89,CHEMBL4675513,CHEMBL4673226,CHEMBL240,Voltage-gated inwardly rectifying potassium channel KCNH2,Homo sapiens,B,
CHEMBL4751770,C[C@@H]1Cc2c(ccc3[nH]ncc23)[C@@H](c2ccc(N(C)C3CN(CCCF)C3)cn2)N1CC(F)(F)F,IC50,=,1.9,nM,8.721246399047171,8.72,CHEMBL5735025,CHEMBL5727624,CHEMBL240,Voltage-gated inwardly rectifying potassium channel KCNH2,Homo sapiens,B,887428
CHEMBL4751770,C[C@@H]1Cc2c(ccc3[nH]ncc23)[C@@H](c2ccc(N(C)C3CN(CCCF)C3)cn2)N1CC(F)(F)F,IC50,=,7700.0,nM,5.113509274827518,5.11,CHEMBL4676137,CHEMBL4673245,CHEMBL240,Voltage-gated inwardly rectifying potassium channel KCNH2,Homo sapiens,B,
CHEMBL4751770,C[C@@H]1Cc2c(ccc3[nH]ncc23)[C@@H](c2ccc(N(C)C3CN(CCCF)C3)cn2)N1CC(F)(F)F,IC50,=,7700.0,nM,5.113509274827518,5.11,CHEMBL5731674,CHEMBL5725903,CHEMBL240,Voltage-gated inwardly rectifying potassium channel KCNH2,Homo sapiens,B,576026
CHEMBL4751971,COc1cc(NC2CN(CCCF)C2)ccc1[C@@H]1c2ccc3[nH]ncc3c2C[C@@H](C)N1CC(C)(C)F,IC50,=,6.1,nM,8.214670164989233,8.21,CHEMBL5735025,CHEMBL5727624,CHEMBL240,Voltage-gated inwardly rectifying potassium channel KCNH2,Homo sapiens,B,887458
CHEMBL4751971,COc1cc(NC2CN(CCCF)C2)ccc1[C@@H]1c2ccc3[nH]ncc3c2C[C@@H](C)N1CC(C)(C)F,IC50,=,13000.0,nM,4.886056647693163,4.89,CHEMBL5731674,CHEMBL5725903,CHEMBL240,Voltage-gated inwardly rectifying potassium channel KCNH2,Homo sapiens,B,576047
CHEMBL4753585,C[C@@H]1Cc2c(ccc3[nH]ncc23)[C@@H](c2ccc(NC3CN(CCCF)C3)cn2)N1CC(C)(C)F,IC50,=,4.3,nM,8.366531544420413,8.37,CHEMBL5735025,CHEMBL5727624,CHEMBL240,Voltage-gated inwardly rectifying potassium channel KCNH2,Homo sapiens,B,887464
CHEMBL4753585,C[C@@H]1Cc2c(ccc3[nH]ncc23)[C@@H](c2ccc(NC3CN(CCCF)C3)cn2)N1CC(C)(C)F,IC50,=,73.0,nM,7.136677139879544,7.14,CHEMBL5735025,CHEMBL5727624,CHEMBL240,Voltage-gated inwardly rectifying potassium channel KCNH2,Homo sapiens,B,887457
CHEMBL4753585,C[C@@H]1Cc2c(ccc3[nH]ncc23)[C@@H](c2ccc(NC3CN(CCCF)C3)cn2)N1CC(C)(C)F,IC50,=,13000.0,nM,4.886056647693163,4.89,CHEMBL5731674,CHEMBL5725903,CHEMBL240,Voltage-gated inwardly rectifying potassium channel KCNH2,Homo sapiens,B,576046
CHEMBL4754652,C[C@@H]1Cc2c(ccc3[nH]nc(F)c23)[C@@H](c2ncc(NC3CN(CCCF)C3)cc2F)N1CC(F)(F)F,IC50,=,1.4,nM,8.853871964321762,8.85,CHEMBL5735025,CHEMBL5727624,CHEMBL240,Voltage-gated inwardly rectifying potassium channel KCNH2,Homo sapiens,B,887427
CHEMBL4754652,C[C@@H]1Cc2c(ccc3[nH]nc(F)c23)[C@@H](c2ncc(NC3CN(CCCF)C3)cc2F)N1CC(F)(F)F,IC50,=,14000.0,nM,4.853871964321762,4.85,CHEMBL5731674,CHEMBL5725903,CHEMBL240,Voltage-gated inwardly rectifying potassium channel KCNH2,Homo sapiens,B,576025
CHEMBL4754747,C[C@@H]1Cc2c(ccc3[nH]ncc23)[C@@H](c2ccc(NC3CN(CCCF)C3)cn2)N1CC(F)F,IC50,=,4.1,nM,8.387216143280265,8.39,CHEMBL5735025,CHEMBL5727624,CHEMBL240,Voltage-gated inwardly rectifying potassium channel KCNH2,Homo sapiens,B,887419
CHEMBL4754747,C[C@@H]1Cc2c(ccc3[nH]ncc23)[C@@H](c2ccc(NC3CN(CCCF)C3)cn2)N1CC(F)F,IC50,=,28000.0,nM,4.552841968657781,4.55,CHEMBL5731674,CHEMBL5725903,CHEMBL240,Voltage-gated inwardly rectifying potassium channel KCNH2,Homo sapiens,B,576018
CHEMBL475534,CCOC(=O)C1=C(C)NC(C)=C(C(=O)OC)C1c1cccc([N+](=O)[O-])c1,IC50,=,10000.0,nM,5.0,5.0,CHEMBL766814,CHEMBL1136167,CHEMBL240,Voltage-gated inwardly rectifying potassium channel KCNH2,Homo sapiens,B,
CHEMBL475534,CCOC(=O)C1=C(C)NC(C)=C(C(=O)OC)C1c1cccc([N+](=O)[O-])c1,IC50,=,10000.0,nM,5.0,5.0,CHEMBL829152,CHEMBL1139598,CHEMBL240,Voltage-gated inwardly rectifying potassium channel KCNH2,Homo sapiens,B,
CHEMBL475534,CCOC(=O)C1=C(C)NC(C)=C(C(=O)OC)C1c1cccc([N+](=O)[O-])c1,IC50,=,10000.0,nM,5.0,5.0,CHEMBL954102,CHEMBL1150324,CHEMBL240,Voltage-gated inwardly rectifying potassium channel KCNH2,Homo sapiens,B,
CHEMBL475534,CCOC(=O)C1=C(C)NC(C)=C(C(=O)OC)C1c1cccc([N+](=O)[O-])c1,IC50,=,10000.0,nM,5.0,5.0,CHEMBL1676103,CHEMBL1671772,CHEMBL240,Voltage-gated inwardly rectifying potassium channel KCNH2,Homo sapiens,B,
CHEMBL475534,CCOC(=O)C1=C(C)NC(C)=C(C(=O)OC)C1c1cccc([N+](=O)[O-])c1,IC50,=,10000.0,nM,5.0,5.0,CHEMBL3430644,CHEMBL3430321,CHEMBL240,Voltage-gated inwardly rectifying potassium channel KCNH2,Homo sapiens,F,
CHEMBL4755698,C=CC(=O)N1CCC(Cn2cc(-c3ccc4c(c3)OCO4)c3c(N)ncnc32)CC1,IC50,=,11100.0,nM,4.954677021213342,4.96,CHEMBL4720165,CHEMBL4715815,CHEMBL240,Voltage-gated inwardly rectifying potassium channel KCNH2,Homo sapiens,B,
CHEMBL4755698,C=CC(=O)N1CCC(Cn2cc(-c3ccc4c(c3)OCO4)c3c(N)ncnc32)CC1,IC50,=,11100.0,nM,4.954677021213342,4.96,CHEMBL5150939,CHEMBL5149979,CHEMBL240,Voltage-gated inwardly rectifying potassium channel KCNH2,Homo sapiens,T,
CHEMBL4756869,CC(C)C[C@H]1CN(C2CCN(c3nc(N)n[nH]3)CC2)[C@@H](Cc2ccc(Cl)cc2)CO1,IC50,=,5500.0,nM,5.259637310505756,5.26,CHEMBL5739235,CHEMBL5729686,CHEMBL240,Voltage-gated inwardly rectifying potassium channel KCNH2,Homo sapiens,B,1273869
CHEMBL4756869,CC(C)C[C@H]1CN(C2CCN(c3nc(N)n[nH]3)CC2)[C@@H](Cc2ccc(Cl)cc2)CO1,IC50,=,8500.0,nM,5.070581074285707,5.07,CHEMBL4704019,CHEMBL4699582,CHEMBL240,Voltage-gated inwardly rectifying potassium channel KCNH2,Homo sapiens,B,
CHEMBL4758424,COc1cc(NC2CN(CCCF)C2)ccc1[C@@H]1c2ccc3[nH]ncc3c2C[C@@H](C)N1CC(F)F,IC50,=,2.1,nM,8.67778070526608,8.68,CHEMBL5735025,CHEMBL5727624,CHEMBL240,Voltage-gated inwardly rectifying potassium channel KCNH2,Homo sapiens,B,887415
CHEMBL4758424,COc1cc(NC2CN(CCCF)C2)ccc1[C@@H]1c2ccc3[nH]ncc3c2C[C@@H](C)N1CC(F)F,IC50,=,5300.0,nM,5.275724130399211,5.28,CHEMBL5731674,CHEMBL5725903,CHEMBL240,Voltage-gated inwardly rectifying potassium channel KCNH2,Homo sapiens,B,576017
CHEMBL4759597,COc1cc(NC2CN(CCCF)C2)ccc1[C@@H]1c2ccc3[nH]ncc3c2C[C@@H](C)N1CC(F)(F)F,IC50,=,5.7,nM,8.244125144327509,8.24,CHEMBL5735025,CHEMBL5727624,CHEMBL240,Voltage-gated inwardly rectifying potassium channel KCNH2,Homo sapiens,B,887422
CHEMBL4759597,COc1cc(NC2CN(CCCF)C2)ccc1[C@@H]1c2ccc3[nH]ncc3c2C[C@@H](C)N1CC(F)(F)F,IC50,=,7800.0,nM,5.107905397309519,5.11,CHEMBL5731674,CHEMBL5725903,CHEMBL240,Voltage-gated inwardly rectifying potassium channel KCNH2,Homo sapiens,B,576020
CHEMBL476106,Cc1nc2cc(F)ccc2c(=O)n1-c1ccc(OCCCN2CCCC2)cc1,IC50,=,6000.0,nM,5.221848749616356,5.22,CHEMBL986351,CHEMBL1155810,CHEMBL240,Voltage-gated inwardly rectifying potassium channel KCNH2,Homo sapiens,B,
CHEMBL476106,Cc1nc2cc(F)ccc2c(=O)n1-c1ccc(OCCCN2CCCC2)cc1,IC50,=,6000.0,nM,5.221848749616356,5.22,CHEMBL1827362,CHEMBL1821550,CHEMBL240,Voltage-gated inwardly rectifying potassium channel KCNH2,Homo sapiens,B,
CHEMBL4762625,CC1(N)CCN(c2cnc(Sc3cccc(Cl)c3Cl)c(N)n2)CC1,IC50,=,2800.0,nM,5.552841968657781,5.55,CHEMBL4701902,CHEMBL4699491,CHEMBL240,Voltage-gated inwardly rectifying potassium channel KCNH2,Homo sapiens,B,
CHEMBL4762625,CC1(N)CCN(c2cnc(Sc3cccc(Cl)c3Cl)c(N)n2)CC1,IC50,=,2800.0,nM,5.552841968657781,5.55,CHEMBL5343262,CHEMBL5338798,CHEMBL240,Voltage-gated inwardly rectifying potassium channel KCNH2,Homo sapiens,T,
CHEMBL476322,Cc1nc2c(C(F)(F)F)cccc2c(=O)n1-c1ccc(OCCCN2CCCC2)cc1,IC50,=,350.0,nM,6.455931955649724,6.46,CHEMBL986351,CHEMBL1155810,CHEMBL240,Voltage-gated inwardly rectifying potassium channel KCNH2,Homo sapiens,B,
CHEMBL476322,Cc1nc2c(C(F)(F)F)cccc2c(=O)n1-c1ccc(OCCCN2CCCC2)cc1,IC50,=,350.0,nM,6.455931955649724,6.46,CHEMBL1827362,CHEMBL1821550,CHEMBL240,Voltage-gated inwardly rectifying potassium channel KCNH2,Homo sapiens,B,
CHEMBL476723,CCc1nc2ccccc2c(=O)n1-c1ccc(OCCCN2CCCC2)cc1,IC50,=,5000.0,nM,5.301029995663981,5.3,CHEMBL986351,CHEMBL1155810,CHEMBL240,Voltage-gated inwardly rectifying potassium channel KCNH2,Homo sapiens,B,
CHEMBL476723,CCc1nc2ccccc2c(=O)n1-c1ccc(OCCCN2CCCC2)cc1,IC50,=,5000.0,nM,5.301029995663981,5.3,CHEMBL1827362,CHEMBL1821550,CHEMBL240,Voltage-gated inwardly rectifying potassium channel KCNH2,Homo sapiens,B,
CHEMBL476954,CC(C)C(=O)N(Cc1cccc(Cl)c1Cl)[C@H]1CCNC1,IC50,=,24700.0,nM,4.607303046740334,4.61,CHEMBL979037,CHEMBL1155868,CHEMBL240,Voltage-gated inwardly rectifying potassium channel KCNH2,Homo sapiens,B,
CHEMBL476954,CC(C)C(=O)N(Cc1cccc(Cl)c1Cl)[C@H]1CCNC1,IC50,=,24700.0,nM,4.607303046740334,4.61,CHEMBL1112305,CHEMBL1154203,CHEMBL240,Voltage-gated inwardly rectifying potassium channel KCNH2,Homo sapiens,B,
CHEMBL477015,CS(=O)(=O)Nc1ccc2c(c1)[C@H](O)CC1(CCN([C@@H]3CCc4cc(C#N)ccc4C3)CC1)O2,IC50,=,21.38,nM,7.669992299127241,7.67,CHEMBL1036648,CHEMBL1154445,CHEMBL240,Voltage-gated inwardly rectifying potassium channel KCNH2,Homo sapiens,B,
CHEMBL477015,CS(=O)(=O)Nc1ccc2c(c1)[C@H](O)CC1(CCN([C@@H]3CCc4cc(C#N)ccc4C3)CC1)O2,IC50,=,670.0,nM,6.173925197299173,6.17,CHEMBL1105740,CHEMBL1157794,CHEMBL240,Voltage-gated inwardly rectifying potassium channel KCNH2,Homo sapiens,B,
CHEMBL477363,Cc1nc2cccc(Cl)c2c(=O)n1-c1ccc(OCCCN2CCCC2)cc1,IC50,=,8100.0,nM,5.09151498112135,5.09,CHEMBL986351,CHEMBL1155810,CHEMBL240,Voltage-gated inwardly rectifying potassium channel KCNH2,Homo sapiens,B,
CHEMBL477363,Cc1nc2cccc(Cl)c2c(=O)n1-c1ccc(OCCCN2CCCC2)cc1,IC50,=,8100.0,nM,5.09151498112135,5.09,CHEMBL1827362,CHEMBL1821550,CHEMBL240,Voltage-gated inwardly rectifying potassium channel KCNH2,Homo sapiens,B,
CHEMBL477364,Cc1nc2cc(C(F)(F)F)ccc2c(=O)n1-c1ccc(OCCCN2CCCC2)cc1,IC50,=,2600.0,nM,5.585026652029182,5.58,CHEMBL986351,CHEMBL1155810,CHEMBL240,Voltage-gated inwardly rectifying potassium channel KCNH2,Homo sapiens,B,
CHEMBL477364,Cc1nc2cc(C(F)(F)F)ccc2c(=O)n1-c1ccc(OCCCN2CCCC2)cc1,IC50,=,2600.0,nM,5.585026652029182,5.58,CHEMBL1827362,CHEMBL1821550,CHEMBL240,Voltage-gated inwardly rectifying potassium channel KCNH2,Homo sapiens,B,
CHEMBL4777139,C[C@@H]1Cc2c(ccc3[nH]nc(F)c23)[C@@H](c2ccc(NC3CN(CCCF)C3)c(F)n2)N1CC(F)(F)F,IC50,=,0.94,nM,9.0268721464003,9.03,CHEMBL5735025,CHEMBL5727624,CHEMBL240,Voltage-gated inwardly rectifying potassium channel KCNH2,Homo sapiens,B,887433
CHEMBL4777139,C[C@@H]1Cc2c(ccc3[nH]nc(F)c23)[C@@H](c2ccc(NC3CN(CCCF)C3)c(F)n2)N1CC(F)(F)F,IC50,=,14000.0,nM,4.853871964321762,4.85,CHEMBL5731674,CHEMBL5725903,CHEMBL240,Voltage-gated inwardly rectifying potassium channel KCNH2,Homo sapiens,B,576029
CHEMBL4778540,CC(=O)N1CCc2nc(N3CCC(Oc4ccc(F)cc4F)CC3)c(N[C@@H]3CCOC3)nc2C1,IC50,=,1970.0,nM,5.7055337738384075,5.71,CHEMBL4742499,CHEMBL4742392,CHEMBL240,Voltage-gated inwardly rectifying potassium channel KCNH2,Homo sapiens,B,
CHEMBL4778540,CC(=O)N1CCc2nc(N3CCC(Oc4ccc(F)cc4F)CC3)c(N[C@@H]3CCOC3)nc2C1,IC50,=,3500.0,nM,5.455931955649724,5.46,CHEMBL5039207,CHEMBL5038577,CHEMBL240,Voltage-gated inwardly rectifying potassium channel KCNH2,Homo sapiens,T,
CHEMBL4780699,FCCCN1CC(Nc2ccc([C@@H]3c4ccc5[nH]ncc5c4C[C@@H](C(F)F)N3CC(F)F)nc2)C1,IC50,=,2.8,nM,8.55284196865778,8.55,CHEMBL5735025,CHEMBL5727624,CHEMBL240,Voltage-gated inwardly rectifying potassium channel KCNH2,Homo sapiens,B,887445
CHEMBL4780699,FCCCN1CC(Nc2ccc([C@@H]3c4ccc5[nH]ncc5c4C[C@@H](C(F)F)N3CC(F)F)nc2)C1,IC50,=,9100.0,nM,5.040958607678906,5.04,CHEMBL5731674,CHEMBL5725903,CHEMBL240,Voltage-gated inwardly rectifying potassium channel KCNH2,Homo sapiens,B,576037
CHEMBL4782430,COc1ccc2ncc(F)c(CC[C@H]3OC[C@H](NCc4ccc5c(c4)OCCO5)CO3)c2n1,IC50,=,8000.0,nM,5.096910013008056,5.1,CHEMBL4769893,CHEMBL4765317,CHEMBL240,Voltage-gated inwardly rectifying potassium channel KCNH2,Homo sapiens,B,
CHEMBL4782430,COc1ccc2ncc(F)c(CC[C@H]3OC[C@H](NCc4ccc5c(c4)OCCO5)CO3)c2n1,IC50,=,23000.0,nM,4.638272163982407,4.64,CHEMBL4840017,CHEMBL4837261,CHEMBL240,Voltage-gated inwardly rectifying potassium channel KCNH2,Homo sapiens,B,
CHEMBL4782998,N#Cc1cncc(NC(=O)COc2ccc(C(=O)c3cc(Cl)ccc3Br)cc2)c1,IC50,=,18.9,nM,7.723538195826756,7.72,CHEMBL4734908,CHEMBL4732108,CHEMBL240,Voltage-gated inwardly rectifying potassium channel KCNH2,Homo sapiens,B,
CHEMBL4782998,N#Cc1cncc(NC(=O)COc2ccc(C(=O)c3cc(Cl)ccc3Br)cc2)c1,IC50,=,2700.0,nM,5.568636235841012,5.57,CHEMBL4734895,CHEMBL4732108,CHEMBL240,Voltage-gated inwardly rectifying potassium channel KCNH2,Homo sapiens,B,
CHEMBL478615,Cc1ccc2c(=O)n(-c3ccc(OCCCN4CCCC4)cc3)c(C)nc2c1,IC50,=,6700.0,nM,5.173925197299173,5.17,CHEMBL986351,CHEMBL1155810,CHEMBL240,Voltage-gated inwardly rectifying potassium channel KCNH2,Homo sapiens,B,
CHEMBL478615,Cc1ccc2c(=O)n(-c3ccc(OCCCN4CCCC4)cc3)c(C)nc2c1,IC50,=,6700.0,nM,5.173925197299173,5.17,CHEMBL1827362,CHEMBL1821550,CHEMBL240,Voltage-gated inwardly rectifying potassium channel KCNH2,Homo sapiens,B,
CHEMBL478616,Cc1cccc2c(=O)n(-c3ccc(OCCCN4CCCC4)cc3)c(C)nc12,IC50,=,1600.0,nM,5.795880017344075,5.8,CHEMBL986351,CHEMBL1155810,CHEMBL240,Voltage-gated inwardly rectifying potassium channel KCNH2,Homo sapiens,B,
CHEMBL478616,Cc1cccc2c(=O)n(-c3ccc(OCCCN4CCCC4)cc3)c(C)nc12,IC50,=,1600.0,nM,5.795880017344075,5.8,CHEMBL1827362,CHEMBL1821550,CHEMBL240,Voltage-gated inwardly rectifying potassium channel KCNH2,Homo sapiens,B,
CHEMBL4787725,C[C@@H]1Cc2c(ccc3[nH]ncc23)[C@@](C)(c2ccc(NC3CN(CCCF)C3)cn2)N1CC(F)F,IC50,=,9.6,nM,8.017728766960431,8.02,CHEMBL5735025,CHEMBL5727624,CHEMBL240,Voltage-gated inwardly rectifying potassium channel KCNH2,Homo sapiens,B,887438
CHEMBL4787725,C[C@@H]1Cc2c(ccc3[nH]ncc23)[C@@](C)(c2ccc(NC3CN(CCCF)C3)cn2)N1CC(F)F,IC50,=,13000.0,nM,4.886056647693163,4.89,CHEMBL4676137,CHEMBL4673245,CHEMBL240,Voltage-gated inwardly rectifying potassium channel KCNH2,Homo sapiens,B,
CHEMBL4789376,Nc1n[nH]c(N2CCC(N3C[C@H](CO)OC[C@@H]3Cc3ccc(Cl)cc3)CC2)n1,IC50,=,62500.0,nM,4.204119982655925,4.2,CHEMBL5739235,CHEMBL5729686,CHEMBL240,Voltage-gated inwardly rectifying potassium channel KCNH2,Homo sapiens,B,1273855
CHEMBL4789376,Nc1n[nH]c(N2CCC(N3C[C@H](CO)OC[C@@H]3Cc3ccc(Cl)cc3)CC2)n1,IC50,=,72000.0,nM,4.142667503568732,4.14,CHEMBL4704019,CHEMBL4699582,CHEMBL240,Voltage-gated inwardly rectifying potassium channel KCNH2,Homo sapiens,B,
CHEMBL479,CSc1ccc2c(c1)N(CCC1CCCCN1C)c1ccccc1S2,IC50,=,33.0,nM,7.481486060122112,7.48,CHEMBL3430656,CHEMBL3430321,CHEMBL240,Voltage-gated inwardly rectifying potassium channel KCNH2,Homo sapiens,F,
CHEMBL479,CSc1ccc2c(c1)N(CCC1CCCCN1C)c1ccccc1S2,IC50,=,33.2,nM,7.478861916295964,7.48,CHEMBL1027667,CHEMBL1137783,CHEMBL240,Voltage-gated inwardly rectifying potassium channel KCNH2,Homo sapiens,B,
CHEMBL479,CSc1ccc2c(c1)N(CCC1CCCCN1C)c1ccccc1S2,IC50,=,35.48,nM,7.450016388840311,7.45,CHEMBL832278,CHEMBL1142050,CHEMBL240,Voltage-gated inwardly rectifying potassium channel KCNH2,Homo sapiens,F,
CHEMBL479,CSc1ccc2c(c1)N(CCC1CCCCN1C)c1ccccc1S2,IC50,=,35.48,nM,7.450016388840311,7.45,CHEMBL1023674,CHEMBL1158373,CHEMBL240,Voltage-gated inwardly rectifying potassium channel KCNH2,Homo sapiens,B,
CHEMBL479,CSc1ccc2c(c1)N(CCC1CCCCN1C)c1ccccc1S2,IC50,=,35.7,nM,7.447331783887806,7.45,CHEMBL691014,CHEMBL1135758,CHEMBL240,Voltage-gated inwardly rectifying potassium channel KCNH2,Homo sapiens,F,
CHEMBL479,CSc1ccc2c(c1)N(CCC1CCCCN1C)c1ccccc1S2,IC50,=,95.5,nM,7.019996628416253,7.02,CHEMBL1676103,CHEMBL1671772,CHEMBL240,Voltage-gated inwardly rectifying potassium channel KCNH2,Homo sapiens,B,
CHEMBL479,CSc1ccc2c(c1)N(CCC1CCCCN1C)c1ccccc1S2,IC50,=,190.55,nM,6.719991046891813,6.72,CHEMBL829152,CHEMBL1139598,CHEMBL240,Voltage-gated inwardly rectifying potassium channel KCNH2,Homo sapiens,B,
CHEMBL479,CSc1ccc2c(c1)N(CCC1CCCCN1C)c1ccccc1S2,IC50,=,191.0,nM,6.718966632752272,6.72,CHEMBL768686,CHEMBL1145042,CHEMBL240,Voltage-gated inwardly rectifying potassium channel KCNH2,Homo sapiens,B,
CHEMBL479,CSc1ccc2c(c1)N(CCC1CCCCN1C)c1ccccc1S2,IC50,=,363.08,nM,6.4399976732266335,6.44,CHEMBL766814,CHEMBL1136167,CHEMBL240,Voltage-gated inwardly rectifying potassium channel KCNH2,Homo sapiens,B,
CHEMBL479,CSc1ccc2c(c1)N(CCC1CCCCN1C)c1ccccc1S2,IC50,=,363.08,nM,6.4399976732266335,6.44,CHEMBL954102,CHEMBL1150324,CHEMBL240,Voltage-gated inwardly rectifying potassium channel KCNH2,Homo sapiens,B,
CHEMBL479,CSc1ccc2c(c1)N(CCC1CCCCN1C)c1ccccc1S2,IC50,=,1588.0,nM,5.799149501908923,5.8,CHEMBL1909190,CHEMBL1909046,CHEMBL240,Voltage-gated inwardly rectifying potassium channel KCNH2,Homo sapiens,B,
CHEMBL479036,CC(C)c1nc2ccccc2c(=O)n1-c1ccc(OCCCN2CCCC2)cc1,IC50,=,3900.0,nM,5.4089353929735005,5.41,CHEMBL986351,CHEMBL1155810,CHEMBL240,Voltage-gated inwardly rectifying potassium channel KCNH2,Homo sapiens,B,
CHEMBL479036,CC(C)c1nc2ccccc2c(=O)n1-c1ccc(OCCCN2CCCC2)cc1,IC50,=,3900.0,nM,5.4089353929735005,5.41,CHEMBL1827362,CHEMBL1821550,CHEMBL240,Voltage-gated inwardly rectifying potassium channel KCNH2,Homo sapiens,B,
CHEMBL479241,O=c1c2ccccc2nc(-c2ccccc2)n1-c1ccc(OCCCN2CCCC2)cc1,IC50,=,1100.0,nM,5.958607314841775,5.96,CHEMBL986351,CHEMBL1155810,CHEMBL240,Voltage-gated inwardly rectifying potassium channel KCNH2,Homo sapiens,B,
CHEMBL479241,O=c1c2ccccc2nc(-c2ccccc2)n1-c1ccc(OCCCN2CCCC2)cc1,IC50,=,1100.0,nM,5.958607314841775,5.96,CHEMBL1827362,CHEMBL1821550,CHEMBL240,Voltage-gated inwardly rectifying potassium channel KCNH2,Homo sapiens,B,
CHEMBL479242,Cc1cccc2nc(C)n(-c3ccc(OCCCN4CCCC4)cc3)c(=O)c12,IC50,=,6600.0,nM,5.180456064458131,5.18,CHEMBL986351,CHEMBL1155810,CHEMBL240,Voltage-gated inwardly rectifying potassium channel KCNH2,Homo sapiens,B,
CHEMBL479242,Cc1cccc2nc(C)n(-c3ccc(OCCCN4CCCC4)cc3)c(=O)c12,IC50,=,6600.0,nM,5.180456064458131,5.18,CHEMBL1827362,CHEMBL1821550,CHEMBL240,Voltage-gated inwardly rectifying potassium channel KCNH2,Homo sapiens,B,
CHEMBL479252,Cc1nc2ccc(F)cc2c(=O)n1-c1ccc(OCCCN2CCCC2)cc1,IC50,=,2500.0,nM,5.6020599913279625,5.6,CHEMBL986351,CHEMBL1155810,CHEMBL240,Voltage-gated inwardly rectifying potassium channel KCNH2,Homo sapiens,B,
CHEMBL479252,Cc1nc2ccc(F)cc2c(=O)n1-c1ccc(OCCCN2CCCC2)cc1,IC50,=,2500.0,nM,5.6020599913279625,5.6,CHEMBL1827362,CHEMBL1821550,CHEMBL240,Voltage-gated inwardly rectifying potassium channel KCNH2,Homo sapiens,B,
CHEMBL4796370,Cc1nn(-c2ccnc3[nH]c(-c4cccc5c4ccn5C)nc23)cc1CN(C)C,IC50,=,2600.0,nM,5.585026652029182,5.58,CHEMBL4669217,CHEMBL4665716,CHEMBL240,Voltage-gated inwardly rectifying potassium channel KCNH2,Homo sapiens,B,
CHEMBL4796370,Cc1nn(-c2ccnc3[nH]c(-c4cccc5c4ccn5C)nc23)cc1CN(C)C,IC50,=,2600.0,nM,5.585026652029182,5.58,CHEMBL4701493,CHEMBL4699472,CHEMBL240,Voltage-gated inwardly rectifying potassium channel KCNH2,Homo sapiens,B,
CHEMBL4797729,CC1(C)Cc2c(ccc3[nH]ncc23)[C@@H](c2ccc(NC3CN(CCCF)C3)cn2)N1CC(F)F,IC50,=,3.4,nM,8.468521082957745,8.47,CHEMBL5735025,CHEMBL5727624,CHEMBL240,Voltage-gated inwardly rectifying potassium channel KCNH2,Homo sapiens,B,887467
CHEMBL4797729,CC1(C)Cc2c(ccc3[nH]ncc23)[C@@H](c2ccc(NC3CN(CCCF)C3)cn2)N1CC(F)F,IC50,=,12000.0,nM,4.920818753952375,4.92,CHEMBL5731674,CHEMBL5725903,CHEMBL240,Voltage-gated inwardly rectifying potassium channel KCNH2,Homo sapiens,B,576054
CHEMBL4798032,Nc1ncc(-c2ccc(C(=O)N3CCNCC3)cc2)nc1-c1ccc(C(F)(F)F)cc1,IC50,=,10000.0,nM,5.0,5.0,CHEMBL4719471,CHEMBL4715789,CHEMBL240,Voltage-gated inwardly rectifying potassium channel KCNH2,Homo sapiens,B,
CHEMBL4798032,Nc1ncc(-c2ccc(C(=O)N3CCNCC3)cc2)nc1-c1ccc(C(F)(F)F)cc1,IC50,=,10100.0,nM,4.995678626217358,5.0,CHEMBL5104430,CHEMBL5104092,CHEMBL240,Voltage-gated inwardly rectifying potassium channel KCNH2,Homo sapiens,T,
CHEMBL4845961,CC(C)(NC(=O)c1ccc(Cl)cc1)[C@H]1[C@@H]2C[C@@H](n3cnc4cc(F)c(F)cc43)C[C@@H]21,IC50,=,1600.0,nM,5.795880017344075,5.8,CHEMBL4843281,CHEMBL4842341,CHEMBL240,Voltage-gated inwardly rectifying potassium channel KCNH2,Homo sapiens,B,
CHEMBL4845961,CC(C)(NC(=O)c1ccc(Cl)cc1)[C@H]1[C@@H]2C[C@@H](n3cnc4cc(F)c(F)cc43)C[C@@H]21,IC50,=,12000.0,nM,4.920818753952375,4.92,CHEMBL4843290,CHEMBL4842341,CHEMBL240,Voltage-gated inwardly rectifying potassium channel KCNH2,Homo sapiens,B,
CHEMBL4846783,C[C@@H](NC(=O)c1ccc(C#N)cc1)[C@H]1[C@@H]2C[C@@H](n3cnc4cc(F)c(F)cc43)C[C@@H]21,IC50,=,740.0,nM,6.130768280269024,6.13,CHEMBL4843290,CHEMBL4842341,CHEMBL240,Voltage-gated inwardly rectifying potassium channel KCNH2,Homo sapiens,B,
CHEMBL4846783,C[C@@H](NC(=O)c1ccc(C#N)cc1)[C@H]1[C@@H]2C[C@@H](n3cnc4cc(F)c(F)cc43)C[C@@H]21,IC50,=,1300.0,nM,5.886056647693163,5.89,CHEMBL4843281,CHEMBL4842341,CHEMBL240,Voltage-gated inwardly rectifying potassium channel KCNH2,Homo sapiens,B,
CHEMBL4848514,CC[C@@H](NC(=O)c1ccc(Cl)cc1)[C@H]1[C@@H]2C[C@@H](n3cnc4ccc(C#N)cc43)C[C@@H]21,IC50,=,5300.0,nM,5.275724130399211,5.28,CHEMBL4843281,CHEMBL4842341,CHEMBL240,Voltage-gated inwardly rectifying potassium channel KCNH2,Homo sapiens,B,
CHEMBL4848514,CC[C@@H](NC(=O)c1ccc(Cl)cc1)[C@H]1[C@@H]2C[C@@H](n3cnc4ccc(C#N)cc43)C[C@@H]21,IC50,=,5600.0,nM,5.251811972993799,5.25,CHEMBL4843290,CHEMBL4842341,CHEMBL240,Voltage-gated inwardly rectifying potassium channel KCNH2,Homo sapiens,B,
CHEMBL4851581,Cc1ccc(Oc2ccc(-c3nnn(CCN)n3)cc2)cc1,IC50,=,5800.0,nM,5.236572006437063,5.24,CHEMBL4834663,CHEMBL4834397,CHEMBL240,Voltage-gated inwardly rectifying potassium channel KCNH2,Homo sapiens,B,
CHEMBL4851581,Cc1ccc(Oc2ccc(-c3nnn(CCN)n3)cc2)cc1,IC50,=,6000.0,nM,5.221848749616356,5.22,CHEMBL5377365,CHEMBL5375967,CHEMBL240,Voltage-gated inwardly rectifying potassium channel KCNH2,Homo sapiens,T,
CHEMBL4853672,CC[C@@H](NC(=O)c1ccc(C#N)cc1)[C@H]1[C@@H]2C[C@@H](n3cnc4cc(F)c(F)cc43)C[C@@H]21,IC50,=,1100.0,nM,5.958607314841775,5.96,CHEMBL4843281,CHEMBL4842341,CHEMBL240,Voltage-gated inwardly rectifying potassium channel KCNH2,Homo sapiens,B,
CHEMBL4853672,CC[C@@H](NC(=O)c1ccc(C#N)cc1)[C@H]1[C@@H]2C[C@@H](n3cnc4cc(F)c(F)cc43)C[C@@H]21,IC50,=,1400.0,nM,5.853871964321762,5.85,CHEMBL4843290,CHEMBL4842341,CHEMBL240,Voltage-gated inwardly rectifying potassium channel KCNH2,Homo sapiens,B,
CHEMBL4855340,C[C@H](C(=O)Nc1ccc(Cl)cc1)[C@H]1CC[C@@H](c2ccnc3ccc(F)cc32)CC1,IC50,=,2400.0,nM,5.619788758288394,5.62,CHEMBL4843253,CHEMBL4842341,CHEMBL240,Voltage-gated inwardly rectifying potassium channel KCNH2,Homo sapiens,B,
CHEMBL4855340,C[C@H](C(=O)Nc1ccc(Cl)cc1)[C@H]1CC[C@@H](c2ccnc3ccc(F)cc32)CC1,IC50,=,4200.0,nM,5.376750709602099,5.38,CHEMBL4843250,CHEMBL4842341,CHEMBL240,Voltage-gated inwardly rectifying potassium channel KCNH2,Homo sapiens,B,
CHEMBL4857808,COC(=O)NC12CCC(n3cc(-c4ccc(Cl)c(N)c4)c4c(N)ncnc43)(CC1)CC2,IC50,=,3000.0,nM,5.522878745280337,5.52,CHEMBL4834318,CHEMBL4831559,CHEMBL240,Voltage-gated inwardly rectifying potassium channel KCNH2,Homo sapiens,B,
CHEMBL4857808,COC(=O)NC12CCC(n3cc(-c4ccc(Cl)c(N)c4)c4c(N)ncnc43)(CC1)CC2,IC50,=,9900.0,nM,5.004364805402449,5.0,CHEMBL4834317,CHEMBL4831559,CHEMBL240,Voltage-gated inwardly rectifying potassium channel KCNH2,Homo sapiens,B,
CHEMBL4858888,CC(NC(=O)c1ccc(Cl)cc1)[C@H]1[C@@H]2C[C@@H](n3cnc4cc(F)c(F)cc43)C[C@@H]21,IC50,=,1000.0,nM,6.0,6.0,CHEMBL4843253,CHEMBL4842341,CHEMBL240,Voltage-gated inwardly rectifying potassium channel KCNH2,Homo sapiens,B,
CHEMBL4858888,CC(NC(=O)c1ccc(Cl)cc1)[C@H]1[C@@H]2C[C@@H](n3cnc4cc(F)c(F)cc43)C[C@@H]21,IC50,=,3600.0,nM,5.443697499232712,5.44,CHEMBL4843250,CHEMBL4842341,CHEMBL240,Voltage-gated inwardly rectifying potassium channel KCNH2,Homo sapiens,B,
CHEMBL4861332,CC[C@@H](NC(=O)c1ccc(Cl)cc1)[C@H]1[C@@H]2C[C@@H](n3cnc4cc(F)c(F)cc43)C[C@@H]21,IC50,=,790.0,nM,6.102372908709558,6.1,CHEMBL4843253,CHEMBL4842341,CHEMBL240,Voltage-gated inwardly rectifying potassium channel KCNH2,Homo sapiens,B,
CHEMBL4861332,CC[C@@H](NC(=O)c1ccc(Cl)cc1)[C@H]1[C@@H]2C[C@@H](n3cnc4cc(F)c(F)cc43)C[C@@H]21,IC50,=,2400.0,nM,5.619788758288394,5.62,CHEMBL4843250,CHEMBL4842341,CHEMBL240,Voltage-gated inwardly rectifying potassium channel KCNH2,Homo sapiens,B,
CHEMBL4861332,CC[C@@H](NC(=O)c1ccc(Cl)cc1)[C@H]1[C@@H]2C[C@@H](n3cnc4cc(F)c(F)cc43)C[C@@H]21,IC50,=,2400.0,nM,5.619788758288394,5.62,CHEMBL4843281,CHEMBL4842341,CHEMBL240,Voltage-gated inwardly rectifying potassium channel KCNH2,Homo sapiens,B,
CHEMBL4861332,CC[C@@H](NC(=O)c1ccc(Cl)cc1)[C@H]1[C@@H]2C[C@@H](n3cnc4cc(F)c(F)cc43)C[C@@H]21,IC50,=,11000.0,nM,4.958607314841775,4.96,CHEMBL4843252,CHEMBL4842341,CHEMBL240,Voltage-gated inwardly rectifying potassium channel KCNH2,Homo sapiens,B,
CHEMBL4861332,CC[C@@H](NC(=O)c1ccc(Cl)cc1)[C@H]1[C@@H]2C[C@@H](n3cnc4cc(F)c(F)cc43)C[C@@H]21,IC50,=,11000.0,nM,4.958607314841775,4.96,CHEMBL4843290,CHEMBL4842341,CHEMBL240,Voltage-gated inwardly rectifying potassium channel KCNH2,Homo sapiens,B,
CHEMBL486278,COc1ccc(CC(C)(C)NC[C@H](O)COc2cccc3[nH]c(=O)[nH]c23)cc1,IC50,=,11.8,nM,7.928117992693874,7.93,CHEMBL1052905,CHEMBL1154613,CHEMBL240,Voltage-gated inwardly rectifying potassium channel KCNH2,Homo sapiens,B,
CHEMBL486278,COc1ccc(CC(C)(C)NC[C@H](O)COc2cccc3[nH]c(=O)[nH]c23)cc1,IC50,=,11800.0,nM,4.928117992693875,4.93,CHEMBL939877,CHEMBL1137011,CHEMBL240,Voltage-gated inwardly rectifying potassium channel KCNH2,Homo sapiens,B,
CHEMBL4864639,CC[C@@H](NC(=O)c1ccc(Cl)cc1)[C@H]1[C@@H]2C[C@@H](n3c(C)nc4ccc(F)cc43)C[C@@H]21,IC50,=,1100.0,nM,5.958607314841775,5.96,CHEMBL4843291,CHEMBL4842341,CHEMBL240,Voltage-gated inwardly rectifying potassium channel KCNH2,Homo sapiens,B,
CHEMBL4864639,CC[C@@H](NC(=O)c1ccc(Cl)cc1)[C@H]1[C@@H]2C[C@@H](n3c(C)nc4ccc(F)cc43)C[C@@H]21,IC50,=,2050.0,nM,5.688246138944246,5.69,CHEMBL4843281,CHEMBL4842341,CHEMBL240,Voltage-gated inwardly rectifying potassium channel KCNH2,Homo sapiens,B,
CHEMBL4864639,CC[C@@H](NC(=O)c1ccc(Cl)cc1)[C@H]1[C@@H]2C[C@@H](n3c(C)nc4ccc(F)cc43)C[C@@H]21,IC50,=,21000.0,nM,4.6777807052660805,4.68,CHEMBL4843290,CHEMBL4842341,CHEMBL240,Voltage-gated inwardly rectifying potassium channel KCNH2,Homo sapiens,B,
CHEMBL4870418,CC[C@@H](NC(=O)c1ccc(C#N)cc1)[C@H]1[C@@H]2C[C@@H](n3cnc4ccc(Cl)cc43)C[C@@H]21,IC50,=,500.0,nM,6.301029995663981,6.3,CHEMBL4843281,CHEMBL4842341,CHEMBL240,Voltage-gated inwardly rectifying potassium channel KCNH2,Homo sapiens,B,
CHEMBL4870418,CC[C@@H](NC(=O)c1ccc(C#N)cc1)[C@H]1[C@@H]2C[C@@H](n3cnc4ccc(Cl)cc43)C[C@@H]21,IC50,=,2100.0,nM,5.6777807052660805,5.68,CHEMBL4843290,CHEMBL4842341,CHEMBL240,Voltage-gated inwardly rectifying potassium channel KCNH2,Homo sapiens,B,
CHEMBL487059,O=c1c2ccccc2nc(-c2ccc(OCCCN3CCCCC3)cc2)n1Cc1ccccc1,IC50,=,170.0,nM,6.769551078621726,6.77,CHEMBL956578,CHEMBL1152163,CHEMBL240,Voltage-gated inwardly rectifying potassium channel KCNH2,Homo sapiens,B,
CHEMBL487059,O=c1c2ccccc2nc(-c2ccc(OCCCN3CCCCC3)cc2)n1Cc1ccccc1,IC50,=,170.0,nM,6.769551078621726,6.77,CHEMBL1827362,CHEMBL1821550,CHEMBL240,Voltage-gated inwardly rectifying potassium channel KCNH2,Homo sapiens,B,
CHEMBL487060,O=c1c2ccccc2nc(-c2ccc(OCCCN3CCCCC3)cc2)n1-c1ccccc1,IC50,=,460.0,nM,6.337242168318426,6.34,CHEMBL956578,CHEMBL1152163,CHEMBL240,Voltage-gated inwardly rectifying potassium channel KCNH2,Homo sapiens,B,
CHEMBL487060,O=c1c2ccccc2nc(-c2ccc(OCCCN3CCCCC3)cc2)n1-c1ccccc1,IC50,=,460.0,nM,6.337242168318426,6.34,CHEMBL1827362,CHEMBL1821550,CHEMBL240,Voltage-gated inwardly rectifying potassium channel KCNH2,Homo sapiens,B,
CHEMBL487063,Cc1nc2ccccc2c(=O)n1-c1ccc(OCCCN2CCCCC2)cc1,IC50,=,7900.0,nM,5.102372908709558,5.1,CHEMBL956578,CHEMBL1152163,CHEMBL240,Voltage-gated inwardly rectifying potassium channel KCNH2,Homo sapiens,B,
CHEMBL487063,Cc1nc2ccccc2c(=O)n1-c1ccc(OCCCN2CCCCC2)cc1,IC50,=,8600.0,nM,5.065501548756432,5.07,CHEMBL986351,CHEMBL1155810,CHEMBL240,Voltage-gated inwardly rectifying potassium channel KCNH2,Homo sapiens,B,
CHEMBL487064,Cn1c(-c2ccc(OCCCN3CCCCC3)cc2)nc2ccccc2c1=O,IC50,=,2800.0,nM,5.552841968657781,5.55,CHEMBL956578,CHEMBL1152163,CHEMBL240,Voltage-gated inwardly rectifying potassium channel KCNH2,Homo sapiens,B,
CHEMBL487064,Cn1c(-c2ccc(OCCCN3CCCCC3)cc2)nc2ccccc2c1=O,IC50,=,2800.0,nM,5.552841968657781,5.55,CHEMBL1827362,CHEMBL1821550,CHEMBL240,Voltage-gated inwardly rectifying potassium channel KCNH2,Homo sapiens,B,
CHEMBL487230,CCCn1c(-c2ccc(OCCCN3CCCCC3)cc2)nc2ccccc2c1=O,IC50,=,1800.0,nM,5.7447274948966935,5.75,CHEMBL956578,CHEMBL1152163,CHEMBL240,Voltage-gated inwardly rectifying potassium channel KCNH2,Homo sapiens,B,
CHEMBL487230,CCCn1c(-c2ccc(OCCCN3CCCCC3)cc2)nc2ccccc2c1=O,IC50,=,1800.0,nM,5.7447274948966935,5.75,CHEMBL1827362,CHEMBL1821550,CHEMBL240,Voltage-gated inwardly rectifying potassium channel KCNH2,Homo sapiens,B,
CHEMBL4873479,COc1ccc2nccc(CCN3CCC(NCc4cc(F)c(Br)c(F)c4)CC3)c2n1,IC50,=,296.0,nM,6.528708288941061,6.53,CHEMBL5387422,CHEMBL5385870,CHEMBL240,Voltage-gated inwardly rectifying potassium channel KCNH2,Homo sapiens,T,
CHEMBL4873479,COc1ccc2nccc(CCN3CCC(NCc4cc(F)c(Br)c(F)c4)CC3)c2n1,IC50,=,296.0,nM,6.528708288941061,6.53,CHEMBL6077506,CHEMBL6074695,CHEMBL240,Voltage-gated inwardly rectifying potassium channel KCNH2,Homo sapiens,T,
CHEMBL4874648,COC(=O)N[C@H]1CC[C@@H](n2cc(-c3ccc(Cl)c(N)c3)c3c(N)ncnc32)CC1,IC50,=,5300.0,nM,5.275724130399211,5.28,CHEMBL4834318,CHEMBL4831559,CHEMBL240,Voltage-gated inwardly rectifying potassium channel KCNH2,Homo sapiens,B,
CHEMBL4874648,COC(=O)N[C@H]1CC[C@@H](n2cc(-c3ccc(Cl)c(N)c3)c3c(N)ncnc32)CC1,IC50,=,25000.0,nM,4.6020599913279625,4.6,CHEMBL4834317,CHEMBL4831559,CHEMBL240,Voltage-gated inwardly rectifying potassium channel KCNH2,Homo sapiens,B,
CHEMBL4875851,Cc1cc(C(=O)O)ccc1-c1ccc(Cl)c(-c2ccc(C(F)(F)F)cc2CN2C(=O)O[C@H](c3cc(C(F)(F)F)cc(C(F)(F)F)c3)[C@@H]2C)c1,IC50,=,5000.0,nM,5.301029995663981,5.3,CHEMBL4843604,CHEMBL4842348,CHEMBL240,Voltage-gated inwardly rectifying potassium channel KCNH2,Homo sapiens,B,
CHEMBL4875851,Cc1cc(C(=O)O)ccc1-c1ccc(Cl)c(-c2ccc(C(F)(F)F)cc2CN2C(=O)O[C@H](c3cc(C(F)(F)F)cc(C(F)(F)F)c3)[C@@H]2C)c1,IC50,=,5000.0,nM,5.301029995663981,5.3,CHEMBL4843627,CHEMBL4842348,CHEMBL240,Voltage-gated inwardly rectifying potassium channel KCNH2,Homo sapiens,B,
CHEMBL4877264,CC(=O)N1CCN([C@H]2C[C@@H](n3cc(-c4ccc(Cl)c(N)c4)c4c(N)ncnc43)C2)CC1,IC50,=,7900.0,nM,5.102372908709558,5.1,CHEMBL4834318,CHEMBL4831559,CHEMBL240,Voltage-gated inwardly rectifying potassium channel KCNH2,Homo sapiens,B,
CHEMBL4877264,CC(=O)N1CCN([C@H]2C[C@@H](n3cc(-c4ccc(Cl)c(N)c4)c4c(N)ncnc43)C2)CC1,IC50,=,19000.0,nM,4.721246399047171,4.72,CHEMBL4834317,CHEMBL4831559,CHEMBL240,Voltage-gated inwardly rectifying potassium channel KCNH2,Homo sapiens,B,
CHEMBL488248,Cn1c(-c2ccc(OCCCN3CCCC3)cc2)nc2ccccc2c1=O,IC50,=,2900.0,nM,5.537602002101044,5.54,CHEMBL956578,CHEMBL1152163,CHEMBL240,Voltage-gated inwardly rectifying potassium channel KCNH2,Homo sapiens,B,
CHEMBL488248,Cn1c(-c2ccc(OCCCN3CCCC3)cc2)nc2ccccc2c1=O,IC50,=,2900.0,nM,5.537602002101044,5.54,CHEMBL1827362,CHEMBL1821550,CHEMBL240,Voltage-gated inwardly rectifying potassium channel KCNH2,Homo sapiens,B,
CHEMBL488249,Cn1c(-c2ccc(OC3CCN(C4CCC4)CC3)cc2)nc2ccccc2c1=O,IC50,=,5600.0,nM,5.251811972993799,5.25,CHEMBL956578,CHEMBL1152163,CHEMBL240,Voltage-gated inwardly rectifying potassium channel KCNH2,Homo sapiens,B,
CHEMBL488249,Cn1c(-c2ccc(OC3CCN(C4CCC4)CC3)cc2)nc2ccccc2c1=O,IC50,=,5600.0,nM,5.251811972993799,5.25,CHEMBL1827362,CHEMBL1821550,CHEMBL240,Voltage-gated inwardly rectifying potassium channel KCNH2,Homo sapiens,B,
CHEMBL488251,CC(C)n1c(-c2ccc(OCCCN3CCCCC3)cc2)nc2ccccc2c1=O,IC50,=,3000.0,nM,5.522878745280337,5.52,CHEMBL956578,CHEMBL1152163,CHEMBL240,Voltage-gated inwardly rectifying potassium channel KCNH2,Homo sapiens,B,
CHEMBL488251,CC(C)n1c(-c2ccc(OCCCN3CCCCC3)cc2)nc2ccccc2c1=O,IC50,=,3000.0,nM,5.522878745280337,5.52,CHEMBL1827362,CHEMBL1821550,CHEMBL240,Voltage-gated inwardly rectifying potassium channel KCNH2,Homo sapiens,B,
CHEMBL488294,CC(C)(C)CCN1CCC(CNC(=O)Nc2cccc(Cl)c2)(c2ccccc2)CC1,IC50,=,88.0,nM,7.055517327849831,7.06,CHEMBL1033089,CHEMBL1140166,CHEMBL240,Voltage-gated inwardly rectifying potassium channel KCNH2,Homo sapiens,B,
CHEMBL488294,CC(C)(C)CCN1CCC(CNC(=O)Nc2cccc(Cl)c2)(c2ccccc2)CC1,IC50,=,88.0,nM,7.055517327849831,7.06,CHEMBL952419,CHEMBL1157496,CHEMBL240,Voltage-gated inwardly rectifying potassium channel KCNH2,Homo sapiens,F,
CHEMBL488295,Cc1ccc(CN2CCC(CNC(=O)c3cc(Cl)cc(Cl)c3)CC2)cc1,IC50,=,135.0,nM,6.8696662315049934,6.87,CHEMBL1033089,CHEMBL1140166,CHEMBL240,Voltage-gated inwardly rectifying potassium channel KCNH2,Homo sapiens,B,
CHEMBL488295,Cc1ccc(CN2CCC(CNC(=O)c3cc(Cl)cc(Cl)c3)CC2)cc1,IC50,=,135.0,nM,6.8696662315049934,6.87,CHEMBL952419,CHEMBL1157496,CHEMBL240,Voltage-gated inwardly rectifying potassium channel KCNH2,Homo sapiens,F,
CHEMBL488468,CC(C)(C)CCN1CCC(CNC(=O)c2cc(Cl)cc(Cl)c2)CC1,IC50,=,1930.0,nM,5.714442690992226,5.71,CHEMBL952419,CHEMBL1157496,CHEMBL240,Voltage-gated inwardly rectifying potassium channel KCNH2,Homo sapiens,F,
CHEMBL488468,CC(C)(C)CCN1CCC(CNC(=O)c2cc(Cl)cc(Cl)c2)CC1,IC50,=,1934.0,nM,5.713543530253017,5.71,CHEMBL1033089,CHEMBL1140166,CHEMBL240,Voltage-gated inwardly rectifying potassium channel KCNH2,Homo sapiens,B,
CHEMBL488817,CC1(C)C[C@@H](CN2CCC(F)(CNC(=O)c3cc(Cl)cc(Cl)c3)CC2)CCO1,IC50,=,2900.0,nM,5.537602002101044,5.54,CHEMBL952419,CHEMBL1157496,CHEMBL240,Voltage-gated inwardly rectifying potassium channel KCNH2,Homo sapiens,F,
CHEMBL488817,CC1(C)C[C@@H](CN2CCC(F)(CNC(=O)c3cc(Cl)cc(Cl)c3)CC2)CCO1,IC50,=,3790.0,nM,5.421360790031928,5.42,CHEMBL1033089,CHEMBL1140166,CHEMBL240,Voltage-gated inwardly rectifying potassium channel KCNH2,Homo sapiens,B,
CHEMBL490,Fc1ccc([C@@H]2CCNC[C@H]2COc2ccc3c(c2)OCO3)cc1,IC50,=,5400.0,nM,5.267606240177031,5.27,CHEMBL5733769,CHEMBL5726960,CHEMBL240,Voltage-gated inwardly rectifying potassium channel KCNH2,Homo sapiens,B,776930
CHEMBL490,Fc1ccc([C@@H]2CCNC[C@H]2COc2ccc3c(c2)OCO3)cc1,IC50,=,10429.3,nM,4.981744839832274,4.98,CHEMBL1909190,CHEMBL1909046,CHEMBL240,Voltage-gated inwardly rectifying potassium channel KCNH2,Homo sapiens,B,
CHEMBL491571,C[C@@H](O)[C@H]1C(=O)N2C(C(=O)O)=C(S[C@@H]3CN[C@H](CNS(N)(=O)=O)C3)[C@H](C)[C@H]12,IC50,=,5011872.34,nM,2.29999999967702,,CHEMBL3430329,CHEMBL3430320,CHEMBL240,Voltage-gated inwardly rectifying potassium channel KCNH2,Homo sapiens,F,
CHEMBL491571,C[C@@H](O)[C@H]1C(=O)N2C(C(=O)O)=C(S[C@@H]3CN[C@H](CNS(N)(=O)=O)C3)[C@H](C)[C@H]12,IC50,=,7943282.35,nM,2.0999999998492527,,CHEMBL3430698,CHEMBL3430320,CHEMBL240,Voltage-gated inwardly rectifying potassium channel KCNH2,Homo sapiens,F,
CHEMBL494462,CCN(CC)C(=O)c1ccc(C2=CC3(CCNCC3)Oc3ccccc32)cc1,IC50,=,7900.0,nM,5.102372908709558,5.1,CHEMBL989030,CHEMBL1140111,CHEMBL240,Voltage-gated inwardly rectifying potassium channel KCNH2,Homo sapiens,B,
CHEMBL494462,CCN(CC)C(=O)c1ccc(C2=CC3(CCNCC3)Oc3ccccc32)cc1,IC50,=,7900.0,nM,5.102372908709558,5.1,CHEMBL1056550,CHEMBL1153522,CHEMBL240,Voltage-gated inwardly rectifying potassium channel KCNH2,Homo sapiens,B,
CHEMBL497999,CS(=O)(=O)c1ccc(OCC2CC2)c(C(=O)N2CCN(c3ccc(C#N)cc3F)CC2)c1,IC50,=,600.0,nM,6.221848749616356,6.22,CHEMBL1006160,CHEMBL1141693,CHEMBL240,Voltage-gated inwardly rectifying potassium channel KCNH2,Homo sapiens,B,
CHEMBL497999,CS(=O)(=O)c1ccc(OCC2CC2)c(C(=O)N2CCN(c3ccc(C#N)cc3F)CC2)c1,IC50,=,600.0,nM,6.221848749616356,6.22,CHEMBL1177037,CHEMBL1177706,CHEMBL240,Voltage-gated inwardly rectifying potassium channel KCNH2,Homo sapiens,B,
CHEMBL498042,CC1c2ccc(C#N)c(c2)Oc2cccc(c2)CN2CC[C@@H](NCc3cncn31)C2=O,IC50,=,8399.99,nM,5.075721230955667,5.08,CHEMBL1027667,CHEMBL1137783,CHEMBL240,Voltage-gated inwardly rectifying potassium channel KCNH2,Homo sapiens,B,
CHEMBL498042,CC1c2ccc(C#N)c(c2)Oc2cccc(c2)CN2CC[C@@H](NCc3cncn31)C2=O,IC50,=,20000.0,nM,4.698970004336019,4.7,CHEMBL1027667,CHEMBL1137783,CHEMBL240,Voltage-gated inwardly rectifying potassium channel KCNH2,Homo sapiens,B,
CHEMBL498260,N#Cc1ccc2cc1Oc1ccc3cccc(c3c1)N1CC[C@@H](NCCc3cncn3C2)C1=O,IC50,=,210.0,nM,6.6777807052660805,6.68,CHEMBL1027667,CHEMBL1137783,CHEMBL240,Voltage-gated inwardly rectifying potassium channel KCNH2,Homo sapiens,B,
CHEMBL498260,N#Cc1ccc2cc1Oc1ccc3cccc(c3c1)N1CC[C@@H](NCCc3cncn3C2)C1=O,IC50,=,210.0,nM,6.6777807052660805,6.68,CHEMBL3224857,CHEMBL3217487,CHEMBL240,Voltage-gated inwardly rectifying potassium channel KCNH2,Homo sapiens,B,
CHEMBL498572,O=C(OC1CC2CC3CC(C1)N2CC3O)c1c[nH]c2ccccc12,IC50,=,5888.44,nM,5.229999745811778,5.23,CHEMBL954102,CHEMBL1150324,CHEMBL240,Voltage-gated inwardly rectifying potassium channel KCNH2,Homo sapiens,B,
CHEMBL498572,O=C(OC1CC2CC3CC(C1)N2CC3O)c1c[nH]c2ccccc12,IC50,=,12022.64,nM,4.920000156997057,4.92,CHEMBL1676103,CHEMBL1671772,CHEMBL240,Voltage-gated inwardly rectifying potassium channel KCNH2,Homo sapiens,B,
CHEMBL501480,N#Cc1ccc2cc1Oc1cccc(c1)C(c1ccccc1)N1CC[C@@H](NCc3cncn3C2)C1=O,IC50,=,320.0,nM,6.494850021680094,6.5,CHEMBL1027667,CHEMBL1137783,CHEMBL240,Voltage-gated inwardly rectifying potassium channel KCNH2,Homo sapiens,B,
CHEMBL501480,N#Cc1ccc2cc1Oc1cccc(c1)C(c1ccccc1)N1CC[C@@H](NCc3cncn3C2)C1=O,IC50,=,2900.0,nM,5.537602002101044,5.54,CHEMBL1027667,CHEMBL1137783,CHEMBL240,Voltage-gated inwardly rectifying potassium channel KCNH2,Homo sapiens,B,
CHEMBL502,COc1cc2c(cc1OC)C(=O)C(CC1CCN(Cc3ccccc3)CC1)C2,IC50,=,640.0,nM,6.1938200260161125,6.19,CHEMBL5047399,CHEMBL5046241,CHEMBL240,Voltage-gated inwardly rectifying potassium channel KCNH2,Homo sapiens,T,
CHEMBL502,COc1cc2c(cc1OC)C(=O)C(CC1CCN(Cc3ccccc3)CC1)C2,IC50,=,1995.26,nM,5.700000503883016,5.7,CHEMBL1676103,CHEMBL1671772,CHEMBL240,Voltage-gated inwardly rectifying potassium channel KCNH2,Homo sapiens,B,
CHEMBL502,COc1cc2c(cc1OC)C(=O)C(CC1CCN(Cc3ccccc3)CC1)C2,IC50,=,8718.0,nM,5.059583135318334,5.06,CHEMBL5037696,CHEMBL5036340,CHEMBL240,Voltage-gated inwardly rectifying potassium channel KCNH2,Homo sapiens,B,
CHEMBL502835,COC(=O)c1ccc2c(c1)NC(=O)/C2=C(\Nc1ccc(N(C)C(=O)CN2CCN(C)CC2)cc1)c1ccccc1,IC50,=,2.6,nM,8.585026652029182,8.59,CHEMBL4136264,CHEMBL4130560,CHEMBL240,Voltage-gated inwardly rectifying potassium channel KCNH2,Homo sapiens,B,
CHEMBL502835,COC(=O)c1ccc2c(c1)NC(=O)/C2=C(\Nc1ccc(N(C)C(=O)CN2CCN(C)CC2)cc1)c1ccccc1,IC50,=,2600.0,nM,5.585026652029182,,CHEMBL5537402,CHEMBL5537112,CHEMBL240,Voltage-gated inwardly rectifying potassium channel KCNH2,Homo sapiens,B,
CHEMBL505,CN(C)CCC(c1ccc(Cl)cc1)c1ccccn1,IC50,=,1100.0,nM,5.958607314841775,5.96,CHEMBL827807,CHEMBL1137856,CHEMBL240,Voltage-gated inwardly rectifying potassium channel KCNH2,Homo sapiens,B,
CHEMBL505,CN(C)CCC(c1ccc(Cl)cc1)c1ccccn1,IC50,=,20892.96,nM,4.68000002720016,4.68,CHEMBL766814,CHEMBL1136167,CHEMBL240,Voltage-gated inwardly rectifying potassium channel KCNH2,Homo sapiens,B,
CHEMBL505,CN(C)CCC(c1ccc(Cl)cc1)c1ccccn1,IC50,=,20892.96,nM,4.68000002720016,4.68,CHEMBL829152,CHEMBL1139598,CHEMBL240,Voltage-gated inwardly rectifying potassium channel KCNH2,Homo sapiens,B,
CHEMBL505,CN(C)CCC(c1ccc(Cl)cc1)c1ccccn1,IC50,=,20892.96,nM,4.68000002720016,4.68,CHEMBL954102,CHEMBL1150324,CHEMBL240,Voltage-gated inwardly rectifying potassium channel KCNH2,Homo sapiens,B,
CHEMBL505,CN(C)CCC(c1ccc(Cl)cc1)c1ccccn1,IC50,=,20892.96,nM,4.68000002720016,4.68,CHEMBL1676103,CHEMBL1671772,CHEMBL240,Voltage-gated inwardly rectifying potassium channel KCNH2,Homo sapiens,B,
CHEMBL5083403,Fc1ccc([C@]2(CCNCc3cccc(Cl)c3)CCO[C@]3(CCOC3)C2)nc1,IC50,=,22800.0,nM,4.642065152999546,4.64,CHEMBL5043389,CHEMBL5042488,CHEMBL240,Voltage-gated inwardly rectifying potassium channel KCNH2,Homo sapiens,T,
CHEMBL5083403,Fc1ccc([C@]2(CCNCc3cccc(Cl)c3)CCO[C@]3(CCOC3)C2)nc1,IC50,=,22800.0,nM,4.642065152999546,4.64,CHEMBL5737357,CHEMBL5728734,CHEMBL240,Voltage-gated inwardly rectifying potassium channel KCNH2,Homo sapiens,B,1095255
CHEMBL5085562,Cc1cccc(-c2ccc(/C=C/[C@@H]3[C@@H]4[C@@H](C)OC(=O)[C@]4(O)CC(F)(F)[C@H]3C)nc2)c1C#N,IC50,=,9000.0,nM,5.045757490560675,5.05,CHEMBL5046094,CHEMBL5042556,CHEMBL240,Voltage-gated inwardly rectifying potassium channel KCNH2,Homo sapiens,T,
CHEMBL5085562,Cc1cccc(-c2ccc(/C=C/[C@@H]3[C@@H]4[C@@H](C)OC(=O)[C@]4(O)CC(F)(F)[C@H]3C)nc2)c1C#N,IC50,=,9000.0,nM,5.045757490560675,5.05,CHEMBL5046103,CHEMBL5042556,CHEMBL240,Voltage-gated inwardly rectifying potassium channel KCNH2,Homo sapiens,T,
CHEMBL508712,Cc1cccc2c(=O)n(C)c(-c3ccc(OC4CCN(C5CCC5)CC4)cc3)nc12,IC50,=,2000.0,nM,5.698970004336019,5.7,CHEMBL956578,CHEMBL1152163,CHEMBL240,Voltage-gated inwardly rectifying potassium channel KCNH2,Homo sapiens,B,
CHEMBL508712,Cc1cccc2c(=O)n(C)c(-c3ccc(OC4CCN(C5CCC5)CC4)cc3)nc12,IC50,=,2000.0,nM,5.698970004336019,5.7,CHEMBL1827362,CHEMBL1821550,CHEMBL240,Voltage-gated inwardly rectifying potassium channel KCNH2,Homo sapiens,B,
CHEMBL5088392,CCNC(=O)N1C[C@H]2[C@H](C)[C@@H](C)[C@H](/C=C/c3ccc(-c4ccccc4C#N)cn3)[C@@H]3[C@@H](C)OC(=O)[C@@]32C1,IC50,=,9000.0,nM,5.045757490560675,5.05,CHEMBL5046103,CHEMBL5042556,CHEMBL240,Voltage-gated inwardly rectifying potassium channel KCNH2,Homo sapiens,T,
CHEMBL5088392,CCNC(=O)N1C[C@H]2[C@H](C)[C@@H](C)[C@H](/C=C/c3ccc(-c4ccccc4C#N)cn3)[C@@H]3[C@@H](C)OC(=O)[C@@]32C1,IC50,=,9200.0,nM,5.036212172654444,5.04,CHEMBL5046094,CHEMBL5042556,CHEMBL240,Voltage-gated inwardly rectifying potassium channel KCNH2,Homo sapiens,T,
CHEMBL5089410,CC(C)C[C@](C)(N)COc1ccc(-c2ccnc(C(F)F)c2)nc1C(F)F,IC50,=,1400.0,nM,5.853871964321762,5.85,CHEMBL5049634,CHEMBL5046296,CHEMBL240,Voltage-gated inwardly rectifying potassium channel KCNH2,Homo sapiens,T,
CHEMBL5089410,CC(C)C[C@](C)(N)COc1ccc(-c2ccnc(C(F)F)c2)nc1C(F)F,IC50,=,3400.0,nM,5.468521082957745,5.47,CHEMBL6086266,CHEMBL6083275,CHEMBL240,Voltage-gated inwardly rectifying potassium channel KCNH2,Homo sapiens,T,
CHEMBL511,COc1ccc(CN(CCN(C)C)c2ccccn2)cc1,IC50,=,1100.0,nM,5.958607314841775,5.96,CHEMBL827807,CHEMBL1137856,CHEMBL240,Voltage-gated inwardly rectifying potassium channel KCNH2,Homo sapiens,B,
CHEMBL511,COc1ccc(CN(CCN(C)C)c2ccccn2)cc1,IC50,=,12618.2,nM,4.899002593255283,4.9,CHEMBL1909190,CHEMBL1909046,CHEMBL240,Voltage-gated inwardly rectifying potassium channel KCNH2,Homo sapiens,B,
CHEMBL511142,CO[C@@]12CC[C@@]3(C[C@@H]1[C@](C)(O)C(C)(C)C)[C@H]1Cc4ccc(O)c5c4[C@@]3(CCN1CC1CC1)[C@H]2O5,IC50,=,7585.78,nM,5.119999756699334,5.12,CHEMBL829152,CHEMBL1139598,CHEMBL240,Voltage-gated inwardly rectifying potassium channel KCNH2,Homo sapiens,B,
CHEMBL511142,CO[C@@]12CC[C@@]3(C[C@@H]1[C@](C)(O)C(C)(C)C)[C@H]1Cc4ccc(O)c5c4[C@@]3(CCN1CC1CC1)[C@H]2O5,IC50,=,7943.28,nM,5.100000128334196,5.1,CHEMBL1676103,CHEMBL1671772,CHEMBL240,Voltage-gated inwardly rectifying potassium channel KCNH2,Homo sapiens,B,
CHEMBL512351,COc1ccc(NC(=O)c2ccc(C(=N)N(C)C)cc2)c(C(=O)Nc2ccc(Cl)cn2)c1,IC50,=,8900.0,nM,5.050609993355087,5.05,CHEMBL968701,CHEMBL1138586,CHEMBL240,Voltage-gated inwardly rectifying potassium channel KCNH2,Homo sapiens,B,
CHEMBL512351,COc1ccc(NC(=O)c2ccc(C(=N)N(C)C)cc2)c(C(=O)Nc2ccc(Cl)cn2)c1,IC50,=,8900.0,nM,5.050609993355087,5.05,CHEMBL1273286,CHEMBL1268866,CHEMBL240,Voltage-gated inwardly rectifying potassium channel KCNH2,Homo sapiens,B,
CHEMBL513909,CC[C@@H]1C(=O)N(C)c2cnc(Nc3ccc(C(=O)NC4CCN(C)CC4)cc3OC)nc2N1C1CCCC1,IC50,=,2900.0,nM,5.537602002101044,5.54,CHEMBL6111434,CHEMBL6109112,CHEMBL240,Voltage-gated inwardly rectifying potassium channel KCNH2,Homo sapiens,T,
CHEMBL513909,CC[C@@H]1C(=O)N(C)c2cnc(Nc3ccc(C(=O)NC4CCN(C)CC4)cc3OC)nc2N1C1CCCC1,IC50,=,5280.0,nM,5.277366077466188,5.28,CHEMBL5361572,CHEMBL5360536,CHEMBL240,Voltage-gated inwardly rectifying potassium channel KCNH2,Homo sapiens,T,
CHEMBL515004,CCCc1nc2ccccc2c(=O)n1-c1ccc(OCCCN2CCCC2)cc1,IC50,=,2800.0,nM,5.552841968657781,5.55,CHEMBL986351,CHEMBL1155810,CHEMBL240,Voltage-gated inwardly rectifying potassium channel KCNH2,Homo sapiens,B,
CHEMBL515004,CCCc1nc2ccccc2c(=O)n1-c1ccc(OCCCN2CCCC2)cc1,IC50,=,2800.0,nM,5.552841968657781,5.55,CHEMBL1827362,CHEMBL1821550,CHEMBL240,Voltage-gated inwardly rectifying potassium channel KCNH2,Homo sapiens,B,
CHEMBL5169763,COc1cc(F)ccc1-c1cnc2sc(N3CC[C@@H](O)[C@@H](N)C3)nn12,IC50,=,9200.0,nM,5.036212172654444,5.04,CHEMBL5160040,CHEMBL5154768,CHEMBL240,Voltage-gated inwardly rectifying potassium channel KCNH2,Homo sapiens,T,
CHEMBL5169763,COc1cc(F)ccc1-c1cnc2sc(N3CC[C@@H](O)[C@@H](N)C3)nn12,IC50,=,14400.0,nM,4.841637507904751,4.84,CHEMBL5160040,CHEMBL5154768,CHEMBL240,Voltage-gated inwardly rectifying potassium channel KCNH2,Homo sapiens,T,
CHEMBL517,CC(C)N(CCC(C(N)=O)(c1ccccc1)c1ccccn1)C(C)C,IC50,=,12000.0,nM,4.920818753952375,4.92,CHEMBL827807,CHEMBL1137856,CHEMBL240,Voltage-gated inwardly rectifying potassium channel KCNH2,Homo sapiens,B,
CHEMBL517,CC(C)N(CCC(C(N)=O)(c1ccccc1)c1ccccn1)C(C)C,IC50,=,91201.08,nM,4.040000018741066,4.04,CHEMBL766814,CHEMBL1136167,CHEMBL240,Voltage-gated inwardly rectifying potassium channel KCNH2,Homo sapiens,B,
CHEMBL517,CC(C)N(CCC(C(N)=O)(c1ccccc1)c1ccccn1)C(C)C,IC50,=,91201.08,nM,4.040000018741066,4.04,CHEMBL829152,CHEMBL1139598,CHEMBL240,Voltage-gated inwardly rectifying potassium channel KCNH2,Homo sapiens,B,
CHEMBL517,CC(C)N(CCC(C(N)=O)(c1ccccc1)c1ccccn1)C(C)C,IC50,=,91201.08,nM,4.040000018741066,4.04,CHEMBL954102,CHEMBL1150324,CHEMBL240,Voltage-gated inwardly rectifying potassium channel KCNH2,Homo sapiens,B,
CHEMBL517,CC(C)N(CCC(C(N)=O)(c1ccccc1)c1ccccn1)C(C)C,IC50,=,91201.08,nM,4.040000018741066,4.04,CHEMBL1676103,CHEMBL1671772,CHEMBL240,Voltage-gated inwardly rectifying potassium channel KCNH2,Homo sapiens,B,
CHEMBL5174392,CC1(C)C(=N)N[C@](C)(c2nc(NC(=O)c3ccc(C#N)cn3)ccc2F)CS1(=O)=O,IC50,=,5800.0,nM,5.236572006437063,5.24,CHEMBL5133256,CHEMBL5131410,CHEMBL240,Voltage-gated inwardly rectifying potassium channel KCNH2,Homo sapiens,T,
CHEMBL5174392,CC1(C)C(=N)N[C@](C)(c2nc(NC(=O)c3ccc(C#N)cn3)ccc2F)CS1(=O)=O,IC50,=,15890.0,nM,4.798876102792621,4.8,CHEMBL5133258,CHEMBL5131410,CHEMBL240,Voltage-gated inwardly rectifying potassium channel KCNH2,Homo sapiens,T,
CHEMBL5178777,COc1cc(F)ccc1-c1cnc2sc(N3CCC(O)(CN)C3)nn12,IC50,=,17800.0,nM,4.749579997691106,4.75,CHEMBL5160040,CHEMBL5154768,CHEMBL240,Voltage-gated inwardly rectifying potassium channel KCNH2,Homo sapiens,T,
CHEMBL5178777,COc1cc(F)ccc1-c1cnc2sc(N3CCC(O)(CN)C3)nn12,IC50,=,21900.0,nM,4.6595558851598815,4.66,CHEMBL5160040,CHEMBL5154768,CHEMBL240,Voltage-gated inwardly rectifying potassium channel KCNH2,Homo sapiens,T,
CHEMBL518431,O=c1c2ccccc2ncn1-c1ccc(OCCCN2CCCC2)cc1,IC50,=,710.0,nM,6.1487416512809245,6.15,CHEMBL986351,CHEMBL1155810,CHEMBL240,Voltage-gated inwardly rectifying potassium channel KCNH2,Homo sapiens,B,
CHEMBL518431,O=c1c2ccccc2ncn1-c1ccc(OCCCN2CCCC2)cc1,IC50,=,710.0,nM,6.1487416512809245,6.15,CHEMBL1827362,CHEMBL1821550,CHEMBL240,Voltage-gated inwardly rectifying potassium channel KCNH2,Homo sapiens,B,
CHEMBL5190339,COc1cc(F)ccc1-c1cnc2sc(N3CC[C@@H](N)[C@@H](F)C3)nn12,IC50,=,8800.0,nM,5.055517327849831,5.06,CHEMBL5160040,CHEMBL5154768,CHEMBL240,Voltage-gated inwardly rectifying potassium channel KCNH2,Homo sapiens,T,
CHEMBL5190339,COc1cc(F)ccc1-c1cnc2sc(N3CC[C@@H](N)[C@@H](F)C3)nn12,IC50,=,13900.0,nM,4.856985199745905,4.86,CHEMBL5160040,CHEMBL5154768,CHEMBL240,Voltage-gated inwardly rectifying potassium channel KCNH2,Homo sapiens,T,
CHEMBL519067,CCn1c(-c2ccc(OCCCN3CCCCC3)cc2)nc2ccccc2c1=O,IC50,=,1700.0,nM,5.769551078621726,5.77,CHEMBL956578,CHEMBL1152163,CHEMBL240,Voltage-gated inwardly rectifying potassium channel KCNH2,Homo sapiens,B,
CHEMBL519067,CCn1c(-c2ccc(OCCCN3CCCCC3)cc2)nc2ccccc2c1=O,IC50,=,1700.0,nM,5.769551078621726,5.77,CHEMBL1827362,CHEMBL1821550,CHEMBL240,Voltage-gated inwardly rectifying potassium channel KCNH2,Homo sapiens,B,
CHEMBL5191392,O=c1nc2n(c3c1CN(Cc1ccccc1)CC3)CCN2Cc1ccc(F)c(Br)c1,IC50,=,1520.0,nM,5.818156412055227,5.82,CHEMBL6157479,CHEMBL6153125,CHEMBL240,Voltage-gated inwardly rectifying potassium channel KCNH2,Homo sapiens,T,
CHEMBL5191392,O=c1nc2n(c3c1CN(Cc1ccccc1)CC3)CCN2Cc1ccc(F)c(Br)c1,IC50,=,4910.0,nM,5.308918507877031,5.31,CHEMBL5167771,CHEMBL5154926,CHEMBL240,Voltage-gated inwardly rectifying potassium channel KCNH2,Homo sapiens,T,
CHEMBL5197101,CCc1cc2ccc(CN3CCN(c4ccc(C(=O)NC)nc4)CC3)cc2[nH]c1=O,IC50,=,21000.0,nM,4.6777807052660805,4.68,CHEMBL5152033,CHEMBL5150005,CHEMBL240,Voltage-gated inwardly rectifying potassium channel KCNH2,Homo sapiens,T,
CHEMBL5197101,CCc1cc2ccc(CN3CCN(c4ccc(C(=O)NC)nc4)CC3)cc2[nH]c1=O,IC50,=,21000.0,nM,4.6777807052660805,4.68,CHEMBL6081605,CHEMBL6078698,CHEMBL240,Voltage-gated inwardly rectifying potassium channel KCNH2,Homo sapiens,T,
CHEMBL5198665,Cc1cc(C#N)cnc1C(=O)Nc1ccc(F)c([C@]2(C)CS(=O)(=O)[C@@](C)(C(F)F)C(=N)N2)n1,IC50,=,44000.0,nM,4.356547323513812,4.36,CHEMBL5133256,CHEMBL5131410,CHEMBL240,Voltage-gated inwardly rectifying potassium channel KCNH2,Homo sapiens,T,
CHEMBL5198665,Cc1cc(C#N)cnc1C(=O)Nc1ccc(F)c([C@]2(C)CS(=O)(=O)[C@@](C)(C(F)F)C(=N)N2)n1,IC50,=,48150.0,nM,4.317403708539446,4.32,CHEMBL5133258,CHEMBL5131410,CHEMBL240,Voltage-gated inwardly rectifying potassium channel KCNH2,Homo sapiens,T,
CHEMBL521851,CS(=O)(=O)N1CCN(Cc2cc3nc(-c4cccc5[nH]ncc45)nc(N4CCOCC4)c3s2)CC1,IC50,=,64000.0,nM,4.1938200260161125,4.19,CHEMBL980868,CHEMBL1140078,CHEMBL240,Voltage-gated inwardly rectifying potassium channel KCNH2,Homo sapiens,B,
CHEMBL521851,CS(=O)(=O)N1CCN(Cc2cc3nc(-c4cccc5[nH]ncc45)nc(N4CCOCC4)c3s2)CC1,IC50,=,64000.0,nM,4.1938200260161125,4.19,CHEMBL1960000,CHEMBL1955823,CHEMBL240,Voltage-gated inwardly rectifying potassium channel KCNH2,Homo sapiens,B,
CHEMBL52348,CCCc1cn(-c2ccc(F)cc2)c2ccc(Cl)cc12,IC50,=,26000.0,nM,4.585026652029182,4.58,CHEMBL766816,CHEMBL1136402,CHEMBL240,Voltage-gated inwardly rectifying potassium channel KCNH2,Homo sapiens,B,
CHEMBL52348,CCCc1cn(-c2ccc(F)cc2)c2ccc(Cl)cc12,IC50,=,25703957.83,nM,1.5899999999609475,,CHEMBL1676103,CHEMBL1671772,CHEMBL240,Voltage-gated inwardly rectifying potassium channel KCNH2,Homo sapiens,B,
CHEMBL525413,N#Cc1ccc2cc1Oc1cccc(c1)C(c1cccc(Cl)c1)N1CC[C@@H](NCc3cncn3C2)C1=O,IC50,=,82.0,nM,7.086186147616283,7.09,CHEMBL1027667,CHEMBL1137783,CHEMBL240,Voltage-gated inwardly rectifying potassium channel KCNH2,Homo sapiens,B,
CHEMBL525413,N#Cc1ccc2cc1Oc1cccc(c1)C(c1cccc(Cl)c1)N1CC[C@@H](NCc3cncn3C2)C1=O,IC50,=,530.0,nM,6.275724130399211,6.28,CHEMBL1027667,CHEMBL1137783,CHEMBL240,Voltage-gated inwardly rectifying potassium channel KCNH2,Homo sapiens,B,
CHEMBL52627,CS(=O)(=O)Nc1ccc2c(c1)C(O)CC1(CCN(C3CCc4cc(C#N)ccc4C3)CC1)O2,IC50,=,20.89,nM,7.680061560019691,7.68,CHEMBL1676103,CHEMBL1671772,CHEMBL240,Voltage-gated inwardly rectifying potassium channel KCNH2,Homo sapiens,B,
CHEMBL52627,CS(=O)(=O)Nc1ccc2c(c1)C(O)CC1(CCN(C3CCc4cc(C#N)ccc4C3)CC1)O2,IC50,=,34.0,nM,7.468521082957745,7.47,CHEMBL766816,CHEMBL1136402,CHEMBL240,Voltage-gated inwardly rectifying potassium channel KCNH2,Homo sapiens,B,
CHEMBL5271471,CCC(=O)CCCCC[C@H](NC(=O)C1CN(C)C1)c1ncc(-c2cc3ccccc3nc2OC)o1,IC50,=,3600.0,nM,5.443697499232712,5.44,CHEMBL5248058,CHEMBL5247577,CHEMBL240,Voltage-gated inwardly rectifying potassium channel KCNH2,Homo sapiens,T,
CHEMBL5271471,CCC(=O)CCCCC[C@H](NC(=O)C1CN(C)C1)c1ncc(-c2cc3ccccc3nc2OC)o1,IC50,=,10000.0,nM,5.0,5.0,CHEMBL5248062,CHEMBL5247577,CHEMBL240,Voltage-gated inwardly rectifying potassium channel KCNH2,Homo sapiens,T,
CHEMBL5273140,FC(F)(F)c1noc(-c2ccc(CCN3CCC(Nc4nc5ccccc5[nH]4)CC3)cc2)n1,IC50,=,630.0,nM,6.200659450546418,6.2,CHEMBL5239937,CHEMBL5236628,CHEMBL240,Voltage-gated inwardly rectifying potassium channel KCNH2,Homo sapiens,T,
CHEMBL5273140,FC(F)(F)c1noc(-c2ccc(CCN3CCC(Nc4nc5ccccc5[nH]4)CC3)cc2)n1,IC50,=,630.0,nM,6.200659450546418,6.2,CHEMBL5338527,CHEMBL5335864,CHEMBL240,Voltage-gated inwardly rectifying potassium channel KCNH2,Homo sapiens,T,
CHEMBL52794,CC(O)c1cn(-c2ccc(F)cc2)c2ccc(Cl)cc12,IC50,=,4550.0,nM,5.341988603342887,5.34,CHEMBL766816,CHEMBL1136402,CHEMBL240,Voltage-gated inwardly rectifying potassium channel KCNH2,Homo sapiens,B,
CHEMBL52794,CC(O)c1cn(-c2ccc(F)cc2)c2ccc(Cl)cc12,IC50,=,4570881.9,nM,2.33999999963408,,CHEMBL1676103,CHEMBL1671772,CHEMBL240,Voltage-gated inwardly rectifying potassium channel KCNH2,Homo sapiens,B,
CHEMBL5282336,COCCCC(=O)NCCN1CCC[C@@H]1Cn1nc(Cc2ccc(Cl)cc2)c2ccccc2c1=O.O=C(O)C(F)(F)F,IC50,=,398.11,nM,6.399996913372259,6.4,CHEMBL5261566,CHEMBL5260808,CHEMBL240,Voltage-gated inwardly rectifying potassium channel KCNH2,Homo sapiens,T,
CHEMBL5282336,COCCCC(=O)NCCN1CCC[C@@H]1Cn1nc(Cc2ccc(Cl)cc2)c2ccccc2c1=O.O=C(O)C(F)(F)F,IC50,=,398.11,nM,6.399996913372259,6.4,CHEMBL5261578,CHEMBL5260808,CHEMBL240,Voltage-gated inwardly rectifying potassium channel KCNH2,Homo sapiens,T,
CHEMBL52832,CC(C)(O)c1ccc(C(O)CCCN2CCC(C(O)(c3ccccc3)c3ccccc3)CC2)cc1,IC50,=,457.09,nM,6.339998279897117,6.34,CHEMBL1676103,CHEMBL1671772,CHEMBL240,Voltage-gated inwardly rectifying potassium channel KCNH2,Homo sapiens,B,
CHEMBL52832,CC(C)(O)c1ccc(C(O)CCCN2CCC(C(O)(c3ccccc3)c3ccccc3)CC2)cc1,IC50,=,460.0,nM,6.337242168318426,6.34,CHEMBL766816,CHEMBL1136402,CHEMBL240,Voltage-gated inwardly rectifying potassium channel KCNH2,Homo sapiens,B,
CHEMBL52999,COC(=O)c1ccc(-n2cc(C3CCN(CCN4CCNC4=O)CC3)c3cc(Cl)ccc32)cc1,IC50,=,36.0,nM,7.443697499232712,7.44,CHEMBL766816,CHEMBL1136402,CHEMBL240,Voltage-gated inwardly rectifying potassium channel KCNH2,Homo sapiens,B,
CHEMBL52999,COC(=O)c1ccc(-n2cc(C3CCN(CCN4CCNC4=O)CC3)c3cc(Cl)ccc32)cc1,IC50,=,36.31,nM,7.439973751087107,7.44,CHEMBL1676103,CHEMBL1671772,CHEMBL240,Voltage-gated inwardly rectifying potassium channel KCNH2,Homo sapiens,B,
CHEMBL531475,COc1ccc(-c2cc(-c3ccc(S(C)(=O)=O)cc3)cnc2N)cn1,IC50,=,3000.0,nM,5.522878745280337,5.52,CHEMBL2043698,CHEMBL2040800,CHEMBL240,Voltage-gated inwardly rectifying potassium channel KCNH2,Homo sapiens,B,
CHEMBL531475,COc1ccc(-c2cc(-c3ccc(S(C)(=O)=O)cc3)cnc2N)cn1,IC50,=,3500.0,nM,5.455931955649724,5.46,CHEMBL2432226,CHEMBL2429746,CHEMBL240,Voltage-gated inwardly rectifying potassium channel KCNH2,Homo sapiens,B,
CHEMBL5315124,C[C@H]1COc2c(N3CCN(C)CC3)c(F)cc3c(=O)c(C(=O)O)cn1c23.C[C@H]1COc2c(N3CCN(C)CC3)c(F)cc3c(=O)c(C(=O)O)cn1c23.O,IC50,=,912010.84,nM,3.039999999693288,,CHEMBL766814,CHEMBL1136167,CHEMBL240,Voltage-gated inwardly rectifying potassium channel KCNH2,Homo sapiens,B,
CHEMBL5315124,C[C@H]1COc2c(N3CCN(C)CC3)c(F)cc3c(=O)c(C(=O)O)cn1c23.C[C@H]1COc2c(N3CCN(C)CC3)c(F)cc3c(=O)c(C(=O)O)cn1c23.O,IC50,=,912010.84,nM,3.039999999693288,,CHEMBL829152,CHEMBL1139598,CHEMBL240,Voltage-gated inwardly rectifying potassium channel KCNH2,Homo sapiens,B,
CHEMBL5315124,C[C@H]1COc2c(N3CCN(C)CC3)c(F)cc3c(=O)c(C(=O)O)cn1c23.C[C@H]1COc2c(N3CCN(C)CC3)c(F)cc3c(=O)c(C(=O)O)cn1c23.O,IC50,=,912010.84,nM,3.039999999693288,,CHEMBL954102,CHEMBL1150324,CHEMBL240,Voltage-gated inwardly rectifying potassium channel KCNH2,Homo sapiens,B,
CHEMBL5315124,C[C@H]1COc2c(N3CCN(C)CC3)c(F)cc3c(=O)c(C(=O)O)cn1c23.C[C@H]1COc2c(N3CCN(C)CC3)c(F)cc3c(=O)c(C(=O)O)cn1c23.O,IC50,=,915000.0,nM,3.0385789059335515,,CHEMBL2400450,CHEMBL2396647,CHEMBL240,Voltage-gated inwardly rectifying potassium channel KCNH2,Homo sapiens,B,
CHEMBL5315124,C[C@H]1COc2c(N3CCN(C)CC3)c(F)cc3c(=O)c(C(=O)O)cn1c23.C[C@H]1COc2c(N3CCN(C)CC3)c(F)cc3c(=O)c(C(=O)O)cn1c23.O,IC50,=,1100000.0,nM,2.9586073148417746,,CHEMBL2400456,CHEMBL2396647,CHEMBL240,Voltage-gated inwardly rectifying potassium channel KCNH2,Homo sapiens,B,
CHEMBL5315124,C[C@H]1COc2c(N3CCN(C)CC3)c(F)cc3c(=O)c(C(=O)O)cn1c23.C[C@H]1COc2c(N3CCN(C)CC3)c(F)cc3c(=O)c(C(=O)O)cn1c23.O,IC50,=,2100000.0,nM,2.6777807052660805,,CHEMBL2400453,CHEMBL2396647,CHEMBL240,Voltage-gated inwardly rectifying potassium channel KCNH2,Homo sapiens,B,
CHEMBL5315124,C[C@H]1COc2c(N3CCN(C)CC3)c(F)cc3c(=O)c(C(=O)O)cn1c23.C[C@H]1COc2c(N3CCN(C)CC3)c(F)cc3c(=O)c(C(=O)O)cn1c23.O,IC50,=,2300000.0,nM,2.638272163982407,,CHEMBL2400452,CHEMBL2396647,CHEMBL240,Voltage-gated inwardly rectifying potassium channel KCNH2,Homo sapiens,B,
CHEMBL5315124,C[C@H]1COc2c(N3CCN(C)CC3)c(F)cc3c(=O)c(C(=O)O)cn1c23.C[C@H]1COc2c(N3CCN(C)CC3)c(F)cc3c(=O)c(C(=O)O)cn1c23.O,IC50,=,2300000.0,nM,2.638272163982407,,CHEMBL2400455,CHEMBL2396647,CHEMBL240,Voltage-gated inwardly rectifying potassium channel KCNH2,Homo sapiens,B,
CHEMBL532,CC[C@H]1OC(=O)[C@H](C)[C@@H](O[C@H]2C[C@@](C)(OC)[C@@H](O)[C@H](C)O2)[C@H](C)[C@@H](O[C@@H]2O[C@H](C)C[C@H](N(C)C)[C@H]2O)[C@](C)(O)C[C@@H](C)C(=O)[C@H](C)[C@@H](O)[C@]1(C)O,IC50,=,39.0,nM,7.4089353929735005,7.41,CHEMBL1054535,CHEMBL1154611,CHEMBL240,Voltage-gated inwardly rectifying potassium channel KCNH2,Homo sapiens,B,
CHEMBL532,CC[C@H]1OC(=O)[C@H](C)[C@@H](O[C@H]2C[C@@](C)(OC)[C@@H](O)[C@H](C)O2)[C@H](C)[C@@H](O[C@@H]2O[C@H](C)C[C@H](N(C)C)[C@H]2O)[C@](C)(O)C[C@@H](C)C(=O)[C@H](C)[C@@H](O)[C@]1(C)O,IC50,=,39000.0,nM,4.4089353929735005,4.41,CHEMBL827807,CHEMBL1137856,CHEMBL240,Voltage-gated inwardly rectifying potassium channel KCNH2,Homo sapiens,B,
CHEMBL533,CCCCCCCN(CC)CCCC(O)c1ccc(NS(C)(=O)=O)cc1,IC50,=,10.0,nM,8.0,8.0,CHEMBL766814,CHEMBL1136167,CHEMBL240,Voltage-gated inwardly rectifying potassium channel KCNH2,Homo sapiens,B,
CHEMBL533,CCCCCCCN(CC)CCCC(O)c1ccc(NS(C)(=O)=O)cc1,IC50,=,10.0,nM,8.0,8.0,CHEMBL829152,CHEMBL1139598,CHEMBL240,Voltage-gated inwardly rectifying potassium channel KCNH2,Homo sapiens,B,
CHEMBL533,CCCCCCCN(CC)CCCC(O)c1ccc(NS(C)(=O)=O)cc1,IC50,=,10.0,nM,8.0,8.0,CHEMBL954102,CHEMBL1150324,CHEMBL240,Voltage-gated inwardly rectifying potassium channel KCNH2,Homo sapiens,B,
CHEMBL533,CCCCCCCN(CC)CCCC(O)c1ccc(NS(C)(=O)=O)cc1,IC50,=,15.14,nM,7.8198741248359465,7.82,CHEMBL1676103,CHEMBL1671772,CHEMBL240,Voltage-gated inwardly rectifying potassium channel KCNH2,Homo sapiens,B,
CHEMBL533,CCCCCCCN(CC)CCCC(O)c1ccc(NS(C)(=O)=O)cc1,IC50,=,20.0,nM,7.698970004336019,7.7,CHEMBL827807,CHEMBL1137856,CHEMBL240,Voltage-gated inwardly rectifying potassium channel KCNH2,Homo sapiens,B,
CHEMBL53321,CCC(=O)c1cn(-c2ccc(F)cc2)c2ccc(Cl)cc12,IC50,=,1947.0,nM,5.710634048479968,5.71,CHEMBL766816,CHEMBL1136402,CHEMBL240,Voltage-gated inwardly rectifying potassium channel KCNH2,Homo sapiens,B,
CHEMBL53321,CCC(=O)c1cn(-c2ccc(F)cc2)c2ccc(Cl)cc12,IC50,=,1995262.31,nM,2.7000000010815404,,CHEMBL1676103,CHEMBL1671772,CHEMBL240,Voltage-gated inwardly rectifying potassium channel KCNH2,Homo sapiens,B,
CHEMBL535,CCN(CC)CCNC(=O)c1c(C)[nH]c(/C=C2\C(=O)Nc3ccc(F)cc32)c1C,IC50,=,251.19,nM,6.599997654072045,6.6,CHEMBL3430349,CHEMBL3430320,CHEMBL240,Voltage-gated inwardly rectifying potassium channel KCNH2,Homo sapiens,F,
CHEMBL535,CCN(CC)CCNC(=O)c1c(C)[nH]c(/C=C2\C(=O)Nc3ccc(F)cc32)c1C,IC50,=,500.0,nM,6.301029995663981,6.3,CHEMBL3296755,CHEMBL3286339,CHEMBL240,Voltage-gated inwardly rectifying potassium channel KCNH2,Homo sapiens,B,
CHEMBL535,CCN(CC)CCNC(=O)c1c(C)[nH]c(/C=C2\C(=O)Nc3ccc(F)cc32)c1C,IC50,=,500.0,nM,6.301029995663981,6.3,CHEMBL4007981,CHEMBL4007390,CHEMBL240,Voltage-gated inwardly rectifying potassium channel KCNH2,Homo sapiens,B,
CHEMBL535,CCN(CC)CCNC(=O)c1c(C)[nH]c(/C=C2\C(=O)Nc3ccc(F)cc32)c1C,IC50,=,7943.28,nM,5.100000128334196,5.1,CHEMBL3430745,CHEMBL3430320,CHEMBL240,Voltage-gated inwardly rectifying potassium channel KCNH2,Homo sapiens,F,
CHEMBL535,CCN(CC)CCNC(=O)c1c(C)[nH]c(/C=C2\C(=O)Nc3ccc(F)cc32)c1C,IC50,=,10000.0,nM,5.0,5.0,CHEMBL3430718,CHEMBL3430320,CHEMBL240,Voltage-gated inwardly rectifying potassium channel KCNH2,Homo sapiens,F,
CHEMBL536480,Cc1cccc(CCN2CCC(C(=O)c3ccc(NS(C)(=O)=O)cc3)CC2)n1.Cl.Cl,IC50,=,10.0,nM,8.0,8.0,CHEMBL4383858,CHEMBL4382221,CHEMBL240,Voltage-gated inwardly rectifying potassium channel KCNH2,Homo sapiens,B,
CHEMBL536480,Cc1cccc(CCN2CCC(C(=O)c3ccc(NS(C)(=O)=O)cc3)CC2)n1.Cl.Cl,IC50,=,11.0,nM,7.958607314841775,7.96,CHEMBL4774973,CHEMBL4765455,CHEMBL240,Voltage-gated inwardly rectifying potassium channel KCNH2,Homo sapiens,B,
CHEMBL536480,Cc1cccc(CCN2CCC(C(=O)c3ccc(NS(C)(=O)=O)cc3)CC2)n1.Cl.Cl,IC50,=,14.7,nM,7.8326826652518236,7.83,CHEMBL5585351,CHEMBL5584237,CHEMBL240,Voltage-gated inwardly rectifying potassium channel KCNH2,Homo sapiens,T,
CHEMBL536480,Cc1cccc(CCN2CCC(C(=O)c3ccc(NS(C)(=O)=O)cc3)CC2)n1.Cl.Cl,IC50,=,18.1,nM,7.7423214251308154,7.74,CHEMBL1027667,CHEMBL1137783,CHEMBL240,Voltage-gated inwardly rectifying potassium channel KCNH2,Homo sapiens,B,
CHEMBL536480,Cc1cccc(CCN2CCC(C(=O)c3ccc(NS(C)(=O)=O)cc3)CC2)n1.Cl.Cl,IC50,=,20.0,nM,7.698970004336019,7.7,CHEMBL1011672,CHEMBL1152811,CHEMBL240,Voltage-gated inwardly rectifying potassium channel KCNH2,Homo sapiens,B,
CHEMBL536480,Cc1cccc(CCN2CCC(C(=O)c3ccc(NS(C)(=O)=O)cc3)CC2)n1.Cl.Cl,IC50,=,24.0,nM,7.619788758288394,7.62,CHEMBL3292600,CHEMBL3286274,CHEMBL240,Voltage-gated inwardly rectifying potassium channel KCNH2,Homo sapiens,B,
CHEMBL536480,Cc1cccc(CCN2CCC(C(=O)c3ccc(NS(C)(=O)=O)cc3)CC2)n1.Cl.Cl,IC50,=,89.0,nM,7.050609993355087,7.05,CHEMBL3295404,CHEMBL3286108,CHEMBL240,Voltage-gated inwardly rectifying potassium channel KCNH2,Homo sapiens,B,
CHEMBL536480,Cc1cccc(CCN2CCC(C(=O)c3ccc(NS(C)(=O)=O)cc3)CC2)n1.Cl.Cl,IC50,=,89.0,nM,7.050609993355087,7.05,CHEMBL3413549,CHEMBL3407464,CHEMBL240,Voltage-gated inwardly rectifying potassium channel KCNH2,Homo sapiens,B,
CHEMBL536480,Cc1cccc(CCN2CCC(C(=O)c3ccc(NS(C)(=O)=O)cc3)CC2)n1.Cl.Cl,IC50,=,89.13,nM,7.0499760934766735,7.05,CHEMBL4685428,CHEMBL4680205,CHEMBL240,Voltage-gated inwardly rectifying potassium channel KCNH2,Homo sapiens,B,
CHEMBL536480,Cc1cccc(CCN2CCC(C(=O)c3ccc(NS(C)(=O)=O)cc3)CC2)n1.Cl.Cl,IC50,=,500.0,nM,6.301029995663981,6.3,CHEMBL3880655,CHEMBL3880390,CHEMBL240,Voltage-gated inwardly rectifying potassium channel KCNH2,Homo sapiens,B,
CHEMBL536480,Cc1cccc(CCN2CCC(C(=O)c3ccc(NS(C)(=O)=O)cc3)CC2)n1.Cl.Cl,IC50,=,690.0,nM,6.161150909262744,6.16,CHEMBL1011677,CHEMBL1152811,CHEMBL240,Voltage-gated inwardly rectifying potassium channel KCNH2,Homo sapiens,B,
CHEMBL536480,Cc1cccc(CCN2CCC(C(=O)c3ccc(NS(C)(=O)=O)cc3)CC2)n1.Cl.Cl,IC50,=,2950.0,nM,5.530177984021837,5.53,CHEMBL1011676,CHEMBL1152811,CHEMBL240,Voltage-gated inwardly rectifying potassium channel KCNH2,Homo sapiens,B,
CHEMBL536480,Cc1cccc(CCN2CCC(C(=O)c3ccc(NS(C)(=O)=O)cc3)CC2)n1.Cl.Cl,IC50,=,6780.0,nM,5.168770306132936,5.17,CHEMBL1011674,CHEMBL1152811,CHEMBL240,Voltage-gated inwardly rectifying potassium channel KCNH2,Homo sapiens,B,
CHEMBL53661,O=C1NCCN1CCN1CCC(c2cn(C3CCCCC3)c3ccc(Cl)cc23)CC1,IC50,=,137.0,nM,6.863279432843593,6.86,CHEMBL766816,CHEMBL1136402,CHEMBL240,Voltage-gated inwardly rectifying potassium channel KCNH2,Homo sapiens,B,
CHEMBL53661,O=C1NCCN1CCN1CCC(c2cn(C3CCCCC3)c3ccc(Cl)cc23)CC1,IC50,=,138.04,nM,6.859995049380551,6.86,CHEMBL1676103,CHEMBL1671772,CHEMBL240,Voltage-gated inwardly rectifying potassium channel KCNH2,Homo sapiens,B,
CHEMBL53866,CCC(O)c1cn(-c2ccc(F)cc2)c2ccc(Cl)cc12,IC50,=,2200.0,nM,5.657577319177793,5.66,CHEMBL766816,CHEMBL1136402,CHEMBL240,Voltage-gated inwardly rectifying potassium channel KCNH2,Homo sapiens,B,
CHEMBL53866,CCC(O)c1cn(-c2ccc(F)cc2)c2ccc(Cl)cc12,IC50,=,2187761.62,nM,2.660000000784029,,CHEMBL1676103,CHEMBL1671772,CHEMBL240,Voltage-gated inwardly rectifying potassium channel KCNH2,Homo sapiens,B,
CHEMBL53871,CCC(O)(CC)c1cn(-c2ccc(F)cc2)c2ccc(Cl)cc12,IC50,=,15700.0,nM,4.804100347590766,4.8,CHEMBL766816,CHEMBL1136402,CHEMBL240,Voltage-gated inwardly rectifying potassium channel KCNH2,Homo sapiens,B,
CHEMBL53871,CCC(O)(CC)c1cn(-c2ccc(F)cc2)c2ccc(Cl)cc12,IC50,=,15848.93,nM,4.800000052738446,4.8,CHEMBL1676103,CHEMBL1671772,CHEMBL240,Voltage-gated inwardly rectifying potassium channel KCNH2,Homo sapiens,B,
CHEMBL5394023,C[C@@H]1Cc2c([nH]c3ccccc23)[C@@H](c2ccc(F)c(OCCNCCCF)c2)N1CC(F)(F)F,IC50,=,12000.0,nM,4.920818753952375,4.92,CHEMBL5381577,CHEMBL5380788,CHEMBL240,Voltage-gated inwardly rectifying potassium channel KCNH2,Homo sapiens,T,
CHEMBL5394023,C[C@@H]1Cc2c([nH]c3ccccc23)[C@@H](c2ccc(F)c(OCCNCCCF)c2)N1CC(F)(F)F,IC50,=,12000.0,nM,4.920818753952375,4.92,CHEMBL5733101,CHEMBL5726655,CHEMBL240,Voltage-gated inwardly rectifying potassium channel KCNH2,Homo sapiens,B,714847
CHEMBL5394023,C[C@@H]1Cc2c([nH]c3ccccc23)[C@@H](c2ccc(F)c(OCCNCCCF)c2)N1CC(F)(F)F,IC50,=,12000.0,nM,4.920818753952375,4.92,CHEMBL5735028,CHEMBL5727625,CHEMBL240,Voltage-gated inwardly rectifying potassium channel KCNH2,Homo sapiens,B,887742
CHEMBL5394023,C[C@@H]1Cc2c([nH]c3ccccc23)[C@@H](c2ccc(F)c(OCCNCCCF)c2)N1CC(F)(F)F,IC50,=,12000.0,nM,4.920818753952375,4.92,CHEMBL5737036,CHEMBL5728574,CHEMBL240,Voltage-gated inwardly rectifying potassium channel KCNH2,Homo sapiens,B,1062359
CHEMBL5395160,N[C@H](CO)Cn1ccc(-c2ccc(Oc3ncc(Cl)cc3F)cc2)n1,IC50,=,3000.0,nM,5.522878745280337,5.52,CHEMBL5377367,CHEMBL5375967,CHEMBL240,Voltage-gated inwardly rectifying potassium channel KCNH2,Homo sapiens,T,
CHEMBL5395160,N[C@H](CO)Cn1ccc(-c2ccc(Oc3ncc(Cl)cc3F)cc2)n1,IC50,=,9000.0,nM,5.045757490560675,5.05,CHEMBL5377366,CHEMBL5375967,CHEMBL240,Voltage-gated inwardly rectifying potassium channel KCNH2,Homo sapiens,T,
CHEMBL5396132,N[C@H](CO)Cn1nnc(-c2ccc(Oc3ncc(Cl)cc3F)cc2)n1,IC50,=,28000.0,nM,4.552841968657781,4.55,CHEMBL5377367,CHEMBL5375967,CHEMBL240,Voltage-gated inwardly rectifying potassium channel KCNH2,Homo sapiens,T,
CHEMBL5396132,N[C@H](CO)Cn1nnc(-c2ccc(Oc3ncc(Cl)cc3F)cc2)n1,IC50,=,30000.0,nM,4.522878745280337,4.52,CHEMBL5377366,CHEMBL5375967,CHEMBL240,Voltage-gated inwardly rectifying potassium channel KCNH2,Homo sapiens,T,
CHEMBL5398790,C[C@@H]1Cc2c([nH]c3ccccc23)[C@@H](c2cc(OCCNCCCF)ccc2F)N1CC(F)(F)F,IC50,=,3600.0,nM,5.443697499232712,5.44,CHEMBL5381577,CHEMBL5380788,CHEMBL240,Voltage-gated inwardly rectifying potassium channel KCNH2,Homo sapiens,T,
CHEMBL5398790,C[C@@H]1Cc2c([nH]c3ccccc23)[C@@H](c2cc(OCCNCCCF)ccc2F)N1CC(F)(F)F,IC50,=,3600.0,nM,5.443697499232712,5.44,CHEMBL5733101,CHEMBL5726655,CHEMBL240,Voltage-gated inwardly rectifying potassium channel KCNH2,Homo sapiens,B,714788
CHEMBL5398790,C[C@@H]1Cc2c([nH]c3ccccc23)[C@@H](c2cc(OCCNCCCF)ccc2F)N1CC(F)(F)F,IC50,=,3600.0,nM,5.443697499232712,5.44,CHEMBL5735028,CHEMBL5727625,CHEMBL240,Voltage-gated inwardly rectifying potassium channel KCNH2,Homo sapiens,B,887683
CHEMBL5398790,C[C@@H]1Cc2c([nH]c3ccccc23)[C@@H](c2cc(OCCNCCCF)ccc2F)N1CC(F)(F)F,IC50,=,3600.0,nM,5.443697499232712,5.44,CHEMBL5737036,CHEMBL5728574,CHEMBL240,Voltage-gated inwardly rectifying potassium channel KCNH2,Homo sapiens,B,1062244
CHEMBL5399407,COc1ccc(OCCNCCCF)cc1[C@@H]1c2[nH]c3ccccc3c2C[C@@H](C)N1CC(F)F,IC50,=,5400.0,nM,5.267606240177031,5.27,CHEMBL5381577,CHEMBL5380788,CHEMBL240,Voltage-gated inwardly rectifying potassium channel KCNH2,Homo sapiens,T,
CHEMBL5399407,COc1ccc(OCCNCCCF)cc1[C@@H]1c2[nH]c3ccccc3c2C[C@@H](C)N1CC(F)F,IC50,=,5400.0,nM,5.267606240177031,5.27,CHEMBL5733101,CHEMBL5726655,CHEMBL240,Voltage-gated inwardly rectifying potassium channel KCNH2,Homo sapiens,B,714784
CHEMBL5399407,COc1ccc(OCCNCCCF)cc1[C@@H]1c2[nH]c3ccccc3c2C[C@@H](C)N1CC(F)F,IC50,=,5400.0,nM,5.267606240177031,5.27,CHEMBL5735028,CHEMBL5727625,CHEMBL240,Voltage-gated inwardly rectifying potassium channel KCNH2,Homo sapiens,B,887679
CHEMBL5399407,COc1ccc(OCCNCCCF)cc1[C@@H]1c2[nH]c3ccccc3c2C[C@@H](C)N1CC(F)F,IC50,=,5400.0,nM,5.267606240177031,5.27,CHEMBL5737036,CHEMBL5728574,CHEMBL240,Voltage-gated inwardly rectifying potassium channel KCNH2,Homo sapiens,B,1062236
CHEMBL54,O=C(CCCN1CCC(O)(c2ccc(Cl)cc2)CC1)c1ccc(F)cc1,IC50,=,10.0,nM,8.0,8.0,CHEMBL3090833,CHEMBL3085767,CHEMBL240,Voltage-gated inwardly rectifying potassium channel KCNH2,Homo sapiens,B,
CHEMBL54,O=C(CCCN1CCC(O)(c2ccc(Cl)cc2)CC1)c1ccc(F)cc1,IC50,=,26.8,nM,7.5718652059712115,7.57,CHEMBL1027667,CHEMBL1137783,CHEMBL240,Voltage-gated inwardly rectifying potassium channel KCNH2,Homo sapiens,B,
CHEMBL54,O=C(CCCN1CCC(O)(c2ccc(Cl)cc2)CC1)c1ccc(F)cc1,IC50,=,26.92,nM,7.5699249444480605,7.57,CHEMBL1676103,CHEMBL1671772,CHEMBL240,Voltage-gated inwardly rectifying potassium channel KCNH2,Homo sapiens,B,
CHEMBL54,O=C(CCCN1CCC(O)(c2ccc(Cl)cc2)CC1)c1ccc(F)cc1,IC50,=,27.0,nM,7.568636235841012,7.57,CHEMBL3430639,CHEMBL3430321,CHEMBL240,Voltage-gated inwardly rectifying potassium channel KCNH2,Homo sapiens,F,
CHEMBL54,O=C(CCCN1CCC(O)(c2ccc(Cl)cc2)CC1)c1ccc(F)cc1,IC50,=,28.1,nM,7.55129368009492,7.55,CHEMBL691014,CHEMBL1135758,CHEMBL240,Voltage-gated inwardly rectifying potassium channel KCNH2,Homo sapiens,F,
CHEMBL54,O=C(CCCN1CCC(O)(c2ccc(Cl)cc2)CC1)c1ccc(F)cc1,IC50,=,28.18,nM,7.550059011226662,7.55,CHEMBL832277,CHEMBL1142050,CHEMBL240,Voltage-gated inwardly rectifying potassium channel KCNH2,Homo sapiens,F,
CHEMBL54,O=C(CCCN1CCC(O)(c2ccc(Cl)cc2)CC1)c1ccc(F)cc1,IC50,=,28.18,nM,7.550059011226662,7.55,CHEMBL1023674,CHEMBL1158373,CHEMBL240,Voltage-gated inwardly rectifying potassium channel KCNH2,Homo sapiens,B,
CHEMBL54,O=C(CCCN1CCC(O)(c2ccc(Cl)cc2)CC1)c1ccc(F)cc1,IC50,=,30.2,nM,7.51999305704285,7.52,CHEMBL766814,CHEMBL1136167,CHEMBL240,Voltage-gated inwardly rectifying potassium channel KCNH2,Homo sapiens,B,
CHEMBL54,O=C(CCCN1CCC(O)(c2ccc(Cl)cc2)CC1)c1ccc(F)cc1,IC50,=,30.2,nM,7.51999305704285,7.52,CHEMBL829152,CHEMBL1139598,CHEMBL240,Voltage-gated inwardly rectifying potassium channel KCNH2,Homo sapiens,B,
CHEMBL54,O=C(CCCN1CCC(O)(c2ccc(Cl)cc2)CC1)c1ccc(F)cc1,IC50,=,30.2,nM,7.51999305704285,7.52,CHEMBL954102,CHEMBL1150324,CHEMBL240,Voltage-gated inwardly rectifying potassium channel KCNH2,Homo sapiens,B,
CHEMBL54,O=C(CCCN1CCC(O)(c2ccc(Cl)cc2)CC1)c1ccc(F)cc1,IC50,=,32.0,nM,7.494850021680094,7.5,CHEMBL766816,CHEMBL1136402,CHEMBL240,Voltage-gated inwardly rectifying potassium channel KCNH2,Homo sapiens,B,
CHEMBL54,O=C(CCCN1CCC(O)(c2ccc(Cl)cc2)CC1)c1ccc(F)cc1,IC50,=,230.0,nM,6.638272163982407,6.64,CHEMBL2066265,CHEMBL2062434,CHEMBL240,Voltage-gated inwardly rectifying potassium channel KCNH2,Homo sapiens,B,
CHEMBL54,O=C(CCCN1CCC(O)(c2ccc(Cl)cc2)CC1)c1ccc(F)cc1,IC50,=,1100.0,nM,5.958607314841775,5.96,CHEMBL2060137,CHEMBL2057071,CHEMBL240,Voltage-gated inwardly rectifying potassium channel KCNH2,Homo sapiens,B,
CHEMBL54,O=C(CCCN1CCC(O)(c2ccc(Cl)cc2)CC1)c1ccc(F)cc1,IC50,=,1160.0,nM,5.935542010773082,5.94,CHEMBL4606403,CHEMBL4602729,CHEMBL240,Voltage-gated inwardly rectifying potassium channel KCNH2,Homo sapiens,B,
CHEMBL54,O=C(CCCN1CCC(O)(c2ccc(Cl)cc2)CC1)c1ccc(F)cc1,IC50,=,1400.0,nM,5.853871964321762,5.85,CHEMBL827807,CHEMBL1137856,CHEMBL240,Voltage-gated inwardly rectifying potassium channel KCNH2,Homo sapiens,B,
CHEMBL5400175,C[C@@H]1Cc2c([nH]c3ccccc23)[C@@H](c2cccc(OCCNCCCF)c2)N1CC1(F)COC1,IC50,=,4400.0,nM,5.356547323513812,5.36,CHEMBL5733101,CHEMBL5726655,CHEMBL240,Voltage-gated inwardly rectifying potassium channel KCNH2,Homo sapiens,B,714783
CHEMBL5400175,C[C@@H]1Cc2c([nH]c3ccccc23)[C@@H](c2cccc(OCCNCCCF)c2)N1CC1(F)COC1,IC50,=,4400.0,nM,5.356547323513812,5.36,CHEMBL5735028,CHEMBL5727625,CHEMBL240,Voltage-gated inwardly rectifying potassium channel KCNH2,Homo sapiens,B,887678
CHEMBL5400175,C[C@@H]1Cc2c([nH]c3ccccc23)[C@@H](c2cccc(OCCNCCCF)c2)N1CC1(F)COC1,IC50,=,4400.0,nM,5.356547323513812,5.36,CHEMBL5737036,CHEMBL5728574,CHEMBL240,Voltage-gated inwardly rectifying potassium channel KCNH2,Homo sapiens,B,1062234
CHEMBL5400637,Cc1c(OCCNCCCF)ccc(F)c1[C@@H]1c2[nH]c3ccccc3c2C[C@@H](C)N1CC(F)(F)CO,IC50,=,1500.0,nM,5.823908740944319,5.82,CHEMBL5381577,CHEMBL5380788,CHEMBL240,Voltage-gated inwardly rectifying potassium channel KCNH2,Homo sapiens,T,
CHEMBL5400637,Cc1c(OCCNCCCF)ccc(F)c1[C@@H]1c2[nH]c3ccccc3c2C[C@@H](C)N1CC(F)(F)CO,IC50,=,1500.0,nM,5.823908740944319,5.82,CHEMBL5733101,CHEMBL5726655,CHEMBL240,Voltage-gated inwardly rectifying potassium channel KCNH2,Homo sapiens,B,714820
CHEMBL5400637,Cc1c(OCCNCCCF)ccc(F)c1[C@@H]1c2[nH]c3ccccc3c2C[C@@H](C)N1CC(F)(F)CO,IC50,=,1500.0,nM,5.823908740944319,5.82,CHEMBL5735028,CHEMBL5727625,CHEMBL240,Voltage-gated inwardly rectifying potassium channel KCNH2,Homo sapiens,B,887715
CHEMBL5400637,Cc1c(OCCNCCCF)ccc(F)c1[C@@H]1c2[nH]c3ccccc3c2C[C@@H](C)N1CC(F)(F)CO,IC50,=,1500.0,nM,5.823908740944319,5.82,CHEMBL5737036,CHEMBL5728574,CHEMBL240,Voltage-gated inwardly rectifying potassium channel KCNH2,Homo sapiens,B,1062308
CHEMBL5400665,N#Cc1cccc2c1CC(CNCCC1CN(c3ccc4c(n3)NC(=O)CO4)C(=O)O1)C2,IC50,=,900.0,nM,6.045757490560675,6.05,CHEMBL5323638,CHEMBL5321266,CHEMBL240,Voltage-gated inwardly rectifying potassium channel KCNH2,Homo sapiens,T,
CHEMBL5400665,N#Cc1cccc2c1CC(CNCCC1CN(c3ccc4c(n3)NC(=O)CO4)C(=O)O1)C2,IC50,=,900.0,nM,6.045757490560675,6.05,CHEMBL5393330,CHEMBL5390317,CHEMBL240,Voltage-gated inwardly rectifying potassium channel KCNH2,Homo sapiens,T,
CHEMBL5407684,Cc1cc(OCCNCCCF)cc([C@@H]2c3[nH]c4ccccc4c3C[C@@H](C)N2CC(F)(F)F)c1,IC50,=,4500.0,nM,5.346787486224656,5.35,CHEMBL5381577,CHEMBL5380788,CHEMBL240,Voltage-gated inwardly rectifying potassium channel KCNH2,Homo sapiens,T,
CHEMBL5407684,Cc1cc(OCCNCCCF)cc([C@@H]2c3[nH]c4ccccc4c3C[C@@H](C)N2CC(F)(F)F)c1,IC50,=,4500.0,nM,5.346787486224656,5.35,CHEMBL5733101,CHEMBL5726655,CHEMBL240,Voltage-gated inwardly rectifying potassium channel KCNH2,Homo sapiens,B,714795
CHEMBL5407684,Cc1cc(OCCNCCCF)cc([C@@H]2c3[nH]c4ccccc4c3C[C@@H](C)N2CC(F)(F)F)c1,IC50,=,4500.0,nM,5.346787486224656,5.35,CHEMBL5735028,CHEMBL5727625,CHEMBL240,Voltage-gated inwardly rectifying potassium channel KCNH2,Homo sapiens,B,887690
CHEMBL5407684,Cc1cc(OCCNCCCF)cc([C@@H]2c3[nH]c4ccccc4c3C[C@@H](C)N2CC(F)(F)F)c1,IC50,=,4500.0,nM,5.346787486224656,5.35,CHEMBL5737036,CHEMBL5728574,CHEMBL240,Voltage-gated inwardly rectifying potassium channel KCNH2,Homo sapiens,B,1062258
CHEMBL5409145,C[C@@H](C(=O)Nc1cc(F)c2c(c1)CC(CNCCC1CN(c3cnc4c(n3)NC(=O)CO4)C(=O)O1)C2)N(C)C,IC50,=,105000.0,nM,3.9788107009300617,,CHEMBL5393330,CHEMBL5390317,CHEMBL240,Voltage-gated inwardly rectifying potassium channel KCNH2,Homo sapiens,T,
CHEMBL5409145,C[C@@H](C(=O)Nc1cc(F)c2c(c1)CC(CNCCC1CN(c3cnc4c(n3)NC(=O)CO4)C(=O)O1)C2)N(C)C,IC50,=,178000.0,nM,3.7495799976911064,,CHEMBL5393330,CHEMBL5390317,CHEMBL240,Voltage-gated inwardly rectifying potassium channel KCNH2,Homo sapiens,T,
CHEMBL5412864,C[C@H](C(=O)Nc1cc(F)c2c(c1)CC(CNCCC1CN(c3cnc4c(n3)NC(=O)CO4)C(=O)O1)C2)N(C)C,IC50,=,126000.0,nM,3.8996294548824375,,CHEMBL5393330,CHEMBL5390317,CHEMBL240,Voltage-gated inwardly rectifying potassium channel KCNH2,Homo sapiens,T,
CHEMBL5412864,C[C@H](C(=O)Nc1cc(F)c2c(c1)CC(CNCCC1CN(c3cnc4c(n3)NC(=O)CO4)C(=O)O1)C2)N(C)C,IC50,=,251000.0,nM,3.6003262785189616,,CHEMBL5393330,CHEMBL5390317,CHEMBL240,Voltage-gated inwardly rectifying potassium channel KCNH2,Homo sapiens,T,
CHEMBL5413224,CCCCNc1nc(N)nc2cnn(Cc3ccc(CNC4CCC4)cc3OC)c12,IC50,=,18800.0,nM,4.72584215073632,4.73,CHEMBL5360237,CHEMBL5357068,CHEMBL240,Voltage-gated inwardly rectifying potassium channel KCNH2,Homo sapiens,T,
CHEMBL5413224,CCCCNc1nc(N)nc2cnn(Cc3ccc(CNC4CCC4)cc3OC)c12,IC50,=,24000.0,nM,4.619788758288394,4.62,CHEMBL5360427,CHEMBL5357082,CHEMBL240,Voltage-gated inwardly rectifying potassium channel KCNH2,Homo sapiens,T,
CHEMBL5413311,Cc1c(OCCNCCCF)ccc(F)c1[C@@H]1c2[nH]c3ccccc3c2C[C@@H](C)N1CC(F)(F)F,IC50,=,5300.0,nM,5.275724130399211,5.28,CHEMBL5381577,CHEMBL5380788,CHEMBL240,Voltage-gated inwardly rectifying potassium channel KCNH2,Homo sapiens,T,
CHEMBL5413311,Cc1c(OCCNCCCF)ccc(F)c1[C@@H]1c2[nH]c3ccccc3c2C[C@@H](C)N1CC(F)(F)F,IC50,=,5300.0,nM,5.275724130399211,5.28,CHEMBL5733101,CHEMBL5726655,CHEMBL240,Voltage-gated inwardly rectifying potassium channel KCNH2,Homo sapiens,B,714808
CHEMBL5413311,Cc1c(OCCNCCCF)ccc(F)c1[C@@H]1c2[nH]c3ccccc3c2C[C@@H](C)N1CC(F)(F)F,IC50,=,5300.0,nM,5.275724130399211,5.28,CHEMBL5735028,CHEMBL5727625,CHEMBL240,Voltage-gated inwardly rectifying potassium channel KCNH2,Homo sapiens,B,887703
CHEMBL5413311,Cc1c(OCCNCCCF)ccc(F)c1[C@@H]1c2[nH]c3ccccc3c2C[C@@H](C)N1CC(F)(F)F,IC50,=,5300.0,nM,5.275724130399211,5.28,CHEMBL5737036,CHEMBL5728574,CHEMBL240,Voltage-gated inwardly rectifying potassium channel KCNH2,Homo sapiens,B,1062284
CHEMBL5414274,N[C@@H]1c2ccccc2CC12CCN(c1cnc3c(N4CCCc5ncccc54)n[nH]c3n1)CC2,IC50,=,2100.0,nM,5.6777807052660805,5.68,CHEMBL5370215,CHEMBL5365538,CHEMBL240,Voltage-gated inwardly rectifying potassium channel KCNH2,Homo sapiens,T,
CHEMBL5414274,N[C@@H]1c2ccccc2CC12CCN(c1cnc3c(N4CCCc5ncccc54)n[nH]c3n1)CC2,IC50,=,2200.0,nM,5.657577319177793,5.66,CHEMBL5370215,CHEMBL5365538,CHEMBL240,Voltage-gated inwardly rectifying potassium channel KCNH2,Homo sapiens,T,
CHEMBL541435,COCC1[C@@H]2CC[C@H]1CN(CCN1CCN(c3cccc(Cl)c3)C1=O)C2,IC50,=,1000.0,nM,6.0,6.0,CHEMBL1059865,CHEMBL1153053,CHEMBL240,Voltage-gated inwardly rectifying potassium channel KCNH2,Homo sapiens,B,
CHEMBL541435,COCC1[C@@H]2CC[C@H]1CN(CCN1CCN(c3cccc(Cl)c3)C1=O)C2,IC50,=,1000.0,nM,6.0,6.0,CHEMBL1044431,CHEMBL1155321,CHEMBL240,Voltage-gated inwardly rectifying potassium channel KCNH2,Homo sapiens,B,
CHEMBL5416410,Cc1nc(Nc2ncc(C(=O)Nc3c(C)cccc3Cl)s2)cc(N2CCN(CCO)CC2)n1.O,IC50,=,14300.0,nM,4.844663962534939,4.84,CHEMBL4807667,CHEMBL4806967,CHEMBL240,Voltage-gated inwardly rectifying potassium channel KCNH2,Homo sapiens,B,
CHEMBL5416410,Cc1nc(Nc2ncc(C(=O)Nc3c(C)cccc3Cl)s2)cc(N2CCN(CCO)CC2)n1.O,IC50,=,15848.93,nM,4.800000052738446,4.8,CHEMBL3430325,CHEMBL3430320,CHEMBL240,Voltage-gated inwardly rectifying potassium channel KCNH2,Homo sapiens,F,
CHEMBL5416410,Cc1nc(Nc2ncc(C(=O)Nc3c(C)cccc3Cl)s2)cc(N2CCN(CCO)CC2)n1.O,IC50,=,50118.72,nM,4.300000029139089,4.3,CHEMBL3430694,CHEMBL3430320,CHEMBL240,Voltage-gated inwardly rectifying potassium channel KCNH2,Homo sapiens,F,
CHEMBL5416410,Cc1nc(Nc2ncc(C(=O)Nc3c(C)cccc3Cl)s2)cc(N2CCN(CCO)CC2)n1.O,IC50,=,50118.72,nM,4.300000029139089,4.3,CHEMBL3430726,CHEMBL3430320,CHEMBL240,Voltage-gated inwardly rectifying potassium channel KCNH2,Homo sapiens,F,
CHEMBL5421791,C[C@@H]1Cc2c([nH]c3ccccc23)[C@@H](c2c(F)ccc(OCCNCCCF)c2F)N1CC(F)(F)CO,IC50,=,5100.0,nM,5.292429823902063,5.29,CHEMBL5381577,CHEMBL5380788,CHEMBL240,Voltage-gated inwardly rectifying potassium channel KCNH2,Homo sapiens,T,
CHEMBL5421791,C[C@@H]1Cc2c([nH]c3ccccc23)[C@@H](c2c(F)ccc(OCCNCCCF)c2F)N1CC(F)(F)CO,IC50,=,5100.0,nM,5.292429823902063,5.29,CHEMBL5733101,CHEMBL5726655,CHEMBL240,Voltage-gated inwardly rectifying potassium channel KCNH2,Homo sapiens,B,714792
CHEMBL5421791,C[C@@H]1Cc2c([nH]c3ccccc23)[C@@H](c2c(F)ccc(OCCNCCCF)c2F)N1CC(F)(F)CO,IC50,=,5100.0,nM,5.292429823902063,5.29,CHEMBL5735028,CHEMBL5727625,CHEMBL240,Voltage-gated inwardly rectifying potassium channel KCNH2,Homo sapiens,B,887687
CHEMBL5421791,C[C@@H]1Cc2c([nH]c3ccccc23)[C@@H](c2c(F)ccc(OCCNCCCF)c2F)N1CC(F)(F)CO,IC50,=,5100.0,nM,5.292429823902063,5.29,CHEMBL5737036,CHEMBL5728574,CHEMBL240,Voltage-gated inwardly rectifying potassium channel KCNH2,Homo sapiens,B,1062252
CHEMBL5422051,NCCn1nnc(-c2ccc(Oc3ncc(Cl)cc3F)cc2)n1,IC50,=,13000.0,nM,4.886056647693163,4.89,CHEMBL5377366,CHEMBL5375967,CHEMBL240,Voltage-gated inwardly rectifying potassium channel KCNH2,Homo sapiens,T,
CHEMBL5422051,NCCn1nnc(-c2ccc(Oc3ncc(Cl)cc3F)cc2)n1,IC50,=,30000.0,nM,4.522878745280337,4.52,CHEMBL5377365,CHEMBL5375967,CHEMBL240,Voltage-gated inwardly rectifying potassium channel KCNH2,Homo sapiens,T,
CHEMBL5423660,Cc1c(OCCNCCCF)cccc1[C@@H]1c2[nH]c3ccccc3c2C[C@@H](C)N1CC(F)(F)F,IC50,=,3800.0,nM,5.42021640338319,5.42,CHEMBL5381577,CHEMBL5380788,CHEMBL240,Voltage-gated inwardly rectifying potassium channel KCNH2,Homo sapiens,T,
CHEMBL5423660,Cc1c(OCCNCCCF)cccc1[C@@H]1c2[nH]c3ccccc3c2C[C@@H](C)N1CC(F)(F)F,IC50,=,3800.0,nM,5.42021640338319,5.42,CHEMBL5733101,CHEMBL5726655,CHEMBL240,Voltage-gated inwardly rectifying potassium channel KCNH2,Homo sapiens,B,714796
CHEMBL5423660,Cc1c(OCCNCCCF)cccc1[C@@H]1c2[nH]c3ccccc3c2C[C@@H](C)N1CC(F)(F)F,IC50,=,3800.0,nM,5.42021640338319,5.42,CHEMBL5735028,CHEMBL5727625,CHEMBL240,Voltage-gated inwardly rectifying potassium channel KCNH2,Homo sapiens,B,887691
CHEMBL5423660,Cc1c(OCCNCCCF)cccc1[C@@H]1c2[nH]c3ccccc3c2C[C@@H](C)N1CC(F)(F)F,IC50,=,3800.0,nM,5.42021640338319,5.42,CHEMBL5737036,CHEMBL5728574,CHEMBL240,Voltage-gated inwardly rectifying potassium channel KCNH2,Homo sapiens,B,1062260
CHEMBL5424508,C[C@@H]1Cc2c([nH]c3ccccc23)[C@@H](c2cc(F)cc(OCCNCCCF)c2)N1CC(F)(F)F,IC50,=,6700.0,nM,5.173925197299173,5.17,CHEMBL5381577,CHEMBL5380788,CHEMBL240,Voltage-gated inwardly rectifying potassium channel KCNH2,Homo sapiens,T,
CHEMBL5424508,C[C@@H]1Cc2c([nH]c3ccccc23)[C@@H](c2cc(F)cc(OCCNCCCF)c2)N1CC(F)(F)F,IC50,=,6700.0,nM,5.173925197299173,5.17,CHEMBL5733101,CHEMBL5726655,CHEMBL240,Voltage-gated inwardly rectifying potassium channel KCNH2,Homo sapiens,B,714846
CHEMBL5424508,C[C@@H]1Cc2c([nH]c3ccccc23)[C@@H](c2cc(F)cc(OCCNCCCF)c2)N1CC(F)(F)F,IC50,=,6700.0,nM,5.173925197299173,5.17,CHEMBL5735028,CHEMBL5727625,CHEMBL240,Voltage-gated inwardly rectifying potassium channel KCNH2,Homo sapiens,B,887741
CHEMBL5424508,C[C@@H]1Cc2c([nH]c3ccccc23)[C@@H](c2cc(F)cc(OCCNCCCF)c2)N1CC(F)(F)F,IC50,=,6700.0,nM,5.173925197299173,5.17,CHEMBL5737036,CHEMBL5728574,CHEMBL240,Voltage-gated inwardly rectifying potassium channel KCNH2,Homo sapiens,B,1062358
CHEMBL5424726,Cc1ccc(OCCNCCCF)c(F)c1[C@@H]1c2[nH]c3ccccc3c2C[C@@H](C)N1CC(F)(F)F,IC50,=,10000.0,nM,5.0,5.0,CHEMBL5381577,CHEMBL5380788,CHEMBL240,Voltage-gated inwardly rectifying potassium channel KCNH2,Homo sapiens,T,
CHEMBL5424726,Cc1ccc(OCCNCCCF)c(F)c1[C@@H]1c2[nH]c3ccccc3c2C[C@@H](C)N1CC(F)(F)F,IC50,=,10000.0,nM,5.0,5.0,CHEMBL5733101,CHEMBL5726655,CHEMBL240,Voltage-gated inwardly rectifying potassium channel KCNH2,Homo sapiens,B,714852
CHEMBL5424726,Cc1ccc(OCCNCCCF)c(F)c1[C@@H]1c2[nH]c3ccccc3c2C[C@@H](C)N1CC(F)(F)F,IC50,=,10000.0,nM,5.0,5.0,CHEMBL5735028,CHEMBL5727625,CHEMBL240,Voltage-gated inwardly rectifying potassium channel KCNH2,Homo sapiens,B,887747
CHEMBL5424726,Cc1ccc(OCCNCCCF)c(F)c1[C@@H]1c2[nH]c3ccccc3c2C[C@@H](C)N1CC(F)(F)F,IC50,=,10000.0,nM,5.0,5.0,CHEMBL5737036,CHEMBL5728574,CHEMBL240,Voltage-gated inwardly rectifying potassium channel KCNH2,Homo sapiens,B,1062241
CHEMBL5424734,Cc1ccc(OCCNCCCF)cc1[C@@H]1c2[nH]c3ccccc3c2C[C@@H](C)N1CC(F)(F)F,IC50,=,4100.0,nM,5.3872161432802645,5.39,CHEMBL5381577,CHEMBL5380788,CHEMBL240,Voltage-gated inwardly rectifying potassium channel KCNH2,Homo sapiens,T,
CHEMBL5424734,Cc1ccc(OCCNCCCF)cc1[C@@H]1c2[nH]c3ccccc3c2C[C@@H](C)N1CC(F)(F)F,IC50,=,4100.0,nM,5.3872161432802645,5.39,CHEMBL5733101,CHEMBL5726655,CHEMBL240,Voltage-gated inwardly rectifying potassium channel KCNH2,Homo sapiens,B,714794
CHEMBL5424734,Cc1ccc(OCCNCCCF)cc1[C@@H]1c2[nH]c3ccccc3c2C[C@@H](C)N1CC(F)(F)F,IC50,=,4100.0,nM,5.3872161432802645,5.39,CHEMBL5735028,CHEMBL5727625,CHEMBL240,Voltage-gated inwardly rectifying potassium channel KCNH2,Homo sapiens,B,887689
CHEMBL5424734,Cc1ccc(OCCNCCCF)cc1[C@@H]1c2[nH]c3ccccc3c2C[C@@H](C)N1CC(F)(F)F,IC50,=,4100.0,nM,5.3872161432802645,5.39,CHEMBL5737036,CHEMBL5728574,CHEMBL240,Voltage-gated inwardly rectifying potassium channel KCNH2,Homo sapiens,B,1062256
CHEMBL5427839,C[C@@H]1Cc2c([nH]c3ccccc23)[C@@H](c2cccc(OCCNCCCF)c2F)N1CC(F)(F)F,IC50,=,7000.0,nM,5.154901959985743,5.16,CHEMBL5381577,CHEMBL5380788,CHEMBL240,Voltage-gated inwardly rectifying potassium channel KCNH2,Homo sapiens,T,
CHEMBL5427839,C[C@@H]1Cc2c([nH]c3ccccc23)[C@@H](c2cccc(OCCNCCCF)c2F)N1CC(F)(F)F,IC50,=,7000.0,nM,5.154901959985743,5.16,CHEMBL5733101,CHEMBL5726655,CHEMBL240,Voltage-gated inwardly rectifying potassium channel KCNH2,Homo sapiens,B,714799
CHEMBL5427839,C[C@@H]1Cc2c([nH]c3ccccc23)[C@@H](c2cccc(OCCNCCCF)c2F)N1CC(F)(F)F,IC50,=,7000.0,nM,5.154901959985743,5.16,CHEMBL5735028,CHEMBL5727625,CHEMBL240,Voltage-gated inwardly rectifying potassium channel KCNH2,Homo sapiens,B,887694
CHEMBL5427839,C[C@@H]1Cc2c([nH]c3ccccc23)[C@@H](c2cccc(OCCNCCCF)c2F)N1CC(F)(F)F,IC50,=,7000.0,nM,5.154901959985743,5.16,CHEMBL5737036,CHEMBL5728574,CHEMBL240,Voltage-gated inwardly rectifying potassium channel KCNH2,Homo sapiens,B,1062266
CHEMBL5430344,CC[C@@H]1C(=O)N(C)c2cnc(Nc3ccc(-c4noc(CN5CCNCC5)n4)cc3OC)nc2N1C1CCCC1,IC50,=,2920.0,nM,5.534617148551582,5.54,CHEMBL5361572,CHEMBL5360536,CHEMBL240,Voltage-gated inwardly rectifying potassium channel KCNH2,Homo sapiens,T,
CHEMBL5430344,CC[C@@H]1C(=O)N(C)c2cnc(Nc3ccc(-c4noc(CN5CCNCC5)n4)cc3OC)nc2N1C1CCCC1,IC50,=,2920.0,nM,5.534617148551582,5.54,CHEMBL6111434,CHEMBL6109112,CHEMBL240,Voltage-gated inwardly rectifying potassium channel KCNH2,Homo sapiens,T,
CHEMBL5432698,COc1ccc(OCCNCCCF)cc1[C@@H]1c2[nH]c3ccccc3c2C[C@@H](C)N1CC(F)(F)CO,IC50,=,4600.0,nM,5.337242168318426,5.34,CHEMBL5381577,CHEMBL5380788,CHEMBL240,Voltage-gated inwardly rectifying potassium channel KCNH2,Homo sapiens,T,
CHEMBL5432698,COc1ccc(OCCNCCCF)cc1[C@@H]1c2[nH]c3ccccc3c2C[C@@H](C)N1CC(F)(F)CO,IC50,=,4600.0,nM,5.337242168318426,5.34,CHEMBL5733101,CHEMBL5726655,CHEMBL240,Voltage-gated inwardly rectifying potassium channel KCNH2,Homo sapiens,B,714786
CHEMBL5432698,COc1ccc(OCCNCCCF)cc1[C@@H]1c2[nH]c3ccccc3c2C[C@@H](C)N1CC(F)(F)CO,IC50,=,4600.0,nM,5.337242168318426,5.34,CHEMBL5735028,CHEMBL5727625,CHEMBL240,Voltage-gated inwardly rectifying potassium channel KCNH2,Homo sapiens,B,887681
CHEMBL5432698,COc1ccc(OCCNCCCF)cc1[C@@H]1c2[nH]c3ccccc3c2C[C@@H](C)N1CC(F)(F)CO,IC50,=,4600.0,nM,5.337242168318426,5.34,CHEMBL5737036,CHEMBL5728574,CHEMBL240,Voltage-gated inwardly rectifying potassium channel KCNH2,Homo sapiens,B,1062240
CHEMBL5438135,N[C@H](CO)Cc1nc(-c2ccc(Oc3ncc(Cl)cc3F)cc2)no1,IC50,=,12000.0,nM,4.920818753952375,4.92,CHEMBL5377367,CHEMBL5375967,CHEMBL240,Voltage-gated inwardly rectifying potassium channel KCNH2,Homo sapiens,T,
CHEMBL5438135,N[C@H](CO)Cc1nc(-c2ccc(Oc3ncc(Cl)cc3F)cc2)no1,IC50,=,17000.0,nM,4.769551078621726,4.77,CHEMBL5377366,CHEMBL5375967,CHEMBL240,Voltage-gated inwardly rectifying potassium channel KCNH2,Homo sapiens,T,
CHEMBL549,CN(C)CCCC1(c2ccc(F)cc2)OCc2cc(C#N)ccc21,IC50,=,10.0,nM,8.0,8.0,CHEMBL3090833,CHEMBL3085767,CHEMBL240,Voltage-gated inwardly rectifying potassium channel KCNH2,Homo sapiens,B,
CHEMBL549,CN(C)CCCC1(c2ccc(F)cc2)OCc2cc(C#N)ccc21,IC50,=,3981.07,nM,5.40000018605658,5.4,CHEMBL766814,CHEMBL1136167,CHEMBL240,Voltage-gated inwardly rectifying potassium channel KCNH2,Homo sapiens,B,
CHEMBL549,CN(C)CCCC1(c2ccc(F)cc2)OCc2cc(C#N)ccc21,IC50,=,3981.07,nM,5.40000018605658,5.4,CHEMBL829152,CHEMBL1139598,CHEMBL240,Voltage-gated inwardly rectifying potassium channel KCNH2,Homo sapiens,B,
CHEMBL549,CN(C)CCCC1(c2ccc(F)cc2)OCc2cc(C#N)ccc21,IC50,=,3981.07,nM,5.40000018605658,5.4,CHEMBL954102,CHEMBL1150324,CHEMBL240,Voltage-gated inwardly rectifying potassium channel KCNH2,Homo sapiens,B,
CHEMBL549,CN(C)CCCC1(c2ccc(F)cc2)OCc2cc(C#N)ccc21,IC50,=,3981.07,nM,5.40000018605658,5.4,CHEMBL1676103,CHEMBL1671772,CHEMBL240,Voltage-gated inwardly rectifying potassium channel KCNH2,Homo sapiens,B,
CHEMBL549,CN(C)CCCC1(c2ccc(F)cc2)OCc2cc(C#N)ccc21,IC50,=,16675.4,nM,4.7779237396777265,4.78,CHEMBL1909190,CHEMBL1909046,CHEMBL240,Voltage-gated inwardly rectifying potassium channel KCNH2,Homo sapiens,B,
CHEMBL549433,CC[C@@H]1Sc2ccccc2O[C@@H]1c1ccc(OCCCN2CCCC2)cc1,IC50,=,11.0,nM,7.958607314841775,7.96,CHEMBL1061548,CHEMBL1152368,CHEMBL240,Voltage-gated inwardly rectifying potassium channel KCNH2,Homo sapiens,B,
CHEMBL549433,CC[C@@H]1Sc2ccccc2O[C@@H]1c1ccc(OCCCN2CCCC2)cc1,IC50,=,11.0,nM,7.958607314841775,7.96,CHEMBL1827362,CHEMBL1821550,CHEMBL240,Voltage-gated inwardly rectifying potassium channel KCNH2,Homo sapiens,B,
CHEMBL549438,Cc1cc(CN(C)CCN2CCN(c3cccc(Cl)c3)C2=O)on1,IC50,=,50118.72,nM,4.300000029139089,4.3,CHEMBL1059865,CHEMBL1153053,CHEMBL240,Voltage-gated inwardly rectifying potassium channel KCNH2,Homo sapiens,B,
CHEMBL549438,Cc1cc(CN(C)CCN2CCN(c3cccc(Cl)c3)C2=O)on1,IC50,=,50118.72,nM,4.300000029139089,4.3,CHEMBL1044431,CHEMBL1155321,CHEMBL240,Voltage-gated inwardly rectifying potassium channel KCNH2,Homo sapiens,B,
CHEMBL549639,COc1cccc2c1S(=O)(=O)C(C)C(c1ccc(OCCCN3CCCC3)cc1)O2,IC50,=,6300.0,nM,5.200659450546418,5.2,CHEMBL1061548,CHEMBL1152368,CHEMBL240,Voltage-gated inwardly rectifying potassium channel KCNH2,Homo sapiens,B,
CHEMBL549639,COc1cccc2c1S(=O)(=O)C(C)C(c1ccc(OCCCN3CCCC3)cc1)O2,IC50,=,6300.0,nM,5.200659450546418,5.2,CHEMBL1827362,CHEMBL1821550,CHEMBL240,Voltage-gated inwardly rectifying potassium channel KCNH2,Homo sapiens,B,
CHEMBL55,N=C(N)c1ccc(OCCCCCOc2ccc(C(=N)N)cc2)cc1,IC50,=,10000.0,nM,5.0,5.0,CHEMBL4388237,CHEMBL4387708,CHEMBL240,Voltage-gated inwardly rectifying potassium channel KCNH2,Homo sapiens,B,
CHEMBL55,N=C(N)c1ccc(OCCCCCOc2ccc(C(=N)N)cc2)cc1,IC50,=,15721.5,nM,4.803506019960441,4.8,CHEMBL1909190,CHEMBL1909046,CHEMBL240,Voltage-gated inwardly rectifying potassium channel KCNH2,Homo sapiens,B,
CHEMBL55,N=C(N)c1ccc(OCCCCCOc2ccc(C(=N)N)cc2)cc1,IC50,=,18700.0,nM,4.728158393463501,4.73,CHEMBL4196409,CHEMBL4196006,CHEMBL240,Voltage-gated inwardly rectifying potassium channel KCNH2,Homo sapiens,B,
CHEMBL55,N=C(N)c1ccc(OCCCCCOc2ccc(C(=N)N)cc2)cc1,IC50,=,18800.0,nM,4.72584215073632,4.73,CHEMBL3998584,CHEMBL3997782,CHEMBL240,Voltage-gated inwardly rectifying potassium channel KCNH2,Homo sapiens,B,
CHEMBL550050,COc1cccc2c1OC(c1ccc(OCCCN3CCCCC3)cc1)C(C)S2(=O)=O,IC50,=,4800.0,nM,5.318758762624412,5.32,CHEMBL1061548,CHEMBL1152368,CHEMBL240,Voltage-gated inwardly rectifying potassium channel KCNH2,Homo sapiens,B,
CHEMBL550050,COc1cccc2c1OC(c1ccc(OCCCN3CCCCC3)cc1)C(C)S2(=O)=O,IC50,=,4800.0,nM,5.318758762624412,5.32,CHEMBL1827362,CHEMBL1821550,CHEMBL240,Voltage-gated inwardly rectifying potassium channel KCNH2,Homo sapiens,B,
CHEMBL550393,C[C@H]1Sc2ccccc2O[C@@H]1c1ccc(OCCCN2CCCC2)cc1,IC50,=,25.0,nM,7.6020599913279625,7.6,CHEMBL1061548,CHEMBL1152368,CHEMBL240,Voltage-gated inwardly rectifying potassium channel KCNH2,Homo sapiens,B,
CHEMBL550393,C[C@H]1Sc2ccccc2O[C@@H]1c1ccc(OCCCN2CCCC2)cc1,IC50,=,25.0,nM,7.6020599913279625,7.6,CHEMBL1827362,CHEMBL1821550,CHEMBL240,Voltage-gated inwardly rectifying potassium channel KCNH2,Homo sapiens,B,
CHEMBL550517,COc1cccc2c1OC(c1ccc(OCCCN3CCC[C@H](C)C3)cc1)C(C)S2(=O)=O,IC50,=,2500.0,nM,5.6020599913279625,5.6,CHEMBL1061548,CHEMBL1152368,CHEMBL240,Voltage-gated inwardly rectifying potassium channel KCNH2,Homo sapiens,B,
CHEMBL550517,COc1cccc2c1OC(c1ccc(OCCCN3CCC[C@H](C)C3)cc1)C(C)S2(=O)=O,IC50,=,2500.0,nM,5.6020599913279625,5.6,CHEMBL1827362,CHEMBL1821550,CHEMBL240,Voltage-gated inwardly rectifying potassium channel KCNH2,Homo sapiens,B,
CHEMBL550818,CN(CC1CCOCC1)C1CCN(c2nc3ccccc3n2Cc2ccc(F)cc2)CC1,IC50,=,29.0,nM,7.537602002101044,7.54,CHEMBL1060930,CHEMBL1154013,CHEMBL240,Voltage-gated inwardly rectifying potassium channel KCNH2,Homo sapiens,B,
CHEMBL550818,CN(CC1CCOCC1)C1CCN(c2nc3ccccc3n2Cc2ccc(F)cc2)CC1,IC50,=,29.0,nM,7.537602002101044,7.54,CHEMBL1110017,CHEMBL1157885,CHEMBL240,Voltage-gated inwardly rectifying potassium channel KCNH2,Homo sapiens,B,
CHEMBL550818,CN(CC1CCOCC1)C1CCN(c2nc3ccccc3n2Cc2ccc(F)cc2)CC1,IC50,=,29.0,nM,7.537602002101044,7.54,CHEMBL1938199,CHEMBL1932929,CHEMBL240,Voltage-gated inwardly rectifying potassium channel KCNH2,Homo sapiens,B,
CHEMBL551927,C[C@@]12CC(c3ccccc3)C[C@@H](C1)N(CCN1CCN(c3cccc(Cl)c3)C1=O)C2,IC50,=,63.1,nM,7.199970640755866,7.2,CHEMBL1059865,CHEMBL1153053,CHEMBL240,Voltage-gated inwardly rectifying potassium channel KCNH2,Homo sapiens,B,
CHEMBL551927,C[C@@]12CC(c3ccccc3)C[C@@H](C1)N(CCN1CCN(c3cccc(Cl)c3)C1=O)C2,IC50,=,63.1,nM,7.199970640755866,7.2,CHEMBL1044431,CHEMBL1155321,CHEMBL240,Voltage-gated inwardly rectifying potassium channel KCNH2,Homo sapiens,B,
CHEMBL554,CS(=O)(=O)CCNCc1ccc(-c2ccc3ncnc(Nc4ccc(OCc5cccc(F)c5)c(Cl)c4)c3c2)o1,IC50,=,1000.0,nM,6.0,6.0,CHEMBL3430336,CHEMBL3430320,CHEMBL240,Voltage-gated inwardly rectifying potassium channel KCNH2,Homo sapiens,F,
CHEMBL554,CS(=O)(=O)CCNCc1ccc(-c2ccc3ncnc(Nc4ccc(OCc5cccc(F)c5)c(Cl)c4)c3c2)o1,IC50,=,630957.34,nM,3.2000000030837636,,CHEMBL3430735,CHEMBL3430320,CHEMBL240,Voltage-gated inwardly rectifying potassium channel KCNH2,Homo sapiens,F,
CHEMBL554,CS(=O)(=O)CCNCc1ccc(-c2ccc3ncnc(Nc4ccc(OCc5cccc(F)c5)c(Cl)c4)c3c2)o1,IC50,=,100000000.0,nM,1.0,,CHEMBL3430705,CHEMBL3430320,CHEMBL240,Voltage-gated inwardly rectifying potassium channel KCNH2,Homo sapiens,F,
CHEMBL554693,COc1ccc(CCN(C)CCN2CCN(c3cccc(Cl)c3)C2=O)cc1OC,IC50,=,2511.89,nM,5.59999938302362,5.6,CHEMBL1059865,CHEMBL1153053,CHEMBL240,Voltage-gated inwardly rectifying potassium channel KCNH2,Homo sapiens,B,
CHEMBL554693,COc1ccc(CCN(C)CCN2CCN(c3cccc(Cl)c3)C2=O)cc1OC,IC50,=,2511.89,nM,5.59999938302362,5.6,CHEMBL1044431,CHEMBL1155321,CHEMBL240,Voltage-gated inwardly rectifying potassium channel KCNH2,Homo sapiens,B,
CHEMBL554738,CN(CCN1CCN(c2cccc(Cl)c2)C1=O)Cc1cc2ccccc2s1,IC50,=,1584.89,nM,5.800000874803203,5.8,CHEMBL1059865,CHEMBL1153053,CHEMBL240,Voltage-gated inwardly rectifying potassium channel KCNH2,Homo sapiens,B,
CHEMBL554738,CN(CCN1CCN(c2cccc(Cl)c2)C1=O)Cc1cc2ccccc2s1,IC50,=,1584.89,nM,5.800000874803203,5.8,CHEMBL1044431,CHEMBL1155321,CHEMBL240,Voltage-gated inwardly rectifying potassium channel KCNH2,Homo sapiens,B,
CHEMBL555744,COC[C@@H]1CCCN1N1CCN(c2cccc(Cl)c2)C1=O,IC50,=,5011.87,nM,5.300000202445418,5.3,CHEMBL1059865,CHEMBL1153053,CHEMBL240,Voltage-gated inwardly rectifying potassium channel KCNH2,Homo sapiens,B,
CHEMBL555744,COC[C@@H]1CCCN1N1CCN(c2cccc(Cl)c2)C1=O,IC50,=,5011.87,nM,5.300000202445418,5.3,CHEMBL1044431,CHEMBL1155321,CHEMBL240,Voltage-gated inwardly rectifying potassium channel KCNH2,Homo sapiens,B,
CHEMBL556100,CC1=C(c2ccc(OCCCN3CCCC3)cc2)Oc2ccccc2S1(=O)=O,IC50,=,470.0,nM,6.327902142064282,6.33,CHEMBL1061548,CHEMBL1152368,CHEMBL240,Voltage-gated inwardly rectifying potassium channel KCNH2,Homo sapiens,B,
CHEMBL556100,CC1=C(c2ccc(OCCCN3CCCC3)cc2)Oc2ccccc2S1(=O)=O,IC50,=,470.0,nM,6.327902142064282,6.33,CHEMBL1827362,CHEMBL1821550,CHEMBL240,Voltage-gated inwardly rectifying potassium channel KCNH2,Homo sapiens,B,
CHEMBL556312,O=C1NCCN1CCN1CCC(C2CN(c3ccc(F)cc3)c3ccccc32)CC1,IC50,=,23.44,nM,7.630042392653947,7.63,CHEMBL1676103,CHEMBL1671772,CHEMBL240,Voltage-gated inwardly rectifying potassium channel KCNH2,Homo sapiens,B,
CHEMBL556312,O=C1NCCN1CCN1CCC(C2CN(c3ccc(F)cc3)c3ccccc32)CC1,IC50,=,23.5,nM,7.628932137728263,7.63,CHEMBL766816,CHEMBL1136402,CHEMBL240,Voltage-gated inwardly rectifying potassium channel KCNH2,Homo sapiens,B,
CHEMBL556450,Cc1cnn(C2CCN(c3nc4ccccc4n3Cc3ccc(F)cc3)CC2)c1,IC50,=,809.0,nM,6.092051478387727,6.09,CHEMBL1060930,CHEMBL1154013,CHEMBL240,Voltage-gated inwardly rectifying potassium channel KCNH2,Homo sapiens,B,
CHEMBL556450,Cc1cnn(C2CCN(c3nc4ccccc4n3Cc3ccc(F)cc3)CC2)c1,IC50,=,809.0,nM,6.092051478387727,6.09,CHEMBL1110017,CHEMBL1157885,CHEMBL240,Voltage-gated inwardly rectifying potassium channel KCNH2,Homo sapiens,B,
CHEMBL556450,Cc1cnn(C2CCN(c3nc4ccccc4n3Cc3ccc(F)cc3)CC2)c1,IC50,=,809.0,nM,6.092051478387727,6.09,CHEMBL1938199,CHEMBL1932929,CHEMBL240,Voltage-gated inwardly rectifying potassium channel KCNH2,Homo sapiens,B,
CHEMBL556496,COc1cccc(C2CCCN(CCN3CCN(c4cccc(Cl)c4)C3=O)C2)c1,IC50,=,199.53,nM,6.699991797446187,6.7,CHEMBL1059865,CHEMBL1153053,CHEMBL240,Voltage-gated inwardly rectifying potassium channel KCNH2,Homo sapiens,B,
CHEMBL556496,COc1cccc(C2CCCN(CCN3CCN(c4cccc(Cl)c4)C3=O)C2)c1,IC50,=,199.53,nM,6.699991797446187,6.7,CHEMBL1044431,CHEMBL1155321,CHEMBL240,Voltage-gated inwardly rectifying potassium channel KCNH2,Homo sapiens,B,
CHEMBL556506,C[C@H](C1=C(CCN(C)C)Cc2ccccc21)c1cnccn1,IC50,=,1400.0,nM,5.853871964321762,5.85,CHEMBL1051824,CHEMBL1153519,CHEMBL240,Voltage-gated inwardly rectifying potassium channel KCNH2,Homo sapiens,B,
CHEMBL556506,C[C@H](C1=C(CCN(C)C)Cc2ccccc21)c1cnccn1,IC50,=,1400.0,nM,5.853871964321762,5.85,CHEMBL1115186,CHEMBL1156971,CHEMBL240,Voltage-gated inwardly rectifying potassium channel KCNH2,Homo sapiens,B,
CHEMBL557110,O=C1N(CCN2CCCC(OCc3ccccc3)C2)CCN1c1cccc(Cl)c1,IC50,=,79.43,nM,7.100015437450609,7.1,CHEMBL1059865,CHEMBL1153053,CHEMBL240,Voltage-gated inwardly rectifying potassium channel KCNH2,Homo sapiens,B,
CHEMBL557110,O=C1N(CCN2CCCC(OCc3ccccc3)C2)CCN1c1cccc(Cl)c1,IC50,=,79.43,nM,7.100015437450609,7.1,CHEMBL1044431,CHEMBL1155321,CHEMBL240,Voltage-gated inwardly rectifying potassium channel KCNH2,Homo sapiens,B,
CHEMBL557718,COc1cccc2c1O[C@H](c1ccc(OCCCN3CCCC3)cc1)[C@@H](C)S2(=O)=O,IC50,=,6200.0,nM,5.207608310501746,5.21,CHEMBL1061548,CHEMBL1152368,CHEMBL240,Voltage-gated inwardly rectifying potassium channel KCNH2,Homo sapiens,B,
CHEMBL557718,COc1cccc2c1O[C@H](c1ccc(OCCCN3CCCC3)cc1)[C@@H](C)S2(=O)=O,IC50,=,6200.0,nM,5.207608310501746,5.21,CHEMBL1827362,CHEMBL1821550,CHEMBL240,Voltage-gated inwardly rectifying potassium channel KCNH2,Homo sapiens,B,
CHEMBL557853,C[C@@H]1Sc2ccccc2O[C@@H]1c1ccc(OCCCN2CCCC2)cc1,IC50,=,5.0,nM,8.301029995663981,8.3,CHEMBL1061548,CHEMBL1152368,CHEMBL240,Voltage-gated inwardly rectifying potassium channel KCNH2,Homo sapiens,B,
CHEMBL557853,C[C@@H]1Sc2ccccc2O[C@@H]1c1ccc(OCCCN2CCCC2)cc1,IC50,=,5.0,nM,8.301029995663981,8.3,CHEMBL1827362,CHEMBL1821550,CHEMBL240,Voltage-gated inwardly rectifying potassium channel KCNH2,Homo sapiens,B,
CHEMBL558058,CN(CCN1CCN(c2cccc(C(F)(F)F)c2)C1=O)C[C@]12CC[C@H](CC1)C2(C)C,IC50,=,6309.57,nM,5.200000237109354,5.2,CHEMBL1059865,CHEMBL1153053,CHEMBL240,Voltage-gated inwardly rectifying potassium channel KCNH2,Homo sapiens,B,
CHEMBL558058,CN(CCN1CCN(c2cccc(C(F)(F)F)c2)C1=O)C[C@]12CC[C@H](CC1)C2(C)C,IC50,=,6309.57,nM,5.200000237109354,5.2,CHEMBL1044431,CHEMBL1155321,CHEMBL240,Voltage-gated inwardly rectifying potassium channel KCNH2,Homo sapiens,B,
CHEMBL55826,N#Cc1ccc2cc1Oc1ccc3cccc(c3c1)N1CC[C@H](NCCc3cncn3C2)C1=O,IC50,=,8100.0,nM,5.09151498112135,5.09,CHEMBL1027667,CHEMBL1137783,CHEMBL240,Voltage-gated inwardly rectifying potassium channel KCNH2,Homo sapiens,B,
CHEMBL55826,N#Cc1ccc2cc1Oc1ccc3cccc(c3c1)N1CC[C@H](NCCc3cncn3C2)C1=O,IC50,=,8100.0,nM,5.09151498112135,5.09,CHEMBL3224857,CHEMBL3217487,CHEMBL240,Voltage-gated inwardly rectifying potassium channel KCNH2,Homo sapiens,B,
CHEMBL55835,O=C(O)Cc1ccc(-n2cc(C3CCN(CCN4CCNC4=O)CC3)c3cc(Cl)ccc32)cc1,IC50,=,575.44,nM,6.2399999527072705,6.24,CHEMBL1676103,CHEMBL1671772,CHEMBL240,Voltage-gated inwardly rectifying potassium channel KCNH2,Homo sapiens,B,
CHEMBL55835,O=C(O)Cc1ccc(-n2cc(C3CCN(CCN4CCNC4=O)CC3)c3cc(Cl)ccc32)cc1,IC50,=,579.0,nM,6.237321436272564,6.24,CHEMBL766816,CHEMBL1136402,CHEMBL240,Voltage-gated inwardly rectifying potassium channel KCNH2,Homo sapiens,B,
CHEMBL5590309,C/C(=N\N=c1/[nH]c2cc(F)c(F)cc2n1C)c1ccc(F)cn1,IC50,=,1127.0,nM,5.948076083953893,5.95,CHEMBL5546325,CHEMBL5543124,CHEMBL240,Voltage-gated inwardly rectifying potassium channel KCNH2,Homo sapiens,T,
CHEMBL5590309,C/C(=N\N=c1/[nH]c2cc(F)c(F)cc2n1C)c1ccc(F)cn1,IC50,=,2700.0,nM,5.568636235841012,5.57,CHEMBL5546322,CHEMBL5543124,CHEMBL240,Voltage-gated inwardly rectifying potassium channel KCNH2,Homo sapiens,T,
CHEMBL559251,CN(C)CCC1=C(Cc2cnccn2)c2ccccc2C1,IC50,=,5400.0,nM,5.267606240177031,5.27,CHEMBL1115186,CHEMBL1156971,CHEMBL240,Voltage-gated inwardly rectifying potassium channel KCNH2,Homo sapiens,B,
CHEMBL559251,CN(C)CCC1=C(Cc2cnccn2)c2ccccc2C1,IC50,=,5500.0,nM,5.259637310505756,5.26,CHEMBL1051824,CHEMBL1153519,CHEMBL240,Voltage-gated inwardly rectifying potassium channel KCNH2,Homo sapiens,B,
CHEMBL559456,Clc1cccc(OC(c2cccnc2)C2CCNCC2)c1Cl,IC50,=,1970.0,nM,5.7055337738384075,5.71,CHEMBL1024556,CHEMBL1151858,CHEMBL240,Voltage-gated inwardly rectifying potassium channel KCNH2,Homo sapiens,B,
CHEMBL559456,Clc1cccc(OC(c2cccnc2)C2CCNCC2)c1Cl,IC50,=,5180.0,nM,5.285670240254767,5.29,CHEMBL1024556,CHEMBL1151858,CHEMBL240,Voltage-gated inwardly rectifying potassium channel KCNH2,Homo sapiens,B,
CHEMBL559873,O=C1N(CCN2CCCc3sccc3C2)CCN1c1cccc(Cl)c1,IC50,=,794.33,nM,6.0999990348465305,6.1,CHEMBL1059865,CHEMBL1153053,CHEMBL240,Voltage-gated inwardly rectifying potassium channel KCNH2,Homo sapiens,B,
CHEMBL559873,O=C1N(CCN2CCCc3sccc3C2)CCN1c1cccc(Cl)c1,IC50,=,794.33,nM,6.0999990348465305,6.1,CHEMBL1044431,CHEMBL1155321,CHEMBL240,Voltage-gated inwardly rectifying potassium channel KCNH2,Homo sapiens,B,
CHEMBL560177,O=C1N(CCN2Cc3ccccc3C2)CCN1c1cccc(Cl)c1,IC50,=,3162.28,nM,5.499999678657065,5.5,CHEMBL1057876,CHEMBL1152393,CHEMBL240,Voltage-gated inwardly rectifying potassium channel KCNH2,Homo sapiens,B,
CHEMBL560177,O=C1N(CCN2Cc3ccccc3C2)CCN1c1cccc(Cl)c1,IC50,=,3162.28,nM,5.499999678657065,5.5,CHEMBL1059865,CHEMBL1153053,CHEMBL240,Voltage-gated inwardly rectifying potassium channel KCNH2,Homo sapiens,B,
CHEMBL560177,O=C1N(CCN2Cc3ccccc3C2)CCN1c1cccc(Cl)c1,IC50,=,3162.28,nM,5.499999678657065,5.5,CHEMBL1044431,CHEMBL1155321,CHEMBL240,Voltage-gated inwardly rectifying potassium channel KCNH2,Homo sapiens,B,
CHEMBL560270,Cc1cccc(N2CCN(CCN(C)C[C@]34CC[C@H](CC3)C4(C)C)C2=O)c1,IC50,=,1584.89,nM,5.800000874803203,5.8,CHEMBL1059865,CHEMBL1153053,CHEMBL240,Voltage-gated inwardly rectifying potassium channel KCNH2,Homo sapiens,B,
CHEMBL560270,Cc1cccc(N2CCN(CCN(C)C[C@]34CC[C@H](CC3)C4(C)C)C2=O)c1,IC50,=,1584.89,nM,5.800000874803203,5.8,CHEMBL1044431,CHEMBL1155321,CHEMBL240,Voltage-gated inwardly rectifying potassium channel KCNH2,Homo sapiens,B,
CHEMBL560386,COc1cccc2c1O[C@@H](c1ccc(OCCCN3CCCC3)cc1)[C@H](C)S2(=O)=O,IC50,=,4900.0,nM,5.309803919971486,5.31,CHEMBL1061548,CHEMBL1152368,CHEMBL240,Voltage-gated inwardly rectifying potassium channel KCNH2,Homo sapiens,B,
CHEMBL560386,COc1cccc2c1O[C@@H](c1ccc(OCCCN3CCCC3)cc1)[C@H](C)S2(=O)=O,IC50,=,4900.0,nM,5.309803919971486,5.31,CHEMBL1827362,CHEMBL1821550,CHEMBL240,Voltage-gated inwardly rectifying potassium channel KCNH2,Homo sapiens,B,
CHEMBL560739,COc1cc(N)c(Cl)cc1C(=O)N[C@@H]1CCN(CCCOc2ccc(F)cc2)C[C@@H]1OC,IC50,=,52.0,nM,7.2839966563652006,7.28,CHEMBL6157479,CHEMBL6153125,CHEMBL240,Voltage-gated inwardly rectifying potassium channel KCNH2,Homo sapiens,T,
CHEMBL560739,COc1cc(N)c(Cl)cc1C(=O)N[C@@H]1CCN(CCCOc2ccc(F)cc2)C[C@@H]1OC,IC50,=,150.0,nM,6.823908740944319,6.82,CHEMBL5739084,CHEMBL5729608,CHEMBL240,Voltage-gated inwardly rectifying potassium channel KCNH2,Homo sapiens,B,1262067
CHEMBL560863,COc1cccc2c1OC(c1ccc(OCCCN3CCC[C@H]3C)cc1)C(C)S2(=O)=O,IC50,=,2900.0,nM,5.537602002101044,5.54,CHEMBL1061548,CHEMBL1152368,CHEMBL240,Voltage-gated inwardly rectifying potassium channel KCNH2,Homo sapiens,B,
CHEMBL560863,COc1cccc2c1OC(c1ccc(OCCCN3CCC[C@H]3C)cc1)C(C)S2(=O)=O,IC50,=,2900.0,nM,5.537602002101044,5.54,CHEMBL1827362,CHEMBL1821550,CHEMBL240,Voltage-gated inwardly rectifying potassium channel KCNH2,Homo sapiens,B,
CHEMBL560923,CC1=C(c2ccc(OCCCN3CCCC3)cc2)Oc2ccccc2S1,IC50,=,4.4,nM,8.356547323513812,8.36,CHEMBL1061548,CHEMBL1152368,CHEMBL240,Voltage-gated inwardly rectifying potassium channel KCNH2,Homo sapiens,B,
CHEMBL560923,CC1=C(c2ccc(OCCCN3CCCC3)cc2)Oc2ccccc2S1,IC50,=,4.4,nM,8.356547323513812,8.36,CHEMBL1827362,CHEMBL1821550,CHEMBL240,Voltage-gated inwardly rectifying potassium channel KCNH2,Homo sapiens,B,
CHEMBL561128,O=C1N(CCN2CCC(c3ccc(Cl)cc3)CC2)CCN1c1cccc(Cl)c1,IC50,=,7.943,nM,8.100015437450608,8.1,CHEMBL1059865,CHEMBL1153053,CHEMBL240,Voltage-gated inwardly rectifying potassium channel KCNH2,Homo sapiens,B,
CHEMBL561128,O=C1N(CCN2CCC(c3ccc(Cl)cc3)CC2)CCN1c1cccc(Cl)c1,IC50,=,7.943,nM,8.100015437450608,8.1,CHEMBL1044431,CHEMBL1155321,CHEMBL240,Voltage-gated inwardly rectifying potassium channel KCNH2,Homo sapiens,B,
CHEMBL561324,COc1ccc2c(c1)OC(c1ccc(OCCCN3CCCC3)cc1)C(C)S2(=O)=O,IC50,=,1700.0,nM,5.769551078621726,5.77,CHEMBL1061548,CHEMBL1152368,CHEMBL240,Voltage-gated inwardly rectifying potassium channel KCNH2,Homo sapiens,B,
CHEMBL561324,COc1ccc2c(c1)OC(c1ccc(OCCCN3CCCC3)cc1)C(C)S2(=O)=O,IC50,=,1700.0,nM,5.769551078621726,5.77,CHEMBL1827362,CHEMBL1821550,CHEMBL240,Voltage-gated inwardly rectifying potassium channel KCNH2,Homo sapiens,B,
CHEMBL561326,O=C1N(CCN2CCC(c3nnc(-c4ccccc4)o3)CC2)CCN1c1cccc(Cl)c1,IC50,=,251.19,nM,6.599997654072045,6.6,CHEMBL1059865,CHEMBL1153053,CHEMBL240,Voltage-gated inwardly rectifying potassium channel KCNH2,Homo sapiens,B,
CHEMBL561326,O=C1N(CCN2CCC(c3nnc(-c4ccccc4)o3)CC2)CCN1c1cccc(Cl)c1,IC50,=,251.19,nM,6.599997654072045,6.6,CHEMBL1044431,CHEMBL1155321,CHEMBL240,Voltage-gated inwardly rectifying potassium channel KCNH2,Homo sapiens,B,
CHEMBL562464,O=C1N(CCN2C[C@@H]3CC[C@H]2Cc2ccccc2C3)CCN1c1cccc(Cl)c1,IC50,=,63.1,nM,7.199970640755866,7.2,CHEMBL1059865,CHEMBL1153053,CHEMBL240,Voltage-gated inwardly rectifying potassium channel KCNH2,Homo sapiens,B,
CHEMBL562464,O=C1N(CCN2C[C@@H]3CC[C@H]2Cc2ccccc2C3)CCN1c1cccc(Cl)c1,IC50,=,63.1,nM,7.199970640755866,7.2,CHEMBL1044431,CHEMBL1155321,CHEMBL240,Voltage-gated inwardly rectifying potassium channel KCNH2,Homo sapiens,B,
CHEMBL562722,COc1cccc2c1OC(c1ccc(OCCCN3CCCC3)cc1)C(C)S2(=O)=O,IC50,=,7000.0,nM,5.154901959985743,5.16,CHEMBL1061548,CHEMBL1152368,CHEMBL240,Voltage-gated inwardly rectifying potassium channel KCNH2,Homo sapiens,B,
CHEMBL562722,COc1cccc2c1OC(c1ccc(OCCCN3CCCC3)cc1)C(C)S2(=O)=O,IC50,=,7000.0,nM,5.154901959985743,5.16,CHEMBL1827362,CHEMBL1821550,CHEMBL240,Voltage-gated inwardly rectifying potassium channel KCNH2,Homo sapiens,B,
CHEMBL562833,CC1(C)[C@@H]2CC[C@]13CCN(CCN1CCN(c4cccc(Cl)c4)C1=O)C3C2,IC50,=,794.33,nM,6.0999990348465305,6.1,CHEMBL1059865,CHEMBL1153053,CHEMBL240,Voltage-gated inwardly rectifying potassium channel KCNH2,Homo sapiens,B,
CHEMBL562833,CC1(C)[C@@H]2CC[C@]13CCN(CCN1CCN(c4cccc(Cl)c4)C1=O)C3C2,IC50,=,794.33,nM,6.0999990348465305,6.1,CHEMBL1044431,CHEMBL1155321,CHEMBL240,Voltage-gated inwardly rectifying potassium channel KCNH2,Homo sapiens,B,
CHEMBL562836,CN(CCN1CCN(c2ccc(F)cc2)C1=O)C[C@]12CC[C@H](CC1)C2(C)C,IC50,=,3162.28,nM,5.499999678657065,5.5,CHEMBL1059865,CHEMBL1153053,CHEMBL240,Voltage-gated inwardly rectifying potassium channel KCNH2,Homo sapiens,B,
CHEMBL562836,CN(CCN1CCN(c2ccc(F)cc2)C1=O)C[C@]12CC[C@H](CC1)C2(C)C,IC50,=,3162.28,nM,5.499999678657065,5.5,CHEMBL1044431,CHEMBL1155321,CHEMBL240,Voltage-gated inwardly rectifying potassium channel KCNH2,Homo sapiens,B,
CHEMBL562870,COc1cccc2c1OC(c1ccc(OC3CCN(C4CCC4)CC3)cc1)C(C)S2(=O)=O,IC50,=,14000.0,nM,4.853871964321762,4.85,CHEMBL1061548,CHEMBL1152368,CHEMBL240,Voltage-gated inwardly rectifying potassium channel KCNH2,Homo sapiens,B,
CHEMBL562870,COc1cccc2c1OC(c1ccc(OC3CCN(C4CCC4)CC3)cc1)C(C)S2(=O)=O,IC50,=,14000.0,nM,4.853871964321762,4.85,CHEMBL1827362,CHEMBL1821550,CHEMBL240,Voltage-gated inwardly rectifying potassium channel KCNH2,Homo sapiens,B,
CHEMBL562948,CN(CCN1CCN(c2ccccc2)C1=O)C[C@]12CC[C@H](CC1)C2(C)C,IC50,=,3981.07,nM,5.40000018605658,5.4,CHEMBL1059865,CHEMBL1153053,CHEMBL240,Voltage-gated inwardly rectifying potassium channel KCNH2,Homo sapiens,B,
CHEMBL562948,CN(CCN1CCN(c2ccccc2)C1=O)C[C@]12CC[C@H](CC1)C2(C)C,IC50,=,3981.07,nM,5.40000018605658,5.4,CHEMBL1044431,CHEMBL1155321,CHEMBL240,Voltage-gated inwardly rectifying potassium channel KCNH2,Homo sapiens,B,
CHEMBL563274,CN(CCN1CCN(c2cccc(Cl)c2)C1=O)C[C@]12CC[C@H](CC1)C2(C)C,IC50,=,3162.28,nM,5.499999678657065,5.5,CHEMBL1059865,CHEMBL1153053,CHEMBL240,Voltage-gated inwardly rectifying potassium channel KCNH2,Homo sapiens,B,
CHEMBL563274,CN(CCN1CCN(c2cccc(Cl)c2)C1=O)C[C@]12CC[C@H](CC1)C2(C)C,IC50,=,3162.28,nM,5.499999678657065,5.5,CHEMBL1044431,CHEMBL1155321,CHEMBL240,Voltage-gated inwardly rectifying potassium channel KCNH2,Homo sapiens,B,
CHEMBL563435,COc1cccc(N2CCN(CCN(C)C[C@]34CC[C@H](CC3)C4(C)C)C2=O)c1,IC50,=,1995.26,nM,5.700000503883016,5.7,CHEMBL1059865,CHEMBL1153053,CHEMBL240,Voltage-gated inwardly rectifying potassium channel KCNH2,Homo sapiens,B,
CHEMBL563435,COc1cccc(N2CCN(CCN(C)C[C@]34CC[C@H](CC3)C4(C)C)C2=O)c1,IC50,=,1995.26,nM,5.700000503883016,5.7,CHEMBL1044431,CHEMBL1155321,CHEMBL240,Voltage-gated inwardly rectifying potassium channel KCNH2,Homo sapiens,B,
CHEMBL563563,CC1(C)C[C@@H]2C[C@@](C)(CN2CCN2CCN(c3cccc(Cl)c3)C2=O)C1,IC50,=,1258.93,nM,5.899998417198648,5.9,CHEMBL1059865,CHEMBL1153053,CHEMBL240,Voltage-gated inwardly rectifying potassium channel KCNH2,Homo sapiens,B,
CHEMBL563563,CC1(C)C[C@@H]2C[C@@](C)(CN2CCN2CCN(c3cccc(Cl)c3)C2=O)C1,IC50,=,1258.93,nM,5.899998417198648,5.9,CHEMBL1044431,CHEMBL1155321,CHEMBL240,Voltage-gated inwardly rectifying potassium channel KCNH2,Homo sapiens,B,
CHEMBL563580,O=C1N(CCN2[C@@H]3CCC[C@H]2CC3)CCN1c1cccc(Cl)c1,IC50,=,1584.89,nM,5.800000874803203,5.8,CHEMBL1059865,CHEMBL1153053,CHEMBL240,Voltage-gated inwardly rectifying potassium channel KCNH2,Homo sapiens,B,
CHEMBL563580,O=C1N(CCN2[C@@H]3CCC[C@H]2CC3)CCN1c1cccc(Cl)c1,IC50,=,1584.89,nM,5.800000874803203,5.8,CHEMBL1044431,CHEMBL1155321,CHEMBL240,Voltage-gated inwardly rectifying potassium channel KCNH2,Homo sapiens,B,
CHEMBL563635,CCN(CC)CCN1CCN(c2cccc(Cl)c2)C1=O,IC50,=,3162.28,nM,5.499999678657065,5.5,CHEMBL1059865,CHEMBL1153053,CHEMBL240,Voltage-gated inwardly rectifying potassium channel KCNH2,Homo sapiens,B,
CHEMBL563635,CCN(CC)CCN1CCN(c2cccc(Cl)c2)C1=O,IC50,=,3162.28,nM,5.499999678657065,5.5,CHEMBL1044431,CHEMBL1155321,CHEMBL240,Voltage-gated inwardly rectifying potassium channel KCNH2,Homo sapiens,B,
CHEMBL563779,COc1cccc2c1OC(c1ccc(OCCCN3CCC[C@@H]3C)cc1)C(C)S2(=O)=O,IC50,=,3800.0,nM,5.42021640338319,5.42,CHEMBL1061548,CHEMBL1152368,CHEMBL240,Voltage-gated inwardly rectifying potassium channel KCNH2,Homo sapiens,B,
CHEMBL563779,COc1cccc2c1OC(c1ccc(OCCCN3CCC[C@@H]3C)cc1)C(C)S2(=O)=O,IC50,=,3800.0,nM,5.42021640338319,5.42,CHEMBL1827362,CHEMBL1821550,CHEMBL240,Voltage-gated inwardly rectifying potassium channel KCNH2,Homo sapiens,B,
CHEMBL563860,O=C1N(CCN2C[C@H]3CC[C@@H]2C3)CCN1c1cccc(Cl)c1,IC50,=,12589.25,nM,4.900000142057633,4.9,CHEMBL1059865,CHEMBL1153053,CHEMBL240,Voltage-gated inwardly rectifying potassium channel KCNH2,Homo sapiens,B,
CHEMBL563860,O=C1N(CCN2C[C@H]3CC[C@@H]2C3)CCN1c1cccc(Cl)c1,IC50,=,12589.25,nM,4.900000142057633,4.9,CHEMBL1044431,CHEMBL1155321,CHEMBL240,Voltage-gated inwardly rectifying potassium channel KCNH2,Homo sapiens,B,
CHEMBL563926,COc1cccc(CCN(C)CCN2CCN(c3cccc(Cl)c3)C2=O)c1,IC50,=,630.96,nM,6.199998172182031,6.2,CHEMBL1059865,CHEMBL1153053,CHEMBL240,Voltage-gated inwardly rectifying potassium channel KCNH2,Homo sapiens,B,
CHEMBL563926,COc1cccc(CCN(C)CCN2CCN(c3cccc(Cl)c3)C2=O)c1,IC50,=,630.96,nM,6.199998172182031,6.2,CHEMBL1044431,CHEMBL1155321,CHEMBL240,Voltage-gated inwardly rectifying potassium channel KCNH2,Homo sapiens,B,
CHEMBL564514,c1ccc([C@@H]2Sc3ccccc3O[C@@H]2c2ccc(OCCCN3CCCC3)cc2)cc1,IC50,=,12.0,nM,7.920818753952375,7.92,CHEMBL1061548,CHEMBL1152368,CHEMBL240,Voltage-gated inwardly rectifying potassium channel KCNH2,Homo sapiens,B,
CHEMBL564514,c1ccc([C@@H]2Sc3ccccc3O[C@@H]2c2ccc(OCCCN3CCCC3)cc2)cc1,IC50,=,12.0,nM,7.920818753952375,7.92,CHEMBL1827362,CHEMBL1821550,CHEMBL240,Voltage-gated inwardly rectifying potassium channel KCNH2,Homo sapiens,B,
CHEMBL564930,CC1(C)[C@H]2CC[C@]1(C)CN(CCN1CCN(c3cccc(Cl)c3)C1=O)C2,IC50,=,1258.93,nM,5.899998417198648,5.9,CHEMBL1059865,CHEMBL1153053,CHEMBL240,Voltage-gated inwardly rectifying potassium channel KCNH2,Homo sapiens,B,
CHEMBL564930,CC1(C)[C@H]2CC[C@]1(C)CN(CCN1CCN(c3cccc(Cl)c3)C1=O)C2,IC50,=,1258.93,nM,5.899998417198648,5.9,CHEMBL1044431,CHEMBL1155321,CHEMBL240,Voltage-gated inwardly rectifying potassium channel KCNH2,Homo sapiens,B,
CHEMBL564948,Cc1ccc(N2CCN(CCN(C)C[C@]34CC[C@H](CC3)C4(C)C)C2=O)cc1,IC50,=,2511.89,nM,5.59999938302362,5.6,CHEMBL1059865,CHEMBL1153053,CHEMBL240,Voltage-gated inwardly rectifying potassium channel KCNH2,Homo sapiens,B,
CHEMBL564948,Cc1ccc(N2CCN(CCN(C)C[C@]34CC[C@H](CC3)C4(C)C)C2=O)cc1,IC50,=,2511.89,nM,5.59999938302362,5.6,CHEMBL1044431,CHEMBL1155321,CHEMBL240,Voltage-gated inwardly rectifying potassium channel KCNH2,Homo sapiens,B,
CHEMBL565007,COc1ccc2c(c1)S(=O)(=O)C(C)C(c1ccc(OCCCN3CCCC3)cc1)O2,IC50,=,1000.0,nM,6.0,6.0,CHEMBL1061548,CHEMBL1152368,CHEMBL240,Voltage-gated inwardly rectifying potassium channel KCNH2,Homo sapiens,B,
CHEMBL565007,COc1ccc2c(c1)S(=O)(=O)C(C)C(c1ccc(OCCCN3CCCC3)cc1)O2,IC50,=,1000.0,nM,6.0,6.0,CHEMBL1827362,CHEMBL1821550,CHEMBL240,Voltage-gated inwardly rectifying potassium channel KCNH2,Homo sapiens,B,
CHEMBL565075,O=C1N(CCN2C[C@H]3CC[C@H](CC3)C2)CCN1c1cccc(Cl)c1,IC50,=,398.11,nM,6.399996913372259,6.4,CHEMBL1059865,CHEMBL1153053,CHEMBL240,Voltage-gated inwardly rectifying potassium channel KCNH2,Homo sapiens,B,
CHEMBL565075,O=C1N(CCN2C[C@H]3CC[C@H](CC3)C2)CCN1c1cccc(Cl)c1,IC50,=,398.11,nM,6.399996913372259,6.4,CHEMBL1044431,CHEMBL1155321,CHEMBL240,Voltage-gated inwardly rectifying potassium channel KCNH2,Homo sapiens,B,
CHEMBL566324,CC1(C)Cc2cccc(CN3CCC4(CC3)CCN(C(=O)c3ncccc3N)CC4)c2O1,IC50,=,4168.69,nM,5.380000399499541,5.38,CHEMBL1045843,CHEMBL1154736,CHEMBL240,Voltage-gated inwardly rectifying potassium channel KCNH2,Homo sapiens,B,
CHEMBL566324,CC1(C)Cc2cccc(CN3CCC4(CC3)CCN(C(=O)c3ncccc3N)CC4)c2O1,IC50,=,32359.37,nM,4.489999942195333,4.49,CHEMBL1036929,CHEMBL1154736,CHEMBL240,Voltage-gated inwardly rectifying potassium channel KCNH2,Homo sapiens,B,
CHEMBL566543,CC1(C)Cc2c(CN3CCC4(CC3)CCN(C(=O)c3ccc(N)cn3)CC4)cccc2O1,IC50,=,12882.5,nM,4.889999848866887,4.89,CHEMBL1036929,CHEMBL1154736,CHEMBL240,Voltage-gated inwardly rectifying potassium channel KCNH2,Homo sapiens,B,
CHEMBL566543,CC1(C)Cc2c(CN3CCC4(CC3)CCN(C(=O)c3ccc(N)cn3)CC4)cccc2O1,IC50,=,16595.87,nM,4.779999975777493,4.78,CHEMBL1045843,CHEMBL1154736,CHEMBL240,Voltage-gated inwardly rectifying potassium channel KCNH2,Homo sapiens,B,
CHEMBL566759,C=C(C)COc1ccccc1CN1CCC2(CC1)CCN(C(=O)c1ccncc1)CC2,IC50,=,1096.48,nM,5.95999928552668,5.96,CHEMBL1036929,CHEMBL1154736,CHEMBL240,Voltage-gated inwardly rectifying potassium channel KCNH2,Homo sapiens,B,
CHEMBL566759,C=C(C)COc1ccccc1CN1CCC2(CC1)CCN(C(=O)c1ccncc1)CC2,IC50,=,2344.23,nM,5.629999780524884,5.63,CHEMBL1045843,CHEMBL1154736,CHEMBL240,Voltage-gated inwardly rectifying potassium channel KCNH2,Homo sapiens,B,
CHEMBL567202,CC1(C)CCc2cc(CN3CCC4(CC3)CCN(C(=O)c3ccc(N)cn3)CC4)ccc2O1,IC50,=,19498.45,nM,4.709999910852971,4.71,CHEMBL1045843,CHEMBL1154736,CHEMBL240,Voltage-gated inwardly rectifying potassium channel KCNH2,Homo sapiens,B,
CHEMBL567202,CC1(C)CCc2cc(CN3CCC4(CC3)CCN(C(=O)c3ccc(N)cn3)CC4)ccc2O1,IC50,=,32359.37,nM,4.489999942195333,4.49,CHEMBL1036929,CHEMBL1154736,CHEMBL240,Voltage-gated inwardly rectifying potassium channel KCNH2,Homo sapiens,B,
CHEMBL567417,CCCC1(CC)Cc2c(CN3CCC4(CC3)CCN(C(=O)c3ccc(N)cn3)CC4)cccc2O1,IC50,=,3467.37,nM,5.459999812689,5.46,CHEMBL1045843,CHEMBL1154736,CHEMBL240,Voltage-gated inwardly rectifying potassium channel KCNH2,Homo sapiens,B,
CHEMBL567417,CCCC1(CC)Cc2c(CN3CCC4(CC3)CCN(C(=O)c3ccc(N)cn3)CC4)cccc2O1,IC50,=,3981.07,nM,5.40000018605658,5.4,CHEMBL1036929,CHEMBL1154736,CHEMBL240,Voltage-gated inwardly rectifying potassium channel KCNH2,Homo sapiens,B,
CHEMBL567419,CC(C)COc1ccccc1CN1CCC2(CC1)CCN(C(=O)c1ccncc1)CC2,IC50,=,1905.46,nM,5.720000163638921,5.72,CHEMBL1045843,CHEMBL1154736,CHEMBL240,Voltage-gated inwardly rectifying potassium channel KCNH2,Homo sapiens,B,
CHEMBL567419,CC(C)COc1ccccc1CN1CCC2(CC1)CCN(C(=O)c1ccncc1)CC2,IC50,=,15135.61,nM,4.820000071285178,4.82,CHEMBL1036929,CHEMBL1154736,CHEMBL240,Voltage-gated inwardly rectifying potassium channel KCNH2,Homo sapiens,B,
CHEMBL567620,CC(C)COc1ccccc1CN1CCC2(CC1)CCN(C(=O)c1ccncn1)CC2,IC50,=,4897.79,nM,5.309999839831226,5.31,CHEMBL1045843,CHEMBL1154736,CHEMBL240,Voltage-gated inwardly rectifying potassium channel KCNH2,Homo sapiens,B,
CHEMBL567620,CC(C)COc1ccccc1CN1CCC2(CC1)CCN(C(=O)c1ccncn1)CC2,IC50,=,19054.61,nM,4.719999935717911,4.72,CHEMBL1036929,CHEMBL1154736,CHEMBL240,Voltage-gated inwardly rectifying potassium channel KCNH2,Homo sapiens,B,
CHEMBL567627,CC1(C)Cc2c(CN3CCC4(CC3)CCN(C(=O)c3ccnc(N)c3)CC4)cccc2O1,IC50,=,16982.44,nM,4.769999911123512,4.77,CHEMBL1036929,CHEMBL1154736,CHEMBL240,Voltage-gated inwardly rectifying potassium channel KCNH2,Homo sapiens,B,
CHEMBL567627,CC1(C)Cc2c(CN3CCC4(CC3)CCN(C(=O)c3ccnc(N)c3)CC4)cccc2O1,IC50,=,28840.32,nM,4.539999925177879,4.54,CHEMBL1045843,CHEMBL1154736,CHEMBL240,Voltage-gated inwardly rectifying potassium channel KCNH2,Homo sapiens,B,
CHEMBL568294,CC(C)(C)C1(C)Cc2c(CN3CCC4(CC3)CCN(C(=O)c3ccc(N)cn3)CC4)cccc2O1,IC50,=,11220.18,nM,4.950000175844591,4.95,CHEMBL1045843,CHEMBL1154736,CHEMBL240,Voltage-gated inwardly rectifying potassium channel KCNH2,Homo sapiens,B,
CHEMBL568294,CC(C)(C)C1(C)Cc2c(CN3CCC4(CC3)CCN(C(=O)c3ccc(N)cn3)CC4)cccc2O1,IC50,=,30902.95,nM,4.510000060783276,4.51,CHEMBL1036929,CHEMBL1154736,CHEMBL240,Voltage-gated inwardly rectifying potassium channel KCNH2,Homo sapiens,B,
CHEMBL568296,CC1Cc2cccc(CN3CCC4(CC3)CCN(C(=O)c3ccncc3)CC4)c2O1,IC50,=,8128.31,nM,5.089999741487069,5.09,CHEMBL1036929,CHEMBL1154736,CHEMBL240,Voltage-gated inwardly rectifying potassium channel KCNH2,Homo sapiens,B,
CHEMBL568296,CC1Cc2cccc(CN3CCC4(CC3)CCN(C(=O)c3ccncc3)CC4)c2O1,IC50,=,20892.96,nM,4.68000002720016,4.68,CHEMBL1045843,CHEMBL1154736,CHEMBL240,Voltage-gated inwardly rectifying potassium channel KCNH2,Homo sapiens,B,
CHEMBL568523,CC1(C)Cc2cccc(CN3CCC4(CC3)CCN(C(=O)c3ccc(N)cn3)CC4)c2O1,IC50,=,37153.52,nM,4.430000034012231,4.43,CHEMBL1036929,CHEMBL1154736,CHEMBL240,Voltage-gated inwardly rectifying potassium channel KCNH2,Homo sapiens,B,
CHEMBL568523,CC1(C)Cc2cccc(CN3CCC4(CC3)CCN(C(=O)c3ccc(N)cn3)CC4)c2O1,IC50,=,43651.58,nM,4.360000032076103,4.36,CHEMBL1045843,CHEMBL1154736,CHEMBL240,Voltage-gated inwardly rectifying potassium channel KCNH2,Homo sapiens,B,
CHEMBL570033,O=C(O)c1ccc(CCCCN2CCC(C(O)(c3ccccc3)c3ccccc3)CC2)cc1,IC50,=,11000.0,nM,4.958607314841775,4.96,CHEMBL1048092,CHEMBL1155359,CHEMBL240,Voltage-gated inwardly rectifying potassium channel KCNH2,Homo sapiens,B,
CHEMBL570033,O=C(O)c1ccc(CCCCN2CCC(C(O)(c3ccccc3)c3ccccc3)CC2)cc1,IC50,=,11000.0,nM,4.958607314841775,4.96,CHEMBL1048091,CHEMBL1155359,CHEMBL240,Voltage-gated inwardly rectifying potassium channel KCNH2,Homo sapiens,B,
CHEMBL571389,Cc1ccc(CCCCN2CCC(C(O)(c3ccccc3)c3ccccc3)CC2)cc1,IC50,=,396.0,nM,6.402304814074488,6.4,CHEMBL1048092,CHEMBL1155359,CHEMBL240,Voltage-gated inwardly rectifying potassium channel KCNH2,Homo sapiens,B,
CHEMBL571389,Cc1ccc(CCCCN2CCC(C(O)(c3ccccc3)c3ccccc3)CC2)cc1,IC50,=,396.0,nM,6.402304814074488,6.4,CHEMBL1048091,CHEMBL1155359,CHEMBL240,Voltage-gated inwardly rectifying potassium channel KCNH2,Homo sapiens,B,
CHEMBL572996,CC[C@H]1OC(=O)[C@H](C)[C@@H](O[C@H]2C[C@@](C)(OC)[C@@H](O)[C@H](C)O2)[C@H](C)[C@@H](O[C@@H]2O[C@H](C)C[C@H](N(C)C(C)C)[C@H]2O)[C@](C)(O)C[C@@H](C)[C@H](OCC(=O)NC)[C@H](C)[C@@H](O)[C@]1(C)O,IC50,=,411.0,nM,6.386158178123931,6.39,CHEMBL1054535,CHEMBL1154611,CHEMBL240,Voltage-gated inwardly rectifying potassium channel KCNH2,Homo sapiens,B,
CHEMBL572996,CC[C@H]1OC(=O)[C@H](C)[C@@H](O[C@H]2C[C@@](C)(OC)[C@@H](O)[C@H](C)O2)[C@H](C)[C@@H](O[C@@H]2O[C@H](C)C[C@H](N(C)C(C)C)[C@H]2O)[C@](C)(O)C[C@@H](C)[C@H](OCC(=O)NC)[C@H](C)[C@@H](O)[C@]1(C)O,IC50,=,411000.0,nM,3.3861581781239307,,CHEMBL1781403,CHEMBL1777727,CHEMBL240,Voltage-gated inwardly rectifying potassium channel KCNH2,Homo sapiens,B,
CHEMBL573216,COc1ccccc1Oc1ccccc1CN1CCC2(CC1)CCN(C(=O)c1ccncn1)CC2,IC50,=,70.79,nM,7.15002808767115,7.15,CHEMBL1045843,CHEMBL1154736,CHEMBL240,Voltage-gated inwardly rectifying potassium channel KCNH2,Homo sapiens,B,
CHEMBL573216,COc1ccccc1Oc1ccccc1CN1CCC2(CC1)CCN(C(=O)c1ccncn1)CC2,IC50,=,120.23,nM,6.919987152892072,6.92,CHEMBL1036929,CHEMBL1154736,CHEMBL240,Voltage-gated inwardly rectifying potassium channel KCNH2,Homo sapiens,B,
CHEMBL5741566,C[C@@H]1Cc2c([nH]c3ccccc23)[C@@H](c2nccc(OCCNCCCF)c2F)N1CC(F)(F)F,IC50,=,23000.0,nM,4.638272163982407,4.64,CHEMBL5733101,CHEMBL5726655,CHEMBL240,Voltage-gated inwardly rectifying potassium channel KCNH2,Homo sapiens,B,714864
CHEMBL5741566,C[C@@H]1Cc2c([nH]c3ccccc23)[C@@H](c2nccc(OCCNCCCF)c2F)N1CC(F)(F)F,IC50,=,23000.0,nM,4.638272163982407,4.64,CHEMBL5735028,CHEMBL5727625,CHEMBL240,Voltage-gated inwardly rectifying potassium channel KCNH2,Homo sapiens,B,887759
CHEMBL5741566,C[C@@H]1Cc2c([nH]c3ccccc23)[C@@H](c2nccc(OCCNCCCF)c2F)N1CC(F)(F)F,IC50,=,23000.0,nM,4.638272163982407,4.64,CHEMBL5737036,CHEMBL5728574,CHEMBL240,Voltage-gated inwardly rectifying potassium channel KCNH2,Homo sapiens,B,1062265
CHEMBL5741828,COc1ccc(OCCNCCCF)c(F)c1[C@@H]1c2[nH]c3ccccc3c2C[C@@H](C)N1CC1(F)COC1,IC50,=,2800.0,nM,5.552841968657781,5.55,CHEMBL5733101,CHEMBL5726655,CHEMBL240,Voltage-gated inwardly rectifying potassium channel KCNH2,Homo sapiens,B,714856
CHEMBL5741828,COc1ccc(OCCNCCCF)c(F)c1[C@@H]1c2[nH]c3ccccc3c2C[C@@H](C)N1CC1(F)COC1,IC50,=,2800.0,nM,5.552841968657781,5.55,CHEMBL5735028,CHEMBL5727625,CHEMBL240,Voltage-gated inwardly rectifying potassium channel KCNH2,Homo sapiens,B,887751
CHEMBL5741828,COc1ccc(OCCNCCCF)c(F)c1[C@@H]1c2[nH]c3ccccc3c2C[C@@H](C)N1CC1(F)COC1,IC50,=,2800.0,nM,5.552841968657781,5.55,CHEMBL5737036,CHEMBL5728574,CHEMBL240,Voltage-gated inwardly rectifying potassium channel KCNH2,Homo sapiens,B,1062249
CHEMBL5742311,FC(F)(F)c1ccc(-n2cc(Cn3ccnc3C3CC3)nn2)cc1,IC50,=,173.0,nM,6.761953896871205,6.76,CHEMBL5733977,CHEMBL5727077,CHEMBL240,Voltage-gated inwardly rectifying potassium channel KCNH2,Homo sapiens,B,793017
CHEMBL5742311,FC(F)(F)c1ccc(-n2cc(Cn3ccnc3C3CC3)nn2)cc1,IC50,=,173.0,nM,6.761953896871205,6.76,CHEMBL5734036,CHEMBL5727110,CHEMBL240,Voltage-gated inwardly rectifying potassium channel KCNH2,Homo sapiens,B,796419
CHEMBL5743400,C[C@@H]1Cc2c([nH]c3ccccc23)[C@@H](c2c(F)ccc(OCCNCCCF)c2Cl)N1CC(F)(F)CO,IC50,=,4200.0,nM,5.376750709602099,5.38,CHEMBL5733101,CHEMBL5726655,CHEMBL240,Voltage-gated inwardly rectifying potassium channel KCNH2,Homo sapiens,B,714857
CHEMBL5743400,C[C@@H]1Cc2c([nH]c3ccccc23)[C@@H](c2c(F)ccc(OCCNCCCF)c2Cl)N1CC(F)(F)CO,IC50,=,4200.0,nM,5.376750709602099,5.38,CHEMBL5735028,CHEMBL5727625,CHEMBL240,Voltage-gated inwardly rectifying potassium channel KCNH2,Homo sapiens,B,887752
CHEMBL5743400,C[C@@H]1Cc2c([nH]c3ccccc23)[C@@H](c2c(F)ccc(OCCNCCCF)c2Cl)N1CC(F)(F)CO,IC50,=,4200.0,nM,5.376750709602099,5.38,CHEMBL5737036,CHEMBL5728574,CHEMBL240,Voltage-gated inwardly rectifying potassium channel KCNH2,Homo sapiens,B,1062251
CHEMBL5743773,C[C@@H]1Cc2c([nH]c3ccccc23)[C@@H](c2nccc(OCCNCCCF)c2F)N1CC1(F)COC1,IC50,=,19000.0,nM,4.721246399047171,4.72,CHEMBL5733101,CHEMBL5726655,CHEMBL240,Voltage-gated inwardly rectifying potassium channel KCNH2,Homo sapiens,B,714872
CHEMBL5743773,C[C@@H]1Cc2c([nH]c3ccccc23)[C@@H](c2nccc(OCCNCCCF)c2F)N1CC1(F)COC1,IC50,=,19000.0,nM,4.721246399047171,4.72,CHEMBL5735028,CHEMBL5727625,CHEMBL240,Voltage-gated inwardly rectifying potassium channel KCNH2,Homo sapiens,B,887767
CHEMBL5743773,C[C@@H]1Cc2c([nH]c3ccccc23)[C@@H](c2nccc(OCCNCCCF)c2F)N1CC1(F)COC1,IC50,=,19000.0,nM,4.721246399047171,4.72,CHEMBL5737036,CHEMBL5728574,CHEMBL240,Voltage-gated inwardly rectifying potassium channel KCNH2,Homo sapiens,B,1062281
CHEMBL5745081,O=C(Nc1ccc([C@H]2CNCCO2)cc1)c1cnc(-c2ccccc2)s1,IC50,=,1310.0,nM,5.882728704344236,5.88,CHEMBL5734655,CHEMBL5727433,CHEMBL240,Voltage-gated inwardly rectifying potassium channel KCNH2,Homo sapiens,B,852501
CHEMBL5745081,O=C(Nc1ccc([C@H]2CNCCO2)cc1)c1cnc(-c2ccccc2)s1,IC50,=,1310.0,nM,5.882728704344236,5.88,CHEMBL5738029,CHEMBL5729081,CHEMBL240,Voltage-gated inwardly rectifying potassium channel KCNH2,Homo sapiens,B,1163394
CHEMBL5746192,COc1cc(F)ccc1-n1cc(Cn2ccnc2C)nn1,IC50,=,1180.0,nM,5.928117992693874,5.93,CHEMBL5733977,CHEMBL5727077,CHEMBL240,Voltage-gated inwardly rectifying potassium channel KCNH2,Homo sapiens,B,793000
CHEMBL5746192,COc1cc(F)ccc1-n1cc(Cn2ccnc2C)nn1,IC50,=,1180.0,nM,5.928117992693874,5.93,CHEMBL5734036,CHEMBL5727110,CHEMBL240,Voltage-gated inwardly rectifying potassium channel KCNH2,Homo sapiens,B,796402
CHEMBL5746422,Cc1nc[nH]c1CN1CCC2(CC1)COC1c3cc(F)ccc3OC(C)(C)C1C2,IC50,=,1400.0,nM,5.853871964321762,5.85,CHEMBL5735953,CHEMBL5728060,CHEMBL240,Voltage-gated inwardly rectifying potassium channel KCNH2,Homo sapiens,B,971758
CHEMBL5746422,Cc1nc[nH]c1CN1CCC2(CC1)COC1c3cc(F)ccc3OC(C)(C)C1C2,IC50,=,1500.0,nM,5.823908740944319,5.82,CHEMBL5735953,CHEMBL5728060,CHEMBL240,Voltage-gated inwardly rectifying potassium channel KCNH2,Homo sapiens,B,971756
CHEMBL5746422,Cc1nc[nH]c1CN1CCC2(CC1)COC1c3cc(F)ccc3OC(C)(C)C1C2,IC50,=,1600.0,nM,5.795880017344075,5.8,CHEMBL5735953,CHEMBL5728060,CHEMBL240,Voltage-gated inwardly rectifying potassium channel KCNH2,Homo sapiens,B,971757
CHEMBL5746935,COc1cc(NC2CN(CCCF)C2)cnc1[C@@H]1c2ccc3[nH]ncc3c2C[C@@H](C)N1CC(F)(F)F,IC50,=,7.2,nM,8.142667503568731,8.14,CHEMBL5735025,CHEMBL5727624,CHEMBL240,Voltage-gated inwardly rectifying potassium channel KCNH2,Homo sapiens,B,887431
CHEMBL5746935,COc1cc(NC2CN(CCCF)C2)cnc1[C@@H]1c2ccc3[nH]ncc3c2C[C@@H](C)N1CC(F)(F)F,IC50,=,20000.0,nM,4.698970004336019,4.7,CHEMBL5731674,CHEMBL5725903,CHEMBL240,Voltage-gated inwardly rectifying potassium channel KCNH2,Homo sapiens,B,576027
CHEMBL5749111,CS(=O)(=O)NC1CCN(c2ccc(-c3nc4ccncc4n3-c3ccc(Cl)cc3)cn2)CC1,IC50,=,5500.0,nM,5.259637310505756,5.26,CHEMBL5734464,CHEMBL5727342,CHEMBL240,Voltage-gated inwardly rectifying potassium channel KCNH2,Homo sapiens,B,830432
CHEMBL5749111,CS(=O)(=O)NC1CCN(c2ccc(-c3nc4ccncc4n3-c3ccc(Cl)cc3)cn2)CC1,IC50,=,5500.0,nM,5.259637310505756,5.26,CHEMBL5734466,CHEMBL5727343,CHEMBL240,Voltage-gated inwardly rectifying potassium channel KCNH2,Homo sapiens,B,830645
CHEMBL5749111,CS(=O)(=O)NC1CCN(c2ccc(-c3nc4ccncc4n3-c3ccc(Cl)cc3)cn2)CC1,IC50,=,5500.0,nM,5.259637310505756,5.26,CHEMBL5735756,CHEMBL5727959,CHEMBL240,Voltage-gated inwardly rectifying potassium channel KCNH2,Homo sapiens,B,955359
CHEMBL5749720,O=C(Nc1ccc([C@H]2CNCCO2)cc1)c1cncc(Cl)c1,IC50,=,66040.0,nM,4.180192935409244,4.18,CHEMBL5734655,CHEMBL5727433,CHEMBL240,Voltage-gated inwardly rectifying potassium channel KCNH2,Homo sapiens,B,852522
CHEMBL5749720,O=C(Nc1ccc([C@H]2CNCCO2)cc1)c1cncc(Cl)c1,IC50,=,66040.0,nM,4.180192935409244,4.18,CHEMBL5738029,CHEMBL5729081,CHEMBL240,Voltage-gated inwardly rectifying potassium channel KCNH2,Homo sapiens,B,1163415
CHEMBL5750839,Clc1ccc(-n2c(-c3ccc(N4CCOCC4)nc3)nc3ccncc32)cc1,IC50,=,5500.0,nM,5.259637310505756,5.26,CHEMBL5734464,CHEMBL5727342,CHEMBL240,Voltage-gated inwardly rectifying potassium channel KCNH2,Homo sapiens,B,830410
CHEMBL5750839,Clc1ccc(-n2c(-c3ccc(N4CCOCC4)nc3)nc3ccncc32)cc1,IC50,=,5500.0,nM,5.259637310505756,5.26,CHEMBL5734466,CHEMBL5727343,CHEMBL240,Voltage-gated inwardly rectifying potassium channel KCNH2,Homo sapiens,B,830623
CHEMBL5750839,Clc1ccc(-n2c(-c3ccc(N4CCOCC4)nc3)nc3ccncc32)cc1,IC50,=,5500.0,nM,5.259637310505756,5.26,CHEMBL5735756,CHEMBL5727959,CHEMBL240,Voltage-gated inwardly rectifying potassium channel KCNH2,Homo sapiens,B,955337
CHEMBL5752521,COc1ncc(NCCNCCCF)cc1[C@@H]1c2[nH]c3ccccc3c2C[C@@H](C)N1CC(F)(F)F,IC50,=,4900.0,nM,5.309803919971486,5.31,CHEMBL5733101,CHEMBL5726655,CHEMBL240,Voltage-gated inwardly rectifying potassium channel KCNH2,Homo sapiens,B,714816
CHEMBL5752521,COc1ncc(NCCNCCCF)cc1[C@@H]1c2[nH]c3ccccc3c2C[C@@H](C)N1CC(F)(F)F,IC50,=,4900.0,nM,5.309803919971486,5.31,CHEMBL5735028,CHEMBL5727625,CHEMBL240,Voltage-gated inwardly rectifying potassium channel KCNH2,Homo sapiens,B,887711
CHEMBL5752521,COc1ncc(NCCNCCCF)cc1[C@@H]1c2[nH]c3ccccc3c2C[C@@H](C)N1CC(F)(F)F,IC50,=,4900.0,nM,5.309803919971486,5.31,CHEMBL5737036,CHEMBL5728574,CHEMBL240,Voltage-gated inwardly rectifying potassium channel KCNH2,Homo sapiens,B,1062300
CHEMBL5753096,CCCc1nccn1Cc1cn(-c2ccc(Cl)c(Cl)c2)nn1,IC50,=,7.67,nM,8.115204636051018,8.12,CHEMBL5733977,CHEMBL5727077,CHEMBL240,Voltage-gated inwardly rectifying potassium channel KCNH2,Homo sapiens,B,792982
CHEMBL5753096,CCCc1nccn1Cc1cn(-c2ccc(Cl)c(Cl)c2)nn1,IC50,=,7.67,nM,8.115204636051018,8.12,CHEMBL5734036,CHEMBL5727110,CHEMBL240,Voltage-gated inwardly rectifying potassium channel KCNH2,Homo sapiens,B,796384
CHEMBL5755360,Cc1ccc(-n2c(-c3ccc(N4CCOCC4)nc3)nc3ccncc32)c(F)c1,IC50,=,5500.0,nM,5.259637310505756,5.26,CHEMBL5734464,CHEMBL5727342,CHEMBL240,Voltage-gated inwardly rectifying potassium channel KCNH2,Homo sapiens,B,830420
CHEMBL5755360,Cc1ccc(-n2c(-c3ccc(N4CCOCC4)nc3)nc3ccncc32)c(F)c1,IC50,=,5500.0,nM,5.259637310505756,5.26,CHEMBL5734466,CHEMBL5727343,CHEMBL240,Voltage-gated inwardly rectifying potassium channel KCNH2,Homo sapiens,B,830633
CHEMBL5755360,Cc1ccc(-n2c(-c3ccc(N4CCOCC4)nc3)nc3ccncc32)c(F)c1,IC50,=,5500.0,nM,5.259637310505756,5.26,CHEMBL5735756,CHEMBL5727959,CHEMBL240,Voltage-gated inwardly rectifying potassium channel KCNH2,Homo sapiens,B,955347
CHEMBL5755454,Clc1ccc(-n2cc(Cn3ccnc3C3CCC3)nn2)cc1Cl,IC50,=,7.58,nM,8.120330794367947,8.12,CHEMBL5733977,CHEMBL5727077,CHEMBL240,Voltage-gated inwardly rectifying potassium channel KCNH2,Homo sapiens,B,792987
CHEMBL5755454,Clc1ccc(-n2cc(Cn3ccnc3C3CCC3)nn2)cc1Cl,IC50,=,7.58,nM,8.120330794367947,8.12,CHEMBL5734036,CHEMBL5727110,CHEMBL240,Voltage-gated inwardly rectifying potassium channel KCNH2,Homo sapiens,B,796389
CHEMBL5757923,Cc1nccn1Cc1cn(-c2ccc(C(F)(F)F)cc2)nn1,IC50,=,46.0,nM,7.337242168318426,7.34,CHEMBL5733977,CHEMBL5727077,CHEMBL240,Voltage-gated inwardly rectifying potassium channel KCNH2,Homo sapiens,B,793007
CHEMBL5757923,Cc1nccn1Cc1cn(-c2ccc(C(F)(F)F)cc2)nn1,IC50,=,46.0,nM,7.337242168318426,7.34,CHEMBL5734036,CHEMBL5727110,CHEMBL240,Voltage-gated inwardly rectifying potassium channel KCNH2,Homo sapiens,B,796409
CHEMBL5760349,C[C@@H]1Cc2c([nH]c3ccc(F)cc23)[C@@H](c2c(F)ccc(OCCNCCCF)c2F)N1CC(F)(F)CO,IC50,=,4600.0,nM,5.337242168318426,5.34,CHEMBL5733101,CHEMBL5726655,CHEMBL240,Voltage-gated inwardly rectifying potassium channel KCNH2,Homo sapiens,B,714793
CHEMBL5760349,C[C@@H]1Cc2c([nH]c3ccc(F)cc23)[C@@H](c2c(F)ccc(OCCNCCCF)c2F)N1CC(F)(F)CO,IC50,=,4600.0,nM,5.337242168318426,5.34,CHEMBL5735028,CHEMBL5727625,CHEMBL240,Voltage-gated inwardly rectifying potassium channel KCNH2,Homo sapiens,B,887688
CHEMBL5760349,C[C@@H]1Cc2c([nH]c3ccc(F)cc23)[C@@H](c2c(F)ccc(OCCNCCCF)c2F)N1CC(F)(F)CO,IC50,=,4600.0,nM,5.337242168318426,5.34,CHEMBL5737036,CHEMBL5728574,CHEMBL240,Voltage-gated inwardly rectifying potassium channel KCNH2,Homo sapiens,B,1062254
CHEMBL5763605,CC(C)c1nccn1Cc1cn(-c2ccc(Cl)cc2)nn1,IC50,=,77.4,nM,7.111259039317107,7.11,CHEMBL5733977,CHEMBL5727077,CHEMBL240,Voltage-gated inwardly rectifying potassium channel KCNH2,Homo sapiens,B,792971
CHEMBL5763605,CC(C)c1nccn1Cc1cn(-c2ccc(Cl)cc2)nn1,IC50,=,77.4,nM,7.111259039317107,7.11,CHEMBL5734036,CHEMBL5727110,CHEMBL240,Voltage-gated inwardly rectifying potassium channel KCNH2,Homo sapiens,B,796373
CHEMBL5764399,CCCc1nccn1Cc1cn(-c2ccc(F)c(Cl)c2)nn1,IC50,=,9.84,nM,8.007004901568658,8.01,CHEMBL5733977,CHEMBL5727077,CHEMBL240,Voltage-gated inwardly rectifying potassium channel KCNH2,Homo sapiens,B,792991
CHEMBL5764399,CCCc1nccn1Cc1cn(-c2ccc(F)c(Cl)c2)nn1,IC50,=,9.84,nM,8.007004901568658,8.01,CHEMBL5734036,CHEMBL5727110,CHEMBL240,Voltage-gated inwardly rectifying potassium channel KCNH2,Homo sapiens,B,796393
CHEMBL5765415,CC(C)(C)c1nccn1Cc1cn(-c2ccc(Cl)c(Cl)c2)nn1,IC50,=,526.0,nM,6.279014255846261,6.28,CHEMBL5733977,CHEMBL5727077,CHEMBL240,Voltage-gated inwardly rectifying potassium channel KCNH2,Homo sapiens,B,792986
CHEMBL5765415,CC(C)(C)c1nccn1Cc1cn(-c2ccc(Cl)c(Cl)c2)nn1,IC50,=,526.0,nM,6.279014255846261,6.28,CHEMBL5734036,CHEMBL5727110,CHEMBL240,Voltage-gated inwardly rectifying potassium channel KCNH2,Homo sapiens,B,796388
CHEMBL5765871,OCCc1nccn1Cc1cn(-c2cc(F)cc(C(F)F)c2)nn1,IC50,=,136.0,nM,6.866461091629782,6.87,CHEMBL5733977,CHEMBL5727077,CHEMBL240,Voltage-gated inwardly rectifying potassium channel KCNH2,Homo sapiens,B,793051
CHEMBL5765871,OCCc1nccn1Cc1cn(-c2cc(F)cc(C(F)F)c2)nn1,IC50,=,136.0,nM,6.866461091629782,6.87,CHEMBL5734036,CHEMBL5727110,CHEMBL240,Voltage-gated inwardly rectifying potassium channel KCNH2,Homo sapiens,B,796453
CHEMBL5765975,C[C@@H]1Cc2c([nH]c3ccccc23)[C@@H](c2nccc(NCCNCCCF)c2F)N1CC(F)(F)F,IC50,=,9900.0,nM,5.004364805402449,5.0,CHEMBL5733101,CHEMBL5726655,CHEMBL240,Voltage-gated inwardly rectifying potassium channel KCNH2,Homo sapiens,B,714866
CHEMBL5765975,C[C@@H]1Cc2c([nH]c3ccccc23)[C@@H](c2nccc(NCCNCCCF)c2F)N1CC(F)(F)F,IC50,=,9900.0,nM,5.004364805402449,5.0,CHEMBL5735028,CHEMBL5727625,CHEMBL240,Voltage-gated inwardly rectifying potassium channel KCNH2,Homo sapiens,B,887761
CHEMBL5765975,C[C@@H]1Cc2c([nH]c3ccccc23)[C@@H](c2nccc(NCCNCCCF)c2F)N1CC(F)(F)F,IC50,=,9900.0,nM,5.004364805402449,5.0,CHEMBL5737036,CHEMBL5728574,CHEMBL240,Voltage-gated inwardly rectifying potassium channel KCNH2,Homo sapiens,B,1062269
CHEMBL5766240,Cc1c(OCCNCCCF)ccnc1[C@@H]1c2[nH]c3ccccc3c2C[C@@H](C)N1CC(F)(F)CO,IC50,=,10000.0,nM,5.0,5.0,CHEMBL5733101,CHEMBL5726655,CHEMBL240,Voltage-gated inwardly rectifying potassium channel KCNH2,Homo sapiens,B,714868
CHEMBL5766240,Cc1c(OCCNCCCF)ccnc1[C@@H]1c2[nH]c3ccccc3c2C[C@@H](C)N1CC(F)(F)CO,IC50,=,10000.0,nM,5.0,5.0,CHEMBL5735028,CHEMBL5727625,CHEMBL240,Voltage-gated inwardly rectifying potassium channel KCNH2,Homo sapiens,B,887763
CHEMBL5766240,Cc1c(OCCNCCCF)ccnc1[C@@H]1c2[nH]c3ccccc3c2C[C@@H](C)N1CC(F)(F)CO,IC50,=,10000.0,nM,5.0,5.0,CHEMBL5737036,CHEMBL5728574,CHEMBL240,Voltage-gated inwardly rectifying potassium channel KCNH2,Homo sapiens,B,1062273
CHEMBL5768419,CCn1c(N2CCNC(=O)C2)nc2c([N+](=O)[O-])c(Br)c(Br)cc21,IC50,=,850.0,nM,6.070581074285707,6.07,CHEMBL5732169,CHEMBL5726153,CHEMBL240,Voltage-gated inwardly rectifying potassium channel KCNH2,Homo sapiens,B,625156
CHEMBL5768419,CCn1c(N2CCNC(=O)C2)nc2c([N+](=O)[O-])c(Br)c(Br)cc21,IC50,=,1780.0,nM,5.7495799976911055,5.75,CHEMBL5732169,CHEMBL5726153,CHEMBL240,Voltage-gated inwardly rectifying potassium channel KCNH2,Homo sapiens,B,625157
CHEMBL5768419,CCn1c(N2CCNC(=O)C2)nc2c([N+](=O)[O-])c(Br)c(Br)cc21,IC50,=,2020.0,nM,5.694648630553376,5.7,CHEMBL5732169,CHEMBL5726153,CHEMBL240,Voltage-gated inwardly rectifying potassium channel KCNH2,Homo sapiens,B,625186
CHEMBL5768419,CCn1c(N2CCNC(=O)C2)nc2c([N+](=O)[O-])c(Br)c(Br)cc21,IC50,=,10090.0,nM,4.996108833763089,5.0,CHEMBL5732169,CHEMBL5726153,CHEMBL240,Voltage-gated inwardly rectifying potassium channel KCNH2,Homo sapiens,B,625167
CHEMBL5768419,CCn1c(N2CCNC(=O)C2)nc2c([N+](=O)[O-])c(Br)c(Br)cc21,IC50,=,11910.0,nM,4.924088238517222,4.92,CHEMBL5732169,CHEMBL5726153,CHEMBL240,Voltage-gated inwardly rectifying potassium channel KCNH2,Homo sapiens,B,625183
CHEMBL5769402,CNCC(Cc1ccccc1F)c1ccc2ccccc2c1,IC50,=,6200.0,nM,5.207608310501746,5.21,CHEMBL5733769,CHEMBL5726960,CHEMBL240,Voltage-gated inwardly rectifying potassium channel KCNH2,Homo sapiens,B,776185
CHEMBL5769402,CNCC(Cc1ccccc1F)c1ccc2ccccc2c1,IC50,=,7900.0,nM,5.102372908709558,5.1,CHEMBL5733769,CHEMBL5726960,CHEMBL240,Voltage-gated inwardly rectifying potassium channel KCNH2,Homo sapiens,B,776086
CHEMBL5769554,CNCC(Cc1ccccc1OC)c1ccc2ccccc2c1,IC50,=,4700.0,nM,5.327902142064282,5.33,CHEMBL5733769,CHEMBL5726960,CHEMBL240,Voltage-gated inwardly rectifying potassium channel KCNH2,Homo sapiens,B,776296
CHEMBL5769554,CNCC(Cc1ccccc1OC)c1ccc2ccccc2c1,IC50,=,4700.0,nM,5.327902142064282,5.33,CHEMBL5733769,CHEMBL5726960,CHEMBL240,Voltage-gated inwardly rectifying potassium channel KCNH2,Homo sapiens,B,776679
CHEMBL5770484,CC(C)c1nccn1Cc1cn(-c2ccc(Cl)c(OC(F)F)c2)nn1,IC50,=,3.12,nM,8.505845405981557,8.51,CHEMBL5733977,CHEMBL5727077,CHEMBL240,Voltage-gated inwardly rectifying potassium channel KCNH2,Homo sapiens,B,793045
CHEMBL5770484,CC(C)c1nccn1Cc1cn(-c2ccc(Cl)c(OC(F)F)c2)nn1,IC50,=,3.12,nM,8.505845405981557,8.51,CHEMBL5734036,CHEMBL5727110,CHEMBL240,Voltage-gated inwardly rectifying potassium channel KCNH2,Homo sapiens,B,796447
CHEMBL5771198,Clc1ccc(-n2cc(Cn3ccnc3Cl)nn2)cc1,IC50,=,9930.0,nM,5.0030507515046185,5.0,CHEMBL5733977,CHEMBL5727077,CHEMBL240,Voltage-gated inwardly rectifying potassium channel KCNH2,Homo sapiens,B,792974
CHEMBL5771198,Clc1ccc(-n2cc(Cn3ccnc3Cl)nn2)cc1,IC50,=,9930.0,nM,5.0030507515046185,5.0,CHEMBL5734036,CHEMBL5727110,CHEMBL240,Voltage-gated inwardly rectifying potassium channel KCNH2,Homo sapiens,B,796376
CHEMBL5771854,Cc1nccn1Cc1cn(-c2ccc(Cl)c(C(F)(F)F)c2)nn1,IC50,=,11.9,nM,7.924453038607469,7.92,CHEMBL5733977,CHEMBL5727077,CHEMBL240,Voltage-gated inwardly rectifying potassium channel KCNH2,Homo sapiens,B,793004
CHEMBL5771854,Cc1nccn1Cc1cn(-c2ccc(Cl)c(C(F)(F)F)c2)nn1,IC50,=,11.9,nM,7.924453038607469,7.92,CHEMBL5734036,CHEMBL5727110,CHEMBL240,Voltage-gated inwardly rectifying potassium channel KCNH2,Homo sapiens,B,796406
CHEMBL5772929,C[C@@H]1Cc2c([nH]c3ccccc23)[C@@H](c2cccc(OCCNCCCF)c2C(F)F)N1CC(F)(F)CO,IC50,=,2000.0,nM,5.698970004336019,5.7,CHEMBL5733101,CHEMBL5726655,CHEMBL240,Voltage-gated inwardly rectifying potassium channel KCNH2,Homo sapiens,B,714842
CHEMBL5772929,C[C@@H]1Cc2c([nH]c3ccccc23)[C@@H](c2cccc(OCCNCCCF)c2C(F)F)N1CC(F)(F)CO,IC50,=,2000.0,nM,5.698970004336019,5.7,CHEMBL5735028,CHEMBL5727625,CHEMBL240,Voltage-gated inwardly rectifying potassium channel KCNH2,Homo sapiens,B,887737
CHEMBL5772929,C[C@@H]1Cc2c([nH]c3ccccc23)[C@@H](c2cccc(OCCNCCCF)c2C(F)F)N1CC(F)(F)CO,IC50,=,2000.0,nM,5.698970004336019,5.7,CHEMBL5737036,CHEMBL5728574,CHEMBL240,Voltage-gated inwardly rectifying potassium channel KCNH2,Homo sapiens,B,1062352
CHEMBL5775252,COc1ccc(NCCNCCCF)c(F)c1[C@@H]1c2[nH]c3ccccc3c2C[C@@H](C)N1CC(F)(F)F,IC50,=,5000.0,nM,5.301029995663981,5.3,CHEMBL5733101,CHEMBL5726655,CHEMBL240,Voltage-gated inwardly rectifying potassium channel KCNH2,Homo sapiens,B,714862
CHEMBL5775252,COc1ccc(NCCNCCCF)c(F)c1[C@@H]1c2[nH]c3ccccc3c2C[C@@H](C)N1CC(F)(F)F,IC50,=,5000.0,nM,5.301029995663981,5.3,CHEMBL5735028,CHEMBL5727625,CHEMBL240,Voltage-gated inwardly rectifying potassium channel KCNH2,Homo sapiens,B,887757
CHEMBL5775252,COc1ccc(NCCNCCCF)c(F)c1[C@@H]1c2[nH]c3ccccc3c2C[C@@H](C)N1CC(F)(F)F,IC50,=,5000.0,nM,5.301029995663981,5.3,CHEMBL5737036,CHEMBL5728574,CHEMBL240,Voltage-gated inwardly rectifying potassium channel KCNH2,Homo sapiens,B,1062261
CHEMBL5775436,COc1ccc(OCCNCCCF)c(F)c1[C@@H]1c2[nH]c3ccccc3c2C[C@@H](C)N1CC1(F)CC1,IC50,=,4000.0,nM,5.3979400086720375,5.4,CHEMBL5733101,CHEMBL5726655,CHEMBL240,Voltage-gated inwardly rectifying potassium channel KCNH2,Homo sapiens,B,714855
CHEMBL5775436,COc1ccc(OCCNCCCF)c(F)c1[C@@H]1c2[nH]c3ccccc3c2C[C@@H](C)N1CC1(F)CC1,IC50,=,4000.0,nM,5.3979400086720375,5.4,CHEMBL5735028,CHEMBL5727625,CHEMBL240,Voltage-gated inwardly rectifying potassium channel KCNH2,Homo sapiens,B,887750
CHEMBL5775436,COc1ccc(OCCNCCCF)c(F)c1[C@@H]1c2[nH]c3ccccc3c2C[C@@H](C)N1CC1(F)CC1,IC50,=,4000.0,nM,5.3979400086720375,5.4,CHEMBL5737036,CHEMBL5728574,CHEMBL240,Voltage-gated inwardly rectifying potassium channel KCNH2,Homo sapiens,B,1062247
CHEMBL5777517,C[C@@H]1Cc2c(ccc3[nH]ncc23)[C@@H](c2ccc(N(C)C3CN(CCCF)C3)cn2)N1CC1(F)CC1,IC50,=,5.0,nM,8.301029995663981,8.3,CHEMBL5735025,CHEMBL5727624,CHEMBL240,Voltage-gated inwardly rectifying potassium channel KCNH2,Homo sapiens,B,887451
CHEMBL5777517,C[C@@H]1Cc2c(ccc3[nH]ncc23)[C@@H](c2ccc(N(C)C3CN(CCCF)C3)cn2)N1CC1(F)CC1,IC50,=,16000.0,nM,4.795880017344075,4.8,CHEMBL5731674,CHEMBL5725903,CHEMBL240,Voltage-gated inwardly rectifying potassium channel KCNH2,Homo sapiens,B,576040
CHEMBL5778585,CCCc1nccn1Cc1cn(-c2ccc(Cl)cc2)nn1,IC50,=,46.6,nM,7.33161408331,7.33,CHEMBL5733977,CHEMBL5727077,CHEMBL240,Voltage-gated inwardly rectifying potassium channel KCNH2,Homo sapiens,B,792966
CHEMBL5778585,CCCc1nccn1Cc1cn(-c2ccc(Cl)cc2)nn1,IC50,=,46.6,nM,7.33161408331,7.33,CHEMBL5734036,CHEMBL5727110,CHEMBL240,Voltage-gated inwardly rectifying potassium channel KCNH2,Homo sapiens,B,796368
CHEMBL5778781,COc1cc(F)ccc1-n1cc(Cn2ccnc2C2CC2)nn1,IC50,=,3320.0,nM,5.478861916295964,5.48,CHEMBL5733977,CHEMBL5727077,CHEMBL240,Voltage-gated inwardly rectifying potassium channel KCNH2,Homo sapiens,B,793010
CHEMBL5778781,COc1cc(F)ccc1-n1cc(Cn2ccnc2C2CC2)nn1,IC50,=,3320.0,nM,5.478861916295964,5.48,CHEMBL5734036,CHEMBL5727110,CHEMBL240,Voltage-gated inwardly rectifying potassium channel KCNH2,Homo sapiens,B,796412
CHEMBL5778932,Cc1cc(Cn2cc(-c3cccc(Br)c3)cn2)n(C)n1,IC50,=,4630.0,nM,5.334419008982047,5.33,CHEMBL5731865,CHEMBL5726011,CHEMBL240,Voltage-gated inwardly rectifying potassium channel KCNH2,Homo sapiens,B,598019
CHEMBL5778932,Cc1cc(Cn2cc(-c3cccc(Br)c3)cn2)n(C)n1,IC50,=,6210.0,nM,5.20690839982342,5.21,CHEMBL5731865,CHEMBL5726011,CHEMBL240,Voltage-gated inwardly rectifying potassium channel KCNH2,Homo sapiens,B,598020
CHEMBL5783150,CNC[C@@H](c1ccc2ccccc2c1)[C@H](O)c1ccccn1,IC50,=,33000.0,nM,4.481486060122113,4.48,CHEMBL5733769,CHEMBL5726960,CHEMBL240,Voltage-gated inwardly rectifying potassium channel KCNH2,Homo sapiens,B,776379
CHEMBL5783150,CNC[C@@H](c1ccc2ccccc2c1)[C@H](O)c1ccccn1,IC50,=,33000.0,nM,4.481486060122113,4.48,CHEMBL5733769,CHEMBL5726960,CHEMBL240,Voltage-gated inwardly rectifying potassium channel KCNH2,Homo sapiens,B,776524
CHEMBL5783757,C[C@@H]1Cc2c(ccc3[nH]ncc23)[C@@H](c2ccc(NC3CN(CCCF)C3)c(F)c2)N1CC(F)(F)F,IC50,=,2.4,nM,8.619788758288394,8.62,CHEMBL5735025,CHEMBL5727624,CHEMBL240,Voltage-gated inwardly rectifying potassium channel KCNH2,Homo sapiens,B,887435
CHEMBL5783757,C[C@@H]1Cc2c(ccc3[nH]ncc23)[C@@H](c2ccc(NC3CN(CCCF)C3)c(F)c2)N1CC(F)(F)F,IC50,=,6500.0,nM,5.187086643357144,5.19,CHEMBL5731674,CHEMBL5725903,CHEMBL240,Voltage-gated inwardly rectifying potassium channel KCNH2,Homo sapiens,B,576031
CHEMBL5784006,Nc1ccc(-c2ccncc2)cc1NC(=O)c1cnc(N2CCNCC2)s1,IC50,=,12000.0,nM,4.920818753952375,4.92,CHEMBL5735720,CHEMBL5727940,CHEMBL240,Voltage-gated inwardly rectifying potassium channel KCNH2,Homo sapiens,B,951750
CHEMBL5784006,Nc1ccc(-c2ccncc2)cc1NC(=O)c1cnc(N2CCNCC2)s1,IC50,=,12000.0,nM,4.920818753952375,4.92,CHEMBL5738851,CHEMBL5729514,CHEMBL240,Voltage-gated inwardly rectifying potassium channel KCNH2,Homo sapiens,B,1236144
CHEMBL5785143,Clc1ccc(-n2c(-c3ccc(CN4CCOCC4)nc3)cc3ccncc32)cc1,IC50,=,5500.0,nM,5.259637310505756,5.26,CHEMBL5734464,CHEMBL5727342,CHEMBL240,Voltage-gated inwardly rectifying potassium channel KCNH2,Homo sapiens,B,830450
CHEMBL5785143,Clc1ccc(-n2c(-c3ccc(CN4CCOCC4)nc3)cc3ccncc32)cc1,IC50,=,5500.0,nM,5.259637310505756,5.26,CHEMBL5734466,CHEMBL5727343,CHEMBL240,Voltage-gated inwardly rectifying potassium channel KCNH2,Homo sapiens,B,830663
CHEMBL5785143,Clc1ccc(-n2c(-c3ccc(CN4CCOCC4)nc3)cc3ccncc32)cc1,IC50,=,5500.0,nM,5.259637310505756,5.26,CHEMBL5735756,CHEMBL5727959,CHEMBL240,Voltage-gated inwardly rectifying potassium channel KCNH2,Homo sapiens,B,955377
CHEMBL5786268,O=c1cc(-c2cc3ccncc3n2-c2ccc(Cl)cc2)ccn1C1CC1,IC50,=,5500.0,nM,5.259637310505756,5.26,CHEMBL5734464,CHEMBL5727342,CHEMBL240,Voltage-gated inwardly rectifying potassium channel KCNH2,Homo sapiens,B,830448
CHEMBL5786268,O=c1cc(-c2cc3ccncc3n2-c2ccc(Cl)cc2)ccn1C1CC1,IC50,=,5500.0,nM,5.259637310505756,5.26,CHEMBL5734466,CHEMBL5727343,CHEMBL240,Voltage-gated inwardly rectifying potassium channel KCNH2,Homo sapiens,B,830661
CHEMBL5786268,O=c1cc(-c2cc3ccncc3n2-c2ccc(Cl)cc2)ccn1C1CC1,IC50,=,5500.0,nM,5.259637310505756,5.26,CHEMBL5735756,CHEMBL5727959,CHEMBL240,Voltage-gated inwardly rectifying potassium channel KCNH2,Homo sapiens,B,955375
CHEMBL5786654,Nc1ccc(-c2cccs2)cc1NC(=O)c1ncc(N2CCNCC2)s1,IC50,=,3600.0,nM,5.443697499232712,5.44,CHEMBL5735720,CHEMBL5727940,CHEMBL240,Voltage-gated inwardly rectifying potassium channel KCNH2,Homo sapiens,B,951753
CHEMBL5786654,Nc1ccc(-c2cccs2)cc1NC(=O)c1ncc(N2CCNCC2)s1,IC50,=,3600.0,nM,5.443697499232712,5.44,CHEMBL5738851,CHEMBL5729514,CHEMBL240,Voltage-gated inwardly rectifying potassium channel KCNH2,Homo sapiens,B,1236147
CHEMBL5787348,C[C@@H]1Cc2c(ccc3[nH]ncc23)[C@@H](c2c(F)cc(NC3CN(CCCF)C3)cc2F)N1CC(F)(F)CO,IC50,=,2.2,nM,8.657577319177793,8.66,CHEMBL5735025,CHEMBL5727624,CHEMBL240,Voltage-gated inwardly rectifying potassium channel KCNH2,Homo sapiens,B,887399
CHEMBL5787348,C[C@@H]1Cc2c(ccc3[nH]ncc23)[C@@H](c2c(F)cc(NC3CN(CCCF)C3)cc2F)N1CC(F)(F)CO,IC50,=,13000.0,nM,4.886056647693163,4.89,CHEMBL5731674,CHEMBL5725903,CHEMBL240,Voltage-gated inwardly rectifying potassium channel KCNH2,Homo sapiens,B,576011
CHEMBL5787351,C[C@@H]1Cc2c([nH]c3ccccc23)[C@@H](c2nccc(OCCNCCCF)c2Cl)N1CC(F)(F)F,IC50,=,6600.0,nM,5.180456064458131,5.18,CHEMBL5733101,CHEMBL5726655,CHEMBL240,Voltage-gated inwardly rectifying potassium channel KCNH2,Homo sapiens,B,714865
CHEMBL5787351,C[C@@H]1Cc2c([nH]c3ccccc23)[C@@H](c2nccc(OCCNCCCF)c2Cl)N1CC(F)(F)F,IC50,=,6600.0,nM,5.180456064458131,5.18,CHEMBL5735028,CHEMBL5727625,CHEMBL240,Voltage-gated inwardly rectifying potassium channel KCNH2,Homo sapiens,B,887760
CHEMBL5787351,C[C@@H]1Cc2c([nH]c3ccccc23)[C@@H](c2nccc(OCCNCCCF)c2Cl)N1CC(F)(F)F,IC50,=,6600.0,nM,5.180456064458131,5.18,CHEMBL5737036,CHEMBL5728574,CHEMBL240,Voltage-gated inwardly rectifying potassium channel KCNH2,Homo sapiens,B,1062267
CHEMBL5787584,Cc1ccc(COC(=O)N2CC[C@H](CNc3nccn4cnnc34)C(F)(F)C2)cc1,IC50,=,40000.0,nM,4.3979400086720375,4.4,CHEMBL5733754,CHEMBL5726954,CHEMBL240,Voltage-gated inwardly rectifying potassium channel KCNH2,Homo sapiens,B,775504
CHEMBL5787584,Cc1ccc(COC(=O)N2CC[C@H](CNc3nccn4cnnc34)C(F)(F)C2)cc1,IC50,=,40000.0,nM,4.3979400086720375,4.4,CHEMBL5734969,CHEMBL5727591,CHEMBL240,Voltage-gated inwardly rectifying potassium channel KCNH2,Homo sapiens,B,884137
CHEMBL5787584,Cc1ccc(COC(=O)N2CC[C@H](CNc3nccn4cnnc34)C(F)(F)C2)cc1,IC50,=,40000.0,nM,4.3979400086720375,4.4,CHEMBL5737481,CHEMBL5728799,CHEMBL240,Voltage-gated inwardly rectifying potassium channel KCNH2,Homo sapiens,B,1106452
CHEMBL5788221,C[C@@H]1Cc2c([nH]c3ccccc23)[C@@H](c2c(F)ccc(OCCN(C)CCCF)c2F)N1CC1(F)COC1,IC50,=,4300.0,nM,5.366531544420413,5.37,CHEMBL5733101,CHEMBL5726655,CHEMBL240,Voltage-gated inwardly rectifying potassium channel KCNH2,Homo sapiens,B,714903
CHEMBL5788221,C[C@@H]1Cc2c([nH]c3ccccc23)[C@@H](c2c(F)ccc(OCCN(C)CCCF)c2F)N1CC1(F)COC1,IC50,=,4300.0,nM,5.366531544420413,5.37,CHEMBL5735028,CHEMBL5727625,CHEMBL240,Voltage-gated inwardly rectifying potassium channel KCNH2,Homo sapiens,B,887798
CHEMBL5788221,C[C@@H]1Cc2c([nH]c3ccccc23)[C@@H](c2c(F)ccc(OCCN(C)CCCF)c2F)N1CC1(F)COC1,IC50,=,4300.0,nM,5.366531544420413,5.37,CHEMBL5737036,CHEMBL5728574,CHEMBL240,Voltage-gated inwardly rectifying potassium channel KCNH2,Homo sapiens,B,1062343
CHEMBL5789323,C[C@@H]1Cc2c([nH]c3ccccc23)[C@@H](c2nccc(OCCNCCCF)c2F)N1CC1(F)CC1,IC50,=,20000.0,nM,4.698970004336019,4.7,CHEMBL5733101,CHEMBL5726655,CHEMBL240,Voltage-gated inwardly rectifying potassium channel KCNH2,Homo sapiens,B,714871
CHEMBL5789323,C[C@@H]1Cc2c([nH]c3ccccc23)[C@@H](c2nccc(OCCNCCCF)c2F)N1CC1(F)CC1,IC50,=,20000.0,nM,4.698970004336019,4.7,CHEMBL5735028,CHEMBL5727625,CHEMBL240,Voltage-gated inwardly rectifying potassium channel KCNH2,Homo sapiens,B,887766
CHEMBL5789323,C[C@@H]1Cc2c([nH]c3ccccc23)[C@@H](c2nccc(OCCNCCCF)c2F)N1CC1(F)CC1,IC50,=,20000.0,nM,4.698970004336019,4.7,CHEMBL5737036,CHEMBL5728574,CHEMBL240,Voltage-gated inwardly rectifying potassium channel KCNH2,Homo sapiens,B,1062279
CHEMBL5790288,Clc1ccc(-n2cc(Cn3ccnc3C3CC3)nn2)cc1,IC50,=,95.8,nM,7.018634490921455,7.02,CHEMBL5733977,CHEMBL5727077,CHEMBL240,Voltage-gated inwardly rectifying potassium channel KCNH2,Homo sapiens,B,792977
CHEMBL5790288,Clc1ccc(-n2cc(Cn3ccnc3C3CC3)nn2)cc1,IC50,=,95.8,nM,7.018634490921455,7.02,CHEMBL5734036,CHEMBL5727110,CHEMBL240,Voltage-gated inwardly rectifying potassium channel KCNH2,Homo sapiens,B,796379
CHEMBL579072,CC1(C)Oc2c(CN3CCC4(CC3)CCN(C(=O)c3ccc(N)cn3)CC4)cccc2C1(F)F,IC50,=,30902.95,nM,4.510000060783276,4.51,CHEMBL1045843,CHEMBL1154736,CHEMBL240,Voltage-gated inwardly rectifying potassium channel KCNH2,Homo sapiens,B,
CHEMBL579072,CC1(C)Oc2c(CN3CCC4(CC3)CCN(C(=O)c3ccc(N)cn3)CC4)cccc2C1(F)F,IC50,=,47863.01,nM,4.319999993033794,4.32,CHEMBL1036929,CHEMBL1154736,CHEMBL240,Voltage-gated inwardly rectifying potassium channel KCNH2,Homo sapiens,B,
CHEMBL5792092,Nc1nccn1Cc1cn(-c2cc(F)cc(C(F)F)c2)nn1,IC50,=,2.13,nM,8.671620396561263,8.67,CHEMBL5733977,CHEMBL5727077,CHEMBL240,Voltage-gated inwardly rectifying potassium channel KCNH2,Homo sapiens,B,793057
CHEMBL5792092,Nc1nccn1Cc1cn(-c2cc(F)cc(C(F)F)c2)nn1,IC50,=,2.13,nM,8.671620396561263,8.67,CHEMBL5734036,CHEMBL5727110,CHEMBL240,Voltage-gated inwardly rectifying potassium channel KCNH2,Homo sapiens,B,796459
CHEMBL5792644,C[C@@H]1Cc2c([nH]c3ccccc23)[C@@H](c2ccnc(OCCNCCCF)c2)N1CC(F)(F)F,IC50,=,7200.0,nM,5.142667503568731,5.14,CHEMBL5733101,CHEMBL5726655,CHEMBL240,Voltage-gated inwardly rectifying potassium channel KCNH2,Homo sapiens,B,714874
CHEMBL5792644,C[C@@H]1Cc2c([nH]c3ccccc23)[C@@H](c2ccnc(OCCNCCCF)c2)N1CC(F)(F)F,IC50,=,7200.0,nM,5.142667503568731,5.14,CHEMBL5735028,CHEMBL5727625,CHEMBL240,Voltage-gated inwardly rectifying potassium channel KCNH2,Homo sapiens,B,887769
CHEMBL5792644,C[C@@H]1Cc2c([nH]c3ccccc23)[C@@H](c2ccnc(OCCNCCCF)c2)N1CC(F)(F)F,IC50,=,7200.0,nM,5.142667503568731,5.14,CHEMBL5737036,CHEMBL5728574,CHEMBL240,Voltage-gated inwardly rectifying potassium channel KCNH2,Homo sapiens,B,1062285
CHEMBL5793973,C[C@@H]1Cc2c([nH]c3ccccc23)[C@@H](c2c(F)cnc(OCCNCCCF)c2F)N1CC(F)(F)CO,IC50,=,6100.0,nM,5.214670164989233,5.21,CHEMBL5733101,CHEMBL5726655,CHEMBL240,Voltage-gated inwardly rectifying potassium channel KCNH2,Homo sapiens,B,714838
CHEMBL5793973,C[C@@H]1Cc2c([nH]c3ccccc23)[C@@H](c2c(F)cnc(OCCNCCCF)c2F)N1CC(F)(F)CO,IC50,=,6100.0,nM,5.214670164989233,5.21,CHEMBL5735028,CHEMBL5727625,CHEMBL240,Voltage-gated inwardly rectifying potassium channel KCNH2,Homo sapiens,B,887733
CHEMBL5793973,C[C@@H]1Cc2c([nH]c3ccccc23)[C@@H](c2c(F)cnc(OCCNCCCF)c2F)N1CC(F)(F)CO,IC50,=,6100.0,nM,5.214670164989233,5.21,CHEMBL5737036,CHEMBL5728574,CHEMBL240,Voltage-gated inwardly rectifying potassium channel KCNH2,Homo sapiens,B,1062344
CHEMBL5794076,C[C@@H]1Cc2c([nH]c3ccccc23)[C@@H](c2nccc(OCCNCCCF)c2F)N1CC(F)(F)CO,IC50,=,18000.0,nM,4.7447274948966935,4.75,CHEMBL5733101,CHEMBL5726655,CHEMBL240,Voltage-gated inwardly rectifying potassium channel KCNH2,Homo sapiens,B,714869
CHEMBL5794076,C[C@@H]1Cc2c([nH]c3ccccc23)[C@@H](c2nccc(OCCNCCCF)c2F)N1CC(F)(F)CO,IC50,=,18000.0,nM,4.7447274948966935,4.75,CHEMBL5735028,CHEMBL5727625,CHEMBL240,Voltage-gated inwardly rectifying potassium channel KCNH2,Homo sapiens,B,887764
CHEMBL5794076,C[C@@H]1Cc2c([nH]c3ccccc23)[C@@H](c2nccc(OCCNCCCF)c2F)N1CC(F)(F)CO,IC50,=,18000.0,nM,4.7447274948966935,4.75,CHEMBL5737036,CHEMBL5728574,CHEMBL240,Voltage-gated inwardly rectifying potassium channel KCNH2,Homo sapiens,B,1062275
CHEMBL5794270,Clc1ccc(-n2cc(Cn3ccnc3C3CC3)nn2)c(Cl)c1,IC50,=,1620.0,nM,5.790484985457369,5.79,CHEMBL5733977,CHEMBL5727077,CHEMBL240,Voltage-gated inwardly rectifying potassium channel KCNH2,Homo sapiens,B,793008
CHEMBL5794270,Clc1ccc(-n2cc(Cn3ccnc3C3CC3)nn2)c(Cl)c1,IC50,=,1620.0,nM,5.790484985457369,5.79,CHEMBL5734036,CHEMBL5727110,CHEMBL240,Voltage-gated inwardly rectifying potassium channel KCNH2,Homo sapiens,B,796410
CHEMBL5795063,Cc1cc(C(=O)Nc2ccc([C@H]3CNCCO3)cc2)ccn1,IC50,=,518200.0,nM,3.285502591350194,,CHEMBL5734655,CHEMBL5727433,CHEMBL240,Voltage-gated inwardly rectifying potassium channel KCNH2,Homo sapiens,B,852534
CHEMBL5795063,Cc1cc(C(=O)Nc2ccc([C@H]3CNCCO3)cc2)ccn1,IC50,=,518200.0,nM,3.285502591350194,,CHEMBL5738029,CHEMBL5729081,CHEMBL240,Voltage-gated inwardly rectifying potassium channel KCNH2,Homo sapiens,B,1163427
CHEMBL5796450,Cc1c(OCCNCCCF)ccc(F)c1[C@@H]1c2[nH]c3ccccc3c2C[C@@H](C)N1CCC#N,IC50,=,2400.0,nM,5.619788758288394,5.62,CHEMBL5733101,CHEMBL5726655,CHEMBL240,Voltage-gated inwardly rectifying potassium channel KCNH2,Homo sapiens,B,714859
CHEMBL5796450,Cc1c(OCCNCCCF)ccc(F)c1[C@@H]1c2[nH]c3ccccc3c2C[C@@H](C)N1CCC#N,IC50,=,2400.0,nM,5.619788758288394,5.62,CHEMBL5735028,CHEMBL5727625,CHEMBL240,Voltage-gated inwardly rectifying potassium channel KCNH2,Homo sapiens,B,887754
CHEMBL5796450,Cc1c(OCCNCCCF)ccc(F)c1[C@@H]1c2[nH]c3ccccc3c2C[C@@H](C)N1CCC#N,IC50,=,2400.0,nM,5.619788758288394,5.62,CHEMBL5737036,CHEMBL5728574,CHEMBL240,Voltage-gated inwardly rectifying potassium channel KCNH2,Homo sapiens,B,1062255
CHEMBL5798072,CNCC(Cc1cccnc1)c1ccc2ccccc2c1,IC50,=,20000.0,nM,4.698970004336019,4.7,CHEMBL5733769,CHEMBL5726960,CHEMBL240,Voltage-gated inwardly rectifying potassium channel KCNH2,Homo sapiens,B,776391
CHEMBL5798072,CNCC(Cc1cccnc1)c1ccc2ccccc2c1,IC50,=,33000.0,nM,4.481486060122113,4.48,CHEMBL5733769,CHEMBL5726960,CHEMBL240,Voltage-gated inwardly rectifying potassium channel KCNH2,Homo sapiens,B,776250
CHEMBL5798112,CCCCc1nccn1Cc1cn(-c2ccc(F)c(C(F)F)c2)nn1,IC50,=,4.29,nM,8.367542707815275,8.37,CHEMBL5733977,CHEMBL5727077,CHEMBL240,Voltage-gated inwardly rectifying potassium channel KCNH2,Homo sapiens,B,793034
CHEMBL5798112,CCCCc1nccn1Cc1cn(-c2ccc(F)c(C(F)F)c2)nn1,IC50,=,4.29,nM,8.367542707815275,8.37,CHEMBL5734036,CHEMBL5727110,CHEMBL240,Voltage-gated inwardly rectifying potassium channel KCNH2,Homo sapiens,B,796436
CHEMBL5799995,COCc1ccc(OCCNCCCF)cc1[C@@H]1c2[nH]c3ccccc3c2C[C@@H](C)N1CC(F)(F)F,IC50,=,5800.0,nM,5.236572006437063,5.24,CHEMBL5733101,CHEMBL5726655,CHEMBL240,Voltage-gated inwardly rectifying potassium channel KCNH2,Homo sapiens,B,714845
CHEMBL5799995,COCc1ccc(OCCNCCCF)cc1[C@@H]1c2[nH]c3ccccc3c2C[C@@H](C)N1CC(F)(F)F,IC50,=,5800.0,nM,5.236572006437063,5.24,CHEMBL5735028,CHEMBL5727625,CHEMBL240,Voltage-gated inwardly rectifying potassium channel KCNH2,Homo sapiens,B,887740
CHEMBL5799995,COCc1ccc(OCCNCCCF)cc1[C@@H]1c2[nH]c3ccccc3c2C[C@@H](C)N1CC(F)(F)F,IC50,=,5800.0,nM,5.236572006437063,5.24,CHEMBL5737036,CHEMBL5728574,CHEMBL240,Voltage-gated inwardly rectifying potassium channel KCNH2,Homo sapiens,B,1062357
CHEMBL5802422,C[C@@H]1Cc2c([nH]c3ccccc23)[C@@H](c2c(F)cnc(OCCNCCCF)c2F)N1CC1(F)CC1,IC50,=,6000.0,nM,5.221848749616356,5.22,CHEMBL5733101,CHEMBL5726655,CHEMBL240,Voltage-gated inwardly rectifying potassium channel KCNH2,Homo sapiens,B,714880
CHEMBL5802422,C[C@@H]1Cc2c([nH]c3ccccc23)[C@@H](c2c(F)cnc(OCCNCCCF)c2F)N1CC1(F)CC1,IC50,=,6000.0,nM,5.221848749616356,5.22,CHEMBL5735028,CHEMBL5727625,CHEMBL240,Voltage-gated inwardly rectifying potassium channel KCNH2,Homo sapiens,B,887775
CHEMBL5802422,C[C@@H]1Cc2c([nH]c3ccccc23)[C@@H](c2c(F)cnc(OCCNCCCF)c2F)N1CC1(F)CC1,IC50,=,6000.0,nM,5.221848749616356,5.22,CHEMBL5737036,CHEMBL5728574,CHEMBL240,Voltage-gated inwardly rectifying potassium channel KCNH2,Homo sapiens,B,1062297
CHEMBL5804138,COc1ccc(OCCNCCCF)cc1[C@@H]1c2[nH]c3ccc(F)cc3c2C[C@@H](C)N1CC(F)(F)CO,IC50,=,2700.0,nM,5.568636235841012,5.57,CHEMBL5733101,CHEMBL5726655,CHEMBL240,Voltage-gated inwardly rectifying potassium channel KCNH2,Homo sapiens,B,714821
CHEMBL5804138,COc1ccc(OCCNCCCF)cc1[C@@H]1c2[nH]c3ccc(F)cc3c2C[C@@H](C)N1CC(F)(F)CO,IC50,=,2700.0,nM,5.568636235841012,5.57,CHEMBL5735028,CHEMBL5727625,CHEMBL240,Voltage-gated inwardly rectifying potassium channel KCNH2,Homo sapiens,B,887716
CHEMBL5804138,COc1ccc(OCCNCCCF)cc1[C@@H]1c2[nH]c3ccc(F)cc3c2C[C@@H](C)N1CC(F)(F)CO,IC50,=,2700.0,nM,5.568636235841012,5.57,CHEMBL5737036,CHEMBL5728574,CHEMBL240,Voltage-gated inwardly rectifying potassium channel KCNH2,Homo sapiens,B,1062310
CHEMBL5804405,OCCc1nccn1Cc1cn(-c2ccc(Cl)c(Cl)c2)nn1,IC50,=,17.2,nM,7.764471553092451,7.76,CHEMBL5733977,CHEMBL5727077,CHEMBL240,Voltage-gated inwardly rectifying potassium channel KCNH2,Homo sapiens,B,792988
CHEMBL5804405,OCCc1nccn1Cc1cn(-c2ccc(Cl)c(Cl)c2)nn1,IC50,=,17.2,nM,7.764471553092451,7.76,CHEMBL5734036,CHEMBL5727110,CHEMBL240,Voltage-gated inwardly rectifying potassium channel KCNH2,Homo sapiens,B,796390
CHEMBL5804885,FCCc1nccn1Cc1cn(-c2ccc(Cl)c(Cl)c2)nn1,IC50,=,26.2,nM,7.581698708680254,7.58,CHEMBL5733977,CHEMBL5727077,CHEMBL240,Voltage-gated inwardly rectifying potassium channel KCNH2,Homo sapiens,B,792989
CHEMBL5804885,FCCc1nccn1Cc1cn(-c2ccc(Cl)c(Cl)c2)nn1,IC50,=,26.2,nM,7.581698708680254,7.58,CHEMBL5734036,CHEMBL5727110,CHEMBL240,Voltage-gated inwardly rectifying potassium channel KCNH2,Homo sapiens,B,796391
CHEMBL5806385,C[C@@H]1Cc2c([nH]c3ccccc23)[C@@H](c2cc(OCCNCCCF)ccc2C#N)N1CC(F)(F)F,IC50,=,5400.0,nM,5.267606240177031,5.27,CHEMBL5733101,CHEMBL5726655,CHEMBL240,Voltage-gated inwardly rectifying potassium channel KCNH2,Homo sapiens,B,714798
CHEMBL5806385,C[C@@H]1Cc2c([nH]c3ccccc23)[C@@H](c2cc(OCCNCCCF)ccc2C#N)N1CC(F)(F)F,IC50,=,5400.0,nM,5.267606240177031,5.27,CHEMBL5735028,CHEMBL5727625,CHEMBL240,Voltage-gated inwardly rectifying potassium channel KCNH2,Homo sapiens,B,887693
CHEMBL5806385,C[C@@H]1Cc2c([nH]c3ccccc23)[C@@H](c2cc(OCCNCCCF)ccc2C#N)N1CC(F)(F)F,IC50,=,5400.0,nM,5.267606240177031,5.27,CHEMBL5737036,CHEMBL5728574,CHEMBL240,Voltage-gated inwardly rectifying potassium channel KCNH2,Homo sapiens,B,1062264
CHEMBL5806518,COc1ccc(O[C@H](C)CNCCCF)cc1[C@@H]1c2[nH]c3ccccc3c2C[C@@H](C)N1CC(F)(F)CO,IC50,=,3200.0,nM,5.494850021680094,5.5,CHEMBL5733101,CHEMBL5726655,CHEMBL240,Voltage-gated inwardly rectifying potassium channel KCNH2,Homo sapiens,B,714822
CHEMBL5806518,COc1ccc(O[C@H](C)CNCCCF)cc1[C@@H]1c2[nH]c3ccccc3c2C[C@@H](C)N1CC(F)(F)CO,IC50,=,3200.0,nM,5.494850021680094,5.5,CHEMBL5735028,CHEMBL5727625,CHEMBL240,Voltage-gated inwardly rectifying potassium channel KCNH2,Homo sapiens,B,887717
CHEMBL5806518,COc1ccc(O[C@H](C)CNCCCF)cc1[C@@H]1c2[nH]c3ccccc3c2C[C@@H](C)N1CC(F)(F)CO,IC50,=,3200.0,nM,5.494850021680094,5.5,CHEMBL5737036,CHEMBL5728574,CHEMBL240,Voltage-gated inwardly rectifying potassium channel KCNH2,Homo sapiens,B,1062312
CHEMBL5806532,COc1ccc(OCCNCCCF)c(F)c1[C@@H]1c2[nH]c3ccccc3c2C[C@@H](C)N1CC(F)(F)F,IC50,=,4300.0,nM,5.366531544420413,5.37,CHEMBL5735028,CHEMBL5727625,CHEMBL240,Voltage-gated inwardly rectifying potassium channel KCNH2,Homo sapiens,B,887749
CHEMBL5806532,COc1ccc(OCCNCCCF)c(F)c1[C@@H]1c2[nH]c3ccccc3c2C[C@@H](C)N1CC(F)(F)F,IC50,=,5400.0,nM,5.267606240177031,5.27,CHEMBL5733101,CHEMBL5726655,CHEMBL240,Voltage-gated inwardly rectifying potassium channel KCNH2,Homo sapiens,B,714789
CHEMBL5806532,COc1ccc(OCCNCCCF)c(F)c1[C@@H]1c2[nH]c3ccccc3c2C[C@@H](C)N1CC(F)(F)F,IC50,=,5400.0,nM,5.267606240177031,5.27,CHEMBL5735028,CHEMBL5727625,CHEMBL240,Voltage-gated inwardly rectifying potassium channel KCNH2,Homo sapiens,B,887684
CHEMBL5806532,COc1ccc(OCCNCCCF)c(F)c1[C@@H]1c2[nH]c3ccccc3c2C[C@@H](C)N1CC(F)(F)F,IC50,=,5400.0,nM,5.267606240177031,5.27,CHEMBL5737036,CHEMBL5728574,CHEMBL240,Voltage-gated inwardly rectifying potassium channel KCNH2,Homo sapiens,B,1062246
CHEMBL5808148,Fc1cc(-n2cc(Cn3ccnc3C3CC3)nn2)ccc1Cl,IC50,=,31.7,nM,7.498940737782249,7.5,CHEMBL5733977,CHEMBL5727077,CHEMBL240,Voltage-gated inwardly rectifying potassium channel KCNH2,Homo sapiens,B,793009
CHEMBL5808148,Fc1cc(-n2cc(Cn3ccnc3C3CC3)nn2)ccc1Cl,IC50,=,31.7,nM,7.498940737782249,7.5,CHEMBL5734036,CHEMBL5727110,CHEMBL240,Voltage-gated inwardly rectifying potassium channel KCNH2,Homo sapiens,B,796411
CHEMBL5808293,C[C@@H]1Cc2c([nH]c3ccc(F)cc23)[C@@H](c2c(F)cnc(OCCNCCCF)c2F)N1CC(F)(F)CO,IC50,=,9400.0,nM,5.026872146400301,5.03,CHEMBL5733101,CHEMBL5726655,CHEMBL240,Voltage-gated inwardly rectifying potassium channel KCNH2,Homo sapiens,B,714839
CHEMBL5808293,C[C@@H]1Cc2c([nH]c3ccc(F)cc23)[C@@H](c2c(F)cnc(OCCNCCCF)c2F)N1CC(F)(F)CO,IC50,=,9400.0,nM,5.026872146400301,5.03,CHEMBL5735028,CHEMBL5727625,CHEMBL240,Voltage-gated inwardly rectifying potassium channel KCNH2,Homo sapiens,B,887734
CHEMBL5808293,C[C@@H]1Cc2c([nH]c3ccc(F)cc23)[C@@H](c2c(F)cnc(OCCNCCCF)c2F)N1CC(F)(F)CO,IC50,=,9400.0,nM,5.026872146400301,5.03,CHEMBL5737036,CHEMBL5728574,CHEMBL240,Voltage-gated inwardly rectifying potassium channel KCNH2,Homo sapiens,B,1062346
CHEMBL5808304,FC(F)(F)Oc1cccc(-n2cc(Cn3ccnc3C3CC3)nn2)c1,IC50,=,34.5,nM,7.462180904926726,7.46,CHEMBL5733977,CHEMBL5727077,CHEMBL240,Voltage-gated inwardly rectifying potassium channel KCNH2,Homo sapiens,B,793015
CHEMBL5808304,FC(F)(F)Oc1cccc(-n2cc(Cn3ccnc3C3CC3)nn2)c1,IC50,=,34.5,nM,7.462180904926726,7.46,CHEMBL5734036,CHEMBL5727110,CHEMBL240,Voltage-gated inwardly rectifying potassium channel KCNH2,Homo sapiens,B,796417
CHEMBL5808945,CN1CCN(c2ncc(C(=O)Nc3cc(-c4cccs4)ccc3N)s2)CC1,IC50,=,70000.0,nM,4.154901959985743,4.16,CHEMBL5735720,CHEMBL5727940,CHEMBL240,Voltage-gated inwardly rectifying potassium channel KCNH2,Homo sapiens,B,951746
CHEMBL5808945,CN1CCN(c2ncc(C(=O)Nc3cc(-c4cccs4)ccc3N)s2)CC1,IC50,=,70000.0,nM,4.154901959985743,4.16,CHEMBL5738851,CHEMBL5729514,CHEMBL240,Voltage-gated inwardly rectifying potassium channel KCNH2,Homo sapiens,B,1236140
CHEMBL5810295,C[C@@H]1Cc2c(ccc3[nH]ncc23)[C@@H](c2cnc(NC3CN(CCCF)C3)cn2)N1CC(F)F,IC50,=,2.7,nM,8.568636235841012,8.57,CHEMBL5735025,CHEMBL5727624,CHEMBL240,Voltage-gated inwardly rectifying potassium channel KCNH2,Homo sapiens,B,887444
CHEMBL5810295,C[C@@H]1Cc2c(ccc3[nH]ncc23)[C@@H](c2cnc(NC3CN(CCCF)C3)cn2)N1CC(F)F,IC50,=,13000.0,nM,4.886056647693163,4.89,CHEMBL5731674,CHEMBL5725903,CHEMBL240,Voltage-gated inwardly rectifying potassium channel KCNH2,Homo sapiens,B,576036
CHEMBL5812119,Cc1ccc(C(F)(F)CN2CCC(Nc3ncnc4[nH]ccc34)CC2)nc1,IC50,=,11400.0,nM,4.943095148663527,4.94,CHEMBL5731381,CHEMBL5725728,CHEMBL240,Voltage-gated inwardly rectifying potassium channel KCNH2,Homo sapiens,B,548526
CHEMBL5812119,Cc1ccc(C(F)(F)CN2CCC(Nc3ncnc4[nH]ccc34)CC2)nc1,IC50,=,11400.0,nM,4.943095148663527,4.94,CHEMBL5733885,CHEMBL5727025,CHEMBL240,Voltage-gated inwardly rectifying potassium channel KCNH2,Homo sapiens,B,786584
CHEMBL5812119,Cc1ccc(C(F)(F)CN2CCC(Nc3ncnc4[nH]ccc34)CC2)nc1,IC50,=,11400.0,nM,4.943095148663527,4.94,CHEMBL5734394,CHEMBL5727305,CHEMBL240,Voltage-gated inwardly rectifying potassium channel KCNH2,Homo sapiens,B,825447
CHEMBL5817627,Cc1ccc(CCN2CCC(Nc3ncnc4[nH]ncc34)C(F)(F)C2)cc1,IC50,=,15500.0,nM,4.809668301829708,4.81,CHEMBL5733108,CHEMBL5726660,CHEMBL240,Voltage-gated inwardly rectifying potassium channel KCNH2,Homo sapiens,B,715411
CHEMBL5817627,Cc1ccc(CCN2CCC(Nc3ncnc4[nH]ncc34)C(F)(F)C2)cc1,IC50,=,21900.0,nM,4.6595558851598815,4.66,CHEMBL5733108,CHEMBL5726660,CHEMBL240,Voltage-gated inwardly rectifying potassium channel KCNH2,Homo sapiens,B,715409
CHEMBL5818403,C[C@@H]1Cc2c([nH]c3ccccc23)[C@@](C)(c2cccc(OCCNCCCF)c2)N1CC(F)(F)F,IC50,=,7700.0,nM,5.113509274827518,5.11,CHEMBL5733101,CHEMBL5726655,CHEMBL240,Voltage-gated inwardly rectifying potassium channel KCNH2,Homo sapiens,B,714848
CHEMBL5818403,C[C@@H]1Cc2c([nH]c3ccccc23)[C@@](C)(c2cccc(OCCNCCCF)c2)N1CC(F)(F)F,IC50,=,7700.0,nM,5.113509274827518,5.11,CHEMBL5735028,CHEMBL5727625,CHEMBL240,Voltage-gated inwardly rectifying potassium channel KCNH2,Homo sapiens,B,887743
CHEMBL5818403,C[C@@H]1Cc2c([nH]c3ccccc23)[C@@](C)(c2cccc(OCCNCCCF)c2)N1CC(F)(F)F,IC50,=,7700.0,nM,5.113509274827518,5.11,CHEMBL5737036,CHEMBL5728574,CHEMBL240,Voltage-gated inwardly rectifying potassium channel KCNH2,Homo sapiens,B,1062360
CHEMBL5818494,Cc1nccn1Cc1cn(-c2cccc(C(F)(F)F)c2)nn1,IC50,=,17.4,nM,7.7594507517174005,7.76,CHEMBL5733977,CHEMBL5727077,CHEMBL240,Voltage-gated inwardly rectifying potassium channel KCNH2,Homo sapiens,B,793006
CHEMBL5818494,Cc1nccn1Cc1cn(-c2cccc(C(F)(F)F)c2)nn1,IC50,=,17.4,nM,7.7594507517174005,7.76,CHEMBL5734036,CHEMBL5727110,CHEMBL240,Voltage-gated inwardly rectifying potassium channel KCNH2,Homo sapiens,B,796408
CHEMBL5821554,COc1ccc(OC[C@H](C)NCCCF)cc1[C@@H]1c2[nH]c3ccccc3c2C[C@@H](C)N1CC(F)(F)CO,IC50,=,5600.0,nM,5.251811972993799,5.25,CHEMBL5733101,CHEMBL5726655,CHEMBL240,Voltage-gated inwardly rectifying potassium channel KCNH2,Homo sapiens,B,714824
CHEMBL5821554,COc1ccc(OC[C@H](C)NCCCF)cc1[C@@H]1c2[nH]c3ccccc3c2C[C@@H](C)N1CC(F)(F)CO,IC50,=,5600.0,nM,5.251811972993799,5.25,CHEMBL5735028,CHEMBL5727625,CHEMBL240,Voltage-gated inwardly rectifying potassium channel KCNH2,Homo sapiens,B,887719
CHEMBL5821554,COc1ccc(OC[C@H](C)NCCCF)cc1[C@@H]1c2[nH]c3ccccc3c2C[C@@H](C)N1CC(F)(F)CO,IC50,=,5600.0,nM,5.251811972993799,5.25,CHEMBL5737036,CHEMBL5728574,CHEMBL240,Voltage-gated inwardly rectifying potassium channel KCNH2,Homo sapiens,B,1062316
CHEMBL5821714,Fc1ccc(C(F)(F)CN2CCC(Nc3ncnc4[nH]ccc34)CC2)cc1,IC50,=,4500.0,nM,5.346787486224656,5.35,CHEMBL5731381,CHEMBL5725728,CHEMBL240,Voltage-gated inwardly rectifying potassium channel KCNH2,Homo sapiens,B,548536
CHEMBL5821714,Fc1ccc(C(F)(F)CN2CCC(Nc3ncnc4[nH]ccc34)CC2)cc1,IC50,=,4500.0,nM,5.346787486224656,5.35,CHEMBL5733885,CHEMBL5727025,CHEMBL240,Voltage-gated inwardly rectifying potassium channel KCNH2,Homo sapiens,B,786589
CHEMBL5821714,Fc1ccc(C(F)(F)CN2CCC(Nc3ncnc4[nH]ccc34)CC2)cc1,IC50,=,4500.0,nM,5.346787486224656,5.35,CHEMBL5734394,CHEMBL5727305,CHEMBL240,Voltage-gated inwardly rectifying potassium channel KCNH2,Homo sapiens,B,825457
CHEMBL5823395,CCCCc1nccn1Cc1cn(-c2ccc(F)c(Cl)c2)nn1,IC50,=,7.68,nM,8.114638779968487,8.12,CHEMBL5733977,CHEMBL5727077,CHEMBL240,Voltage-gated inwardly rectifying potassium channel KCNH2,Homo sapiens,B,792993
CHEMBL5823395,CCCCc1nccn1Cc1cn(-c2ccc(F)c(Cl)c2)nn1,IC50,=,7.68,nM,8.114638779968487,8.12,CHEMBL5734036,CHEMBL5727110,CHEMBL240,Voltage-gated inwardly rectifying potassium channel KCNH2,Homo sapiens,B,796395
CHEMBL5824583,Clc1ccc(-n2c(-c3cnc(N4CCOCC4)nc3)cc3ccncc32)cc1,IC50,=,550.0,nM,6.259637310505756,6.26,CHEMBL5734464,CHEMBL5727342,CHEMBL240,Voltage-gated inwardly rectifying potassium channel KCNH2,Homo sapiens,B,830442
CHEMBL5824583,Clc1ccc(-n2c(-c3cnc(N4CCOCC4)nc3)cc3ccncc32)cc1,IC50,=,550.0,nM,6.259637310505756,6.26,CHEMBL5734466,CHEMBL5727343,CHEMBL240,Voltage-gated inwardly rectifying potassium channel KCNH2,Homo sapiens,B,830655
CHEMBL5824583,Clc1ccc(-n2c(-c3cnc(N4CCOCC4)nc3)cc3ccncc32)cc1,IC50,=,550.0,nM,6.259637310505756,6.26,CHEMBL5735756,CHEMBL5727959,CHEMBL240,Voltage-gated inwardly rectifying potassium channel KCNH2,Homo sapiens,B,955369
CHEMBL5825577,O=C(Nc1ccc([C@H]2CNCCO2)cc1)c1ccnc(Cl)c1,IC50,=,81710.0,nM,4.087724789501188,4.09,CHEMBL5734655,CHEMBL5727433,CHEMBL240,Voltage-gated inwardly rectifying potassium channel KCNH2,Homo sapiens,B,852498
CHEMBL5825577,O=C(Nc1ccc([C@H]2CNCCO2)cc1)c1ccnc(Cl)c1,IC50,=,81710.0,nM,4.087724789501188,4.09,CHEMBL5738029,CHEMBL5729081,CHEMBL240,Voltage-gated inwardly rectifying potassium channel KCNH2,Homo sapiens,B,1163391
CHEMBL5825800,Clc1ccc(-n2c(-c3ccc(Cn4ccnc4)cc3)nc3ccncc32)cc1,IC50,=,5500.0,nM,5.259637310505756,5.26,CHEMBL5734464,CHEMBL5727342,CHEMBL240,Voltage-gated inwardly rectifying potassium channel KCNH2,Homo sapiens,B,830411
CHEMBL5825800,Clc1ccc(-n2c(-c3ccc(Cn4ccnc4)cc3)nc3ccncc32)cc1,IC50,=,5500.0,nM,5.259637310505756,5.26,CHEMBL5734466,CHEMBL5727343,CHEMBL240,Voltage-gated inwardly rectifying potassium channel KCNH2,Homo sapiens,B,830624
CHEMBL5825800,Clc1ccc(-n2c(-c3ccc(Cn4ccnc4)cc3)nc3ccncc32)cc1,IC50,=,5500.0,nM,5.259637310505756,5.26,CHEMBL5735756,CHEMBL5727959,CHEMBL240,Voltage-gated inwardly rectifying potassium channel KCNH2,Homo sapiens,B,955338
CHEMBL5826693,Cc1nccn1CCN1CCC2(CC1)COC1c3cc(Cl)ccc3OC(C)(C)C1C2,IC50,=,800.0,nM,6.096910013008056,6.1,CHEMBL5735953,CHEMBL5728060,CHEMBL240,Voltage-gated inwardly rectifying potassium channel KCNH2,Homo sapiens,B,971782
CHEMBL5826693,Cc1nccn1CCN1CCC2(CC1)COC1c3cc(Cl)ccc3OC(C)(C)C1C2,IC50,=,1200.0,nM,5.920818753952375,5.92,CHEMBL5735953,CHEMBL5728060,CHEMBL240,Voltage-gated inwardly rectifying potassium channel KCNH2,Homo sapiens,B,971780
CHEMBL5826693,Cc1nccn1CCN1CCC2(CC1)COC1c3cc(Cl)ccc3OC(C)(C)C1C2,IC50,=,1900.0,nM,5.721246399047171,5.72,CHEMBL5735953,CHEMBL5728060,CHEMBL240,Voltage-gated inwardly rectifying potassium channel KCNH2,Homo sapiens,B,971781
CHEMBL5829328,OCc1nccn1Cc1cn(-c2ccc(Cl)cc2)nn1,IC50,=,573.0,nM,6.24184537803261,6.24,CHEMBL5733977,CHEMBL5727077,CHEMBL240,Voltage-gated inwardly rectifying potassium channel KCNH2,Homo sapiens,B,792976
CHEMBL5829328,OCc1nccn1Cc1cn(-c2ccc(Cl)cc2)nn1,IC50,=,573.0,nM,6.24184537803261,6.24,CHEMBL5734036,CHEMBL5727110,CHEMBL240,Voltage-gated inwardly rectifying potassium channel KCNH2,Homo sapiens,B,796378
CHEMBL583,Cc1c(F)c(N2CCNC(C)C2)cc2c1c(=O)c(C(=O)O)cn2C1CC1,IC50,=,50000.0,nM,4.301029995663981,4.3,CHEMBL768686,CHEMBL1145042,CHEMBL240,Voltage-gated inwardly rectifying potassium channel KCNH2,Homo sapiens,B,
CHEMBL583,Cc1c(F)c(N2CCNC(C)C2)cc2c1c(=O)c(C(=O)O)cn2C1CC1,IC50,=,50000.0,nM,4.301029995663981,4.3,CHEMBL2400450,CHEMBL2396647,CHEMBL240,Voltage-gated inwardly rectifying potassium channel KCNH2,Homo sapiens,B,
CHEMBL583,Cc1c(F)c(N2CCNC(C)C2)cc2c1c(=O)c(C(=O)O)cn2C1CC1,IC50,=,50118.72,nM,4.300000029139089,4.3,CHEMBL766814,CHEMBL1136167,CHEMBL240,Voltage-gated inwardly rectifying potassium channel KCNH2,Homo sapiens,B,
CHEMBL583,Cc1c(F)c(N2CCNC(C)C2)cc2c1c(=O)c(C(=O)O)cn2C1CC1,IC50,=,50118.72,nM,4.300000029139089,4.3,CHEMBL829152,CHEMBL1139598,CHEMBL240,Voltage-gated inwardly rectifying potassium channel KCNH2,Homo sapiens,B,
CHEMBL583,Cc1c(F)c(N2CCNC(C)C2)cc2c1c(=O)c(C(=O)O)cn2C1CC1,IC50,=,50118.72,nM,4.300000029139089,4.3,CHEMBL954102,CHEMBL1150324,CHEMBL240,Voltage-gated inwardly rectifying potassium channel KCNH2,Homo sapiens,B,
CHEMBL583,Cc1c(F)c(N2CCNC(C)C2)cc2c1c(=O)c(C(=O)O)cn2C1CC1,IC50,=,50118.72,nM,4.300000029139089,4.3,CHEMBL1676103,CHEMBL1671772,CHEMBL240,Voltage-gated inwardly rectifying potassium channel KCNH2,Homo sapiens,B,
CHEMBL583,Cc1c(F)c(N2CCNC(C)C2)cc2c1c(=O)c(C(=O)O)cn2C1CC1,IC50,=,77624.71,nM,4.110000009303415,4.11,CHEMBL832277,CHEMBL1142050,CHEMBL240,Voltage-gated inwardly rectifying potassium channel KCNH2,Homo sapiens,F,
CHEMBL583,Cc1c(F)c(N2CCNC(C)C2)cc2c1c(=O)c(C(=O)O)cn2C1CC1,IC50,=,77624.71,nM,4.110000009303415,4.11,CHEMBL1023674,CHEMBL1158373,CHEMBL240,Voltage-gated inwardly rectifying potassium channel KCNH2,Homo sapiens,B,
CHEMBL583,Cc1c(F)c(N2CCNC(C)C2)cc2c1c(=O)c(C(=O)O)cn2C1CC1,IC50,=,104000.0,nM,3.9829666607012193,,CHEMBL662305,CHEMBL1135758,CHEMBL240,Voltage-gated inwardly rectifying potassium channel KCNH2,Homo sapiens,F,
CHEMBL5830899,Fc1ccc(-n2c(-c3cnc(NCC4CC4)nc3)nc3ccncc32)cc1,IC50,=,5500.0,nM,5.259637310505756,5.26,CHEMBL5734464,CHEMBL5727342,CHEMBL240,Voltage-gated inwardly rectifying potassium channel KCNH2,Homo sapiens,B,830400
CHEMBL5830899,Fc1ccc(-n2c(-c3cnc(NCC4CC4)nc3)nc3ccncc32)cc1,IC50,=,5500.0,nM,5.259637310505756,5.26,CHEMBL5734466,CHEMBL5727343,CHEMBL240,Voltage-gated inwardly rectifying potassium channel KCNH2,Homo sapiens,B,830613
CHEMBL5830899,Fc1ccc(-n2c(-c3cnc(NCC4CC4)nc3)nc3ccncc32)cc1,IC50,=,5500.0,nM,5.259637310505756,5.26,CHEMBL5735756,CHEMBL5727959,CHEMBL240,Voltage-gated inwardly rectifying potassium channel KCNH2,Homo sapiens,B,955327
CHEMBL5832006,Cc1c(OCCNCCCF)cncc1[C@@H]1c2[nH]c3ccccc3c2C[C@@H](C)N1CC(F)(F)F,IC50,=,5000.0,nM,5.301029995663981,5.3,CHEMBL5733101,CHEMBL5726655,CHEMBL240,Voltage-gated inwardly rectifying potassium channel KCNH2,Homo sapiens,B,714813
CHEMBL5832006,Cc1c(OCCNCCCF)cncc1[C@@H]1c2[nH]c3ccccc3c2C[C@@H](C)N1CC(F)(F)F,IC50,=,5000.0,nM,5.301029995663981,5.3,CHEMBL5735028,CHEMBL5727625,CHEMBL240,Voltage-gated inwardly rectifying potassium channel KCNH2,Homo sapiens,B,887708
CHEMBL5832006,Cc1c(OCCNCCCF)cncc1[C@@H]1c2[nH]c3ccccc3c2C[C@@H](C)N1CC(F)(F)F,IC50,=,5000.0,nM,5.301029995663981,5.3,CHEMBL5737036,CHEMBL5728574,CHEMBL240,Voltage-gated inwardly rectifying potassium channel KCNH2,Homo sapiens,B,1062294
CHEMBL583212,O=C(c1ccncc1)N1CCC2(CCN(Cc3ccccc3OC(F)(F)C(F)F)CC2)CC1,IC50,=,5128.61,nM,5.290000325166602,5.29,CHEMBL1045843,CHEMBL1154736,CHEMBL240,Voltage-gated inwardly rectifying potassium channel KCNH2,Homo sapiens,B,
CHEMBL583212,O=C(c1ccncc1)N1CCC2(CCN(Cc3ccccc3OC(F)(F)C(F)F)CC2)CC1,IC50,=,16982.44,nM,4.769999911123512,4.77,CHEMBL1036929,CHEMBL1154736,CHEMBL240,Voltage-gated inwardly rectifying potassium channel KCNH2,Homo sapiens,B,
CHEMBL5832261,C[C@@H]1Cc2c([nH]c3ccccc23)[C@@H](c2c(F)c(F)cc(OCCNCCCF)c2F)N1CC(F)(F)F,IC50,=,5800.0,nM,5.236572006437063,5.24,CHEMBL5733101,CHEMBL5726655,CHEMBL240,Voltage-gated inwardly rectifying potassium channel KCNH2,Homo sapiens,B,714807
CHEMBL5832261,C[C@@H]1Cc2c([nH]c3ccccc23)[C@@H](c2c(F)c(F)cc(OCCNCCCF)c2F)N1CC(F)(F)F,IC50,=,5800.0,nM,5.236572006437063,5.24,CHEMBL5735028,CHEMBL5727625,CHEMBL240,Voltage-gated inwardly rectifying potassium channel KCNH2,Homo sapiens,B,887702
CHEMBL5832261,C[C@@H]1Cc2c([nH]c3ccccc23)[C@@H](c2c(F)c(F)cc(OCCNCCCF)c2F)N1CC(F)(F)F,IC50,=,5800.0,nM,5.236572006437063,5.24,CHEMBL5737036,CHEMBL5728574,CHEMBL240,Voltage-gated inwardly rectifying potassium channel KCNH2,Homo sapiens,B,1062282
CHEMBL5834106,C[C@@H]1Cc2c([nH]c3cccc(F)c23)[C@@H](c2c(F)ccc(OCCNCCCF)c2F)N1CC(F)(F)CO,IC50,=,5000.0,nM,5.301029995663981,5.3,CHEMBL5733101,CHEMBL5726655,CHEMBL240,Voltage-gated inwardly rectifying potassium channel KCNH2,Homo sapiens,B,714836
CHEMBL5834106,C[C@@H]1Cc2c([nH]c3cccc(F)c23)[C@@H](c2c(F)ccc(OCCNCCCF)c2F)N1CC(F)(F)CO,IC50,=,5000.0,nM,5.301029995663981,5.3,CHEMBL5735028,CHEMBL5727625,CHEMBL240,Voltage-gated inwardly rectifying potassium channel KCNH2,Homo sapiens,B,887731
CHEMBL5834106,C[C@@H]1Cc2c([nH]c3cccc(F)c23)[C@@H](c2c(F)ccc(OCCNCCCF)c2F)N1CC(F)(F)CO,IC50,=,5000.0,nM,5.301029995663981,5.3,CHEMBL5737036,CHEMBL5728574,CHEMBL240,Voltage-gated inwardly rectifying potassium channel KCNH2,Homo sapiens,B,1062340
CHEMBL5834447,CC(F)(F)c1cc(-n2cc(Cn3ccnc3CCO)nn2)ccc1F,IC50,=,8.08,nM,8.092588639225413,8.09,CHEMBL5733977,CHEMBL5727077,CHEMBL240,Voltage-gated inwardly rectifying potassium channel KCNH2,Homo sapiens,B,793054
CHEMBL5834447,CC(F)(F)c1cc(-n2cc(Cn3ccnc3CCO)nn2)ccc1F,IC50,=,8.08,nM,8.092588639225413,8.09,CHEMBL5734036,CHEMBL5727110,CHEMBL240,Voltage-gated inwardly rectifying potassium channel KCNH2,Homo sapiens,B,796456
CHEMBL583621,CC1(C)Cc2c(CN3CCC4(CC3)CCN(C(=O)c3ccncc3)CC4)cccc2O1,IC50,=,7079.46,nM,5.149999867728904,5.15,CHEMBL1045843,CHEMBL1154736,CHEMBL240,Voltage-gated inwardly rectifying potassium channel KCNH2,Homo sapiens,B,
CHEMBL583621,CC1(C)Cc2c(CN3CCC4(CC3)CCN(C(=O)c3ccncc3)CC4)cccc2O1,IC50,=,30199.52,nM,4.519999959791458,4.52,CHEMBL1036929,CHEMBL1154736,CHEMBL240,Voltage-gated inwardly rectifying potassium channel KCNH2,Homo sapiens,B,
CHEMBL5837180,COc1ccc(NCCNCCCF)nc1[C@@H]1c2[nH]c3ccccc3c2C[C@@H](C)N1CC(F)(F)F,IC50,=,3100.0,nM,5.508638306165727,5.51,CHEMBL5733101,CHEMBL5726655,CHEMBL240,Voltage-gated inwardly rectifying potassium channel KCNH2,Homo sapiens,B,714818
CHEMBL5837180,COc1ccc(NCCNCCCF)nc1[C@@H]1c2[nH]c3ccccc3c2C[C@@H](C)N1CC(F)(F)F,IC50,=,3100.0,nM,5.508638306165727,5.51,CHEMBL5735028,CHEMBL5727625,CHEMBL240,Voltage-gated inwardly rectifying potassium channel KCNH2,Homo sapiens,B,887713
CHEMBL5837180,COc1ccc(NCCNCCCF)nc1[C@@H]1c2[nH]c3ccccc3c2C[C@@H](C)N1CC(F)(F)F,IC50,=,3100.0,nM,5.508638306165727,5.51,CHEMBL5737036,CHEMBL5728574,CHEMBL240,Voltage-gated inwardly rectifying potassium channel KCNH2,Homo sapiens,B,1062304
CHEMBL583843,COc1ccccc1Oc1ccccc1CN1CCC2(CC1)CCN(C(=O)c1ccc[nH]c1=O)CC2,IC50,=,1995.26,nM,5.700000503883016,5.7,CHEMBL1036929,CHEMBL1154736,CHEMBL240,Voltage-gated inwardly rectifying potassium channel KCNH2,Homo sapiens,B,
CHEMBL583843,COc1ccccc1Oc1ccccc1CN1CCC2(CC1)CCN(C(=O)c1ccc[nH]c1=O)CC2,IC50,=,14125.38,nM,4.849999859991125,4.85,CHEMBL1045843,CHEMBL1154736,CHEMBL240,Voltage-gated inwardly rectifying potassium channel KCNH2,Homo sapiens,B,
CHEMBL5838864,OCCc1nccn1Cc1cn(-c2ccc(Cl)c(OC(F)F)c2)nn1,IC50,=,2.26,nM,8.645891560852599,8.65,CHEMBL5733977,CHEMBL5727077,CHEMBL240,Voltage-gated inwardly rectifying potassium channel KCNH2,Homo sapiens,B,793046
CHEMBL5838864,OCCc1nccn1Cc1cn(-c2ccc(Cl)c(OC(F)F)c2)nn1,IC50,=,2.26,nM,8.645891560852599,8.65,CHEMBL5734036,CHEMBL5727110,CHEMBL240,Voltage-gated inwardly rectifying potassium channel KCNH2,Homo sapiens,B,796448
CHEMBL5839468,CCc1nccn1Cc1cn(-c2ccc(Cl)c(Cl)c2)nn1,IC50,=,4.65,nM,8.332547047110046,8.33,CHEMBL5733977,CHEMBL5727077,CHEMBL240,Voltage-gated inwardly rectifying potassium channel KCNH2,Homo sapiens,B,792981
CHEMBL5839468,CCc1nccn1Cc1cn(-c2ccc(Cl)c(Cl)c2)nn1,IC50,=,4.65,nM,8.332547047110046,8.33,CHEMBL5734036,CHEMBL5727110,CHEMBL240,Voltage-gated inwardly rectifying potassium channel KCNH2,Homo sapiens,B,796383
CHEMBL5839498,C[C@@H]1Cc2c([nH]c3cc(F)ccc23)[C@@H](c2c(F)ccc(OCCNCCCF)c2F)N1CC(F)(F)CO,IC50,=,2700.0,nM,5.568636235841012,5.57,CHEMBL5733101,CHEMBL5726655,CHEMBL240,Voltage-gated inwardly rectifying potassium channel KCNH2,Homo sapiens,B,714835
CHEMBL5839498,C[C@@H]1Cc2c([nH]c3cc(F)ccc23)[C@@H](c2c(F)ccc(OCCNCCCF)c2F)N1CC(F)(F)CO,IC50,=,2700.0,nM,5.568636235841012,5.57,CHEMBL5735028,CHEMBL5727625,CHEMBL240,Voltage-gated inwardly rectifying potassium channel KCNH2,Homo sapiens,B,887730
CHEMBL5839498,C[C@@H]1Cc2c([nH]c3cc(F)ccc23)[C@@H](c2c(F)ccc(OCCNCCCF)c2F)N1CC(F)(F)CO,IC50,=,2700.0,nM,5.568636235841012,5.57,CHEMBL5737036,CHEMBL5728574,CHEMBL240,Voltage-gated inwardly rectifying potassium channel KCNH2,Homo sapiens,B,1062338
CHEMBL584,Cc1c(O)cccc1C(=O)N[C@@H](CSc1ccccc1)[C@H](O)CN1C[C@H]2CCCC[C@H]2C[C@H]1C(=O)NC(C)(C)C,IC50,=,12589.25,nM,4.900000142057633,4.9,CHEMBL3430340,CHEMBL3430320,CHEMBL240,Voltage-gated inwardly rectifying potassium channel KCNH2,Homo sapiens,F,
CHEMBL584,Cc1c(O)cccc1C(=O)N[C@@H](CSc1ccccc1)[C@H](O)CN1C[C@H]2CCCC[C@H]2C[C@H]1C(=O)NC(C)(C)C,IC50,=,501187.23,nM,3.300000003143145,,CHEMBL3430739,CHEMBL3430320,CHEMBL240,Voltage-gated inwardly rectifying potassium channel KCNH2,Homo sapiens,F,
CHEMBL584,Cc1c(O)cccc1C(=O)N[C@@H](CSc1ccccc1)[C@H](O)CN1C[C@H]2CCCC[C@H]2C[C@H]1C(=O)NC(C)(C)C,IC50,=,31622776.6,nM,1.5000000000231246,,CHEMBL3430709,CHEMBL3430320,CHEMBL240,Voltage-gated inwardly rectifying potassium channel KCNH2,Homo sapiens,F,
CHEMBL5840390,CC(C)(C)c1nccn1Cc1cn(-c2ccc(Cl)c(OC(F)F)c2)nn1,IC50,=,72.9,nM,7.137272471682025,7.14,CHEMBL5733977,CHEMBL5727077,CHEMBL240,Voltage-gated inwardly rectifying potassium channel KCNH2,Homo sapiens,B,793043
CHEMBL5840390,CC(C)(C)c1nccn1Cc1cn(-c2ccc(Cl)c(OC(F)F)c2)nn1,IC50,=,72.9,nM,7.137272471682025,7.14,CHEMBL5734036,CHEMBL5727110,CHEMBL240,Voltage-gated inwardly rectifying potassium channel KCNH2,Homo sapiens,B,796445
CHEMBL584087,CC1(C)Oc2cccc(CN3CCC4(CC3)CCN(C(=O)c3ccnc(N)c3)CC4)c2O1,IC50,=,758.58,nM,6.119998611678231,6.12,CHEMBL1036929,CHEMBL1154736,CHEMBL240,Voltage-gated inwardly rectifying potassium channel KCNH2,Homo sapiens,B,
CHEMBL584087,CC1(C)Oc2cccc(CN3CCC4(CC3)CCN(C(=O)c3ccnc(N)c3)CC4)c2O1,IC50,=,16595.87,nM,4.779999975777493,4.78,CHEMBL1045843,CHEMBL1154736,CHEMBL240,Voltage-gated inwardly rectifying potassium channel KCNH2,Homo sapiens,B,
CHEMBL5841669,FC(F)(F)c1ccc(C(F)(F)CN2CCC(Nc3ncnc4[nH]ccc34)CC2)cn1,IC50,=,6000.0,nM,5.221848749616356,5.22,CHEMBL5731381,CHEMBL5725728,CHEMBL240,Voltage-gated inwardly rectifying potassium channel KCNH2,Homo sapiens,B,548532
CHEMBL5841669,FC(F)(F)c1ccc(C(F)(F)CN2CCC(Nc3ncnc4[nH]ccc34)CC2)cn1,IC50,=,6000.0,nM,5.221848749616356,5.22,CHEMBL5733885,CHEMBL5727025,CHEMBL240,Voltage-gated inwardly rectifying potassium channel KCNH2,Homo sapiens,B,786587
CHEMBL5841669,FC(F)(F)c1ccc(C(F)(F)CN2CCC(Nc3ncnc4[nH]ccc34)CC2)cn1,IC50,=,6000.0,nM,5.221848749616356,5.22,CHEMBL5734394,CHEMBL5727305,CHEMBL240,Voltage-gated inwardly rectifying potassium channel KCNH2,Homo sapiens,B,825453
CHEMBL5842189,Cc1nccn1CCN1CCC2(CC1)COC1c3ccc(Cl)cc3OC(C)(C)C1C2,IC50,=,900.0,nM,6.045757490560675,6.05,CHEMBL5735953,CHEMBL5728060,CHEMBL240,Voltage-gated inwardly rectifying potassium channel KCNH2,Homo sapiens,B,971785
CHEMBL5842189,Cc1nccn1CCN1CCC2(CC1)COC1c3ccc(Cl)cc3OC(C)(C)C1C2,IC50,=,1400.0,nM,5.853871964321762,5.85,CHEMBL5735953,CHEMBL5728060,CHEMBL240,Voltage-gated inwardly rectifying potassium channel KCNH2,Homo sapiens,B,971783
CHEMBL5842189,Cc1nccn1CCN1CCC2(CC1)COC1c3ccc(Cl)cc3OC(C)(C)C1C2,IC50,=,1500.0,nM,5.823908740944319,5.82,CHEMBL5735953,CHEMBL5728060,CHEMBL240,Voltage-gated inwardly rectifying potassium channel KCNH2,Homo sapiens,B,971784
CHEMBL5846320,Cn1cncc1-c1cc2ccncc2n1-c1ccc(Cl)cc1,IC50,=,5500.0,nM,5.259637310505756,5.26,CHEMBL5734464,CHEMBL5727342,CHEMBL240,Voltage-gated inwardly rectifying potassium channel KCNH2,Homo sapiens,B,830447
CHEMBL5846320,Cn1cncc1-c1cc2ccncc2n1-c1ccc(Cl)cc1,IC50,=,5500.0,nM,5.259637310505756,5.26,CHEMBL5734466,CHEMBL5727343,CHEMBL240,Voltage-gated inwardly rectifying potassium channel KCNH2,Homo sapiens,B,830660
CHEMBL5846320,Cn1cncc1-c1cc2ccncc2n1-c1ccc(Cl)cc1,IC50,=,5500.0,nM,5.259637310505756,5.26,CHEMBL5735756,CHEMBL5727959,CHEMBL240,Voltage-gated inwardly rectifying potassium channel KCNH2,Homo sapiens,B,955374
CHEMBL5846746,COc1ccc(O[C@@H](C)CNCCCF)cc1[C@@H]1c2[nH]c3ccccc3c2C[C@@H](C)N1CC(F)(F)CO,IC50,=,2700.0,nM,5.568636235841012,5.57,CHEMBL5733101,CHEMBL5726655,CHEMBL240,Voltage-gated inwardly rectifying potassium channel KCNH2,Homo sapiens,B,714823
CHEMBL5846746,COc1ccc(O[C@@H](C)CNCCCF)cc1[C@@H]1c2[nH]c3ccccc3c2C[C@@H](C)N1CC(F)(F)CO,IC50,=,2700.0,nM,5.568636235841012,5.57,CHEMBL5735028,CHEMBL5727625,CHEMBL240,Voltage-gated inwardly rectifying potassium channel KCNH2,Homo sapiens,B,887718
CHEMBL5846746,COc1ccc(O[C@@H](C)CNCCCF)cc1[C@@H]1c2[nH]c3ccccc3c2C[C@@H](C)N1CC(F)(F)CO,IC50,=,2700.0,nM,5.568636235841012,5.57,CHEMBL5737036,CHEMBL5728574,CHEMBL240,Voltage-gated inwardly rectifying potassium channel KCNH2,Homo sapiens,B,1062314
CHEMBL5849595,Cc1c(OCCNCCCF)ncc(F)c1[C@@H]1c2[nH]c3ccccc3c2C[C@@H](C)N1CC(F)(F)CO,IC50,=,2800.0,nM,5.552841968657781,5.55,CHEMBL5733101,CHEMBL5726655,CHEMBL240,Voltage-gated inwardly rectifying potassium channel KCNH2,Homo sapiens,B,714881
CHEMBL5849595,Cc1c(OCCNCCCF)ncc(F)c1[C@@H]1c2[nH]c3ccccc3c2C[C@@H](C)N1CC(F)(F)CO,IC50,=,2800.0,nM,5.552841968657781,5.55,CHEMBL5735028,CHEMBL5727625,CHEMBL240,Voltage-gated inwardly rectifying potassium channel KCNH2,Homo sapiens,B,887776
CHEMBL5849595,Cc1c(OCCNCCCF)ncc(F)c1[C@@H]1c2[nH]c3ccccc3c2C[C@@H](C)N1CC(F)(F)CO,IC50,=,2800.0,nM,5.552841968657781,5.55,CHEMBL5737036,CHEMBL5728574,CHEMBL240,Voltage-gated inwardly rectifying potassium channel KCNH2,Homo sapiens,B,1062299
CHEMBL5850263,Clc1ccc(-n2c(-c3ccncc3Cl)cc3ccncc32)cc1,IC50,=,5500.0,nM,5.259637310505756,5.26,CHEMBL5734464,CHEMBL5727342,CHEMBL240,Voltage-gated inwardly rectifying potassium channel KCNH2,Homo sapiens,B,830454
CHEMBL5850263,Clc1ccc(-n2c(-c3ccncc3Cl)cc3ccncc32)cc1,IC50,=,5500.0,nM,5.259637310505756,5.26,CHEMBL5734466,CHEMBL5727343,CHEMBL240,Voltage-gated inwardly rectifying potassium channel KCNH2,Homo sapiens,B,830667
CHEMBL5850263,Clc1ccc(-n2c(-c3ccncc3Cl)cc3ccncc32)cc1,IC50,=,5500.0,nM,5.259637310505756,5.26,CHEMBL5735756,CHEMBL5727959,CHEMBL240,Voltage-gated inwardly rectifying potassium channel KCNH2,Homo sapiens,B,955381
CHEMBL5850426,COc1ncc(OCCNCCCF)cc1[C@@H]1c2[nH]c3ccccc3c2C[C@@H](C)N1CC(F)(F)F,IC50,=,8700.0,nM,5.060480747381382,5.06,CHEMBL5733101,CHEMBL5726655,CHEMBL240,Voltage-gated inwardly rectifying potassium channel KCNH2,Homo sapiens,B,714811
CHEMBL5850426,COc1ncc(OCCNCCCF)cc1[C@@H]1c2[nH]c3ccccc3c2C[C@@H](C)N1CC(F)(F)F,IC50,=,8700.0,nM,5.060480747381382,5.06,CHEMBL5735028,CHEMBL5727625,CHEMBL240,Voltage-gated inwardly rectifying potassium channel KCNH2,Homo sapiens,B,887706
CHEMBL5850426,COc1ncc(OCCNCCCF)cc1[C@@H]1c2[nH]c3ccccc3c2C[C@@H](C)N1CC(F)(F)F,IC50,=,8700.0,nM,5.060480747381382,5.06,CHEMBL5737036,CHEMBL5728574,CHEMBL240,Voltage-gated inwardly rectifying potassium channel KCNH2,Homo sapiens,B,1062290
CHEMBL5853493,Cc1nccn1Cc1cn(-c2cccc(S(C)(=O)=O)c2)nn1,IC50,=,615.0,nM,6.211124884224583,6.21,CHEMBL5733977,CHEMBL5727077,CHEMBL240,Voltage-gated inwardly rectifying potassium channel KCNH2,Homo sapiens,B,793025
CHEMBL5853493,Cc1nccn1Cc1cn(-c2cccc(S(C)(=O)=O)c2)nn1,IC50,=,615.0,nM,6.211124884224583,6.21,CHEMBL5734036,CHEMBL5727110,CHEMBL240,Voltage-gated inwardly rectifying potassium channel KCNH2,Homo sapiens,B,796427
CHEMBL5855181,C[C@@H]1Cc2c([nH]c3ccccc23)[C@@H](c2c(F)ccc(OCCNCCCF)c2F)N1CC(F)F,IC50,=,4100.0,nM,5.3872161432802645,5.39,CHEMBL5733101,CHEMBL5726655,CHEMBL240,Voltage-gated inwardly rectifying potassium channel KCNH2,Homo sapiens,B,714826
CHEMBL5855181,C[C@@H]1Cc2c([nH]c3ccccc23)[C@@H](c2c(F)ccc(OCCNCCCF)c2F)N1CC(F)F,IC50,=,4100.0,nM,5.3872161432802645,5.39,CHEMBL5735028,CHEMBL5727625,CHEMBL240,Voltage-gated inwardly rectifying potassium channel KCNH2,Homo sapiens,B,887721
CHEMBL5855181,C[C@@H]1Cc2c([nH]c3ccccc23)[C@@H](c2c(F)ccc(OCCNCCCF)c2F)N1CC(F)F,IC50,=,4100.0,nM,5.3872161432802645,5.39,CHEMBL5737036,CHEMBL5728574,CHEMBL240,Voltage-gated inwardly rectifying potassium channel KCNH2,Homo sapiens,B,1062320
CHEMBL5857118,CN1CCN(c2ccc(C(=O)Nc3cc(-c4ccncc4)ccc3N)nc2)CC1,IC50,=,38000.0,nM,4.42021640338319,4.42,CHEMBL5735720,CHEMBL5727940,CHEMBL240,Voltage-gated inwardly rectifying potassium channel KCNH2,Homo sapiens,B,951743
CHEMBL5857118,CN1CCN(c2ccc(C(=O)Nc3cc(-c4ccncc4)ccc3N)nc2)CC1,IC50,=,38000.0,nM,4.42021640338319,4.42,CHEMBL5738851,CHEMBL5729514,CHEMBL240,Voltage-gated inwardly rectifying potassium channel KCNH2,Homo sapiens,B,1236137
CHEMBL5858906,Nc1nccn1Cc1cn(-c2ccc(F)c(C(F)F)c2)nn1,IC50,=,0.48,nM,9.318758762624412,9.32,CHEMBL5733977,CHEMBL5727077,CHEMBL240,Voltage-gated inwardly rectifying potassium channel KCNH2,Homo sapiens,B,793059
CHEMBL5858906,Nc1nccn1Cc1cn(-c2ccc(F)c(C(F)F)c2)nn1,IC50,=,0.48,nM,9.318758762624412,9.32,CHEMBL5734036,CHEMBL5727110,CHEMBL240,Voltage-gated inwardly rectifying potassium channel KCNH2,Homo sapiens,B,796461
CHEMBL5860863,c1ccc(-n2c(-c3cnc(N4CCOCC4)nc3)cc3ccncc32)cc1,IC50,=,5500.0,nM,5.259637310505756,5.26,CHEMBL5734464,CHEMBL5727342,CHEMBL240,Voltage-gated inwardly rectifying potassium channel KCNH2,Homo sapiens,B,830445
CHEMBL5860863,c1ccc(-n2c(-c3cnc(N4CCOCC4)nc3)cc3ccncc32)cc1,IC50,=,5500.0,nM,5.259637310505756,5.26,CHEMBL5734466,CHEMBL5727343,CHEMBL240,Voltage-gated inwardly rectifying potassium channel KCNH2,Homo sapiens,B,830658
CHEMBL5860863,c1ccc(-n2c(-c3cnc(N4CCOCC4)nc3)cc3ccncc32)cc1,IC50,=,5500.0,nM,5.259637310505756,5.26,CHEMBL5735756,CHEMBL5727959,CHEMBL240,Voltage-gated inwardly rectifying potassium channel KCNH2,Homo sapiens,B,955372
CHEMBL5861408,C[C@@H]1Cc2c([nH]c3ccccc23)[C@@H](c2cc(OCCNCCCF)ccc2CO)N1CC(F)(F)F,IC50,=,6300.0,nM,5.200659450546418,5.2,CHEMBL5733101,CHEMBL5726655,CHEMBL240,Voltage-gated inwardly rectifying potassium channel KCNH2,Homo sapiens,B,714844
CHEMBL5861408,C[C@@H]1Cc2c([nH]c3ccccc23)[C@@H](c2cc(OCCNCCCF)ccc2CO)N1CC(F)(F)F,IC50,=,6300.0,nM,5.200659450546418,5.2,CHEMBL5735028,CHEMBL5727625,CHEMBL240,Voltage-gated inwardly rectifying potassium channel KCNH2,Homo sapiens,B,887739
CHEMBL5861408,C[C@@H]1Cc2c([nH]c3ccccc23)[C@@H](c2cc(OCCNCCCF)ccc2CO)N1CC(F)(F)F,IC50,=,6300.0,nM,5.200659450546418,5.2,CHEMBL5737036,CHEMBL5728574,CHEMBL240,Voltage-gated inwardly rectifying potassium channel KCNH2,Homo sapiens,B,1062356
CHEMBL5863797,Cc1nccn1Cc1cn(-c2cccc(OC(F)(F)F)c2)nn1,IC50,=,7.21,nM,8.14206473528057,8.14,CHEMBL5733977,CHEMBL5727077,CHEMBL240,Voltage-gated inwardly rectifying potassium channel KCNH2,Homo sapiens,B,793005
CHEMBL5863797,Cc1nccn1Cc1cn(-c2cccc(OC(F)(F)F)c2)nn1,IC50,=,7.21,nM,8.14206473528057,8.14,CHEMBL5734036,CHEMBL5727110,CHEMBL240,Voltage-gated inwardly rectifying potassium channel KCNH2,Homo sapiens,B,796407
CHEMBL5864206,COCC(F)(F)CN1[C@H](c2ccc(NC3CN(CCCF)C3)cc2OC)c2ccc3[nH]ncc3c2C[C@H]1C,IC50,=,3.7,nM,8.431798275933005,8.43,CHEMBL5735025,CHEMBL5727624,CHEMBL240,Voltage-gated inwardly rectifying potassium channel KCNH2,Homo sapiens,B,887395
CHEMBL5864206,COCC(F)(F)CN1[C@H](c2ccc(NC3CN(CCCF)C3)cc2OC)c2ccc3[nH]ncc3c2C[C@H]1C,IC50,=,10000.0,nM,5.0,5.0,CHEMBL5731674,CHEMBL5725903,CHEMBL240,Voltage-gated inwardly rectifying potassium channel KCNH2,Homo sapiens,B,576007
CHEMBL5866597,CC(C)(C)OC(=O)N1CCN(c2nc3c([N+](=O)[O-])c(Br)c(Br)cc3[nH]2)CC1,IC50,=,1600.0,nM,5.795880017344075,5.8,CHEMBL5732169,CHEMBL5726153,CHEMBL240,Voltage-gated inwardly rectifying potassium channel KCNH2,Homo sapiens,B,625163
CHEMBL5866597,CC(C)(C)OC(=O)N1CCN(c2nc3c([N+](=O)[O-])c(Br)c(Br)cc3[nH]2)CC1,IC50,=,2500.0,nM,5.6020599913279625,5.6,CHEMBL5732169,CHEMBL5726153,CHEMBL240,Voltage-gated inwardly rectifying potassium channel KCNH2,Homo sapiens,B,625162
CHEMBL5866597,CC(C)(C)OC(=O)N1CCN(c2nc3c([N+](=O)[O-])c(Br)c(Br)cc3[nH]2)CC1,IC50,=,3060.0,nM,5.514278573518419,5.51,CHEMBL5732169,CHEMBL5726153,CHEMBL240,Voltage-gated inwardly rectifying potassium channel KCNH2,Homo sapiens,B,625160
CHEMBL5868410,FC(F)Oc1cc(-n2cc(Cn3ccnc3C3CC3)nn2)ccc1Cl,IC50,=,1.2,nM,8.920818753952375,8.92,CHEMBL5734036,CHEMBL5727110,CHEMBL240,Voltage-gated inwardly rectifying potassium channel KCNH2,Homo sapiens,B,796443
CHEMBL5868410,FC(F)Oc1cc(-n2cc(Cn3ccnc3C3CC3)nn2)ccc1Cl,IC50,=,3.91,nM,8.407823242604133,8.41,CHEMBL5733977,CHEMBL5727077,CHEMBL240,Voltage-gated inwardly rectifying potassium channel KCNH2,Homo sapiens,B,793042
CHEMBL5868410,FC(F)Oc1cc(-n2cc(Cn3ccnc3C3CC3)nn2)ccc1Cl,IC50,=,3.91,nM,8.407823242604133,8.41,CHEMBL5734036,CHEMBL5727110,CHEMBL240,Voltage-gated inwardly rectifying potassium channel KCNH2,Homo sapiens,B,796444
CHEMBL5869828,Clc1ccc(-n2c(-c3cnc(N4CCOCC4)nc3)nc3ccncc32)cc1,IC50,=,5500.0,nM,5.259637310505756,5.26,CHEMBL5734464,CHEMBL5727342,CHEMBL240,Voltage-gated inwardly rectifying potassium channel KCNH2,Homo sapiens,B,830413
CHEMBL5869828,Clc1ccc(-n2c(-c3cnc(N4CCOCC4)nc3)nc3ccncc32)cc1,IC50,=,5500.0,nM,5.259637310505756,5.26,CHEMBL5734466,CHEMBL5727343,CHEMBL240,Voltage-gated inwardly rectifying potassium channel KCNH2,Homo sapiens,B,830626
CHEMBL5869828,Clc1ccc(-n2c(-c3cnc(N4CCOCC4)nc3)nc3ccncc32)cc1,IC50,=,5500.0,nM,5.259637310505756,5.26,CHEMBL5735756,CHEMBL5727959,CHEMBL240,Voltage-gated inwardly rectifying potassium channel KCNH2,Homo sapiens,B,955340
CHEMBL5871237,COc1cc(F)c(NCCNCCCF)cc1[C@@H]1c2[nH]c3ccccc3c2C[C@@H](C)N1CC(F)(F)F,IC50,=,2600.0,nM,5.585026652029182,5.58,CHEMBL5733101,CHEMBL5726655,CHEMBL240,Voltage-gated inwardly rectifying potassium channel KCNH2,Homo sapiens,B,714863
CHEMBL5871237,COc1cc(F)c(NCCNCCCF)cc1[C@@H]1c2[nH]c3ccccc3c2C[C@@H](C)N1CC(F)(F)F,IC50,=,2600.0,nM,5.585026652029182,5.58,CHEMBL5735028,CHEMBL5727625,CHEMBL240,Voltage-gated inwardly rectifying potassium channel KCNH2,Homo sapiens,B,887758
CHEMBL5871237,COc1cc(F)c(NCCNCCCF)cc1[C@@H]1c2[nH]c3ccccc3c2C[C@@H](C)N1CC(F)(F)F,IC50,=,2600.0,nM,5.585026652029182,5.58,CHEMBL5737036,CHEMBL5728574,CHEMBL240,Voltage-gated inwardly rectifying potassium channel KCNH2,Homo sapiens,B,1062263
CHEMBL5871384,Cc1cc(C(=O)Nc2ccc([C@H]3CNCCO3)cc2)cc(C)n1,IC50,=,711500.0,nM,3.147825095579697,,CHEMBL5734655,CHEMBL5727433,CHEMBL240,Voltage-gated inwardly rectifying potassium channel KCNH2,Homo sapiens,B,852537
CHEMBL5871384,Cc1cc(C(=O)Nc2ccc([C@H]3CNCCO3)cc2)cc(C)n1,IC50,=,711500.0,nM,3.147825095579697,,CHEMBL5738029,CHEMBL5729081,CHEMBL240,Voltage-gated inwardly rectifying potassium channel KCNH2,Homo sapiens,B,1163430
CHEMBL5874010,COc1ccc(OCCNCCCF)cc1[C@@H]1c2[nH]c3ccccc3c2C[C@@H](C)N1CC(F)(F)F,IC50,=,3800.0,nM,5.42021640338319,5.42,CHEMBL5733101,CHEMBL5726655,CHEMBL240,Voltage-gated inwardly rectifying potassium channel KCNH2,Homo sapiens,B,714785
CHEMBL5874010,COc1ccc(OCCNCCCF)cc1[C@@H]1c2[nH]c3ccccc3c2C[C@@H](C)N1CC(F)(F)F,IC50,=,3800.0,nM,5.42021640338319,5.42,CHEMBL5735028,CHEMBL5727625,CHEMBL240,Voltage-gated inwardly rectifying potassium channel KCNH2,Homo sapiens,B,887680
CHEMBL5874010,COc1ccc(OCCNCCCF)cc1[C@@H]1c2[nH]c3ccccc3c2C[C@@H](C)N1CC(F)(F)F,IC50,=,3800.0,nM,5.42021640338319,5.42,CHEMBL5737036,CHEMBL5728574,CHEMBL240,Voltage-gated inwardly rectifying potassium channel KCNH2,Homo sapiens,B,1062238
CHEMBL5874469,C[C@@H]1Cc2c([nH]c3ccc(F)cc23)[C@@H](c2c(F)ccc(NCCNCCCF)c2F)N1CC(F)(F)CO,IC50,=,6100.0,nM,5.214670164989233,5.21,CHEMBL5733101,CHEMBL5726655,CHEMBL240,Voltage-gated inwardly rectifying potassium channel KCNH2,Homo sapiens,B,714861
CHEMBL5874469,C[C@@H]1Cc2c([nH]c3ccc(F)cc23)[C@@H](c2c(F)ccc(NCCNCCCF)c2F)N1CC(F)(F)CO,IC50,=,6100.0,nM,5.214670164989233,5.21,CHEMBL5735028,CHEMBL5727625,CHEMBL240,Voltage-gated inwardly rectifying potassium channel KCNH2,Homo sapiens,B,887756
CHEMBL5874469,C[C@@H]1Cc2c([nH]c3ccc(F)cc23)[C@@H](c2c(F)ccc(NCCNCCCF)c2F)N1CC(F)(F)CO,IC50,=,6100.0,nM,5.214670164989233,5.21,CHEMBL5737036,CHEMBL5728574,CHEMBL240,Voltage-gated inwardly rectifying potassium channel KCNH2,Homo sapiens,B,1062259
CHEMBL5875561,Cc1ccc(-n2cc(Cn3ccnc3C)nn2)cc1F,IC50,=,26.5,nM,7.576754126063192,7.58,CHEMBL5733977,CHEMBL5727077,CHEMBL240,Voltage-gated inwardly rectifying potassium channel KCNH2,Homo sapiens,B,793001
CHEMBL5875561,Cc1ccc(-n2cc(Cn3ccnc3C)nn2)cc1F,IC50,=,26.5,nM,7.576754126063192,7.58,CHEMBL5734036,CHEMBL5727110,CHEMBL240,Voltage-gated inwardly rectifying potassium channel KCNH2,Homo sapiens,B,796403
CHEMBL5877282,CNCC(Cc1ccccc1O)c1ccc2ccccc2c1,IC50,=,9500.0,nM,5.022276394711152,5.02,CHEMBL5733769,CHEMBL5726960,CHEMBL240,Voltage-gated inwardly rectifying potassium channel KCNH2,Homo sapiens,B,776364
CHEMBL5877282,CNCC(Cc1ccccc1O)c1ccc2ccccc2c1,IC50,=,12000.0,nM,4.920818753952375,4.92,CHEMBL5733769,CHEMBL5726960,CHEMBL240,Voltage-gated inwardly rectifying potassium channel KCNH2,Homo sapiens,B,776270
CHEMBL5877886,CCc1nccn1Cc1cn(-c2ccc(F)c(C(F)F)c2)nn1,IC50,=,4.11,nM,8.386158178123932,8.39,CHEMBL5733977,CHEMBL5727077,CHEMBL240,Voltage-gated inwardly rectifying potassium channel KCNH2,Homo sapiens,B,793031
CHEMBL5877886,CCc1nccn1Cc1cn(-c2ccc(F)c(C(F)F)c2)nn1,IC50,=,4.11,nM,8.386158178123932,8.39,CHEMBL5734036,CHEMBL5727110,CHEMBL240,Voltage-gated inwardly rectifying potassium channel KCNH2,Homo sapiens,B,796433
CHEMBL5878770,Fc1ccc(-n2cc(Cc3cc[nH]n3)nn2)cc1C(F)F,IC50,=,236.0,nM,6.627087997029893,6.63,CHEMBL5733977,CHEMBL5727077,CHEMBL240,Voltage-gated inwardly rectifying potassium channel KCNH2,Homo sapiens,B,793061
CHEMBL5878770,Fc1ccc(-n2cc(Cc3cc[nH]n3)nn2)cc1C(F)F,IC50,=,236.0,nM,6.627087997029893,6.63,CHEMBL5734036,CHEMBL5727110,CHEMBL240,Voltage-gated inwardly rectifying potassium channel KCNH2,Homo sapiens,B,796463
CHEMBL5883091,CC(F)CN1[C@H](c2ccc(NC3CN(CCCF)C3)cn2)c2ccc3[nH]ncc3c2C[C@H]1C,IC50,=,5.3,nM,8.275724130399212,8.28,CHEMBL5735025,CHEMBL5727624,CHEMBL240,Voltage-gated inwardly rectifying potassium channel KCNH2,Homo sapiens,B,887459
CHEMBL5883091,CC(F)CN1[C@H](c2ccc(NC3CN(CCCF)C3)cn2)c2ccc3[nH]ncc3c2C[C@H]1C,IC50,=,6.2,nM,8.207608310501746,8.21,CHEMBL5735025,CHEMBL5727624,CHEMBL240,Voltage-gated inwardly rectifying potassium channel KCNH2,Homo sapiens,B,887460
CHEMBL5883091,CC(F)CN1[C@H](c2ccc(NC3CN(CCCF)C3)cn2)c2ccc3[nH]ncc3c2C[C@H]1C,IC50,=,26000.0,nM,4.585026652029182,4.58,CHEMBL5731674,CHEMBL5725903,CHEMBL240,Voltage-gated inwardly rectifying potassium channel KCNH2,Homo sapiens,B,576049
CHEMBL5883091,CC(F)CN1[C@H](c2ccc(NC3CN(CCCF)C3)cn2)c2ccc3[nH]ncc3c2C[C@H]1C,IC50,=,31000.0,nM,4.508638306165727,4.51,CHEMBL5731674,CHEMBL5725903,CHEMBL240,Voltage-gated inwardly rectifying potassium channel KCNH2,Homo sapiens,B,576048
CHEMBL5884532,C[C@@H]1Cc2c(ccc3[nH]ncc23)[C@@H](c2cnc(NC3CN(CCCF)C3)cn2)N1CC(F)(F)F,IC50,=,3.8,nM,8.42021640338319,8.42,CHEMBL5735025,CHEMBL5727624,CHEMBL240,Voltage-gated inwardly rectifying potassium channel KCNH2,Homo sapiens,B,887436
CHEMBL5884532,C[C@@H]1Cc2c(ccc3[nH]ncc23)[C@@H](c2cnc(NC3CN(CCCF)C3)cn2)N1CC(F)(F)F,IC50,=,7900.0,nM,5.102372908709558,5.1,CHEMBL5731674,CHEMBL5725903,CHEMBL240,Voltage-gated inwardly rectifying potassium channel KCNH2,Homo sapiens,B,576032
CHEMBL5886475,C[C@@H]1Cc2c([nH]c3ccccc23)[C@@H](c2cccc(OCCNCCCF)n2)N1CC(F)(F)F,IC50,=,3400.0,nM,5.468521082957745,5.47,CHEMBL5733101,CHEMBL5726655,CHEMBL240,Voltage-gated inwardly rectifying potassium channel KCNH2,Homo sapiens,B,714809
CHEMBL5886475,C[C@@H]1Cc2c([nH]c3ccccc23)[C@@H](c2cccc(OCCNCCCF)n2)N1CC(F)(F)F,IC50,=,3400.0,nM,5.468521082957745,5.47,CHEMBL5735028,CHEMBL5727625,CHEMBL240,Voltage-gated inwardly rectifying potassium channel KCNH2,Homo sapiens,B,887704
CHEMBL5886475,C[C@@H]1Cc2c([nH]c3ccccc23)[C@@H](c2cccc(OCCNCCCF)n2)N1CC(F)(F)F,IC50,=,3400.0,nM,5.468521082957745,5.47,CHEMBL5737036,CHEMBL5728574,CHEMBL240,Voltage-gated inwardly rectifying potassium channel KCNH2,Homo sapiens,B,1062286
CHEMBL5887380,CC(C)CN1[C@H](c2ccc(NC3CN(CCCF)C3)cn2)c2ccc3[nH]ncc3c2C[C@H]1C,IC50,=,8.9,nM,8.050609993355087,8.05,CHEMBL5735025,CHEMBL5727624,CHEMBL240,Voltage-gated inwardly rectifying potassium channel KCNH2,Homo sapiens,B,887463
CHEMBL5887380,CC(C)CN1[C@H](c2ccc(NC3CN(CCCF)C3)cn2)c2ccc3[nH]ncc3c2C[C@H]1C,IC50,=,24000.0,nM,4.619788758288394,4.62,CHEMBL5731674,CHEMBL5725903,CHEMBL240,Voltage-gated inwardly rectifying potassium channel KCNH2,Homo sapiens,B,576052
CHEMBL5888883,Cc1nc(N2CCNCC2)sc1C(=O)Nc1cc(-c2cccs2)ccc1N,IC50,=,12000.0,nM,4.920818753952375,4.92,CHEMBL5735720,CHEMBL5727940,CHEMBL240,Voltage-gated inwardly rectifying potassium channel KCNH2,Homo sapiens,B,951748
CHEMBL5888883,Cc1nc(N2CCNCC2)sc1C(=O)Nc1cc(-c2cccs2)ccc1N,IC50,=,12000.0,nM,4.920818753952375,4.92,CHEMBL5738851,CHEMBL5729514,CHEMBL240,Voltage-gated inwardly rectifying potassium channel KCNH2,Homo sapiens,B,1236142
CHEMBL5890757,Cc1ccc(-n2c(-c3cnc(N4CCOCC4)nc3)cc3ccncc32)nc1,IC50,=,550.0,nM,6.259637310505756,6.26,CHEMBL5734464,CHEMBL5727342,CHEMBL240,Voltage-gated inwardly rectifying potassium channel KCNH2,Homo sapiens,B,830446
CHEMBL5890757,Cc1ccc(-n2c(-c3cnc(N4CCOCC4)nc3)cc3ccncc32)nc1,IC50,=,550.0,nM,6.259637310505756,6.26,CHEMBL5734466,CHEMBL5727343,CHEMBL240,Voltage-gated inwardly rectifying potassium channel KCNH2,Homo sapiens,B,830659
CHEMBL5890757,Cc1ccc(-n2c(-c3cnc(N4CCOCC4)nc3)cc3ccncc32)nc1,IC50,=,550.0,nM,6.259637310505756,6.26,CHEMBL5735756,CHEMBL5727959,CHEMBL240,Voltage-gated inwardly rectifying potassium channel KCNH2,Homo sapiens,B,955373
CHEMBL5892384,Clc1ccc(-n2c(-c3cccnc3)cc3ccncc32)cc1,IC50,=,5500.0,nM,5.259637310505756,5.26,CHEMBL5734464,CHEMBL5727342,CHEMBL240,Voltage-gated inwardly rectifying potassium channel KCNH2,Homo sapiens,B,830441
CHEMBL5892384,Clc1ccc(-n2c(-c3cccnc3)cc3ccncc32)cc1,IC50,=,5500.0,nM,5.259637310505756,5.26,CHEMBL5734466,CHEMBL5727343,CHEMBL240,Voltage-gated inwardly rectifying potassium channel KCNH2,Homo sapiens,B,830654
CHEMBL5892384,Clc1ccc(-n2c(-c3cccnc3)cc3ccncc32)cc1,IC50,=,5500.0,nM,5.259637310505756,5.26,CHEMBL5735756,CHEMBL5727959,CHEMBL240,Voltage-gated inwardly rectifying potassium channel KCNH2,Homo sapiens,B,955368
CHEMBL5892891,Cc1nc(C(=O)Nc2ccc([C@H]3CNCCO3)cc2)cs1,IC50,=,60470.0,nM,4.218460031394058,4.22,CHEMBL5734655,CHEMBL5727433,CHEMBL240,Voltage-gated inwardly rectifying potassium channel KCNH2,Homo sapiens,B,852540
CHEMBL5892891,Cc1nc(C(=O)Nc2ccc([C@H]3CNCCO3)cc2)cs1,IC50,=,60470.0,nM,4.218460031394058,4.22,CHEMBL5738029,CHEMBL5729081,CHEMBL240,Voltage-gated inwardly rectifying potassium channel KCNH2,Homo sapiens,B,1163433
CHEMBL5893534,CCCCc1nccn1Cc1cn(-c2ccc(Cl)cc2)nn1,IC50,=,38.9,nM,7.410050398674292,7.41,CHEMBL5733977,CHEMBL5727077,CHEMBL240,Voltage-gated inwardly rectifying potassium channel KCNH2,Homo sapiens,B,792975
CHEMBL5893534,CCCCc1nccn1Cc1cn(-c2ccc(Cl)cc2)nn1,IC50,=,38.9,nM,7.410050398674292,7.41,CHEMBL5734036,CHEMBL5727110,CHEMBL240,Voltage-gated inwardly rectifying potassium channel KCNH2,Homo sapiens,B,796377
CHEMBL5893563,Cc1nccn1Cc1cn(-c2cccc(C3CC3)c2)nn1,IC50,=,15.9,nM,7.798602875679548,7.8,CHEMBL5733977,CHEMBL5727077,CHEMBL240,Voltage-gated inwardly rectifying potassium channel KCNH2,Homo sapiens,B,793024
CHEMBL5893563,Cc1nccn1Cc1cn(-c2cccc(C3CC3)c2)nn1,IC50,=,15.9,nM,7.798602875679548,7.8,CHEMBL5734036,CHEMBL5727110,CHEMBL240,Voltage-gated inwardly rectifying potassium channel KCNH2,Homo sapiens,B,796426
CHEMBL5893587,Nc1ccc(-c2ccccc2)cc1NC(=O)c1cc2ccc(N3CCNCC3)cc2cn1,IC50,=,400.0,nM,6.3979400086720375,6.4,CHEMBL5735720,CHEMBL5727940,CHEMBL240,Voltage-gated inwardly rectifying potassium channel KCNH2,Homo sapiens,B,951736
CHEMBL5893587,Nc1ccc(-c2ccccc2)cc1NC(=O)c1cc2ccc(N3CCNCC3)cc2cn1,IC50,=,400.0,nM,6.3979400086720375,6.4,CHEMBL5738851,CHEMBL5729514,CHEMBL240,Voltage-gated inwardly rectifying potassium channel KCNH2,Homo sapiens,B,1236130
CHEMBL5893677,Cc1nccn1Cc1cn(-c2ccc(Cl)cc2Cl)nn1,IC50,=,778.0,nM,6.109020403010311,6.11,CHEMBL5733977,CHEMBL5727077,CHEMBL240,Voltage-gated inwardly rectifying potassium channel KCNH2,Homo sapiens,B,792997
CHEMBL5893677,Cc1nccn1Cc1cn(-c2ccc(Cl)cc2Cl)nn1,IC50,=,778.0,nM,6.109020403010311,6.11,CHEMBL5734036,CHEMBL5727110,CHEMBL240,Voltage-gated inwardly rectifying potassium channel KCNH2,Homo sapiens,B,796399
CHEMBL5893791,CNCC(Cc1ccccc1C)c1ccc2ccccc2c1,IC50,=,6200.0,nM,5.207608310501746,5.21,CHEMBL5733769,CHEMBL5726960,CHEMBL240,Voltage-gated inwardly rectifying potassium channel KCNH2,Homo sapiens,B,776688
CHEMBL5893791,CNCC(Cc1ccccc1C)c1ccc2ccccc2c1,IC50,=,8200.0,nM,5.086186147616283,5.09,CHEMBL5733769,CHEMBL5726960,CHEMBL240,Voltage-gated inwardly rectifying potassium channel KCNH2,Homo sapiens,B,776200
CHEMBL5895249,Cc1nc[nH]c1CN1CCC2(CC1)COC1c3cc(Cl)ccc3OC(C)(C)C1C2,IC50,=,400.0,nM,6.3979400086720375,6.4,CHEMBL5735953,CHEMBL5728060,CHEMBL240,Voltage-gated inwardly rectifying potassium channel KCNH2,Homo sapiens,B,971760
CHEMBL5895249,Cc1nc[nH]c1CN1CCC2(CC1)COC1c3cc(Cl)ccc3OC(C)(C)C1C2,IC50,=,600.0,nM,6.221848749616356,6.22,CHEMBL5735953,CHEMBL5728060,CHEMBL240,Voltage-gated inwardly rectifying potassium channel KCNH2,Homo sapiens,B,971761
CHEMBL5895249,Cc1nc[nH]c1CN1CCC2(CC1)COC1c3cc(Cl)ccc3OC(C)(C)C1C2,IC50,=,3800.0,nM,5.42021640338319,5.42,CHEMBL5735953,CHEMBL5728060,CHEMBL240,Voltage-gated inwardly rectifying potassium channel KCNH2,Homo sapiens,B,971759
CHEMBL5896826,Fc1cc(Cl)cnc1C(F)(F)CN1CCC(Nc2ncnc3[nH]ncc23)CC1,IC50,=,10000.0,nM,5.0,5.0,CHEMBL5731266,CHEMBL5725660,CHEMBL240,Voltage-gated inwardly rectifying potassium channel KCNH2,Homo sapiens,B,535372
CHEMBL5896826,Fc1cc(Cl)cnc1C(F)(F)CN1CCC(Nc2ncnc3[nH]ncc23)CC1,IC50,=,13000.0,nM,4.886056647693163,4.89,CHEMBL5731265,CHEMBL5725660,CHEMBL240,Voltage-gated inwardly rectifying potassium channel KCNH2,Homo sapiens,B,535362
CHEMBL5898921,CC(C)c1nccn1Cc1cn(-c2ccc(Cl)c(C(F)F)c2)nn1,IC50,=,5.24,nM,8.280668713016274,8.28,CHEMBL5733977,CHEMBL5727077,CHEMBL240,Voltage-gated inwardly rectifying potassium channel KCNH2,Homo sapiens,B,793040
CHEMBL5898921,CC(C)c1nccn1Cc1cn(-c2ccc(Cl)c(C(F)F)c2)nn1,IC50,=,5.24,nM,8.280668713016274,8.28,CHEMBL5734036,CHEMBL5727110,CHEMBL240,Voltage-gated inwardly rectifying potassium channel KCNH2,Homo sapiens,B,796442
CHEMBL5900752,Fc1cnccc1-c1cc2ccncc2n1-c1ccc(Cl)cc1,IC50,=,5500.0,nM,5.259637310505756,5.26,CHEMBL5734464,CHEMBL5727342,CHEMBL240,Voltage-gated inwardly rectifying potassium channel KCNH2,Homo sapiens,B,830453
CHEMBL5900752,Fc1cnccc1-c1cc2ccncc2n1-c1ccc(Cl)cc1,IC50,=,5500.0,nM,5.259637310505756,5.26,CHEMBL5734466,CHEMBL5727343,CHEMBL240,Voltage-gated inwardly rectifying potassium channel KCNH2,Homo sapiens,B,830666
CHEMBL5900752,Fc1cnccc1-c1cc2ccncc2n1-c1ccc(Cl)cc1,IC50,=,5500.0,nM,5.259637310505756,5.26,CHEMBL5735756,CHEMBL5727959,CHEMBL240,Voltage-gated inwardly rectifying potassium channel KCNH2,Homo sapiens,B,955380
CHEMBL5902781,C[C@@H]1Cc2c([nH]c3ccccc23)[C@@H](c2cc(OCCNCCCF)ccc2Cl)N1CC(F)(F)CO,IC50,=,2900.0,nM,5.537602002101044,5.54,CHEMBL5733101,CHEMBL5726655,CHEMBL240,Voltage-gated inwardly rectifying potassium channel KCNH2,Homo sapiens,B,714819
CHEMBL5902781,C[C@@H]1Cc2c([nH]c3ccccc23)[C@@H](c2cc(OCCNCCCF)ccc2Cl)N1CC(F)(F)CO,IC50,=,2900.0,nM,5.537602002101044,5.54,CHEMBL5735028,CHEMBL5727625,CHEMBL240,Voltage-gated inwardly rectifying potassium channel KCNH2,Homo sapiens,B,887714
CHEMBL5902781,C[C@@H]1Cc2c([nH]c3ccccc23)[C@@H](c2cc(OCCNCCCF)ccc2Cl)N1CC(F)(F)CO,IC50,=,2900.0,nM,5.537602002101044,5.54,CHEMBL5737036,CHEMBL5728574,CHEMBL240,Voltage-gated inwardly rectifying potassium channel KCNH2,Homo sapiens,B,1062306
CHEMBL5904342,Cc1cc(-n2cc(Cn3ccnc3C)nn2)ccc1F,IC50,=,5.32,nM,8.274088367704952,8.27,CHEMBL5733977,CHEMBL5727077,CHEMBL240,Voltage-gated inwardly rectifying potassium channel KCNH2,Homo sapiens,B,793002
CHEMBL5904342,Cc1cc(-n2cc(Cn3ccnc3C)nn2)ccc1F,IC50,=,5.32,nM,8.274088367704952,8.27,CHEMBL5734036,CHEMBL5727110,CHEMBL240,Voltage-gated inwardly rectifying potassium channel KCNH2,Homo sapiens,B,796404
CHEMBL5905884,Cc1nccn1Cc1cn(-c2ccc(F)c(OC(F)F)c2)nn1,IC50,=,1.9,nM,8.721246399047171,8.72,CHEMBL5733977,CHEMBL5727077,CHEMBL240,Voltage-gated inwardly rectifying potassium channel KCNH2,Homo sapiens,B,793048
CHEMBL5905884,Cc1nccn1Cc1cn(-c2ccc(F)c(OC(F)F)c2)nn1,IC50,=,1.9,nM,8.721246399047171,8.72,CHEMBL5734036,CHEMBL5727110,CHEMBL240,Voltage-gated inwardly rectifying potassium channel KCNH2,Homo sapiens,B,796450
CHEMBL5907444,FC(F)(F)c1ccc(C(F)(F)CN2CCC(Nc3ncnc4[nH]ncc34)CC2)cn1,IC50,=,2400.0,nM,5.619788758288394,5.62,CHEMBL5731266,CHEMBL5725660,CHEMBL240,Voltage-gated inwardly rectifying potassium channel KCNH2,Homo sapiens,B,535376
CHEMBL5907444,FC(F)(F)c1ccc(C(F)(F)CN2CCC(Nc3ncnc4[nH]ncc34)CC2)cn1,IC50,=,23000.0,nM,4.638272163982407,4.64,CHEMBL5731265,CHEMBL5725660,CHEMBL240,Voltage-gated inwardly rectifying potassium channel KCNH2,Homo sapiens,B,535368
CHEMBL590791,CNC(C)(C)C(=O)N1CCN(C(=O)c2cc(Cc3c[nH]c(=O)c4cc(Cl)c(Cl)n34)ccc2F)CC1,IC50,=,11000.0,nM,4.958607314841775,4.96,CHEMBL1069062,CHEMBL1158507,CHEMBL240,Voltage-gated inwardly rectifying potassium channel KCNH2,Homo sapiens,B,
CHEMBL590791,CNC(C)(C)C(=O)N1CCN(C(=O)c2cc(Cc3c[nH]c(=O)c4cc(Cl)c(Cl)n34)ccc2F)CC1,IC50,=,11000.0,nM,4.958607314841775,4.96,CHEMBL1069754,CHEMBL1158513,CHEMBL240,Voltage-gated inwardly rectifying potassium channel KCNH2,Homo sapiens,B,
CHEMBL5908489,CS(=O)(=O)c1cccc(-n2cc(Cn3ccnc3CCF)nn2)c1,IC50,=,2680.0,nM,5.571865205971211,5.57,CHEMBL5733977,CHEMBL5727077,CHEMBL240,Voltage-gated inwardly rectifying potassium channel KCNH2,Homo sapiens,B,793028
CHEMBL5908489,CS(=O)(=O)c1cccc(-n2cc(Cn3ccnc3CCF)nn2)c1,IC50,=,2680.0,nM,5.571865205971211,5.57,CHEMBL5734036,CHEMBL5727110,CHEMBL240,Voltage-gated inwardly rectifying potassium channel KCNH2,Homo sapiens,B,796430
CHEMBL5908705,COc1ccc(NCCNCCCF)cc1[C@@H]1c2[nH]c3ccccc3c2C[C@@H](C)N1CC(F)(F)F,IC50,=,4100.0,nM,5.3872161432802645,5.39,CHEMBL5733101,CHEMBL5726655,CHEMBL240,Voltage-gated inwardly rectifying potassium channel KCNH2,Homo sapiens,B,714815
CHEMBL5908705,COc1ccc(NCCNCCCF)cc1[C@@H]1c2[nH]c3ccccc3c2C[C@@H](C)N1CC(F)(F)F,IC50,=,4100.0,nM,5.3872161432802645,5.39,CHEMBL5735028,CHEMBL5727625,CHEMBL240,Voltage-gated inwardly rectifying potassium channel KCNH2,Homo sapiens,B,887710
CHEMBL5908705,COc1ccc(NCCNCCCF)cc1[C@@H]1c2[nH]c3ccccc3c2C[C@@H](C)N1CC(F)(F)F,IC50,=,4100.0,nM,5.3872161432802645,5.39,CHEMBL5737036,CHEMBL5728574,CHEMBL240,Voltage-gated inwardly rectifying potassium channel KCNH2,Homo sapiens,B,1062298
CHEMBL5909140,Cc1nccn1Cc1cn(-c2ccc(F)c(C(C)(F)F)c2)nn1,IC50,=,4.05,nM,8.39254497678533,8.39,CHEMBL5733977,CHEMBL5727077,CHEMBL240,Voltage-gated inwardly rectifying potassium channel KCNH2,Homo sapiens,B,793053
CHEMBL5909140,Cc1nccn1Cc1cn(-c2ccc(F)c(C(C)(F)F)c2)nn1,IC50,=,4.05,nM,8.39254497678533,8.39,CHEMBL5734036,CHEMBL5727110,CHEMBL240,Voltage-gated inwardly rectifying potassium channel KCNH2,Homo sapiens,B,796455
CHEMBL5909487,Cc1nccn1Cc1cn(-c2ccc(F)c(Cl)c2)nn1,IC50,=,7.01,nM,8.154281982033341,8.15,CHEMBL5733977,CHEMBL5727077,CHEMBL240,Voltage-gated inwardly rectifying potassium channel KCNH2,Homo sapiens,B,792999
CHEMBL5909487,Cc1nccn1Cc1cn(-c2ccc(F)c(Cl)c2)nn1,IC50,=,7.01,nM,8.154281982033341,8.15,CHEMBL5734036,CHEMBL5727110,CHEMBL240,Voltage-gated inwardly rectifying potassium channel KCNH2,Homo sapiens,B,796401
CHEMBL5912040,C[C@@H]1Cc2c([nH]c3c(F)cccc23)[C@@H](c2c(F)ccc(OCCNCCCF)c2F)N1CC(F)(F)CO,IC50,=,4400.0,nM,5.356547323513812,5.36,CHEMBL5733101,CHEMBL5726655,CHEMBL240,Voltage-gated inwardly rectifying potassium channel KCNH2,Homo sapiens,B,714834
CHEMBL5912040,C[C@@H]1Cc2c([nH]c3c(F)cccc23)[C@@H](c2c(F)ccc(OCCNCCCF)c2F)N1CC(F)(F)CO,IC50,=,4400.0,nM,5.356547323513812,5.36,CHEMBL5735028,CHEMBL5727625,CHEMBL240,Voltage-gated inwardly rectifying potassium channel KCNH2,Homo sapiens,B,887729
CHEMBL5912040,C[C@@H]1Cc2c([nH]c3c(F)cccc23)[C@@H](c2c(F)ccc(OCCNCCCF)c2F)N1CC(F)(F)CO,IC50,=,4400.0,nM,5.356547323513812,5.36,CHEMBL5737036,CHEMBL5728574,CHEMBL240,Voltage-gated inwardly rectifying potassium channel KCNH2,Homo sapiens,B,1062336
CHEMBL5912187,Cc1nccn1Cc1cn(-c2ccc(Cl)c(F)c2)nn1,IC50,=,21.2,nM,7.673664139071248,7.67,CHEMBL5733977,CHEMBL5727077,CHEMBL240,Voltage-gated inwardly rectifying potassium channel KCNH2,Homo sapiens,B,792998
CHEMBL5912187,Cc1nccn1Cc1cn(-c2ccc(Cl)c(F)c2)nn1,IC50,=,21.2,nM,7.673664139071248,7.67,CHEMBL5734036,CHEMBL5727110,CHEMBL240,Voltage-gated inwardly rectifying potassium channel KCNH2,Homo sapiens,B,796400
CHEMBL5916184,COC[C@](C)(F)CN1[C@H](c2ccc(NC3CN(CCCF)C3)cc2OC)c2ccc3[nH]ncc3c2C[C@H]1C,IC50,=,2.4,nM,8.619788758288394,8.62,CHEMBL5735025,CHEMBL5727624,CHEMBL240,Voltage-gated inwardly rectifying potassium channel KCNH2,Homo sapiens,B,887406
CHEMBL5916184,COC[C@](C)(F)CN1[C@H](c2ccc(NC3CN(CCCF)C3)cc2OC)c2ccc3[nH]ncc3c2C[C@H]1C,IC50,=,3.5,nM,8.455931955649724,8.46,CHEMBL5735025,CHEMBL5727624,CHEMBL240,Voltage-gated inwardly rectifying potassium channel KCNH2,Homo sapiens,B,887407
CHEMBL5916184,COC[C@](C)(F)CN1[C@H](c2ccc(NC3CN(CCCF)C3)cc2OC)c2ccc3[nH]ncc3c2C[C@H]1C,IC50,=,6.6,nM,8.18045606445813,8.18,CHEMBL5735025,CHEMBL5727624,CHEMBL240,Voltage-gated inwardly rectifying potassium channel KCNH2,Homo sapiens,B,887408
CHEMBL5916184,COC[C@](C)(F)CN1[C@H](c2ccc(NC3CN(CCCF)C3)cc2OC)c2ccc3[nH]ncc3c2C[C@H]1C,IC50,=,9.5,nM,8.022276394711152,8.02,CHEMBL5735025,CHEMBL5727624,CHEMBL240,Voltage-gated inwardly rectifying potassium channel KCNH2,Homo sapiens,B,887409
CHEMBL5918605,CC1(C)Oc2cc(Cl)ccc2C2OCC3(CCN(CCn4ccnc4)CC3)CC21,IC50,=,700.0,nM,6.154901959985743,6.16,CHEMBL5735953,CHEMBL5728060,CHEMBL240,Voltage-gated inwardly rectifying potassium channel KCNH2,Homo sapiens,B,971775
CHEMBL5918605,CC1(C)Oc2cc(Cl)ccc2C2OCC3(CCN(CCn4ccnc4)CC3)CC21,IC50,=,800.0,nM,6.096910013008056,6.1,CHEMBL5735953,CHEMBL5728060,CHEMBL240,Voltage-gated inwardly rectifying potassium channel KCNH2,Homo sapiens,B,971772
CHEMBL5918605,CC1(C)Oc2cc(Cl)ccc2C2OCC3(CCN(CCn4ccnc4)CC3)CC21,IC50,=,1400.0,nM,5.853871964321762,5.85,CHEMBL5735953,CHEMBL5728060,CHEMBL240,Voltage-gated inwardly rectifying potassium channel KCNH2,Homo sapiens,B,971776
CHEMBL5922918,Nc1ccc(-c2ccco2)cc1NC(=O)c1ccc2nc(N3CCNCC3)ccc2c1,IC50,=,7600.0,nM,5.119186407719209,5.12,CHEMBL5735720,CHEMBL5727940,CHEMBL240,Voltage-gated inwardly rectifying potassium channel KCNH2,Homo sapiens,B,951729
CHEMBL5922918,Nc1ccc(-c2ccco2)cc1NC(=O)c1ccc2nc(N3CCNCC3)ccc2c1,IC50,=,7600.0,nM,5.119186407719209,5.12,CHEMBL5738851,CHEMBL5729514,CHEMBL240,Voltage-gated inwardly rectifying potassium channel KCNH2,Homo sapiens,B,1236123
CHEMBL592374,Clc1ccc([C@]23CNC[C@H]2C3)cc1Cl,IC50,=,10000.0,nM,5.0,5.0,CHEMBL944378,CHEMBL1152295,CHEMBL240,Voltage-gated inwardly rectifying potassium channel KCNH2,Homo sapiens,B,
CHEMBL592374,Clc1ccc([C@]23CNC[C@H]2C3)cc1Cl,IC50,=,21000.0,nM,4.6777807052660805,4.68,CHEMBL5733769,CHEMBL5726960,CHEMBL240,Voltage-gated inwardly rectifying potassium channel KCNH2,Homo sapiens,B,776917
CHEMBL5925044,O=C(Nc1ccc([C@H]2CNCCO2)cc1)c1coc(-c2ccccc2)n1,IC50,=,9650.0,nM,5.015472686656207,5.01,CHEMBL5734655,CHEMBL5727433,CHEMBL240,Voltage-gated inwardly rectifying potassium channel KCNH2,Homo sapiens,B,852528
CHEMBL5925044,O=C(Nc1ccc([C@H]2CNCCO2)cc1)c1coc(-c2ccccc2)n1,IC50,=,9650.0,nM,5.015472686656207,5.01,CHEMBL5738029,CHEMBL5729081,CHEMBL240,Voltage-gated inwardly rectifying potassium channel KCNH2,Homo sapiens,B,1163421
CHEMBL5926142,C[C@@H]1Cc2c([nH]c3ccccc23)[C@@H](c2c(F)cnc(OCCNCCCF)c2F)N1CC(F)(F)F,IC50,=,8100.0,nM,5.09151498112135,5.09,CHEMBL5733101,CHEMBL5726655,CHEMBL240,Voltage-gated inwardly rectifying potassium channel KCNH2,Homo sapiens,B,714879
CHEMBL5926142,C[C@@H]1Cc2c([nH]c3ccccc23)[C@@H](c2c(F)cnc(OCCNCCCF)c2F)N1CC(F)(F)F,IC50,=,8100.0,nM,5.09151498112135,5.09,CHEMBL5735028,CHEMBL5727625,CHEMBL240,Voltage-gated inwardly rectifying potassium channel KCNH2,Homo sapiens,B,887774
CHEMBL5926142,C[C@@H]1Cc2c([nH]c3ccccc23)[C@@H](c2c(F)cnc(OCCNCCCF)c2F)N1CC(F)(F)F,IC50,=,8100.0,nM,5.09151498112135,5.09,CHEMBL5737036,CHEMBL5728574,CHEMBL240,Voltage-gated inwardly rectifying potassium channel KCNH2,Homo sapiens,B,1062295
CHEMBL5926234,COc1ccc(OC[C@@H](C)NCCCF)cc1[C@@H]1c2[nH]c3ccccc3c2C[C@@H](C)N1CC(F)(F)CO,IC50,=,5300.0,nM,5.275724130399211,5.28,CHEMBL5733101,CHEMBL5726655,CHEMBL240,Voltage-gated inwardly rectifying potassium channel KCNH2,Homo sapiens,B,714825
CHEMBL5926234,COc1ccc(OC[C@@H](C)NCCCF)cc1[C@@H]1c2[nH]c3ccccc3c2C[C@@H](C)N1CC(F)(F)CO,IC50,=,5300.0,nM,5.275724130399211,5.28,CHEMBL5735028,CHEMBL5727625,CHEMBL240,Voltage-gated inwardly rectifying potassium channel KCNH2,Homo sapiens,B,887720
CHEMBL5926234,COc1ccc(OC[C@@H](C)NCCCF)cc1[C@@H]1c2[nH]c3ccccc3c2C[C@@H](C)N1CC(F)(F)CO,IC50,=,5300.0,nM,5.275724130399211,5.28,CHEMBL5737036,CHEMBL5728574,CHEMBL240,Voltage-gated inwardly rectifying potassium channel KCNH2,Homo sapiens,B,1062318
CHEMBL5926652,C[C@@H]1Cc2c([nH]c3ccccc23)[C@@H](c2ccnc(OCCNCCCF)c2Cl)N1CC(F)(F)CO,IC50,=,4300.0,nM,5.366531544420413,5.37,CHEMBL5733101,CHEMBL5726655,CHEMBL240,Voltage-gated inwardly rectifying potassium channel KCNH2,Homo sapiens,B,714876
CHEMBL5926652,C[C@@H]1Cc2c([nH]c3ccccc23)[C@@H](c2ccnc(OCCNCCCF)c2Cl)N1CC(F)(F)CO,IC50,=,4300.0,nM,5.366531544420413,5.37,CHEMBL5735028,CHEMBL5727625,CHEMBL240,Voltage-gated inwardly rectifying potassium channel KCNH2,Homo sapiens,B,887771
CHEMBL5926652,C[C@@H]1Cc2c([nH]c3ccccc23)[C@@H](c2ccnc(OCCNCCCF)c2Cl)N1CC(F)(F)CO,IC50,=,4300.0,nM,5.366531544420413,5.37,CHEMBL5737036,CHEMBL5728574,CHEMBL240,Voltage-gated inwardly rectifying potassium channel KCNH2,Homo sapiens,B,1062289
CHEMBL5927039,FC(F)(F)c1ccc(CCN2CCC(Nc3ncnc4[nH]ncc34)C(F)(F)C2)cc1,IC50,=,7600.0,nM,5.119186407719209,5.12,CHEMBL5733108,CHEMBL5726660,CHEMBL240,Voltage-gated inwardly rectifying potassium channel KCNH2,Homo sapiens,B,715397
CHEMBL5927039,FC(F)(F)c1ccc(CCN2CCC(Nc3ncnc4[nH]ncc34)C(F)(F)C2)cc1,IC50,=,9800.0,nM,5.008773924307505,5.01,CHEMBL5733108,CHEMBL5726660,CHEMBL240,Voltage-gated inwardly rectifying potassium channel KCNH2,Homo sapiens,B,715395
CHEMBL5927233,COc1cnc(NCCNCCCF)cc1[C@@H]1c2[nH]c3ccccc3c2C[C@@H](C)N1CC(F)(F)F,IC50,=,7100.0,nM,5.1487416512809245,5.15,CHEMBL5733101,CHEMBL5726655,CHEMBL240,Voltage-gated inwardly rectifying potassium channel KCNH2,Homo sapiens,B,714817
CHEMBL5927233,COc1cnc(NCCNCCCF)cc1[C@@H]1c2[nH]c3ccccc3c2C[C@@H](C)N1CC(F)(F)F,IC50,=,7100.0,nM,5.1487416512809245,5.15,CHEMBL5735028,CHEMBL5727625,CHEMBL240,Voltage-gated inwardly rectifying potassium channel KCNH2,Homo sapiens,B,887712
CHEMBL5927233,COc1cnc(NCCNCCCF)cc1[C@@H]1c2[nH]c3ccccc3c2C[C@@H](C)N1CC(F)(F)F,IC50,=,7100.0,nM,5.1487416512809245,5.15,CHEMBL5737036,CHEMBL5728574,CHEMBL240,Voltage-gated inwardly rectifying potassium channel KCNH2,Homo sapiens,B,1062302
CHEMBL5927239,Cc1nccn1CCN1CCC2(CC1)COC1c3cc(F)ccc3OC(C)(C)C1C2,IC50,=,400.0,nM,6.3979400086720375,6.4,CHEMBL5735953,CHEMBL5728060,CHEMBL240,Voltage-gated inwardly rectifying potassium channel KCNH2,Homo sapiens,B,971779
CHEMBL5927239,Cc1nccn1CCN1CCC2(CC1)COC1c3cc(F)ccc3OC(C)(C)C1C2,IC50,=,1000.0,nM,6.0,6.0,CHEMBL5735953,CHEMBL5728060,CHEMBL240,Voltage-gated inwardly rectifying potassium channel KCNH2,Homo sapiens,B,971777
CHEMBL5927239,Cc1nccn1CCN1CCC2(CC1)COC1c3cc(F)ccc3OC(C)(C)C1C2,IC50,=,3600.0,nM,5.443697499232712,5.44,CHEMBL5735953,CHEMBL5728060,CHEMBL240,Voltage-gated inwardly rectifying potassium channel KCNH2,Homo sapiens,B,971778
CHEMBL5927490,Cc1c([C@@H]2c3[nH]c4ccccc4c3C[C@@H](C)N2CC(F)(F)CO)ccnc1OCCNCCCF,IC50,=,4300.0,nM,5.366531544420413,5.37,CHEMBL5733101,CHEMBL5726655,CHEMBL240,Voltage-gated inwardly rectifying potassium channel KCNH2,Homo sapiens,B,714875
CHEMBL5927490,Cc1c([C@@H]2c3[nH]c4ccccc4c3C[C@@H](C)N2CC(F)(F)CO)ccnc1OCCNCCCF,IC50,=,4300.0,nM,5.366531544420413,5.37,CHEMBL5735028,CHEMBL5727625,CHEMBL240,Voltage-gated inwardly rectifying potassium channel KCNH2,Homo sapiens,B,887770
CHEMBL5927490,Cc1c([C@@H]2c3[nH]c4ccccc4c3C[C@@H](C)N2CC(F)(F)CO)ccnc1OCCNCCCF,IC50,=,4300.0,nM,5.366531544420413,5.37,CHEMBL5737036,CHEMBL5728574,CHEMBL240,Voltage-gated inwardly rectifying potassium channel KCNH2,Homo sapiens,B,1062287
CHEMBL5928632,CCN(CCN1CCC(c2noc3cc(F)ccc23)CC1)C(=O)C(C)O,IC50,=,7100.0,nM,5.1487416512809245,5.15,CHEMBL5738104,CHEMBL5729119,CHEMBL240,Voltage-gated inwardly rectifying potassium channel KCNH2,Homo sapiens,B,1170946
CHEMBL5928632,CCN(CCN1CCC(c2noc3cc(F)ccc23)CC1)C(=O)C(C)O,IC50,=,9900.0,nM,5.004364805402449,5.0,CHEMBL5738104,CHEMBL5729119,CHEMBL240,Voltage-gated inwardly rectifying potassium channel KCNH2,Homo sapiens,B,1170979
CHEMBL5930565,COc1c(F)cc(OCCNCCCF)c(F)c1[C@@H]1c2[nH]c3ccccc3c2C[C@@H](C)N1CC(F)(F)F,IC50,=,5100.0,nM,5.292429823902063,5.29,CHEMBL5733101,CHEMBL5726655,CHEMBL240,Voltage-gated inwardly rectifying potassium channel KCNH2,Homo sapiens,B,714804
CHEMBL5930565,COc1c(F)cc(OCCNCCCF)c(F)c1[C@@H]1c2[nH]c3ccccc3c2C[C@@H](C)N1CC(F)(F)F,IC50,=,5100.0,nM,5.292429823902063,5.29,CHEMBL5735028,CHEMBL5727625,CHEMBL240,Voltage-gated inwardly rectifying potassium channel KCNH2,Homo sapiens,B,887699
CHEMBL5930565,COc1c(F)cc(OCCNCCCF)c(F)c1[C@@H]1c2[nH]c3ccccc3c2C[C@@H](C)N1CC(F)(F)F,IC50,=,5100.0,nM,5.292429823902063,5.29,CHEMBL5737036,CHEMBL5728574,CHEMBL240,Voltage-gated inwardly rectifying potassium channel KCNH2,Homo sapiens,B,1062276
CHEMBL5931292,COc1cc(NC2CN(CCCF)C2)ccc1[C@]1(C)c2ccc3[nH]ncc3c2C[C@@H](C)N1CC(F)F,IC50,=,1.6,nM,8.795880017344075,8.8,CHEMBL5735025,CHEMBL5727624,CHEMBL240,Voltage-gated inwardly rectifying potassium channel KCNH2,Homo sapiens,B,887439
CHEMBL5931292,COc1cc(NC2CN(CCCF)C2)ccc1[C@]1(C)c2ccc3[nH]ncc3c2C[C@@H](C)N1CC(F)F,IC50,=,4200.0,nM,5.376750709602099,5.38,CHEMBL5731674,CHEMBL5725903,CHEMBL240,Voltage-gated inwardly rectifying potassium channel KCNH2,Homo sapiens,B,576033
CHEMBL5933849,C[C@@H]1Cc2c([nH]c3ccccc23)[C@@H](c2cccc(OCCNCCCF)c2Cl)N1CC(F)(F)F,IC50,=,5200.0,nM,5.2839966563652006,5.28,CHEMBL5733101,CHEMBL5726655,CHEMBL240,Voltage-gated inwardly rectifying potassium channel KCNH2,Homo sapiens,B,714800
CHEMBL5933849,C[C@@H]1Cc2c([nH]c3ccccc23)[C@@H](c2cccc(OCCNCCCF)c2Cl)N1CC(F)(F)F,IC50,=,5200.0,nM,5.2839966563652006,5.28,CHEMBL5735028,CHEMBL5727625,CHEMBL240,Voltage-gated inwardly rectifying potassium channel KCNH2,Homo sapiens,B,887695
CHEMBL5933849,C[C@@H]1Cc2c([nH]c3ccccc23)[C@@H](c2cccc(OCCNCCCF)c2Cl)N1CC(F)(F)F,IC50,=,5200.0,nM,5.2839966563652006,5.28,CHEMBL5737036,CHEMBL5728574,CHEMBL240,Voltage-gated inwardly rectifying potassium channel KCNH2,Homo sapiens,B,1062268
CHEMBL5933859,C[C@@H]1Cc2c([nH]c3ccccc23)[C@@H](c2c(F)ccc(OCCNCCCF)c2F)N1CC1(F)COC1,IC50,=,2600.0,nM,5.585026652029182,5.58,CHEMBL5733101,CHEMBL5726655,CHEMBL240,Voltage-gated inwardly rectifying potassium channel KCNH2,Homo sapiens,B,714791
CHEMBL5933859,C[C@@H]1Cc2c([nH]c3ccccc23)[C@@H](c2c(F)ccc(OCCNCCCF)c2F)N1CC1(F)COC1,IC50,=,2600.0,nM,5.585026652029182,5.58,CHEMBL5735028,CHEMBL5727625,CHEMBL240,Voltage-gated inwardly rectifying potassium channel KCNH2,Homo sapiens,B,887686
CHEMBL5933859,C[C@@H]1Cc2c([nH]c3ccccc23)[C@@H](c2c(F)ccc(OCCNCCCF)c2F)N1CC1(F)COC1,IC50,=,2600.0,nM,5.585026652029182,5.58,CHEMBL5737036,CHEMBL5728574,CHEMBL240,Voltage-gated inwardly rectifying potassium channel KCNH2,Homo sapiens,B,1062250
CHEMBL5934000,O=C(Nc1ccc([C@H]2CNCCO2)cc1)c1cnc(Cl)c(Cl)c1,IC50,=,4460.0,nM,5.350665141287858,5.35,CHEMBL5734655,CHEMBL5727433,CHEMBL240,Voltage-gated inwardly rectifying potassium channel KCNH2,Homo sapiens,B,852510
CHEMBL5934000,O=C(Nc1ccc([C@H]2CNCCO2)cc1)c1cnc(Cl)c(Cl)c1,IC50,=,4460.0,nM,5.350665141287858,5.35,CHEMBL5738029,CHEMBL5729081,CHEMBL240,Voltage-gated inwardly rectifying potassium channel KCNH2,Homo sapiens,B,1163403
CHEMBL5934097,Cc1nc[nH]c1CN1CCC2(CC1)COC1c3ccc(Cl)cc3OCC1C2,IC50,=,400.0,nM,6.3979400086720375,6.4,CHEMBL5735953,CHEMBL5728060,CHEMBL240,Voltage-gated inwardly rectifying potassium channel KCNH2,Homo sapiens,B,971796
CHEMBL5934097,Cc1nc[nH]c1CN1CCC2(CC1)COC1c3ccc(Cl)cc3OCC1C2,IC50,=,600.0,nM,6.221848749616356,6.22,CHEMBL5735953,CHEMBL5728060,CHEMBL240,Voltage-gated inwardly rectifying potassium channel KCNH2,Homo sapiens,B,971797
CHEMBL5934302,COc1c(F)cc(OCCNCCCF)cc1[C@@H]1c2[nH]c3ccccc3c2C[C@@H](C)N1CC(F)(F)F,IC50,=,4800.0,nM,5.318758762624412,5.32,CHEMBL5733101,CHEMBL5726655,CHEMBL240,Voltage-gated inwardly rectifying potassium channel KCNH2,Homo sapiens,B,714802
CHEMBL5934302,COc1c(F)cc(OCCNCCCF)cc1[C@@H]1c2[nH]c3ccccc3c2C[C@@H](C)N1CC(F)(F)F,IC50,=,4800.0,nM,5.318758762624412,5.32,CHEMBL5735028,CHEMBL5727625,CHEMBL240,Voltage-gated inwardly rectifying potassium channel KCNH2,Homo sapiens,B,887697
CHEMBL5934302,COc1c(F)cc(OCCNCCCF)cc1[C@@H]1c2[nH]c3ccccc3c2C[C@@H](C)N1CC(F)(F)F,IC50,=,4800.0,nM,5.318758762624412,5.32,CHEMBL5737036,CHEMBL5728574,CHEMBL240,Voltage-gated inwardly rectifying potassium channel KCNH2,Homo sapiens,B,1062272
CHEMBL5936875,Cc1c(OCCNCCCF)ncnc1[C@@H]1c2[nH]c3ccccc3c2C[C@@H](C)N1CC(F)(F)F,IC50,=,5900.0,nM,5.229147988357855,5.23,CHEMBL5733101,CHEMBL5726655,CHEMBL240,Voltage-gated inwardly rectifying potassium channel KCNH2,Homo sapiens,B,714884
CHEMBL5936875,Cc1c(OCCNCCCF)ncnc1[C@@H]1c2[nH]c3ccccc3c2C[C@@H](C)N1CC(F)(F)F,IC50,=,5900.0,nM,5.229147988357855,5.23,CHEMBL5735028,CHEMBL5727625,CHEMBL240,Voltage-gated inwardly rectifying potassium channel KCNH2,Homo sapiens,B,887779
CHEMBL5936875,Cc1c(OCCNCCCF)ncnc1[C@@H]1c2[nH]c3ccccc3c2C[C@@H](C)N1CC(F)(F)F,IC50,=,5900.0,nM,5.229147988357855,5.23,CHEMBL5737036,CHEMBL5728574,CHEMBL240,Voltage-gated inwardly rectifying potassium channel KCNH2,Homo sapiens,B,1062305
CHEMBL5939964,CC(C)(C)c1nccn1Cc1cn(-c2ccc(F)c(C(F)F)c2)nn1,IC50,=,131.0,nM,6.882728704344236,6.88,CHEMBL5733977,CHEMBL5727077,CHEMBL240,Voltage-gated inwardly rectifying potassium channel KCNH2,Homo sapiens,B,793035
CHEMBL5939964,CC(C)(C)c1nccn1Cc1cn(-c2ccc(F)c(C(F)F)c2)nn1,IC50,=,131.0,nM,6.882728704344236,6.88,CHEMBL5734036,CHEMBL5727110,CHEMBL240,Voltage-gated inwardly rectifying potassium channel KCNH2,Homo sapiens,B,796437
CHEMBL5941301,CC(C)c1nccn1Cc1cn(-c2cccc(OC(F)(F)F)c2)nn1,IC50,=,32.7,nM,7.485452247339714,7.49,CHEMBL5733977,CHEMBL5727077,CHEMBL240,Voltage-gated inwardly rectifying potassium channel KCNH2,Homo sapiens,B,793021
CHEMBL5941301,CC(C)c1nccn1Cc1cn(-c2cccc(OC(F)(F)F)c2)nn1,IC50,=,32.7,nM,7.485452247339714,7.49,CHEMBL5734036,CHEMBL5727110,CHEMBL240,Voltage-gated inwardly rectifying potassium channel KCNH2,Homo sapiens,B,796423
CHEMBL5942934,COc1cc(NC2CN(CCCF)C2)ccc1[C@@H]1c2ccc3[nH]ncc3c2C[C@@H](C)N1CC(C)F,IC50,=,5.0,nM,8.301029995663981,8.3,CHEMBL5735025,CHEMBL5727624,CHEMBL240,Voltage-gated inwardly rectifying potassium channel KCNH2,Homo sapiens,B,887461
CHEMBL5942934,COc1cc(NC2CN(CCCF)C2)ccc1[C@@H]1c2ccc3[nH]ncc3c2C[C@@H](C)N1CC(C)F,IC50,=,15.0,nM,7.823908740944319,7.82,CHEMBL5735025,CHEMBL5727624,CHEMBL240,Voltage-gated inwardly rectifying potassium channel KCNH2,Homo sapiens,B,887462
CHEMBL5942934,COc1cc(NC2CN(CCCF)C2)ccc1[C@@H]1c2ccc3[nH]ncc3c2C[C@@H](C)N1CC(C)F,IC50,=,14000.0,nM,4.853871964321762,4.85,CHEMBL5731674,CHEMBL5725903,CHEMBL240,Voltage-gated inwardly rectifying potassium channel KCNH2,Homo sapiens,B,576050
CHEMBL5943322,Cc1ncc(OCCNCCCF)cc1[C@@H]1c2[nH]c3ccccc3c2C[C@@H](C)N1CC(F)(F)F,IC50,=,3500.0,nM,5.455931955649724,5.46,CHEMBL5733101,CHEMBL5726655,CHEMBL240,Voltage-gated inwardly rectifying potassium channel KCNH2,Homo sapiens,B,714812
CHEMBL5943322,Cc1ncc(OCCNCCCF)cc1[C@@H]1c2[nH]c3ccccc3c2C[C@@H](C)N1CC(F)(F)F,IC50,=,3500.0,nM,5.455931955649724,5.46,CHEMBL5735028,CHEMBL5727625,CHEMBL240,Voltage-gated inwardly rectifying potassium channel KCNH2,Homo sapiens,B,887707
CHEMBL5943322,Cc1ncc(OCCNCCCF)cc1[C@@H]1c2[nH]c3ccccc3c2C[C@@H](C)N1CC(F)(F)F,IC50,=,3500.0,nM,5.455931955649724,5.46,CHEMBL5737036,CHEMBL5728574,CHEMBL240,Voltage-gated inwardly rectifying potassium channel KCNH2,Homo sapiens,B,1062292
CHEMBL5944633,C[C@@H]1Cc2c(ccc3[nH]nc(F)c23)[C@@H](c2cnc(NC3CN(CCCF)C3)cn2)N1CC(F)(F)F,IC50,=,0.69,nM,9.161150909262744,9.16,CHEMBL5735025,CHEMBL5727624,CHEMBL240,Voltage-gated inwardly rectifying potassium channel KCNH2,Homo sapiens,B,887432
CHEMBL5944633,C[C@@H]1Cc2c(ccc3[nH]nc(F)c23)[C@@H](c2cnc(NC3CN(CCCF)C3)cn2)N1CC(F)(F)F,IC50,=,18000.0,nM,4.7447274948966935,4.75,CHEMBL5731674,CHEMBL5725903,CHEMBL240,Voltage-gated inwardly rectifying potassium channel KCNH2,Homo sapiens,B,576028
CHEMBL5945844,CC(C(N)=O)[C@@]12CC(F)(F)[C@@H](C)[C@H](/C=C/c3ccc(-c4ccccc4C#N)cn3)[C@@H]1[C@@H](C)OC2=O,IC50,=,26300.0,nM,4.580044251510242,4.58,CHEMBL5730898,CHEMBL5725488,CHEMBL240,Voltage-gated inwardly rectifying potassium channel KCNH2,Homo sapiens,B,492332
CHEMBL5945844,CC(C(N)=O)[C@@]12CC(F)(F)[C@@H](C)[C@H](/C=C/c3ccc(-c4ccccc4C#N)cn3)[C@@H]1[C@@H](C)OC2=O,IC50,=,39100.0,nM,4.407823242604133,4.41,CHEMBL5730898,CHEMBL5725488,CHEMBL240,Voltage-gated inwardly rectifying potassium channel KCNH2,Homo sapiens,B,492331
CHEMBL5945844,CC(C(N)=O)[C@@]12CC(F)(F)[C@@H](C)[C@H](/C=C/c3ccc(-c4ccccc4C#N)cn3)[C@@H]1[C@@H](C)OC2=O,IC50,=,59700.0,nM,4.224025668870631,4.22,CHEMBL5730898,CHEMBL5725488,CHEMBL240,Voltage-gated inwardly rectifying potassium channel KCNH2,Homo sapiens,B,492333
CHEMBL5951589,Cc1cc(-n2cc(Cn3ccnc3CCO)nn2)ccc1Cl,IC50,=,6.9,nM,8.161150909262744,8.16,CHEMBL5733977,CHEMBL5727077,CHEMBL240,Voltage-gated inwardly rectifying potassium channel KCNH2,Homo sapiens,B,793022
CHEMBL5951589,Cc1cc(-n2cc(Cn3ccnc3CCO)nn2)ccc1Cl,IC50,=,6.9,nM,8.161150909262744,8.16,CHEMBL5734036,CHEMBL5727110,CHEMBL240,Voltage-gated inwardly rectifying potassium channel KCNH2,Homo sapiens,B,796424
CHEMBL5952392,COc1ccc(OCCNCCCF)c(F)c1[C@@H]1c2[nH]c3ccccc3c2C[C@@H](C)N1CC(F)(F)CO,IC50,=,3900.0,nM,5.4089353929735005,5.41,CHEMBL5733101,CHEMBL5726655,CHEMBL240,Voltage-gated inwardly rectifying potassium channel KCNH2,Homo sapiens,B,714853
CHEMBL5952392,COc1ccc(OCCNCCCF)c(F)c1[C@@H]1c2[nH]c3ccccc3c2C[C@@H](C)N1CC(F)(F)CO,IC50,=,3900.0,nM,5.4089353929735005,5.41,CHEMBL5735028,CHEMBL5727625,CHEMBL240,Voltage-gated inwardly rectifying potassium channel KCNH2,Homo sapiens,B,887748
CHEMBL5952392,COc1ccc(OCCNCCCF)c(F)c1[C@@H]1c2[nH]c3ccccc3c2C[C@@H](C)N1CC(F)(F)CO,IC50,=,3900.0,nM,5.4089353929735005,5.41,CHEMBL5737036,CHEMBL5728574,CHEMBL240,Voltage-gated inwardly rectifying potassium channel KCNH2,Homo sapiens,B,1062243
CHEMBL5954593,C[C@@H]1Cc2c([nH]c3ccccc23)[C@@H](c2cc(OCCNCCCF)ncc2F)N1CC(F)(F)F,IC50,=,3900.0,nM,5.4089353929735005,5.41,CHEMBL5733101,CHEMBL5726655,CHEMBL240,Voltage-gated inwardly rectifying potassium channel KCNH2,Homo sapiens,B,714814
CHEMBL5954593,C[C@@H]1Cc2c([nH]c3ccccc23)[C@@H](c2cc(OCCNCCCF)ncc2F)N1CC(F)(F)F,IC50,=,3900.0,nM,5.4089353929735005,5.41,CHEMBL5735028,CHEMBL5727625,CHEMBL240,Voltage-gated inwardly rectifying potassium channel KCNH2,Homo sapiens,B,887709
CHEMBL5954593,C[C@@H]1Cc2c([nH]c3ccccc23)[C@@H](c2cc(OCCNCCCF)ncc2F)N1CC(F)(F)F,IC50,=,3900.0,nM,5.4089353929735005,5.41,CHEMBL5737036,CHEMBL5728574,CHEMBL240,Voltage-gated inwardly rectifying potassium channel KCNH2,Homo sapiens,B,1062296
CHEMBL5956282,Nc1nccn1Cc1cn(-c2ccc(Cl)c(C(F)F)c2)nn1,IC50,=,0.65,nM,9.187086643357144,9.19,CHEMBL5733977,CHEMBL5727077,CHEMBL240,Voltage-gated inwardly rectifying potassium channel KCNH2,Homo sapiens,B,793058
CHEMBL5956282,Nc1nccn1Cc1cn(-c2ccc(Cl)c(C(F)F)c2)nn1,IC50,=,0.65,nM,9.187086643357144,9.19,CHEMBL5734036,CHEMBL5727110,CHEMBL240,Voltage-gated inwardly rectifying potassium channel KCNH2,Homo sapiens,B,796460
CHEMBL5959655,Cc1c(OCCNCCCF)ncnc1[C@@H]1c2[nH]c3ccccc3c2C[C@@H](C)N1CC(F)(F)CO,IC50,=,11000.0,nM,4.958607314841775,4.96,CHEMBL5733101,CHEMBL5726655,CHEMBL240,Voltage-gated inwardly rectifying potassium channel KCNH2,Homo sapiens,B,714885
CHEMBL5959655,Cc1c(OCCNCCCF)ncnc1[C@@H]1c2[nH]c3ccccc3c2C[C@@H](C)N1CC(F)(F)CO,IC50,=,11000.0,nM,4.958607314841775,4.96,CHEMBL5735028,CHEMBL5727625,CHEMBL240,Voltage-gated inwardly rectifying potassium channel KCNH2,Homo sapiens,B,887780
CHEMBL5959655,Cc1c(OCCNCCCF)ncnc1[C@@H]1c2[nH]c3ccccc3c2C[C@@H](C)N1CC(F)(F)CO,IC50,=,11000.0,nM,4.958607314841775,4.96,CHEMBL5737036,CHEMBL5728574,CHEMBL240,Voltage-gated inwardly rectifying potassium channel KCNH2,Homo sapiens,B,1062307
CHEMBL5960420,Cc1nc2ccccc2n1Cc1cn(-c2ccc(Cl)c(Cl)c2)nn1,IC50,=,141.0,nM,6.85078088734462,6.85,CHEMBL5733977,CHEMBL5727077,CHEMBL240,Voltage-gated inwardly rectifying potassium channel KCNH2,Homo sapiens,B,793063
CHEMBL5960420,Cc1nc2ccccc2n1Cc1cn(-c2ccc(Cl)c(Cl)c2)nn1,IC50,=,141.0,nM,6.85078088734462,6.85,CHEMBL5734036,CHEMBL5727110,CHEMBL240,Voltage-gated inwardly rectifying potassium channel KCNH2,Homo sapiens,B,796465
CHEMBL5961333,CS(=O)(=O)c1cccc(-n2cc(Cn3ccnc3CCO)nn2)c1,IC50,=,1400.0,nM,5.853871964321762,5.85,CHEMBL5733977,CHEMBL5727077,CHEMBL240,Voltage-gated inwardly rectifying potassium channel KCNH2,Homo sapiens,B,793027
CHEMBL5961333,CS(=O)(=O)c1cccc(-n2cc(Cn3ccnc3CCO)nn2)c1,IC50,=,1400.0,nM,5.853871964321762,5.85,CHEMBL5734036,CHEMBL5727110,CHEMBL240,Voltage-gated inwardly rectifying potassium channel KCNH2,Homo sapiens,B,796429
CHEMBL5961464,FC(F)(F)c1cccc(-n2cc(Cn3ccnc3C3CC3)nn2)c1,IC50,=,91.6,nM,7.03810452633215,7.04,CHEMBL5733977,CHEMBL5727077,CHEMBL240,Voltage-gated inwardly rectifying potassium channel KCNH2,Homo sapiens,B,793016
CHEMBL5961464,FC(F)(F)c1cccc(-n2cc(Cn3ccnc3C3CC3)nn2)c1,IC50,=,91.6,nM,7.03810452633215,7.04,CHEMBL5734036,CHEMBL5727110,CHEMBL240,Voltage-gated inwardly rectifying potassium channel KCNH2,Homo sapiens,B,796418
CHEMBL5962619,Cc1nccn1Cc1cn(-c2cc(F)cc(C(F)F)c2)nn1,IC50,=,25.9,nM,7.586700235918748,7.59,CHEMBL5733977,CHEMBL5727077,CHEMBL240,Voltage-gated inwardly rectifying potassium channel KCNH2,Homo sapiens,B,793050
CHEMBL5962619,Cc1nccn1Cc1cn(-c2cc(F)cc(C(F)F)c2)nn1,IC50,=,25.9,nM,7.586700235918748,7.59,CHEMBL5734036,CHEMBL5727110,CHEMBL240,Voltage-gated inwardly rectifying potassium channel KCNH2,Homo sapiens,B,796452
CHEMBL5964323,OCCc1nccn1Cc1cn(-c2cccc(C3CC3)c2)nn1,IC50,=,41.1,nM,7.386158178123931,7.39,CHEMBL5733977,CHEMBL5727077,CHEMBL240,Voltage-gated inwardly rectifying potassium channel KCNH2,Homo sapiens,B,793026
CHEMBL5964323,OCCc1nccn1Cc1cn(-c2cccc(C3CC3)c2)nn1,IC50,=,41.1,nM,7.386158178123931,7.39,CHEMBL5734036,CHEMBL5727110,CHEMBL240,Voltage-gated inwardly rectifying potassium channel KCNH2,Homo sapiens,B,796428
CHEMBL5965398,CCc1nccn1Cc1cn(-c2ccc(Cl)cc2)nn1,IC50,=,25.8,nM,7.58838029403677,7.59,CHEMBL5733977,CHEMBL5727077,CHEMBL240,Voltage-gated inwardly rectifying potassium channel KCNH2,Homo sapiens,B,792973
CHEMBL5965398,CCc1nccn1Cc1cn(-c2ccc(Cl)cc2)nn1,IC50,=,25.8,nM,7.58838029403677,7.59,CHEMBL5734036,CHEMBL5727110,CHEMBL240,Voltage-gated inwardly rectifying potassium channel KCNH2,Homo sapiens,B,796375
CHEMBL5965551,C[C@@H]1Cc2c([nH]c3ccccc23)[C@@H](c2c(F)cnc(OCCNCCCF)c2Cl)N1CC(F)(F)CO,IC50,=,5100.0,nM,5.292429823902063,5.29,CHEMBL5733101,CHEMBL5726655,CHEMBL240,Voltage-gated inwardly rectifying potassium channel KCNH2,Homo sapiens,B,714882
CHEMBL5965551,C[C@@H]1Cc2c([nH]c3ccccc23)[C@@H](c2c(F)cnc(OCCNCCCF)c2Cl)N1CC(F)(F)CO,IC50,=,5100.0,nM,5.292429823902063,5.29,CHEMBL5735028,CHEMBL5727625,CHEMBL240,Voltage-gated inwardly rectifying potassium channel KCNH2,Homo sapiens,B,887777
CHEMBL5965551,C[C@@H]1Cc2c([nH]c3ccccc23)[C@@H](c2c(F)cnc(OCCNCCCF)c2Cl)N1CC(F)(F)CO,IC50,=,5100.0,nM,5.292429823902063,5.29,CHEMBL5737036,CHEMBL5728574,CHEMBL240,Voltage-gated inwardly rectifying potassium channel KCNH2,Homo sapiens,B,1062301
CHEMBL5965720,FCCc1nccn1Cc1cn(-c2ccc(Cl)c(OC(F)F)c2)nn1,IC50,=,6.02,nM,8.220403508742175,8.22,CHEMBL5733977,CHEMBL5727077,CHEMBL240,Voltage-gated inwardly rectifying potassium channel KCNH2,Homo sapiens,B,793047
CHEMBL5965720,FCCc1nccn1Cc1cn(-c2ccc(Cl)c(OC(F)F)c2)nn1,IC50,=,6.02,nM,8.220403508742175,8.22,CHEMBL5734036,CHEMBL5727110,CHEMBL240,Voltage-gated inwardly rectifying potassium channel KCNH2,Homo sapiens,B,796449
CHEMBL5967894,COc1ccc(OCCNCCCF)c(C)c1[C@@H]1c2[nH]c3ccccc3c2C[C@@H](C)N1CC(F)(F)F,IC50,=,4100.0,nM,5.3872161432802645,5.39,CHEMBL5733101,CHEMBL5726655,CHEMBL240,Voltage-gated inwardly rectifying potassium channel KCNH2,Homo sapiens,B,714801
CHEMBL5967894,COc1ccc(OCCNCCCF)c(C)c1[C@@H]1c2[nH]c3ccccc3c2C[C@@H](C)N1CC(F)(F)F,IC50,=,4100.0,nM,5.3872161432802645,5.39,CHEMBL5735028,CHEMBL5727625,CHEMBL240,Voltage-gated inwardly rectifying potassium channel KCNH2,Homo sapiens,B,887696
CHEMBL5967894,COc1ccc(OCCNCCCF)c(C)c1[C@@H]1c2[nH]c3ccccc3c2C[C@@H](C)N1CC(F)(F)F,IC50,=,4100.0,nM,5.3872161432802645,5.39,CHEMBL5737036,CHEMBL5728574,CHEMBL240,Voltage-gated inwardly rectifying potassium channel KCNH2,Homo sapiens,B,1062270
CHEMBL5968571,CCCc1nccn1Cc1cn(-c2ccc(F)c(C(F)F)c2)nn1,IC50,=,3.4,nM,8.468521082957745,8.47,CHEMBL5733977,CHEMBL5727077,CHEMBL240,Voltage-gated inwardly rectifying potassium channel KCNH2,Homo sapiens,B,793033
CHEMBL5968571,CCCc1nccn1Cc1cn(-c2ccc(F)c(C(F)F)c2)nn1,IC50,=,3.4,nM,8.468521082957745,8.47,CHEMBL5734036,CHEMBL5727110,CHEMBL240,Voltage-gated inwardly rectifying potassium channel KCNH2,Homo sapiens,B,796435
CHEMBL5969195,Cn1nccc1Cc1cn(-c2ccc(F)c(Cl)c2)nn1,IC50,=,4320.0,nM,5.364516253185088,5.37,CHEMBL5733977,CHEMBL5727077,CHEMBL240,Voltage-gated inwardly rectifying potassium channel KCNH2,Homo sapiens,B,793055
CHEMBL5969195,Cn1nccc1Cc1cn(-c2ccc(F)c(Cl)c2)nn1,IC50,=,4320.0,nM,5.364516253185088,5.37,CHEMBL5734036,CHEMBL5727110,CHEMBL240,Voltage-gated inwardly rectifying potassium channel KCNH2,Homo sapiens,B,796457
CHEMBL5969609,C[C@@H]1Cc2c([nH]c3ccccc23)[C@@H](c2c(F)ccc(NCCNCCCF)c2F)N1CC(F)(F)F,IC50,=,4800.0,nM,5.318758762624412,5.32,CHEMBL5733101,CHEMBL5726655,CHEMBL240,Voltage-gated inwardly rectifying potassium channel KCNH2,Homo sapiens,B,714860
CHEMBL5969609,C[C@@H]1Cc2c([nH]c3ccccc23)[C@@H](c2c(F)ccc(NCCNCCCF)c2F)N1CC(F)(F)F,IC50,=,4800.0,nM,5.318758762624412,5.32,CHEMBL5735028,CHEMBL5727625,CHEMBL240,Voltage-gated inwardly rectifying potassium channel KCNH2,Homo sapiens,B,887755
CHEMBL5969609,C[C@@H]1Cc2c([nH]c3ccccc23)[C@@H](c2c(F)ccc(NCCNCCCF)c2F)N1CC(F)(F)F,IC50,=,4800.0,nM,5.318758762624412,5.32,CHEMBL5737036,CHEMBL5728574,CHEMBL240,Voltage-gated inwardly rectifying potassium channel KCNH2,Homo sapiens,B,1062257
CHEMBL5969819,Cc1ccc(COC(=O)N2CC[C@H](CNc3ncc4cn[nH]c4n3)C(F)(F)C2)cc1,IC50,=,6800.0,nM,5.167491087293763,5.17,CHEMBL5734969,CHEMBL5727591,CHEMBL240,Voltage-gated inwardly rectifying potassium channel KCNH2,Homo sapiens,B,884138
CHEMBL5969819,Cc1ccc(COC(=O)N2CC[C@H](CNc3ncc4cn[nH]c4n3)C(F)(F)C2)cc1,IC50,=,6800.0,nM,5.167491087293763,5.17,CHEMBL5737481,CHEMBL5728799,CHEMBL240,Voltage-gated inwardly rectifying potassium channel KCNH2,Homo sapiens,B,1106457
CHEMBL5969915,Fc1ccc(-n2cc(Cn3ccnc3C3CC3)nn2)cc1Cl,IC50,=,28.3,nM,7.548213564475709,7.55,CHEMBL5733977,CHEMBL5727077,CHEMBL240,Voltage-gated inwardly rectifying potassium channel KCNH2,Homo sapiens,B,792992
CHEMBL5969915,Fc1ccc(-n2cc(Cn3ccnc3C3CC3)nn2)cc1Cl,IC50,=,28.3,nM,7.548213564475709,7.55,CHEMBL5734036,CHEMBL5727110,CHEMBL240,Voltage-gated inwardly rectifying potassium channel KCNH2,Homo sapiens,B,796394
CHEMBL5970123,Cc1c(NCCNCCCF)ccnc1[C@@H]1c2[nH]c3ccccc3c2C[C@@H](C)N1CC(F)(F)F,IC50,=,7200.0,nM,5.142667503568731,5.14,CHEMBL5733101,CHEMBL5726655,CHEMBL240,Voltage-gated inwardly rectifying potassium channel KCNH2,Homo sapiens,B,714867
CHEMBL5970123,Cc1c(NCCNCCCF)ccnc1[C@@H]1c2[nH]c3ccccc3c2C[C@@H](C)N1CC(F)(F)F,IC50,=,7200.0,nM,5.142667503568731,5.14,CHEMBL5735028,CHEMBL5727625,CHEMBL240,Voltage-gated inwardly rectifying potassium channel KCNH2,Homo sapiens,B,887762
CHEMBL5970123,Cc1c(NCCNCCCF)ccnc1[C@@H]1c2[nH]c3ccccc3c2C[C@@H](C)N1CC(F)(F)F,IC50,=,7200.0,nM,5.142667503568731,5.14,CHEMBL5737036,CHEMBL5728574,CHEMBL240,Voltage-gated inwardly rectifying potassium channel KCNH2,Homo sapiens,B,1062271
CHEMBL5971419,Cc1cc(-n2cc(Cn3ccnc3C)nn2)ccc1Cl,IC50,=,1.64,nM,8.785156151952302,8.79,CHEMBL5733977,CHEMBL5727077,CHEMBL240,Voltage-gated inwardly rectifying potassium channel KCNH2,Homo sapiens,B,793003
CHEMBL5971419,Cc1cc(-n2cc(Cn3ccnc3C)nn2)ccc1Cl,IC50,=,1.64,nM,8.785156151952302,8.79,CHEMBL5734036,CHEMBL5727110,CHEMBL240,Voltage-gated inwardly rectifying potassium channel KCNH2,Homo sapiens,B,796405
CHEMBL5971806,CN1CCN(c2ccc3cc(C(=O)Nc4cc(-c5ccco5)ccc4N)ncc3c2)CC1,IC50,=,5200.0,nM,5.2839966563652006,5.28,CHEMBL5735720,CHEMBL5727940,CHEMBL240,Voltage-gated inwardly rectifying potassium channel KCNH2,Homo sapiens,B,951745
CHEMBL5971806,CN1CCN(c2ccc3cc(C(=O)Nc4cc(-c5ccco5)ccc4N)ncc3c2)CC1,IC50,=,5200.0,nM,5.2839966563652006,5.28,CHEMBL5738851,CHEMBL5729514,CHEMBL240,Voltage-gated inwardly rectifying potassium channel KCNH2,Homo sapiens,B,1236139
CHEMBL597241,Clc1cnc2nc(N3CCN4CCC3CC4)oc2c1,IC50,=,3300.0,nM,5.481486060122112,5.48,CHEMBL1069497,CHEMBL1159071,CHEMBL240,Voltage-gated inwardly rectifying potassium channel KCNH2,Homo sapiens,B,
CHEMBL597241,Clc1cnc2nc(N3CCN4CCC3CC4)oc2c1,IC50,=,3300.0,nM,5.481486060122112,5.48,CHEMBL2157810,CHEMBL2151039,CHEMBL240,Voltage-gated inwardly rectifying potassium channel KCNH2,Homo sapiens,B,
CHEMBL5972799,C[C@@H]1Cc2c([nH]c3ccccc23)[C@@H](c2cc(OCCNCCCF)ccc2Cl)N1CC(F)(F)F,IC50,=,4200.0,nM,5.376750709602099,5.38,CHEMBL5733101,CHEMBL5726655,CHEMBL240,Voltage-gated inwardly rectifying potassium channel KCNH2,Homo sapiens,B,714797
CHEMBL5972799,C[C@@H]1Cc2c([nH]c3ccccc23)[C@@H](c2cc(OCCNCCCF)ccc2Cl)N1CC(F)(F)F,IC50,=,4200.0,nM,5.376750709602099,5.38,CHEMBL5735028,CHEMBL5727625,CHEMBL240,Voltage-gated inwardly rectifying potassium channel KCNH2,Homo sapiens,B,887692
CHEMBL5972799,C[C@@H]1Cc2c([nH]c3ccccc23)[C@@H](c2cc(OCCNCCCF)ccc2Cl)N1CC(F)(F)F,IC50,=,4200.0,nM,5.376750709602099,5.38,CHEMBL5737036,CHEMBL5728574,CHEMBL240,Voltage-gated inwardly rectifying potassium channel KCNH2,Homo sapiens,B,1062262
CHEMBL5973051,C[C@@H]1Cc2c([nH]c3ccccc23)[C@@H](c2c(F)ccc(OCCNCCCF)c2F)N1CC1(S(C)(=O)=O)CC1,IC50,=,5400.0,nM,5.267606240177031,5.27,CHEMBL5733101,CHEMBL5726655,CHEMBL240,Voltage-gated inwardly rectifying potassium channel KCNH2,Homo sapiens,B,714850
CHEMBL5973051,C[C@@H]1Cc2c([nH]c3ccccc23)[C@@H](c2c(F)ccc(OCCNCCCF)c2F)N1CC1(S(C)(=O)=O)CC1,IC50,=,5400.0,nM,5.267606240177031,5.27,CHEMBL5735028,CHEMBL5727625,CHEMBL240,Voltage-gated inwardly rectifying potassium channel KCNH2,Homo sapiens,B,887745
CHEMBL5973051,C[C@@H]1Cc2c([nH]c3ccccc23)[C@@H](c2c(F)ccc(OCCNCCCF)c2F)N1CC1(S(C)(=O)=O)CC1,IC50,=,5400.0,nM,5.267606240177031,5.27,CHEMBL5737036,CHEMBL5728574,CHEMBL240,Voltage-gated inwardly rectifying potassium channel KCNH2,Homo sapiens,B,1062237
CHEMBL5974311,Nc1ccc(-c2cccs2)cc1NC(=O)c1ccc(N2CCNCC2)nc1,IC50,=,8600.0,nM,5.065501548756432,5.07,CHEMBL5735720,CHEMBL5727940,CHEMBL240,Voltage-gated inwardly rectifying potassium channel KCNH2,Homo sapiens,B,951733
CHEMBL5974311,Nc1ccc(-c2cccs2)cc1NC(=O)c1ccc(N2CCNCC2)nc1,IC50,=,8600.0,nM,5.065501548756432,5.07,CHEMBL5738851,CHEMBL5729514,CHEMBL240,Voltage-gated inwardly rectifying potassium channel KCNH2,Homo sapiens,B,1236127
CHEMBL5974489,Nc1ccc(-c2ccoc2)cc1NC(=O)c1cnc2cc(N3CCNCC3)ccc2c1,IC50,=,8900.0,nM,5.050609993355087,5.05,CHEMBL5735720,CHEMBL5727940,CHEMBL240,Voltage-gated inwardly rectifying potassium channel KCNH2,Homo sapiens,B,951738
CHEMBL5974489,Nc1ccc(-c2ccoc2)cc1NC(=O)c1cnc2cc(N3CCNCC3)ccc2c1,IC50,=,8900.0,nM,5.050609993355087,5.05,CHEMBL5738851,CHEMBL5729514,CHEMBL240,Voltage-gated inwardly rectifying potassium channel KCNH2,Homo sapiens,B,1236132
CHEMBL5974706,COc1ccc(OCCNCCCF)c(F)c1[C@@H]1c2[nH]c3ccc(F)cc3c2C[C@@H](C)N1CC(F)(F)CO,IC50,=,3900.0,nM,5.4089353929735005,5.41,CHEMBL5733101,CHEMBL5726655,CHEMBL240,Voltage-gated inwardly rectifying potassium channel KCNH2,Homo sapiens,B,714858
CHEMBL5974706,COc1ccc(OCCNCCCF)c(F)c1[C@@H]1c2[nH]c3ccc(F)cc3c2C[C@@H](C)N1CC(F)(F)CO,IC50,=,3900.0,nM,5.4089353929735005,5.41,CHEMBL5735028,CHEMBL5727625,CHEMBL240,Voltage-gated inwardly rectifying potassium channel KCNH2,Homo sapiens,B,887753
CHEMBL5974706,COc1ccc(OCCNCCCF)c(F)c1[C@@H]1c2[nH]c3ccc(F)cc3c2C[C@@H](C)N1CC(F)(F)CO,IC50,=,3900.0,nM,5.4089353929735005,5.41,CHEMBL5737036,CHEMBL5728574,CHEMBL240,Voltage-gated inwardly rectifying potassium channel KCNH2,Homo sapiens,B,1062253
CHEMBL5974828,Nc1ccc(-c2ccccc2)cc1NC(=O)c1ccc(N2CCNCC2)nc1,IC50,=,5100.0,nM,5.292429823902063,5.29,CHEMBL5735720,CHEMBL5727940,CHEMBL240,Voltage-gated inwardly rectifying potassium channel KCNH2,Homo sapiens,B,951731
CHEMBL5974828,Nc1ccc(-c2ccccc2)cc1NC(=O)c1ccc(N2CCNCC2)nc1,IC50,=,5100.0,nM,5.292429823902063,5.29,CHEMBL5738851,CHEMBL5729514,CHEMBL240,Voltage-gated inwardly rectifying potassium channel KCNH2,Homo sapiens,B,1236125
CHEMBL5975525,C[C@@H]1Cc2c([nH]c3ccccc23)[C@@H](c2c(F)ccc(OCCNCCCF)c2F)N1CC1(F)CC1,IC50,=,4200.0,nM,5.376750709602099,5.38,CHEMBL5733101,CHEMBL5726655,CHEMBL240,Voltage-gated inwardly rectifying potassium channel KCNH2,Homo sapiens,B,714849
CHEMBL5975525,C[C@@H]1Cc2c([nH]c3ccccc23)[C@@H](c2c(F)ccc(OCCNCCCF)c2F)N1CC1(F)CC1,IC50,=,4200.0,nM,5.376750709602099,5.38,CHEMBL5735028,CHEMBL5727625,CHEMBL240,Voltage-gated inwardly rectifying potassium channel KCNH2,Homo sapiens,B,887744
CHEMBL5975525,C[C@@H]1Cc2c([nH]c3ccccc23)[C@@H](c2c(F)ccc(OCCNCCCF)c2F)N1CC1(F)CC1,IC50,=,4200.0,nM,5.376750709602099,5.38,CHEMBL5737036,CHEMBL5728574,CHEMBL240,Voltage-gated inwardly rectifying potassium channel KCNH2,Homo sapiens,B,1062235
CHEMBL5976049,Clc1ccc(-n2cc(Cn3ccnc3C3CC3)nn2)cc1Cl,IC50,=,17.9,nM,7.747146969020107,7.75,CHEMBL5733977,CHEMBL5727077,CHEMBL240,Voltage-gated inwardly rectifying potassium channel KCNH2,Homo sapiens,B,792984
CHEMBL5976049,Clc1ccc(-n2cc(Cn3ccnc3C3CC3)nn2)cc1Cl,IC50,=,17.9,nM,7.747146969020107,7.75,CHEMBL5734036,CHEMBL5727110,CHEMBL240,Voltage-gated inwardly rectifying potassium channel KCNH2,Homo sapiens,B,796386
CHEMBL5978181,COc1ccc(OCCNCCCF)c(F)c1[C@@H]1c2[nH]c3ccccc3c2C[C@@H](C)N1CC(F)F,IC50,=,4300.0,nM,5.366531544420413,5.37,CHEMBL5733101,CHEMBL5726655,CHEMBL240,Voltage-gated inwardly rectifying potassium channel KCNH2,Homo sapiens,B,714854
CHEMBL5978181,COc1ccc(OCCNCCCF)c(F)c1[C@@H]1c2[nH]c3ccccc3c2C[C@@H](C)N1CC(F)F,IC50,=,4300.0,nM,5.366531544420413,5.37,CHEMBL5737036,CHEMBL5728574,CHEMBL240,Voltage-gated inwardly rectifying potassium channel KCNH2,Homo sapiens,B,1062245
CHEMBL5978414,Cc1ncnn1Cc1cn(-c2ccc(Cl)cc2)nn1,IC50,=,14300.0,nM,4.844663962534939,4.84,CHEMBL5733977,CHEMBL5727077,CHEMBL240,Voltage-gated inwardly rectifying potassium channel KCNH2,Homo sapiens,B,792956
CHEMBL5978414,Cc1ncnn1Cc1cn(-c2ccc(Cl)cc2)nn1,IC50,=,14300.0,nM,4.844663962534939,4.84,CHEMBL5734036,CHEMBL5727110,CHEMBL240,Voltage-gated inwardly rectifying potassium channel KCNH2,Homo sapiens,B,796358
CHEMBL5978538,C[C@@H]1Cc2c([nH]c3ccccc23)[C@@H](c2c(F)ccc(OCCNCCCF)c2F)N1CC(F)(F)F,IC50,=,9600.0,nM,5.017728766960431,5.02,CHEMBL5733101,CHEMBL5726655,CHEMBL240,Voltage-gated inwardly rectifying potassium channel KCNH2,Homo sapiens,B,714787
CHEMBL5978538,C[C@@H]1Cc2c([nH]c3ccccc23)[C@@H](c2c(F)ccc(OCCNCCCF)c2F)N1CC(F)(F)F,IC50,=,9600.0,nM,5.017728766960431,5.02,CHEMBL5735028,CHEMBL5727625,CHEMBL240,Voltage-gated inwardly rectifying potassium channel KCNH2,Homo sapiens,B,887682
CHEMBL5978538,C[C@@H]1Cc2c([nH]c3ccccc23)[C@@H](c2c(F)ccc(OCCNCCCF)c2F)N1CC(F)(F)F,IC50,=,9600.0,nM,5.017728766960431,5.02,CHEMBL5737036,CHEMBL5728574,CHEMBL240,Voltage-gated inwardly rectifying potassium channel KCNH2,Homo sapiens,B,1062242
CHEMBL598194,NC1(C(=O)NCc2ccc(Cl)cc2)CCN(c2ncnc3[nH]ccc23)CC1,IC50,=,5235.0,nM,5.281083313985139,5.28,CHEMBL2330875,CHEMBL2321772,CHEMBL240,Voltage-gated inwardly rectifying potassium channel KCNH2,Homo sapiens,B,
CHEMBL598194,NC1(C(=O)NCc2ccc(Cl)cc2)CCN(c2ncnc3[nH]ccc23)CC1,IC50,=,5235.0,nM,5.281083313985139,5.28,CHEMBL6129910,CHEMBL6127093,CHEMBL240,Voltage-gated inwardly rectifying potassium channel KCNH2,Homo sapiens,T,
CHEMBL598270,CCCCCCC[N+](CC)(CC)CCCCc1ccc(Cl)cc1.Cc1ccc(S(=O)(=O)[O-])cc1,IC50,=,2.0,nM,8.698970004336019,8.7,CHEMBL3096732,CHEMBL3091311,CHEMBL240,Voltage-gated inwardly rectifying potassium channel KCNH2,Homo sapiens,B,
CHEMBL598270,CCCCCCC[N+](CC)(CC)CCCCc1ccc(Cl)cc1.Cc1ccc(S(=O)(=O)[O-])cc1,IC50,=,50.0,nM,7.301029995663981,7.3,CHEMBL3096731,CHEMBL3091311,CHEMBL240,Voltage-gated inwardly rectifying potassium channel KCNH2,Homo sapiens,B,
CHEMBL5983773,COc1cc(C(=O)NC2CCN(C[C@H](O)c3ccc4c(c3C)COC4=O)CC2)ncc1C#N,IC50,=,43700.0,nM,4.359518563029578,4.36,CHEMBL5734260,CHEMBL5727226,CHEMBL240,Voltage-gated inwardly rectifying potassium channel KCNH2,Homo sapiens,B,816324
CHEMBL5983773,COc1cc(C(=O)NC2CCN(C[C@H](O)c3ccc4c(c3C)COC4=O)CC2)ncc1C#N,IC50,=,43700.0,nM,4.359518563029578,4.36,CHEMBL5735689,CHEMBL5727924,CHEMBL240,Voltage-gated inwardly rectifying potassium channel KCNH2,Homo sapiens,B,947920
CHEMBL5985085,C[C@@H]1Cc2c(ccc3[nH]ncc23)[C@@H](c2c(F)cc(NC3CN(CCCF)C3)cc2F)N1CC(F)F,IC50,=,1.5,nM,8.823908740944319,8.82,CHEMBL5735025,CHEMBL5727624,CHEMBL240,Voltage-gated inwardly rectifying potassium channel KCNH2,Homo sapiens,B,887443
CHEMBL5985085,C[C@@H]1Cc2c(ccc3[nH]ncc23)[C@@H](c2c(F)cc(NC3CN(CCCF)C3)cc2F)N1CC(F)F,IC50,=,8200.0,nM,5.086186147616283,5.09,CHEMBL5731674,CHEMBL5725903,CHEMBL240,Voltage-gated inwardly rectifying potassium channel KCNH2,Homo sapiens,B,576035
CHEMBL5986147,Cc1cc(-n2cc(Cn3ccnc3C(C)C)nn2)ccc1Cl,IC50,=,4.47,nM,8.349692476868064,8.35,CHEMBL5733977,CHEMBL5727077,CHEMBL240,Voltage-gated inwardly rectifying potassium channel KCNH2,Homo sapiens,B,793019
CHEMBL5986147,Cc1cc(-n2cc(Cn3ccnc3C(C)C)nn2)ccc1Cl,IC50,=,4.47,nM,8.349692476868064,8.35,CHEMBL5734036,CHEMBL5727110,CHEMBL240,Voltage-gated inwardly rectifying potassium channel KCNH2,Homo sapiens,B,796421
CHEMBL5986354,Clc1ccc(-n2c(-c3cnc(NC4CCOCC4)nc3)cc3ccncc32)cc1,IC50,=,550.0,nM,6.259637310505756,6.26,CHEMBL5734464,CHEMBL5727342,CHEMBL240,Voltage-gated inwardly rectifying potassium channel KCNH2,Homo sapiens,B,830449
CHEMBL5986354,Clc1ccc(-n2c(-c3cnc(NC4CCOCC4)nc3)cc3ccncc32)cc1,IC50,=,550.0,nM,6.259637310505756,6.26,CHEMBL5734466,CHEMBL5727343,CHEMBL240,Voltage-gated inwardly rectifying potassium channel KCNH2,Homo sapiens,B,830662
CHEMBL5986354,Clc1ccc(-n2c(-c3cnc(NC4CCOCC4)nc3)cc3ccncc32)cc1,IC50,=,550.0,nM,6.259637310505756,6.26,CHEMBL5735756,CHEMBL5727959,CHEMBL240,Voltage-gated inwardly rectifying potassium channel KCNH2,Homo sapiens,B,955376
CHEMBL5987086,Cc1nccn1Cc1cn(-c2ccc(F)c(C(F)F)c2)nn1,IC50,=,3.83,nM,8.416801226031378,8.42,CHEMBL5733977,CHEMBL5727077,CHEMBL240,Voltage-gated inwardly rectifying potassium channel KCNH2,Homo sapiens,B,793029
CHEMBL5987086,Cc1nccn1Cc1cn(-c2ccc(F)c(C(F)F)c2)nn1,IC50,=,3.83,nM,8.416801226031378,8.42,CHEMBL5734036,CHEMBL5727110,CHEMBL240,Voltage-gated inwardly rectifying potassium channel KCNH2,Homo sapiens,B,796431
CHEMBL5988920,C[C@@H]1Cc2c([nH]c3ccccc23)[C@@H](c2cccc(OCCNCCCF)c2C#N)N1CC(F)(F)F,IC50,=,2700.0,nM,5.568636235841012,5.57,CHEMBL5733101,CHEMBL5726655,CHEMBL240,Voltage-gated inwardly rectifying potassium channel KCNH2,Homo sapiens,B,714843
CHEMBL5988920,C[C@@H]1Cc2c([nH]c3ccccc23)[C@@H](c2cccc(OCCNCCCF)c2C#N)N1CC(F)(F)F,IC50,=,2700.0,nM,5.568636235841012,5.57,CHEMBL5735028,CHEMBL5727625,CHEMBL240,Voltage-gated inwardly rectifying potassium channel KCNH2,Homo sapiens,B,887738
CHEMBL5988920,C[C@@H]1Cc2c([nH]c3ccccc23)[C@@H](c2cccc(OCCNCCCF)c2C#N)N1CC(F)(F)F,IC50,=,2700.0,nM,5.568636235841012,5.57,CHEMBL5737036,CHEMBL5728574,CHEMBL240,Voltage-gated inwardly rectifying potassium channel KCNH2,Homo sapiens,B,1062354
CHEMBL5989582,CCCCc1nccn1Cc1cn(-c2ccc(Cl)c(Cl)c2)nn1,IC50,=,6.84,nM,8.164943898279883,8.16,CHEMBL5733977,CHEMBL5727077,CHEMBL240,Voltage-gated inwardly rectifying potassium channel KCNH2,Homo sapiens,B,792985
CHEMBL5989582,CCCCc1nccn1Cc1cn(-c2ccc(Cl)c(Cl)c2)nn1,IC50,=,6.84,nM,8.164943898279883,8.16,CHEMBL5734036,CHEMBL5727110,CHEMBL240,Voltage-gated inwardly rectifying potassium channel KCNH2,Homo sapiens,B,796387
CHEMBL5990369,CCc1nccn1Cc1cn(-c2ccc(F)c(Cl)c2)nn1,IC50,=,5.02,nM,8.29929628285498,8.3,CHEMBL5733977,CHEMBL5727077,CHEMBL240,Voltage-gated inwardly rectifying potassium channel KCNH2,Homo sapiens,B,792990
CHEMBL5990369,CCc1nccn1Cc1cn(-c2ccc(F)c(Cl)c2)nn1,IC50,=,5.02,nM,8.29929628285498,8.3,CHEMBL5734036,CHEMBL5727110,CHEMBL240,Voltage-gated inwardly rectifying potassium channel KCNH2,Homo sapiens,B,796392
CHEMBL5991109,Clc1ccc(-n2c(-c3ccncc3)cc3ccncc32)cc1,IC50,=,5500.0,nM,5.259637310505756,5.26,CHEMBL5734466,CHEMBL5727343,CHEMBL240,Voltage-gated inwardly rectifying potassium channel KCNH2,Homo sapiens,B,830653
CHEMBL5991109,Clc1ccc(-n2c(-c3ccncc3)cc3ccncc32)cc1,IC50,=,5500.0,nM,5.259637310505756,5.26,CHEMBL5735756,CHEMBL5727959,CHEMBL240,Voltage-gated inwardly rectifying potassium channel KCNH2,Homo sapiens,B,955367
CHEMBL5991143,Cc1c([C@@H]2c3[nH]c4ccccc4c3C[C@@H](C)N2CC(F)(F)F)ccnc1OCCNCCCF,IC50,=,7300.0,nM,5.136677139879544,5.14,CHEMBL5733101,CHEMBL5726655,CHEMBL240,Voltage-gated inwardly rectifying potassium channel KCNH2,Homo sapiens,B,714878
CHEMBL5991143,Cc1c([C@@H]2c3[nH]c4ccccc4c3C[C@@H](C)N2CC(F)(F)F)ccnc1OCCNCCCF,IC50,=,7300.0,nM,5.136677139879544,5.14,CHEMBL5735028,CHEMBL5727625,CHEMBL240,Voltage-gated inwardly rectifying potassium channel KCNH2,Homo sapiens,B,887773
CHEMBL5991143,Cc1c([C@@H]2c3[nH]c4ccccc4c3C[C@@H](C)N2CC(F)(F)F)ccnc1OCCNCCCF,IC50,=,7300.0,nM,5.136677139879544,5.14,CHEMBL5737036,CHEMBL5728574,CHEMBL240,Voltage-gated inwardly rectifying potassium channel KCNH2,Homo sapiens,B,1062293
CHEMBL5992805,CNC[C@H](c1ccc2ccccc2c1)[C@H](O)c1ccccc1C,IC50,=,15000.0,nM,4.823908740944319,4.82,CHEMBL5733769,CHEMBL5726960,CHEMBL240,Voltage-gated inwardly rectifying potassium channel KCNH2,Homo sapiens,B,776145
CHEMBL5992805,CNC[C@H](c1ccc2ccccc2c1)[C@H](O)c1ccccc1C,IC50,=,22000.0,nM,4.657577319177793,4.66,CHEMBL5733769,CHEMBL5726960,CHEMBL240,Voltage-gated inwardly rectifying potassium channel KCNH2,Homo sapiens,B,776290
CHEMBL5998681,Cc1ccc(OCCNCCCF)nc1[C@@H]1c2[nH]c3ccccc3c2C[C@@H](C)N1CC(F)(F)F,IC50,=,3500.0,nM,5.455931955649724,5.46,CHEMBL5733101,CHEMBL5726655,CHEMBL240,Voltage-gated inwardly rectifying potassium channel KCNH2,Homo sapiens,B,714877
CHEMBL5998681,Cc1ccc(OCCNCCCF)nc1[C@@H]1c2[nH]c3ccccc3c2C[C@@H](C)N1CC(F)(F)F,IC50,=,3500.0,nM,5.455931955649724,5.46,CHEMBL5735028,CHEMBL5727625,CHEMBL240,Voltage-gated inwardly rectifying potassium channel KCNH2,Homo sapiens,B,887772
CHEMBL5998681,Cc1ccc(OCCNCCCF)nc1[C@@H]1c2[nH]c3ccccc3c2C[C@@H](C)N1CC(F)(F)F,IC50,=,3500.0,nM,5.455931955649724,5.46,CHEMBL5737036,CHEMBL5728574,CHEMBL240,Voltage-gated inwardly rectifying potassium channel KCNH2,Homo sapiens,B,1062291
CHEMBL6000305,Fc1ccc(-n2cc(Cn3ccnc3C3CC3)nn2)cc1C(F)F,IC50,=,16.2,nM,7.790484985457369,7.79,CHEMBL5733977,CHEMBL5727077,CHEMBL240,Voltage-gated inwardly rectifying potassium channel KCNH2,Homo sapiens,B,793030
CHEMBL6000305,Fc1ccc(-n2cc(Cn3ccnc3C3CC3)nn2)cc1C(F)F,IC50,=,16.2,nM,7.790484985457369,7.79,CHEMBL5734036,CHEMBL5727110,CHEMBL240,Voltage-gated inwardly rectifying potassium channel KCNH2,Homo sapiens,B,796432
CHEMBL6000376,Cc1cc(-n2cc(Cn3ccnc3C3CC3)nn2)ccc1F,IC50,=,15.1,nM,7.82102305270683,7.82,CHEMBL5733977,CHEMBL5727077,CHEMBL240,Voltage-gated inwardly rectifying potassium channel KCNH2,Homo sapiens,B,793012
CHEMBL6000376,Cc1cc(-n2cc(Cn3ccnc3C3CC3)nn2)ccc1F,IC50,=,15.1,nM,7.82102305270683,7.82,CHEMBL5734036,CHEMBL5727110,CHEMBL240,Voltage-gated inwardly rectifying potassium channel KCNH2,Homo sapiens,B,796414
CHEMBL6004070,C[C@@H]1Cc2c([nH]c3ccc(F)cc23)[C@@H](c2c(F)cnc(OCCN(C)CCCF)c2F)N1CC(F)(F)CO,IC50,=,5700.0,nM,5.2441251443275085,5.24,CHEMBL5733101,CHEMBL5726655,CHEMBL240,Voltage-gated inwardly rectifying potassium channel KCNH2,Homo sapiens,B,714841
CHEMBL6004070,C[C@@H]1Cc2c([nH]c3ccc(F)cc23)[C@@H](c2c(F)cnc(OCCN(C)CCCF)c2F)N1CC(F)(F)CO,IC50,=,5700.0,nM,5.2441251443275085,5.24,CHEMBL5735028,CHEMBL5727625,CHEMBL240,Voltage-gated inwardly rectifying potassium channel KCNH2,Homo sapiens,B,887736
CHEMBL6004070,C[C@@H]1Cc2c([nH]c3ccc(F)cc23)[C@@H](c2c(F)cnc(OCCN(C)CCCF)c2F)N1CC(F)(F)CO,IC50,=,5700.0,nM,5.2441251443275085,5.24,CHEMBL5737036,CHEMBL5728574,CHEMBL240,Voltage-gated inwardly rectifying potassium channel KCNH2,Homo sapiens,B,1062350
CHEMBL6004869,C[C@@H]1Cc2c([nH]c3ccccc23)[C@@H](c2cc(F)cc(OCCNCCCF)c2F)N1CC(F)(F)F,IC50,=,11000.0,nM,4.958607314841775,4.96,CHEMBL5733101,CHEMBL5726655,CHEMBL240,Voltage-gated inwardly rectifying potassium channel KCNH2,Homo sapiens,B,714806
CHEMBL6004869,C[C@@H]1Cc2c([nH]c3ccccc23)[C@@H](c2cc(F)cc(OCCNCCCF)c2F)N1CC(F)(F)F,IC50,=,11000.0,nM,4.958607314841775,4.96,CHEMBL5735028,CHEMBL5727625,CHEMBL240,Voltage-gated inwardly rectifying potassium channel KCNH2,Homo sapiens,B,887701
CHEMBL6004869,C[C@@H]1Cc2c([nH]c3ccccc23)[C@@H](c2cc(F)cc(OCCNCCCF)c2F)N1CC(F)(F)F,IC50,=,11000.0,nM,4.958607314841775,4.96,CHEMBL5737036,CHEMBL5728574,CHEMBL240,Voltage-gated inwardly rectifying potassium channel KCNH2,Homo sapiens,B,1062280
CHEMBL6004953,CCc1nccn1Cc1cn(-c2ccc(Cl)c(C(F)F)c2)nn1,IC50,=,2.43,nM,8.614393726401687,8.61,CHEMBL5733977,CHEMBL5727077,CHEMBL240,Voltage-gated inwardly rectifying potassium channel KCNH2,Homo sapiens,B,793039
CHEMBL6004953,CCc1nccn1Cc1cn(-c2ccc(Cl)c(C(F)F)c2)nn1,IC50,=,2.43,nM,8.614393726401687,8.61,CHEMBL5734036,CHEMBL5727110,CHEMBL240,Voltage-gated inwardly rectifying potassium channel KCNH2,Homo sapiens,B,796441
CHEMBL6006180,FC(F)(F)c1ccc(C(F)(F)CN2CCC(Nc3ncnc4[nH]ccc34)CC2)nc1,IC50,=,9500.0,nM,5.022276394711152,5.02,CHEMBL5731381,CHEMBL5725728,CHEMBL240,Voltage-gated inwardly rectifying potassium channel KCNH2,Homo sapiens,B,548528
CHEMBL6006180,FC(F)(F)c1ccc(C(F)(F)CN2CCC(Nc3ncnc4[nH]ccc34)CC2)nc1,IC50,=,9500.0,nM,5.022276394711152,5.02,CHEMBL5733885,CHEMBL5727025,CHEMBL240,Voltage-gated inwardly rectifying potassium channel KCNH2,Homo sapiens,B,786585
CHEMBL6006180,FC(F)(F)c1ccc(C(F)(F)CN2CCC(Nc3ncnc4[nH]ccc34)CC2)nc1,IC50,=,9500.0,nM,5.022276394711152,5.02,CHEMBL5734394,CHEMBL5727305,CHEMBL240,Voltage-gated inwardly rectifying potassium channel KCNH2,Homo sapiens,B,825449
CHEMBL6006629,CCc1nccn1Cc1cn(-c2ccc(Cl)c(OC(F)F)c2)nn1,IC50,=,1.6,nM,8.795880017344075,8.8,CHEMBL5733977,CHEMBL5727077,CHEMBL240,Voltage-gated inwardly rectifying potassium channel KCNH2,Homo sapiens,B,793044
CHEMBL6006629,CCc1nccn1Cc1cn(-c2ccc(Cl)c(OC(F)F)c2)nn1,IC50,=,1.6,nM,8.795880017344075,8.8,CHEMBL5734036,CHEMBL5727110,CHEMBL240,Voltage-gated inwardly rectifying potassium channel KCNH2,Homo sapiens,B,796446
CHEMBL6006710,FC(F)(F)c1ccc(C(F)(F)CN2CCC(Nc3ncnc4[nH]ncc34)CC2)cc1,IC50,=,1000.0,nM,6.0,6.0,CHEMBL5731266,CHEMBL5725660,CHEMBL240,Voltage-gated inwardly rectifying potassium channel KCNH2,Homo sapiens,B,535370
CHEMBL6006710,FC(F)(F)c1ccc(C(F)(F)CN2CCC(Nc3ncnc4[nH]ncc34)CC2)cc1,IC50,=,4500.0,nM,5.346787486224656,5.35,CHEMBL5731265,CHEMBL5725660,CHEMBL240,Voltage-gated inwardly rectifying potassium channel KCNH2,Homo sapiens,B,535358
CHEMBL6006710,FC(F)(F)c1ccc(C(F)(F)CN2CCC(Nc3ncnc4[nH]ncc34)CC2)cc1,IC50,=,4500.0,nM,5.346787486224656,5.35,CHEMBL5731381,CHEMBL5725728,CHEMBL240,Voltage-gated inwardly rectifying potassium channel KCNH2,Homo sapiens,B,548522
CHEMBL6006710,FC(F)(F)c1ccc(C(F)(F)CN2CCC(Nc3ncnc4[nH]ncc34)CC2)cc1,IC50,=,4500.0,nM,5.346787486224656,5.35,CHEMBL5733108,CHEMBL5726660,CHEMBL240,Voltage-gated inwardly rectifying potassium channel KCNH2,Homo sapiens,B,715393
CHEMBL6006710,FC(F)(F)c1ccc(C(F)(F)CN2CCC(Nc3ncnc4[nH]ncc34)CC2)cc1,IC50,=,4500.0,nM,5.346787486224656,5.35,CHEMBL5733754,CHEMBL5726954,CHEMBL240,Voltage-gated inwardly rectifying potassium channel KCNH2,Homo sapiens,B,775502
CHEMBL6006710,FC(F)(F)c1ccc(C(F)(F)CN2CCC(Nc3ncnc4[nH]ncc34)CC2)cc1,IC50,=,4500.0,nM,5.346787486224656,5.35,CHEMBL5733885,CHEMBL5727025,CHEMBL240,Voltage-gated inwardly rectifying potassium channel KCNH2,Homo sapiens,B,786582
CHEMBL6006710,FC(F)(F)c1ccc(C(F)(F)CN2CCC(Nc3ncnc4[nH]ncc34)CC2)cc1,IC50,=,4500.0,nM,5.346787486224656,5.35,CHEMBL5734394,CHEMBL5727305,CHEMBL240,Voltage-gated inwardly rectifying potassium channel KCNH2,Homo sapiens,B,825443
CHEMBL6006710,FC(F)(F)c1ccc(C(F)(F)CN2CCC(Nc3ncnc4[nH]ncc34)CC2)cc1,IC50,=,4500.0,nM,5.346787486224656,5.35,CHEMBL5734969,CHEMBL5727591,CHEMBL240,Voltage-gated inwardly rectifying potassium channel KCNH2,Homo sapiens,B,884136
CHEMBL6006710,FC(F)(F)c1ccc(C(F)(F)CN2CCC(Nc3ncnc4[nH]ncc34)CC2)cc1,IC50,=,4500.0,nM,5.346787486224656,5.35,CHEMBL5737481,CHEMBL5728799,CHEMBL240,Voltage-gated inwardly rectifying potassium channel KCNH2,Homo sapiens,B,1106450
CHEMBL6007627,Cc1ccc2[nH]c3c(c2c1)C[C@@H](C)N(CC(F)(F)CO)[C@@H]3c1c(F)ccc(OCCNCCCF)c1F,IC50,=,4700.0,nM,5.327902142064282,5.33,CHEMBL5733101,CHEMBL5726655,CHEMBL240,Voltage-gated inwardly rectifying potassium channel KCNH2,Homo sapiens,B,714837
CHEMBL6007627,Cc1ccc2[nH]c3c(c2c1)C[C@@H](C)N(CC(F)(F)CO)[C@@H]3c1c(F)ccc(OCCNCCCF)c1F,IC50,=,4700.0,nM,5.327902142064282,5.33,CHEMBL5735028,CHEMBL5727625,CHEMBL240,Voltage-gated inwardly rectifying potassium channel KCNH2,Homo sapiens,B,887732
CHEMBL6007627,Cc1ccc2[nH]c3c(c2c1)C[C@@H](C)N(CC(F)(F)CO)[C@@H]3c1c(F)ccc(OCCNCCCF)c1F,IC50,=,4700.0,nM,5.327902142064282,5.33,CHEMBL5737036,CHEMBL5728574,CHEMBL240,Voltage-gated inwardly rectifying potassium channel KCNH2,Homo sapiens,B,1062342
CHEMBL6007833,C[C@@H]1Cc2c([nH]c3ccccc23)[C@@H](c2cc(OCCNCCCF)ccn2)N1CC(F)(F)F,IC50,=,5600.0,nM,5.251811972993799,5.25,CHEMBL5733101,CHEMBL5726655,CHEMBL240,Voltage-gated inwardly rectifying potassium channel KCNH2,Homo sapiens,B,714810
CHEMBL6007833,C[C@@H]1Cc2c([nH]c3ccccc23)[C@@H](c2cc(OCCNCCCF)ccn2)N1CC(F)(F)F,IC50,=,5600.0,nM,5.251811972993799,5.25,CHEMBL5735028,CHEMBL5727625,CHEMBL240,Voltage-gated inwardly rectifying potassium channel KCNH2,Homo sapiens,B,887705
CHEMBL6007833,C[C@@H]1Cc2c([nH]c3ccccc23)[C@@H](c2cc(OCCNCCCF)ccn2)N1CC(F)(F)F,IC50,=,5600.0,nM,5.251811972993799,5.25,CHEMBL5737036,CHEMBL5728574,CHEMBL240,Voltage-gated inwardly rectifying potassium channel KCNH2,Homo sapiens,B,1062288
CHEMBL6008411,C[C@@H]1Cc2c(ccc3[nH]ncc23)[C@@H](c2ccc(NC3CN(CCCF)C3)nc2F)N1CC(F)(F)F,IC50,=,1.3,nM,8.886056647693163,8.89,CHEMBL5735025,CHEMBL5727624,CHEMBL240,Voltage-gated inwardly rectifying potassium channel KCNH2,Homo sapiens,B,887434
CHEMBL6008411,C[C@@H]1Cc2c(ccc3[nH]ncc23)[C@@H](c2ccc(NC3CN(CCCF)C3)nc2F)N1CC(F)(F)F,IC50,=,4500.0,nM,5.346787486224656,5.35,CHEMBL5731674,CHEMBL5725903,CHEMBL240,Voltage-gated inwardly rectifying potassium channel KCNH2,Homo sapiens,B,576030
CHEMBL6008481,CC(C)(C)c1nccn1Cc1cn(-c2ccc(Cl)cc2)nn1,IC50,=,7200.0,nM,5.142667503568731,5.14,CHEMBL5733977,CHEMBL5727077,CHEMBL240,Voltage-gated inwardly rectifying potassium channel KCNH2,Homo sapiens,B,792978
CHEMBL6008481,CC(C)(C)c1nccn1Cc1cn(-c2ccc(Cl)cc2)nn1,IC50,=,7200.0,nM,5.142667503568731,5.14,CHEMBL5734036,CHEMBL5727110,CHEMBL240,Voltage-gated inwardly rectifying potassium channel KCNH2,Homo sapiens,B,796380
CHEMBL6009034,C[C@@H]1Cc2c(ccc3[nH]ncc23)[C@@H](c2ccc(NC3CN(CCCF)C3)cc2)N1CC(F)(F)F,IC50,=,0.81,nM,9.09151498112135,9.09,CHEMBL5735025,CHEMBL5727624,CHEMBL240,Voltage-gated inwardly rectifying potassium channel KCNH2,Homo sapiens,B,887421
CHEMBL6009034,C[C@@H]1Cc2c(ccc3[nH]ncc23)[C@@H](c2ccc(NC3CN(CCCF)C3)cc2)N1CC(F)(F)F,IC50,=,7900.0,nM,5.102372908709558,5.1,CHEMBL5731674,CHEMBL5725903,CHEMBL240,Voltage-gated inwardly rectifying potassium channel KCNH2,Homo sapiens,B,576019
CHEMBL6009948,O=C(Nc1ccc([C@H]2CNCCO2)cc1)c1ccn(-c2ccccc2)n1,IC50,=,10750.0,nM,4.968591535748375,4.97,CHEMBL5734655,CHEMBL5727433,CHEMBL240,Voltage-gated inwardly rectifying potassium channel KCNH2,Homo sapiens,B,852543
CHEMBL6009948,O=C(Nc1ccc([C@H]2CNCCO2)cc1)c1ccn(-c2ccccc2)n1,IC50,=,10750.0,nM,4.968591535748375,4.97,CHEMBL5738029,CHEMBL5729081,CHEMBL240,Voltage-gated inwardly rectifying potassium channel KCNH2,Homo sapiens,B,1163436
CHEMBL6010490,Clc1ccc(-n2cc(Cn3ncnc3C3CCCC3)nn2)cc1,IC50,=,12500.0,nM,4.903089986991944,4.9,CHEMBL5733977,CHEMBL5727077,CHEMBL240,Voltage-gated inwardly rectifying potassium channel KCNH2,Homo sapiens,B,792962
CHEMBL6010490,Clc1ccc(-n2cc(Cn3ncnc3C3CCCC3)nn2)cc1,IC50,=,12500.0,nM,4.903089986991944,4.9,CHEMBL5734036,CHEMBL5727110,CHEMBL240,Voltage-gated inwardly rectifying potassium channel KCNH2,Homo sapiens,B,796364
CHEMBL6011841,C[C@@H]1Cc2c([nH]c3ccccc23)[C@@H](c2cc(OCCNCCCF)cc(F)c2F)N1CC(F)(F)F,IC50,=,2300.0,nM,5.638272163982407,5.64,CHEMBL5733101,CHEMBL5726655,CHEMBL240,Voltage-gated inwardly rectifying potassium channel KCNH2,Homo sapiens,B,714805
CHEMBL6011841,C[C@@H]1Cc2c([nH]c3ccccc23)[C@@H](c2cc(OCCNCCCF)cc(F)c2F)N1CC(F)(F)F,IC50,=,2300.0,nM,5.638272163982407,5.64,CHEMBL5735028,CHEMBL5727625,CHEMBL240,Voltage-gated inwardly rectifying potassium channel KCNH2,Homo sapiens,B,887700
CHEMBL6011841,C[C@@H]1Cc2c([nH]c3ccccc23)[C@@H](c2cc(OCCNCCCF)cc(F)c2F)N1CC(F)(F)F,IC50,=,2300.0,nM,5.638272163982407,5.64,CHEMBL5737036,CHEMBL5728574,CHEMBL240,Voltage-gated inwardly rectifying potassium channel KCNH2,Homo sapiens,B,1062278
CHEMBL6013533,C[C@@H]1Cc2c([nH]c3ccccc23)[C@@H](c2cncc(OCCNCCCF)c2)N1CC(F)(F)F,IC50,=,7100.0,nM,5.1487416512809245,5.15,CHEMBL5733101,CHEMBL5726655,CHEMBL240,Voltage-gated inwardly rectifying potassium channel KCNH2,Homo sapiens,B,714873
CHEMBL6013533,C[C@@H]1Cc2c([nH]c3ccccc23)[C@@H](c2cncc(OCCNCCCF)c2)N1CC(F)(F)F,IC50,=,7100.0,nM,5.1487416512809245,5.15,CHEMBL5735028,CHEMBL5727625,CHEMBL240,Voltage-gated inwardly rectifying potassium channel KCNH2,Homo sapiens,B,887768
CHEMBL6013533,C[C@@H]1Cc2c([nH]c3ccccc23)[C@@H](c2cncc(OCCNCCCF)c2)N1CC(F)(F)F,IC50,=,7100.0,nM,5.1487416512809245,5.15,CHEMBL5737036,CHEMBL5728574,CHEMBL240,Voltage-gated inwardly rectifying potassium channel KCNH2,Homo sapiens,B,1062283
CHEMBL6014639,Nc1ccc(-c2ccc(F)cc2)cc1NC(=O)c1ccc(N2CCNCC2)cn1,IC50,=,2500.0,nM,5.6020599913279625,5.6,CHEMBL5735720,CHEMBL5727940,CHEMBL240,Voltage-gated inwardly rectifying potassium channel KCNH2,Homo sapiens,B,951752
CHEMBL6014639,Nc1ccc(-c2ccc(F)cc2)cc1NC(=O)c1ccc(N2CCNCC2)cn1,IC50,=,2500.0,nM,5.6020599913279625,5.6,CHEMBL5738851,CHEMBL5729514,CHEMBL240,Voltage-gated inwardly rectifying potassium channel KCNH2,Homo sapiens,B,1236146
CHEMBL6016064,Cc1ccc(-n2c(-c3cnc(N4CCOCC4)nc3)cc3ccncc32)cc1,IC50,=,550.0,nM,6.259637310505756,6.26,CHEMBL5734464,CHEMBL5727342,CHEMBL240,Voltage-gated inwardly rectifying potassium channel KCNH2,Homo sapiens,B,830444
CHEMBL6016064,Cc1ccc(-n2c(-c3cnc(N4CCOCC4)nc3)cc3ccncc32)cc1,IC50,=,550.0,nM,6.259637310505756,6.26,CHEMBL5734466,CHEMBL5727343,CHEMBL240,Voltage-gated inwardly rectifying potassium channel KCNH2,Homo sapiens,B,830657
CHEMBL6016064,Cc1ccc(-n2c(-c3cnc(N4CCOCC4)nc3)cc3ccncc32)cc1,IC50,=,550.0,nM,6.259637310505756,6.26,CHEMBL5735756,CHEMBL5727959,CHEMBL240,Voltage-gated inwardly rectifying potassium channel KCNH2,Homo sapiens,B,955371
CHEMBL6016138,FC(F)(CN1CCC(Nc2ncnc3[nH]ccc23)CC1)c1ccc(Cl)cn1,IC50,=,7000.0,nM,5.154901959985743,5.16,CHEMBL5731381,CHEMBL5725728,CHEMBL240,Voltage-gated inwardly rectifying potassium channel KCNH2,Homo sapiens,B,548524
CHEMBL6016138,FC(F)(CN1CCC(Nc2ncnc3[nH]ccc23)CC1)c1ccc(Cl)cn1,IC50,=,7000.0,nM,5.154901959985743,5.16,CHEMBL5733885,CHEMBL5727025,CHEMBL240,Voltage-gated inwardly rectifying potassium channel KCNH2,Homo sapiens,B,786583
CHEMBL6016138,FC(F)(CN1CCC(Nc2ncnc3[nH]ccc23)CC1)c1ccc(Cl)cn1,IC50,=,7000.0,nM,5.154901959985743,5.16,CHEMBL5734394,CHEMBL5727305,CHEMBL240,Voltage-gated inwardly rectifying potassium channel KCNH2,Homo sapiens,B,825445
CHEMBL6016292,Clc1ccc(-n2c(-c3ccc(N4CCOCC4)nn3)nc3ccncc32)cc1,IC50,=,5500.0,nM,5.259637310505756,5.26,CHEMBL5734464,CHEMBL5727342,CHEMBL240,Voltage-gated inwardly rectifying potassium channel KCNH2,Homo sapiens,B,830399
CHEMBL6016292,Clc1ccc(-n2c(-c3ccc(N4CCOCC4)nn3)nc3ccncc32)cc1,IC50,=,5500.0,nM,5.259637310505756,5.26,CHEMBL5734466,CHEMBL5727343,CHEMBL240,Voltage-gated inwardly rectifying potassium channel KCNH2,Homo sapiens,B,830612
CHEMBL6016292,Clc1ccc(-n2c(-c3ccc(N4CCOCC4)nn3)nc3ccncc32)cc1,IC50,=,5500.0,nM,5.259637310505756,5.26,CHEMBL5735756,CHEMBL5727959,CHEMBL240,Voltage-gated inwardly rectifying potassium channel KCNH2,Homo sapiens,B,955326
CHEMBL6018540,COCC(C)(F)CN1[C@H](c2ccc(NC3CN(CCCF)C3)cc2OC)c2ccc3[nH]ncc3c2C[C@H]1C,IC50,=,6.9,nM,8.161150909262744,8.16,CHEMBL5735025,CHEMBL5727624,CHEMBL240,Voltage-gated inwardly rectifying potassium channel KCNH2,Homo sapiens,B,887398
CHEMBL6018540,COCC(C)(F)CN1[C@H](c2ccc(NC3CN(CCCF)C3)cc2OC)c2ccc3[nH]ncc3c2C[C@H]1C,IC50,=,17000.0,nM,4.769551078621726,4.77,CHEMBL5731674,CHEMBL5725903,CHEMBL240,Voltage-gated inwardly rectifying potassium channel KCNH2,Homo sapiens,B,576010
CHEMBL6020463,Nc1cc(-c2cc3ccncc3n2-c2ccc(Cl)cc2)ccn1,IC50,=,5500.0,nM,5.259637310505756,5.26,CHEMBL5734464,CHEMBL5727342,CHEMBL240,Voltage-gated inwardly rectifying potassium channel KCNH2,Homo sapiens,B,830452
CHEMBL6020463,Nc1cc(-c2cc3ccncc3n2-c2ccc(Cl)cc2)ccn1,IC50,=,5500.0,nM,5.259637310505756,5.26,CHEMBL5734466,CHEMBL5727343,CHEMBL240,Voltage-gated inwardly rectifying potassium channel KCNH2,Homo sapiens,B,830665
CHEMBL6020463,Nc1cc(-c2cc3ccncc3n2-c2ccc(Cl)cc2)ccn1,IC50,=,5500.0,nM,5.259637310505756,5.26,CHEMBL5735756,CHEMBL5727959,CHEMBL240,Voltage-gated inwardly rectifying potassium channel KCNH2,Homo sapiens,B,955379
CHEMBL6021270,COc1nnc(OCCNCCCF)cc1[C@@H]1c2[nH]c3ccccc3c2C[C@@H](C)N1CC(F)(F)F,IC50,=,19000.0,nM,4.721246399047171,4.72,CHEMBL5733101,CHEMBL5726655,CHEMBL240,Voltage-gated inwardly rectifying potassium channel KCNH2,Homo sapiens,B,714883
CHEMBL6021270,COc1nnc(OCCNCCCF)cc1[C@@H]1c2[nH]c3ccccc3c2C[C@@H](C)N1CC(F)(F)F,IC50,=,19000.0,nM,4.721246399047171,4.72,CHEMBL5735028,CHEMBL5727625,CHEMBL240,Voltage-gated inwardly rectifying potassium channel KCNH2,Homo sapiens,B,887778
CHEMBL6021270,COc1nnc(OCCNCCCF)cc1[C@@H]1c2[nH]c3ccccc3c2C[C@@H](C)N1CC(F)(F)F,IC50,=,19000.0,nM,4.721246399047171,4.72,CHEMBL5737036,CHEMBL5728574,CHEMBL240,Voltage-gated inwardly rectifying potassium channel KCNH2,Homo sapiens,B,1062303
CHEMBL6021933,CCc1nccn1Cc1cn(-c2cccc(OC(F)(F)F)c2)nn1,IC50,=,11.4,nM,7.943095148663527,7.94,CHEMBL5733977,CHEMBL5727077,CHEMBL240,Voltage-gated inwardly rectifying potassium channel KCNH2,Homo sapiens,B,793020
CHEMBL6021933,CCc1nccn1Cc1cn(-c2cccc(OC(F)(F)F)c2)nn1,IC50,=,11.4,nM,7.943095148663527,7.94,CHEMBL5734036,CHEMBL5727110,CHEMBL240,Voltage-gated inwardly rectifying potassium channel KCNH2,Homo sapiens,B,796422
CHEMBL6024609,Cc1cc(-n2cc(Cn3ccnc3C3CC3)nn2)ccc1Cl,IC50,=,12.4,nM,7.906578314837764,7.91,CHEMBL5733977,CHEMBL5727077,CHEMBL240,Voltage-gated inwardly rectifying potassium channel KCNH2,Homo sapiens,B,793013
CHEMBL6024609,Cc1cc(-n2cc(Cn3ccnc3C3CC3)nn2)ccc1Cl,IC50,=,12.4,nM,7.906578314837764,7.91,CHEMBL5734036,CHEMBL5727110,CHEMBL240,Voltage-gated inwardly rectifying potassium channel KCNH2,Homo sapiens,B,796415
CHEMBL6025725,Cc1ccc(C(F)(F)CN2CCC(Nc3ncnc4[nH]ccc34)CC2)cn1,IC50,=,28000.0,nM,4.552841968657781,4.55,CHEMBL5731381,CHEMBL5725728,CHEMBL240,Voltage-gated inwardly rectifying potassium channel KCNH2,Homo sapiens,B,548534
CHEMBL6025725,Cc1ccc(C(F)(F)CN2CCC(Nc3ncnc4[nH]ccc34)CC2)cn1,IC50,=,28000.0,nM,4.552841968657781,4.55,CHEMBL5733885,CHEMBL5727025,CHEMBL240,Voltage-gated inwardly rectifying potassium channel KCNH2,Homo sapiens,B,786588
CHEMBL6025725,Cc1ccc(C(F)(F)CN2CCC(Nc3ncnc4[nH]ccc34)CC2)cn1,IC50,=,28000.0,nM,4.552841968657781,4.55,CHEMBL5734394,CHEMBL5727305,CHEMBL240,Voltage-gated inwardly rectifying potassium channel KCNH2,Homo sapiens,B,825455
CHEMBL6026134,Cc1nccn1Cc1cn(-c2ccc(Cl)c(C(F)F)c2)nn1,IC50,=,3.37,nM,8.47237009912866,8.47,CHEMBL5733977,CHEMBL5727077,CHEMBL240,Voltage-gated inwardly rectifying potassium channel KCNH2,Homo sapiens,B,793037
CHEMBL6026134,Cc1nccn1Cc1cn(-c2ccc(Cl)c(C(F)F)c2)nn1,IC50,=,3.37,nM,8.47237009912866,8.47,CHEMBL5734036,CHEMBL5727110,CHEMBL240,Voltage-gated inwardly rectifying potassium channel KCNH2,Homo sapiens,B,796439
CHEMBL6027892,CC(C)c1nccn1Cc1cn(-c2ccc(Cl)c(Cl)c2)nn1,IC50,=,7.4,nM,8.130768280269024,8.13,CHEMBL5733977,CHEMBL5727077,CHEMBL240,Voltage-gated inwardly rectifying potassium channel KCNH2,Homo sapiens,B,792983
CHEMBL6027892,CC(C)c1nccn1Cc1cn(-c2ccc(Cl)c(Cl)c2)nn1,IC50,=,7.4,nM,8.130768280269024,8.13,CHEMBL5734036,CHEMBL5727110,CHEMBL240,Voltage-gated inwardly rectifying potassium channel KCNH2,Homo sapiens,B,796385
CHEMBL6028836,CCc1nccn1Cc1cn(-c2ccc(Cl)c(C)c2)nn1,IC50,=,1.84,nM,8.735182176990463,8.73,CHEMBL5733977,CHEMBL5727077,CHEMBL240,Voltage-gated inwardly rectifying potassium channel KCNH2,Homo sapiens,B,793018
CHEMBL6028836,CCc1nccn1Cc1cn(-c2ccc(Cl)c(C)c2)nn1,IC50,=,1.84,nM,8.735182176990463,8.73,CHEMBL5734036,CHEMBL5727110,CHEMBL240,Voltage-gated inwardly rectifying potassium channel KCNH2,Homo sapiens,B,796420
CHEMBL6029215,O=c1cc(-c2cc3ccncc3n2-c2ccc(Cl)cc2)cc[nH]1,IC50,=,5500.0,nM,5.259637310505756,5.26,CHEMBL5734464,CHEMBL5727342,CHEMBL240,Voltage-gated inwardly rectifying potassium channel KCNH2,Homo sapiens,B,830451
CHEMBL6029215,O=c1cc(-c2cc3ccncc3n2-c2ccc(Cl)cc2)cc[nH]1,IC50,=,5500.0,nM,5.259637310505756,5.26,CHEMBL5734466,CHEMBL5727343,CHEMBL240,Voltage-gated inwardly rectifying potassium channel KCNH2,Homo sapiens,B,830664
CHEMBL6029215,O=c1cc(-c2cc3ccncc3n2-c2ccc(Cl)cc2)cc[nH]1,IC50,=,5500.0,nM,5.259637310505756,5.26,CHEMBL5735756,CHEMBL5727959,CHEMBL240,Voltage-gated inwardly rectifying potassium channel KCNH2,Homo sapiens,B,955378
CHEMBL603052,Cc1nc2nc(N3CCN4CCC3CC4)oc2cc1Cl,IC50,=,16200.0,nM,4.790484985457369,4.79,CHEMBL1069497,CHEMBL1159071,CHEMBL240,Voltage-gated inwardly rectifying potassium channel KCNH2,Homo sapiens,B,
CHEMBL603052,Cc1nc2nc(N3CCN4CCC3CC4)oc2cc1Cl,IC50,=,16200.0,nM,4.790484985457369,4.79,CHEMBL2157810,CHEMBL2151039,CHEMBL240,Voltage-gated inwardly rectifying potassium channel KCNH2,Homo sapiens,B,
CHEMBL6033368,Cc1ccc(-n2cc(Cn3ccnc3C3CC3)nn2)cc1F,IC50,=,87.1,nM,7.059981844992337,7.06,CHEMBL5733977,CHEMBL5727077,CHEMBL240,Voltage-gated inwardly rectifying potassium channel KCNH2,Homo sapiens,B,793011
CHEMBL6033368,Cc1ccc(-n2cc(Cn3ccnc3C3CC3)nn2)cc1F,IC50,=,87.1,nM,7.059981844992337,7.06,CHEMBL5734036,CHEMBL5727110,CHEMBL240,Voltage-gated inwardly rectifying potassium channel KCNH2,Homo sapiens,B,796413
CHEMBL6034751,FC(F)c1cc(-n2cc(Cn3ccnc3C3CC3)nn2)ccc1Cl,IC50,=,15.4,nM,7.8124792791635365,7.81,CHEMBL5733977,CHEMBL5727077,CHEMBL240,Voltage-gated inwardly rectifying potassium channel KCNH2,Homo sapiens,B,793038
CHEMBL6034751,FC(F)c1cc(-n2cc(Cn3ccnc3C3CC3)nn2)ccc1Cl,IC50,=,15.4,nM,7.8124792791635365,7.81,CHEMBL5734036,CHEMBL5727110,CHEMBL240,Voltage-gated inwardly rectifying potassium channel KCNH2,Homo sapiens,B,796440
CHEMBL6035199,FC(F)(F)c1cc(-n2cc(Cn3ccnc3C3CC3)nn2)ccc1Cl,IC50,=,38.0,nM,7.42021640338319,7.42,CHEMBL5733977,CHEMBL5727077,CHEMBL240,Voltage-gated inwardly rectifying potassium channel KCNH2,Homo sapiens,B,793014
CHEMBL6035199,FC(F)(F)c1cc(-n2cc(Cn3ccnc3C3CC3)nn2)ccc1Cl,IC50,=,38.0,nM,7.42021640338319,7.42,CHEMBL5734036,CHEMBL5727110,CHEMBL240,Voltage-gated inwardly rectifying potassium channel KCNH2,Homo sapiens,B,796416
CHEMBL6037809,Cc1nc[nH]c1CN1CCC2(CC1)COC1c3ccc(Cl)cc3OC(C)(C)C1C2,IC50,=,400.0,nM,6.3979400086720375,6.4,CHEMBL5735953,CHEMBL5728060,CHEMBL240,Voltage-gated inwardly rectifying potassium channel KCNH2,Homo sapiens,B,971754
CHEMBL6037809,Cc1nc[nH]c1CN1CCC2(CC1)COC1c3ccc(Cl)cc3OC(C)(C)C1C2,IC50,=,600.0,nM,6.221848749616356,6.22,CHEMBL5735953,CHEMBL5728060,CHEMBL240,Voltage-gated inwardly rectifying potassium channel KCNH2,Homo sapiens,B,971753
CHEMBL6037809,Cc1nc[nH]c1CN1CCC2(CC1)COC1c3ccc(Cl)cc3OC(C)(C)C1C2,IC50,=,1400.0,nM,5.853871964321762,5.85,CHEMBL5735953,CHEMBL5728060,CHEMBL240,Voltage-gated inwardly rectifying potassium channel KCNH2,Homo sapiens,B,971755
CHEMBL6039551,COc1cnc(OCCNCCCF)cc1[C@@H]1c2[nH]c3ccccc3c2C[C@@H](C)N1CC(F)(F)F,IC50,=,8200.0,nM,5.086186147616283,5.09,CHEMBL5733101,CHEMBL5726655,CHEMBL240,Voltage-gated inwardly rectifying potassium channel KCNH2,Homo sapiens,B,714790
CHEMBL6039551,COc1cnc(OCCNCCCF)cc1[C@@H]1c2[nH]c3ccccc3c2C[C@@H](C)N1CC(F)(F)F,IC50,=,8200.0,nM,5.086186147616283,5.09,CHEMBL5735028,CHEMBL5727625,CHEMBL240,Voltage-gated inwardly rectifying potassium channel KCNH2,Homo sapiens,B,887685
CHEMBL6039551,COc1cnc(OCCNCCCF)cc1[C@@H]1c2[nH]c3ccccc3c2C[C@@H](C)N1CC(F)(F)F,IC50,=,8200.0,nM,5.086186147616283,5.09,CHEMBL5737036,CHEMBL5728574,CHEMBL240,Voltage-gated inwardly rectifying potassium channel KCNH2,Homo sapiens,B,1062248
CHEMBL6040464,OCCc1nccn1Cc1cn(-c2ccc(F)c(C(F)F)c2)nn1,IC50,=,14.5,nM,7.838631997765026,7.84,CHEMBL5733977,CHEMBL5727077,CHEMBL240,Voltage-gated inwardly rectifying potassium channel KCNH2,Homo sapiens,B,793036
CHEMBL6040464,OCCc1nccn1Cc1cn(-c2ccc(F)c(C(F)F)c2)nn1,IC50,=,14.5,nM,7.838631997765026,7.84,CHEMBL5734036,CHEMBL5727110,CHEMBL240,Voltage-gated inwardly rectifying potassium channel KCNH2,Homo sapiens,B,796438
CHEMBL6043476,Fc1cc(C(F)(F)F)cnc1C(F)(F)CN1CCC(Nc2ncnc3[nH]ncc23)CC1,IC50,=,11500.0,nM,4.939302159646388,4.94,CHEMBL5731266,CHEMBL5725660,CHEMBL240,Voltage-gated inwardly rectifying potassium channel KCNH2,Homo sapiens,B,535374
CHEMBL6043476,Fc1cc(C(F)(F)F)cnc1C(F)(F)CN1CCC(Nc2ncnc3[nH]ncc23)CC1,IC50,=,12000.0,nM,4.920818753952375,4.92,CHEMBL5731265,CHEMBL5725660,CHEMBL240,Voltage-gated inwardly rectifying potassium channel KCNH2,Homo sapiens,B,535364
CHEMBL6044807,CC(C)c1nccn1Cc1cn(-c2ccc(F)c(C(F)F)c2)nn1,IC50,=,11.0,nM,7.958607314841775,7.96,CHEMBL5733977,CHEMBL5727077,CHEMBL240,Voltage-gated inwardly rectifying potassium channel KCNH2,Homo sapiens,B,793032
CHEMBL6044807,CC(C)c1nccn1Cc1cn(-c2ccc(F)c(C(F)F)c2)nn1,IC50,=,11.0,nM,7.958607314841775,7.96,CHEMBL5734036,CHEMBL5727110,CHEMBL240,Voltage-gated inwardly rectifying potassium channel KCNH2,Homo sapiens,B,796434
CHEMBL6048972,CNCC(Cc1ccccc1CO)c1ccc2ccccc2c1,IC50,=,12000.0,nM,4.920818753952375,4.92,CHEMBL5733769,CHEMBL5726960,CHEMBL240,Voltage-gated inwardly rectifying potassium channel KCNH2,Homo sapiens,B,776474
CHEMBL6048972,CNCC(Cc1ccccc1CO)c1ccc2ccccc2c1,IC50,=,15000.0,nM,4.823908740944319,4.82,CHEMBL5733769,CHEMBL5726960,CHEMBL240,Voltage-gated inwardly rectifying potassium channel KCNH2,Homo sapiens,B,776001
CHEMBL6049947,CCn1c(N2CCNCC2)nc2c([N+](=O)[O-])c(Br)c(Br)cc21,IC50,=,1600.0,nM,5.795880017344075,5.8,CHEMBL5732169,CHEMBL5726153,CHEMBL240,Voltage-gated inwardly rectifying potassium channel KCNH2,Homo sapiens,B,625154
CHEMBL6049947,CCn1c(N2CCNCC2)nc2c([N+](=O)[O-])c(Br)c(Br)cc21,IC50,=,16910.0,nM,4.771856392402258,4.77,CHEMBL5732169,CHEMBL5726153,CHEMBL240,Voltage-gated inwardly rectifying potassium channel KCNH2,Homo sapiens,B,625165
CHEMBL6049947,CCn1c(N2CCNCC2)nc2c([N+](=O)[O-])c(Br)c(Br)cc21,IC50,=,20420.0,nM,4.689944262249108,4.69,CHEMBL5732169,CHEMBL5726153,CHEMBL240,Voltage-gated inwardly rectifying potassium channel KCNH2,Homo sapiens,B,625164
CHEMBL6051128,COc1cc(N(C)C2CN(CCCF)C2)ccc1[C@@H]1c2ccc3[nH]ncc3c2C[C@@H](C)N1CC1(F)CC1,IC50,=,11.0,nM,7.958607314841775,7.96,CHEMBL5735025,CHEMBL5727624,CHEMBL240,Voltage-gated inwardly rectifying potassium channel KCNH2,Homo sapiens,B,887446
CHEMBL6051128,COc1cc(N(C)C2CN(CCCF)C2)ccc1[C@@H]1c2ccc3[nH]ncc3c2C[C@@H](C)N1CC1(F)CC1,IC50,=,2000.0,nM,5.698970004336019,5.7,CHEMBL5731674,CHEMBL5725903,CHEMBL240,Voltage-gated inwardly rectifying potassium channel KCNH2,Homo sapiens,B,576038
CHEMBL6051179,COc1ccc(OCCNCCCF)cc1[C@@H]1c2[nH]c3ccccc3c2C[C@@H](C)N1CC1(F)CC1,IC50,=,5500.0,nM,5.259637310505756,5.26,CHEMBL5733101,CHEMBL5726655,CHEMBL240,Voltage-gated inwardly rectifying potassium channel KCNH2,Homo sapiens,B,714827
CHEMBL6051179,COc1ccc(OCCNCCCF)cc1[C@@H]1c2[nH]c3ccccc3c2C[C@@H](C)N1CC1(F)CC1,IC50,=,5500.0,nM,5.259637310505756,5.26,CHEMBL5735028,CHEMBL5727625,CHEMBL240,Voltage-gated inwardly rectifying potassium channel KCNH2,Homo sapiens,B,887722
CHEMBL6051179,COc1ccc(OCCNCCCF)cc1[C@@H]1c2[nH]c3ccccc3c2C[C@@H](C)N1CC1(F)CC1,IC50,=,5500.0,nM,5.259637310505756,5.26,CHEMBL5737036,CHEMBL5728574,CHEMBL240,Voltage-gated inwardly rectifying potassium channel KCNH2,Homo sapiens,B,1062322
CHEMBL6051199,COc1cc(F)c(OCCNCCCF)cc1[C@@H]1c2[nH]c3ccccc3c2C[C@@H](C)N1CC(F)(F)F,IC50,=,3600.0,nM,5.443697499232712,5.44,CHEMBL5733101,CHEMBL5726655,CHEMBL240,Voltage-gated inwardly rectifying potassium channel KCNH2,Homo sapiens,B,714803
CHEMBL6051199,COc1cc(F)c(OCCNCCCF)cc1[C@@H]1c2[nH]c3ccccc3c2C[C@@H](C)N1CC(F)(F)F,IC50,=,3600.0,nM,5.443697499232712,5.44,CHEMBL5735028,CHEMBL5727625,CHEMBL240,Voltage-gated inwardly rectifying potassium channel KCNH2,Homo sapiens,B,887698
CHEMBL6051199,COc1cc(F)c(OCCNCCCF)cc1[C@@H]1c2[nH]c3ccccc3c2C[C@@H](C)N1CC(F)(F)F,IC50,=,3600.0,nM,5.443697499232712,5.44,CHEMBL5737036,CHEMBL5728574,CHEMBL240,Voltage-gated inwardly rectifying potassium channel KCNH2,Homo sapiens,B,1062274
CHEMBL6051432,Cc1nccn1Cc1cn(-c2ccc(Cl)cc2)nn1,IC50,=,38.4,nM,7.4156687756324695,7.42,CHEMBL5733977,CHEMBL5727077,CHEMBL240,Voltage-gated inwardly rectifying potassium channel KCNH2,Homo sapiens,B,792972
CHEMBL6051432,Cc1nccn1Cc1cn(-c2ccc(Cl)cc2)nn1,IC50,=,38.4,nM,7.4156687756324695,7.42,CHEMBL5734036,CHEMBL5727110,CHEMBL240,Voltage-gated inwardly rectifying potassium channel KCNH2,Homo sapiens,B,796374
CHEMBL6052379,Cc1cc(-n2cc(Cn3ccnc3CCF)nn2)ccc1Cl,IC50,=,13.5,nM,7.8696662315049934,7.87,CHEMBL5733977,CHEMBL5727077,CHEMBL240,Voltage-gated inwardly rectifying potassium channel KCNH2,Homo sapiens,B,793023
CHEMBL6052379,Cc1cc(-n2cc(Cn3ccnc3CCF)nn2)ccc1Cl,IC50,=,13.5,nM,7.8696662315049934,7.87,CHEMBL5734036,CHEMBL5727110,CHEMBL240,Voltage-gated inwardly rectifying potassium channel KCNH2,Homo sapiens,B,796425
CHEMBL6052945,Cc1cnc(C(F)(F)CN2CCC(Nc3ncnc4[nH]ccc34)CC2)cn1,IC50,=,13800.0,nM,4.860120913598763,4.86,CHEMBL5731381,CHEMBL5725728,CHEMBL240,Voltage-gated inwardly rectifying potassium channel KCNH2,Homo sapiens,B,548530
CHEMBL6052945,Cc1cnc(C(F)(F)CN2CCC(Nc3ncnc4[nH]ccc34)CC2)cn1,IC50,=,13800.0,nM,4.860120913598763,4.86,CHEMBL5733885,CHEMBL5727025,CHEMBL240,Voltage-gated inwardly rectifying potassium channel KCNH2,Homo sapiens,B,786586
CHEMBL6052945,Cc1cnc(C(F)(F)CN2CCC(Nc3ncnc4[nH]ccc34)CC2)cn1,IC50,=,13800.0,nM,4.860120913598763,4.86,CHEMBL5734394,CHEMBL5727305,CHEMBL240,Voltage-gated inwardly rectifying potassium channel KCNH2,Homo sapiens,B,825451
CHEMBL6054685,Cc1ccc2[nH]c3c(c2c1)C[C@@H](C)N(CC(F)(F)CO)[C@@H]3c1c(F)cnc(OCCNCCCF)c1F,IC50,=,5400.0,nM,5.267606240177031,5.27,CHEMBL5733101,CHEMBL5726655,CHEMBL240,Voltage-gated inwardly rectifying potassium channel KCNH2,Homo sapiens,B,714840
CHEMBL6054685,Cc1ccc2[nH]c3c(c2c1)C[C@@H](C)N(CC(F)(F)CO)[C@@H]3c1c(F)cnc(OCCNCCCF)c1F,IC50,=,5400.0,nM,5.267606240177031,5.27,CHEMBL5735028,CHEMBL5727625,CHEMBL240,Voltage-gated inwardly rectifying potassium channel KCNH2,Homo sapiens,B,887735
CHEMBL6054685,Cc1ccc2[nH]c3c(c2c1)C[C@@H](C)N(CC(F)(F)CO)[C@@H]3c1c(F)cnc(OCCNCCCF)c1F,IC50,=,5400.0,nM,5.267606240177031,5.27,CHEMBL5737036,CHEMBL5728574,CHEMBL240,Voltage-gated inwardly rectifying potassium channel KCNH2,Homo sapiens,B,1062348
CHEMBL6056553,Cc1ccc(OCCNCCCF)c(C)c1[C@@H]1c2[nH]c3ccccc3c2C[C@@H](C)N1CC(F)(F)F,IC50,=,10000.0,nM,5.0,5.0,CHEMBL5733101,CHEMBL5726655,CHEMBL240,Voltage-gated inwardly rectifying potassium channel KCNH2,Homo sapiens,B,714851
CHEMBL6056553,Cc1ccc(OCCNCCCF)c(C)c1[C@@H]1c2[nH]c3ccccc3c2C[C@@H](C)N1CC(F)(F)F,IC50,=,10000.0,nM,5.0,5.0,CHEMBL5735028,CHEMBL5727625,CHEMBL240,Voltage-gated inwardly rectifying potassium channel KCNH2,Homo sapiens,B,887746
CHEMBL6056553,Cc1ccc(OCCNCCCF)c(C)c1[C@@H]1c2[nH]c3ccccc3c2C[C@@H](C)N1CC(F)(F)F,IC50,=,10000.0,nM,5.0,5.0,CHEMBL5737036,CHEMBL5728574,CHEMBL240,Voltage-gated inwardly rectifying potassium channel KCNH2,Homo sapiens,B,1062239
CHEMBL6057937,C[C@@H]1Cc2c(ccc3[nH]ncc23)[C@@H](c2c(F)cc(NC3CN(CCCF)C3)cc2F)N1CC(C)(F)CO,IC50,=,10.0,nM,8.0,8.0,CHEMBL5735025,CHEMBL5727624,CHEMBL240,Voltage-gated inwardly rectifying potassium channel KCNH2,Homo sapiens,B,887418
CHEMBL6057937,C[C@@H]1Cc2c(ccc3[nH]ncc23)[C@@H](c2c(F)cc(NC3CN(CCCF)C3)cc2F)N1CC(C)(F)CO,IC50,=,15.0,nM,7.823908740944319,7.82,CHEMBL5735025,CHEMBL5727624,CHEMBL240,Voltage-gated inwardly rectifying potassium channel KCNH2,Homo sapiens,B,887417
CHEMBL6059656,N#Cc1ccc(C(=O)Nc2ccc([C@H]3CNCCO3)cc2)cn1,IC50,=,31720.0,nM,4.498666821354433,4.5,CHEMBL5734655,CHEMBL5727433,CHEMBL240,Voltage-gated inwardly rectifying potassium channel KCNH2,Homo sapiens,B,852513
CHEMBL6059656,N#Cc1ccc(C(=O)Nc2ccc([C@H]3CNCCO3)cc2)cn1,IC50,=,31720.0,nM,4.498666821354433,4.5,CHEMBL5738029,CHEMBL5729081,CHEMBL240,Voltage-gated inwardly rectifying potassium channel KCNH2,Homo sapiens,B,1163406
CHEMBL606029,O=C(c1cc(Cc2c[nH]c(=O)c3cc(Cl)c(Cl)n23)ccc1F)N1CCC2(CCCN2)CC1,IC50,=,12000.0,nM,4.920818753952375,4.92,CHEMBL1069062,CHEMBL1158507,CHEMBL240,Voltage-gated inwardly rectifying potassium channel KCNH2,Homo sapiens,B,
CHEMBL606029,O=C(c1cc(Cc2c[nH]c(=O)c3cc(Cl)c(Cl)n23)ccc1F)N1CCC2(CCCN2)CC1,IC50,=,12000.0,nM,4.920818753952375,4.92,CHEMBL1069754,CHEMBL1158513,CHEMBL240,Voltage-gated inwardly rectifying potassium channel KCNH2,Homo sapiens,B,
CHEMBL6063759,Nc1nccn1Cc1cn(-c2ccc(Cl)c(OC(F)F)c2)nn1,IC50,=,0.52,nM,9.2839966563652,9.28,CHEMBL5733977,CHEMBL5727077,CHEMBL240,Voltage-gated inwardly rectifying potassium channel KCNH2,Homo sapiens,B,793056
CHEMBL6063759,Nc1nccn1Cc1cn(-c2ccc(Cl)c(OC(F)F)c2)nn1,IC50,=,0.52,nM,9.2839966563652,9.28,CHEMBL5734036,CHEMBL5727110,CHEMBL240,Voltage-gated inwardly rectifying potassium channel KCNH2,Homo sapiens,B,796458
CHEMBL6064033,O=C(Nc1ccc([C@H]2CNCCO2)cc1)c1csc(-c2ccccc2)n1,IC50,=,8980.0,nM,5.0467236633326955,5.05,CHEMBL5734655,CHEMBL5727433,CHEMBL240,Voltage-gated inwardly rectifying potassium channel KCNH2,Homo sapiens,B,852531
CHEMBL6064033,O=C(Nc1ccc([C@H]2CNCCO2)cc1)c1csc(-c2ccccc2)n1,IC50,=,8980.0,nM,5.0467236633326955,5.05,CHEMBL5738029,CHEMBL5729081,CHEMBL240,Voltage-gated inwardly rectifying potassium channel KCNH2,Homo sapiens,B,1163424
CHEMBL6064693,OCCc1nccn1Cc1cn(-c2ccc(F)c(OC(F)F)c2)nn1,IC50,=,4.26,nM,8.370590400897282,8.37,CHEMBL5733977,CHEMBL5727077,CHEMBL240,Voltage-gated inwardly rectifying potassium channel KCNH2,Homo sapiens,B,793049
CHEMBL6064693,OCCc1nccn1Cc1cn(-c2ccc(F)c(OC(F)F)c2)nn1,IC50,=,4.26,nM,8.370590400897282,8.37,CHEMBL5734036,CHEMBL5727110,CHEMBL240,Voltage-gated inwardly rectifying potassium channel KCNH2,Homo sapiens,B,796451
CHEMBL607,CCOC(=O)C1(c2ccccc2)CCN(C)CC1,IC50,=,323.59,nM,6.4900049079866005,6.49,CHEMBL829152,CHEMBL1139598,CHEMBL240,Voltage-gated inwardly rectifying potassium channel KCNH2,Homo sapiens,B,
CHEMBL607,CCOC(=O)C1(c2ccccc2)CCN(C)CC1,IC50,=,74131.02,nM,4.130000024196025,4.13,CHEMBL1676103,CHEMBL1671772,CHEMBL240,Voltage-gated inwardly rectifying potassium channel KCNH2,Homo sapiens,B,
CHEMBL607,CCOC(=O)C1(c2ccccc2)CCN(C)CC1,IC50,=,75857.76,nM,4.119999985703918,4.12,CHEMBL1036648,CHEMBL1154445,CHEMBL240,Voltage-gated inwardly rectifying potassium channel KCNH2,Homo sapiens,B,
CHEMBL60796,Oc1ccc(CCN2CCC(Nc3nc4ccccc4n3Cc3ccc(F)cc3)CC2)cc1,IC50,=,1.0,nM,9.0,9.0,CHEMBL766814,CHEMBL1136167,CHEMBL240,Voltage-gated inwardly rectifying potassium channel KCNH2,Homo sapiens,B,
CHEMBL60796,Oc1ccc(CCN2CCC(Nc3nc4ccccc4n3Cc3ccc(F)cc3)CC2)cc1,IC50,=,1.0,nM,9.0,9.0,CHEMBL954102,CHEMBL1150324,CHEMBL240,Voltage-gated inwardly rectifying potassium channel KCNH2,Homo sapiens,B,
CHEMBL60796,Oc1ccc(CCN2CCC(Nc3nc4ccccc4n3Cc3ccc(F)cc3)CC2)cc1,IC50,=,1.0,nM,9.0,9.0,CHEMBL1036648,CHEMBL1154445,CHEMBL240,Voltage-gated inwardly rectifying potassium channel KCNH2,Homo sapiens,B,
CHEMBL60889,CCOc1cc(N)c(Cl)cc1C(=O)NCC1CN(Cc2ccc(F)cc2)CCO1,IC50,=,4786.3,nM,5.320000083770781,5.32,CHEMBL1676103,CHEMBL1671772,CHEMBL240,Voltage-gated inwardly rectifying potassium channel KCNH2,Homo sapiens,B,
CHEMBL60889,CCOc1cc(N)c(Cl)cc1C(=O)NCC1CN(Cc2ccc(F)cc2)CCO1,IC50,=,4800.0,nM,5.318758762624412,5.32,CHEMBL1011678,CHEMBL1152811,CHEMBL240,Voltage-gated inwardly rectifying potassium channel KCNH2,Homo sapiens,B,
CHEMBL61301,Fc1ccc(Cn2c(NC3CCNCC3)nc3ccccc32)cc1,IC50,=,27.54,nM,7.560036064079095,7.56,CHEMBL1036648,CHEMBL1154445,CHEMBL240,Voltage-gated inwardly rectifying potassium channel KCNH2,Homo sapiens,B,
CHEMBL61301,Fc1ccc(Cn2c(NC3CCNCC3)nc3ccccc32)cc1,IC50,=,28.0,nM,7.552841968657781,7.55,CHEMBL822598,CHEMBL1135758,CHEMBL240,Voltage-gated inwardly rectifying potassium channel KCNH2,Homo sapiens,F,
CHEMBL61301,Fc1ccc(Cn2c(NC3CCNCC3)nc3ccccc32)cc1,IC50,=,28.18,nM,7.550059011226662,7.55,CHEMBL766814,CHEMBL1136167,CHEMBL240,Voltage-gated inwardly rectifying potassium channel KCNH2,Homo sapiens,B,
CHEMBL61301,Fc1ccc(Cn2c(NC3CCNCC3)nc3ccccc32)cc1,IC50,=,28.18,nM,7.550059011226662,7.55,CHEMBL832277,CHEMBL1142050,CHEMBL240,Voltage-gated inwardly rectifying potassium channel KCNH2,Homo sapiens,F,
CHEMBL61301,Fc1ccc(Cn2c(NC3CCNCC3)nc3ccccc32)cc1,IC50,=,28.18,nM,7.550059011226662,7.55,CHEMBL954102,CHEMBL1150324,CHEMBL240,Voltage-gated inwardly rectifying potassium channel KCNH2,Homo sapiens,B,
CHEMBL61301,Fc1ccc(Cn2c(NC3CCNCC3)nc3ccccc32)cc1,IC50,=,28.18,nM,7.550059011226662,7.55,CHEMBL1023674,CHEMBL1158373,CHEMBL240,Voltage-gated inwardly rectifying potassium channel KCNH2,Homo sapiens,B,
CHEMBL6175315,O=C1CCCC2(CCN(c3cc(OCC(F)(F)F)ncn3)CC2)N1c1ccc(Cl)c(F)c1,IC50,=,1000.0,nM,6.0,6.0,CHEMBL6158599,CHEMBL6153142,CHEMBL240,Voltage-gated inwardly rectifying potassium channel KCNH2,Homo sapiens,T,
CHEMBL6175315,O=C1CCCC2(CCN(c3cc(OCC(F)(F)F)ncn3)CC2)N1c1ccc(Cl)c(F)c1,IC50,=,29000.0,nM,4.5376020021010435,4.54,CHEMBL6158598,CHEMBL6153142,CHEMBL240,Voltage-gated inwardly rectifying potassium channel KCNH2,Homo sapiens,T,
CHEMBL629,CN(C)CCC=C1c2ccccc2CCc2ccccc21,IC50,=,1810.0,nM,5.7423214251308154,5.74,CHEMBL5167771,CHEMBL5154926,CHEMBL240,Voltage-gated inwardly rectifying potassium channel KCNH2,Homo sapiens,T,
CHEMBL629,CN(C)CCC=C1c2ccccc2CCc2ccccc21,IC50,=,3000.0,nM,5.522878745280337,5.52,CHEMBL4413744,CHEMBL4411318,CHEMBL240,Voltage-gated inwardly rectifying potassium channel KCNH2,Homo sapiens,B,
CHEMBL629,CN(C)CCC=C1c2ccccc2CCc2ccccc21,IC50,=,3200.0,nM,5.494850021680094,5.5,CHEMBL5154497,CHEMBL5150076,CHEMBL240,Voltage-gated inwardly rectifying potassium channel KCNH2,Homo sapiens,T,
CHEMBL629,CN(C)CCC=C1c2ccccc2CCc2ccccc21,IC50,=,3280.0,nM,5.484126156288321,5.48,CHEMBL3430629,CHEMBL3430321,CHEMBL240,Voltage-gated inwardly rectifying potassium channel KCNH2,Homo sapiens,F,
CHEMBL629,CN(C)CCC=C1c2ccccc2CCc2ccccc21,IC50,=,3290.0,nM,5.482804102050025,5.48,CHEMBL4188524,CHEMBL4184274,CHEMBL240,Voltage-gated inwardly rectifying potassium channel KCNH2,Homo sapiens,B,
CHEMBL629,CN(C)CCC=C1c2ccccc2CCc2ccccc21,IC50,=,3560.0,nM,5.448550002027124,5.45,CHEMBL5550341,CHEMBL5550087,CHEMBL240,Voltage-gated inwardly rectifying potassium channel KCNH2,Homo sapiens,T,
CHEMBL629,CN(C)CCC=C1c2ccccc2CCc2ccccc21,IC50,=,9600.0,nM,5.017728766960431,5.02,CHEMBL4413347,CHEMBL4411307,CHEMBL240,Voltage-gated inwardly rectifying potassium channel KCNH2,Homo sapiens,B,
CHEMBL629,CN(C)CCC=C1c2ccccc2CCc2ccccc21,IC50,=,10000.0,nM,5.0,5.0,CHEMBL822598,CHEMBL1135758,CHEMBL240,Voltage-gated inwardly rectifying potassium channel KCNH2,Homo sapiens,F,
CHEMBL629,CN(C)CCC=C1c2ccccc2CCc2ccccc21,IC50,=,10000.0,nM,5.0,5.0,CHEMBL766814,CHEMBL1136167,CHEMBL240,Voltage-gated inwardly rectifying potassium channel KCNH2,Homo sapiens,B,
CHEMBL629,CN(C)CCC=C1c2ccccc2CCc2ccccc21,IC50,=,10000.0,nM,5.0,5.0,CHEMBL832277,CHEMBL1142050,CHEMBL240,Voltage-gated inwardly rectifying potassium channel KCNH2,Homo sapiens,F,
CHEMBL629,CN(C)CCC=C1c2ccccc2CCc2ccccc21,IC50,=,10000.0,nM,5.0,5.0,CHEMBL829152,CHEMBL1139598,CHEMBL240,Voltage-gated inwardly rectifying potassium channel KCNH2,Homo sapiens,B,
CHEMBL629,CN(C)CCC=C1c2ccccc2CCc2ccccc21,IC50,=,10000.0,nM,5.0,5.0,CHEMBL954102,CHEMBL1150324,CHEMBL240,Voltage-gated inwardly rectifying potassium channel KCNH2,Homo sapiens,B,
CHEMBL629,CN(C)CCC=C1c2ccccc2CCc2ccccc21,IC50,=,10000.0,nM,5.0,5.0,CHEMBL1023674,CHEMBL1158373,CHEMBL240,Voltage-gated inwardly rectifying potassium channel KCNH2,Homo sapiens,B,
CHEMBL629,CN(C)CCC=C1c2ccccc2CCc2ccccc21,IC50,=,10000.0,nM,5.0,5.0,CHEMBL1676103,CHEMBL1671772,CHEMBL240,Voltage-gated inwardly rectifying potassium channel KCNH2,Homo sapiens,B,
CHEMBL629,CN(C)CCC=C1c2ccccc2CCc2ccccc21,IC50,=,17589.4,nM,4.754748974705894,4.75,CHEMBL1909190,CHEMBL1909046,CHEMBL240,Voltage-gated inwardly rectifying potassium channel KCNH2,Homo sapiens,B,
CHEMBL631,CCCNCC(O)COc1ccccc1C(=O)CCc1ccccc1,IC50,=,440.0,nM,6.356547323513812,6.36,CHEMBL3430648,CHEMBL3430321,CHEMBL240,Voltage-gated inwardly rectifying potassium channel KCNH2,Homo sapiens,F,
CHEMBL631,CCCNCC(O)COc1ccccc1C(=O)CCc1ccccc1,IC50,=,800.0,nM,6.096910013008056,6.1,CHEMBL827807,CHEMBL1137856,CHEMBL240,Voltage-gated inwardly rectifying potassium channel KCNH2,Homo sapiens,B,
CHEMBL631,CCCNCC(O)COc1ccccc1C(=O)CCc1ccccc1,IC50,=,2880.0,nM,5.5406075122407685,5.54,CHEMBL1918925,CHEMBL1914304,CHEMBL240,Voltage-gated inwardly rectifying potassium channel KCNH2,Homo sapiens,B,
CHEMBL633,CCCCc1oc2ccccc2c1C(=O)c1cc(I)c(OCCN(CC)CC)c(I)c1,IC50,=,30.0,nM,7.522878745280337,7.52,CHEMBL3430628,CHEMBL3430321,CHEMBL240,Voltage-gated inwardly rectifying potassium channel KCNH2,Homo sapiens,F,
CHEMBL633,CCCCc1oc2ccccc2c1C(=O)c1cc(I)c(OCCN(CC)CC)c(I)c1,IC50,=,1000.0,nM,6.0,6.0,CHEMBL1676103,CHEMBL1671772,CHEMBL240,Voltage-gated inwardly rectifying potassium channel KCNH2,Homo sapiens,B,
CHEMBL633,CCCCc1oc2ccccc2c1C(=O)c1cc(I)c(OCCN(CC)CC)c(I)c1,IC50,=,10000.0,nM,5.0,5.0,CHEMBL766814,CHEMBL1136167,CHEMBL240,Voltage-gated inwardly rectifying potassium channel KCNH2,Homo sapiens,B,
CHEMBL633,CCCCc1oc2ccccc2c1C(=O)c1cc(I)c(OCCN(CC)CC)c(I)c1,IC50,=,10000.0,nM,5.0,5.0,CHEMBL829152,CHEMBL1139598,CHEMBL240,Voltage-gated inwardly rectifying potassium channel KCNH2,Homo sapiens,B,
CHEMBL633,CCCCc1oc2ccccc2c1C(=O)c1cc(I)c(OCCN(CC)CC)c(I)c1,IC50,=,10000.0,nM,5.0,5.0,CHEMBL954102,CHEMBL1150324,CHEMBL240,Voltage-gated inwardly rectifying potassium channel KCNH2,Homo sapiens,B,
CHEMBL639,CN1CCCC(n2nc(Cc3ccc(Cl)cc3)c3ccccc3c2=O)CC1,IC50,=,100.0,nM,7.0,7.0,CHEMBL1769661,CHEMBL1764974,CHEMBL240,Voltage-gated inwardly rectifying potassium channel KCNH2,Homo sapiens,B,
CHEMBL639,CN1CCCC(n2nc(Cc3ccc(Cl)cc3)c3ccccc3c2=O)CC1,IC50,=,100.0,nM,7.0,7.0,CHEMBL2150564,CHEMBL2146436,CHEMBL240,Voltage-gated inwardly rectifying potassium channel KCNH2,Homo sapiens,B,
CHEMBL639,CN1CCCC(n2nc(Cc3ccc(Cl)cc3)c3ccccc3c2=O)CC1,IC50,=,100.0,nM,7.0,7.0,CHEMBL3870967,CHEMBL3870336,CHEMBL240,Voltage-gated inwardly rectifying potassium channel KCNH2,Homo sapiens,B,
CHEMBL639,CN1CCCC(n2nc(Cc3ccc(Cl)cc3)c3ccccc3c2=O)CC1,IC50,=,100.0,nM,7.0,7.0,CHEMBL4047735,CHEMBL4043263,CHEMBL240,Voltage-gated inwardly rectifying potassium channel KCNH2,Homo sapiens,B,
CHEMBL639,CN1CCCC(n2nc(Cc3ccc(Cl)cc3)c3ccccc3c2=O)CC1,IC50,=,100.0,nM,7.0,7.0,CHEMBL5261566,CHEMBL5260808,CHEMBL240,Voltage-gated inwardly rectifying potassium channel KCNH2,Homo sapiens,T,
CHEMBL639,CN1CCCC(n2nc(Cc3ccc(Cl)cc3)c3ccccc3c2=O)CC1,IC50,=,100.0,nM,7.0,7.0,CHEMBL5261578,CHEMBL5260808,CHEMBL240,Voltage-gated inwardly rectifying potassium channel KCNH2,Homo sapiens,T,
CHEMBL640,CCN(CC)CCNC(=O)c1ccc(N)cc1,IC50,=,138038.43,nM,3.859999988863412,,CHEMBL829152,CHEMBL1139598,CHEMBL240,Voltage-gated inwardly rectifying potassium channel KCNH2,Homo sapiens,B,
CHEMBL640,CCN(CC)CCNC(=O)c1ccc(N)cc1,IC50,=,138038.43,nM,3.859999988863412,,CHEMBL1676103,CHEMBL1671772,CHEMBL240,Voltage-gated inwardly rectifying potassium channel KCNH2,Homo sapiens,B,
CHEMBL652,O=C(NCC1CCCCN1)c1cc(OCC(F)(F)F)ccc1OCC(F)(F)F,IC50,=,3890.45,nM,5.410000161858408,5.41,CHEMBL766814,CHEMBL1136167,CHEMBL240,Voltage-gated inwardly rectifying potassium channel KCNH2,Homo sapiens,B,
CHEMBL652,O=C(NCC1CCCCN1)c1cc(OCC(F)(F)F)ccc1OCC(F)(F)F,IC50,=,3890.45,nM,5.410000161858408,5.41,CHEMBL829152,CHEMBL1139598,CHEMBL240,Voltage-gated inwardly rectifying potassium channel KCNH2,Homo sapiens,B,
CHEMBL652,O=C(NCC1CCCCN1)c1cc(OCC(F)(F)F)ccc1OCC(F)(F)F,IC50,=,3890.45,nM,5.410000161858408,5.41,CHEMBL954102,CHEMBL1150324,CHEMBL240,Voltage-gated inwardly rectifying potassium channel KCNH2,Homo sapiens,B,
CHEMBL652,O=C(NCC1CCCCN1)c1cc(OCC(F)(F)F)ccc1OCC(F)(F)F,IC50,=,3890.45,nM,5.410000161858408,5.41,CHEMBL1676103,CHEMBL1671772,CHEMBL240,Voltage-gated inwardly rectifying potassium channel KCNH2,Homo sapiens,B,
CHEMBL657,CN(C)CCOC(c1ccccc1)c1ccccc1,IC50,=,2570.4,nM,5.589999287456538,5.59,CHEMBL1676103,CHEMBL1671772,CHEMBL240,Voltage-gated inwardly rectifying potassium channel KCNH2,Homo sapiens,B,
CHEMBL657,CN(C)CCOC(c1ccccc1)c1ccccc1,IC50,=,5200.0,nM,5.2839966563652006,5.28,CHEMBL3430636,CHEMBL3430321,CHEMBL240,Voltage-gated inwardly rectifying potassium channel KCNH2,Homo sapiens,F,
CHEMBL657,CN(C)CCOC(c1ccccc1)c1ccccc1,IC50,=,26915.35,nM,4.569999968362492,4.57,CHEMBL766814,CHEMBL1136167,CHEMBL240,Voltage-gated inwardly rectifying potassium channel KCNH2,Homo sapiens,B,
CHEMBL657,CN(C)CCOC(c1ccccc1)c1ccccc1,IC50,=,26915.35,nM,4.569999968362492,4.57,CHEMBL829152,CHEMBL1139598,CHEMBL240,Voltage-gated inwardly rectifying potassium channel KCNH2,Homo sapiens,B,
CHEMBL657,CN(C)CCOC(c1ccccc1)c1ccccc1,IC50,=,26915.35,nM,4.569999968362492,4.57,CHEMBL954102,CHEMBL1150324,CHEMBL240,Voltage-gated inwardly rectifying potassium channel KCNH2,Homo sapiens,B,
CHEMBL657,CN(C)CCOC(c1ccccc1)c1ccccc1,IC50,=,31859.0,nM,4.496767860088488,4.5,CHEMBL1909190,CHEMBL1909046,CHEMBL240,Voltage-gated inwardly rectifying potassium channel KCNH2,Homo sapiens,B,
CHEMBL6966,COc1ccc(CCN(C)CCCC(C#N)(c2ccc(OC)c(OC)c2)C(C)C)cc1OC,IC50,=,10.0,nM,8.0,8.0,CHEMBL3090833,CHEMBL3085767,CHEMBL240,Voltage-gated inwardly rectifying potassium channel KCNH2,Homo sapiens,B,
CHEMBL6966,COc1ccc(CCN(C)CCCC(C#N)(c2ccc(OC)c(OC)c2)C(C)C)cc1OC,IC50,=,141.25,nM,6.850011543508524,6.85,CHEMBL766814,CHEMBL1136167,CHEMBL240,Voltage-gated inwardly rectifying potassium channel KCNH2,Homo sapiens,B,
CHEMBL6966,COc1ccc(CCN(C)CCCC(C#N)(c2ccc(OC)c(OC)c2)C(C)C)cc1OC,IC50,=,141.25,nM,6.850011543508524,6.85,CHEMBL829152,CHEMBL1139598,CHEMBL240,Voltage-gated inwardly rectifying potassium channel KCNH2,Homo sapiens,B,
CHEMBL6966,COc1ccc(CCN(C)CCCC(C#N)(c2ccc(OC)c(OC)c2)C(C)C)cc1OC,IC50,=,141.25,nM,6.850011543508524,6.85,CHEMBL954102,CHEMBL1150324,CHEMBL240,Voltage-gated inwardly rectifying potassium channel KCNH2,Homo sapiens,B,
CHEMBL6966,COc1ccc(CCN(C)CCCC(C#N)(c2ccc(OC)c(OC)c2)C(C)C)cc1OC,IC50,=,141.25,nM,6.850011543508524,6.85,CHEMBL1676103,CHEMBL1671772,CHEMBL240,Voltage-gated inwardly rectifying potassium channel KCNH2,Homo sapiens,B,
CHEMBL6966,COc1ccc(CCN(C)CCCC(C#N)(c2ccc(OC)c(OC)c2)C(C)C)cc1OC,IC50,=,143.0,nM,6.844663962534938,6.84,CHEMBL691014,CHEMBL1135758,CHEMBL240,Voltage-gated inwardly rectifying potassium channel KCNH2,Homo sapiens,F,
CHEMBL6966,COc1ccc(CCN(C)CCCC(C#N)(c2ccc(OC)c(OC)c2)C(C)C)cc1OC,IC50,=,143.0,nM,6.844663962534938,6.84,CHEMBL766816,CHEMBL1136402,CHEMBL240,Voltage-gated inwardly rectifying potassium channel KCNH2,Homo sapiens,B,
CHEMBL6966,COc1ccc(CCN(C)CCCC(C#N)(c2ccc(OC)c(OC)c2)C(C)C)cc1OC,IC50,=,143.0,nM,6.844663962534938,6.84,CHEMBL3430657,CHEMBL3430321,CHEMBL240,Voltage-gated inwardly rectifying potassium channel KCNH2,Homo sapiens,F,
CHEMBL6966,COc1ccc(CCN(C)CCCC(C#N)(c2ccc(OC)c(OC)c2)C(C)C)cc1OC,IC50,=,144.54,nM,6.840011949618013,6.84,CHEMBL832277,CHEMBL1142050,CHEMBL240,Voltage-gated inwardly rectifying potassium channel KCNH2,Homo sapiens,F,
CHEMBL6966,COc1ccc(CCN(C)CCCC(C#N)(c2ccc(OC)c(OC)c2)C(C)C)cc1OC,IC50,=,144.54,nM,6.840011949618013,6.84,CHEMBL1023674,CHEMBL1158373,CHEMBL240,Voltage-gated inwardly rectifying potassium channel KCNH2,Homo sapiens,B,
CHEMBL6966,COc1ccc(CCN(C)CCCC(C#N)(c2ccc(OC)c(OC)c2)C(C)C)cc1OC,IC50,=,200.0,nM,6.698970004336019,6.7,CHEMBL4839289,CHEMBL4837244,CHEMBL240,Voltage-gated inwardly rectifying potassium channel KCNH2,Homo sapiens,B,
CHEMBL6966,COc1ccc(CCN(C)CCCC(C#N)(c2ccc(OC)c(OC)c2)C(C)C)cc1OC,IC50,=,270.0,nM,6.568636235841012,6.57,CHEMBL5328504,CHEMBL5325493,CHEMBL240,Voltage-gated inwardly rectifying potassium channel KCNH2,Homo sapiens,T,
CHEMBL6966,COc1ccc(CCN(C)CCCC(C#N)(c2ccc(OC)c(OC)c2)C(C)C)cc1OC,IC50,=,270.0,nM,6.568636235841012,6.57,CHEMBL6088803,CHEMBL6087421,CHEMBL240,Voltage-gated inwardly rectifying potassium channel KCNH2,Homo sapiens,T,
CHEMBL6966,COc1ccc(CCN(C)CCCC(C#N)(c2ccc(OC)c(OC)c2)C(C)C)cc1OC,IC50,=,400.0,nM,6.3979400086720375,6.4,CHEMBL4606240,CHEMBL4602726,CHEMBL240,Voltage-gated inwardly rectifying potassium channel KCNH2,Homo sapiens,B,
CHEMBL6966,COc1ccc(CCN(C)CCCC(C#N)(c2ccc(OC)c(OC)c2)C(C)C)cc1OC,IC50,=,419.0,nM,6.377785977033705,6.38,CHEMBL5337078,CHEMBL5335798,CHEMBL240,Voltage-gated inwardly rectifying potassium channel KCNH2,Homo sapiens,T,
CHEMBL6966,COc1ccc(CCN(C)CCCC(C#N)(c2ccc(OC)c(OC)c2)C(C)C)cc1OC,IC50,=,500.0,nM,6.301029995663981,6.3,CHEMBL5581350,CHEMBL5579837,CHEMBL240,Voltage-gated inwardly rectifying potassium channel KCNH2,Homo sapiens,T,
CHEMBL6966,COc1ccc(CCN(C)CCCC(C#N)(c2ccc(OC)c(OC)c2)C(C)C)cc1OC,IC50,=,524.81,nM,6.279997898282849,6.28,CHEMBL6081994,CHEMBL6078707,CHEMBL240,Voltage-gated inwardly rectifying potassium channel KCNH2,Homo sapiens,T,
CHEMBL6966,COc1ccc(CCN(C)CCCC(C#N)(c2ccc(OC)c(OC)c2)C(C)C)cc1OC,IC50,=,530.0,nM,6.275724130399211,6.28,CHEMBL4433285,CHEMBL4433195,CHEMBL240,Voltage-gated inwardly rectifying potassium channel KCNH2,Homo sapiens,B,
CHEMBL6966,COc1ccc(CCN(C)CCCC(C#N)(c2ccc(OC)c(OC)c2)C(C)C)cc1OC,IC50,=,560.0,nM,6.251811972993799,6.25,CHEMBL5338527,CHEMBL5335864,CHEMBL240,Voltage-gated inwardly rectifying potassium channel KCNH2,Homo sapiens,T,
CHEMBL6966,COc1ccc(CCN(C)CCCC(C#N)(c2ccc(OC)c(OC)c2)C(C)C)cc1OC,IC50,=,617.0,nM,6.209714835966759,6.21,CHEMBL5512092,CHEMBL5506068,CHEMBL240,Voltage-gated inwardly rectifying potassium channel KCNH2,Homo sapiens,T,
CHEMBL6966,COc1ccc(CCN(C)CCCC(C#N)(c2ccc(OC)c(OC)c2)C(C)C)cc1OC,IC50,=,620.0,nM,6.207608310501746,6.21,CHEMBL5356383,CHEMBL5352494,CHEMBL240,Voltage-gated inwardly rectifying potassium channel KCNH2,Homo sapiens,T,
CHEMBL6966,COc1ccc(CCN(C)CCCC(C#N)(c2ccc(OC)c(OC)c2)C(C)C)cc1OC,IC50,=,3100.0,nM,5.508638306165727,5.51,CHEMBL827807,CHEMBL1137856,CHEMBL240,Voltage-gated inwardly rectifying potassium channel KCNH2,Homo sapiens,B,
CHEMBL707,COc1cc2nc(N3CCN(C(=O)C4COc5ccccc5O4)CC3)nc(N)c2cc1OC,IC50,=,588.84,nM,6.23000269597146,6.23,CHEMBL1676103,CHEMBL1671772,CHEMBL240,Voltage-gated inwardly rectifying potassium channel KCNH2,Homo sapiens,B,
CHEMBL707,COc1cc2nc(N3CCN(C(=O)C4COc5ccccc5O4)CC3)nc(N)c2cc1OC,IC50,=,2215.5,nM,5.654528245632369,5.66,CHEMBL1909190,CHEMBL1909046,CHEMBL240,Voltage-gated inwardly rectifying potassium channel KCNH2,Homo sapiens,B,
CHEMBL708,O=C1Cc2cc(CCN3CCN(c4nsc5ccccc45)CC3)c(Cl)cc2N1,IC50,=,120.23,nM,6.919987152892072,6.92,CHEMBL829152,CHEMBL1139598,CHEMBL240,Voltage-gated inwardly rectifying potassium channel KCNH2,Homo sapiens,B,
CHEMBL708,O=C1Cc2cc(CCN3CCN(c4nsc5ccccc45)CC3)c(Cl)cc2N1,IC50,=,120.23,nM,6.919987152892072,6.92,CHEMBL954102,CHEMBL1150324,CHEMBL240,Voltage-gated inwardly rectifying potassium channel KCNH2,Homo sapiens,B,
CHEMBL708,O=C1Cc2cc(CCN3CCN(c4nsc5ccccc45)CC3)c(Cl)cc2N1,IC50,=,125.0,nM,6.903089986991944,6.9,CHEMBL1027667,CHEMBL1137783,CHEMBL240,Voltage-gated inwardly rectifying potassium channel KCNH2,Homo sapiens,B,
CHEMBL708,O=C1Cc2cc(CCN3CCN(c4nsc5ccccc45)CC3)c(Cl)cc2N1,IC50,=,125.89,nM,6.900008766455315,6.9,CHEMBL1676103,CHEMBL1671772,CHEMBL240,Voltage-gated inwardly rectifying potassium channel KCNH2,Homo sapiens,B,
CHEMBL708,O=C1Cc2cc(CCN3CCN(c4nsc5ccccc45)CC3)c(Cl)cc2N1,IC50,=,151.36,nM,6.819988880942283,6.82,CHEMBL832278,CHEMBL1142050,CHEMBL240,Voltage-gated inwardly rectifying potassium channel KCNH2,Homo sapiens,F,
CHEMBL708,O=C1Cc2cc(CCN3CCN(c4nsc5ccccc45)CC3)c(Cl)cc2N1,IC50,=,151.36,nM,6.819988880942283,6.82,CHEMBL1023674,CHEMBL1158373,CHEMBL240,Voltage-gated inwardly rectifying potassium channel KCNH2,Homo sapiens,B,
CHEMBL708,O=C1Cc2cc(CCN3CCN(c4nsc5ccccc45)CC3)c(Cl)cc2N1,IC50,=,152.0,nM,6.818156412055227,6.82,CHEMBL822598,CHEMBL1135758,CHEMBL240,Voltage-gated inwardly rectifying potassium channel KCNH2,Homo sapiens,F,
CHEMBL709,COc1cc2nc(N(C)CCCNC(=O)C3CCCO3)nc(N)c2cc1OC,IC50,=,12589.25,nM,4.900000142057633,4.9,CHEMBL3430723,CHEMBL3430320,CHEMBL240,Voltage-gated inwardly rectifying potassium channel KCNH2,Homo sapiens,F,
CHEMBL709,COc1cc2nc(N(C)CCCNC(=O)C3CCCO3)nc(N)c2cc1OC,IC50,=,19952.62,nM,4.70000006855703,4.7,CHEMBL3430689,CHEMBL3430320,CHEMBL240,Voltage-gated inwardly rectifying potassium channel KCNH2,Homo sapiens,F,
CHEMBL709,COc1cc2nc(N(C)CCCNC(=O)C3CCCO3)nc(N)c2cc1OC,IC50,=,125892.54,nM,3.900000004068662,,CHEMBL3430749,CHEMBL3430320,CHEMBL240,Voltage-gated inwardly rectifying potassium channel KCNH2,Homo sapiens,F,
CHEMBL71,CN(C)CCCN1c2ccccc2Sc2ccc(Cl)cc21,IC50,=,1470.0,nM,5.8326826652518236,5.83,CHEMBL662311,CHEMBL1135758,CHEMBL240,Voltage-gated inwardly rectifying potassium channel KCNH2,Homo sapiens,F,
CHEMBL71,CN(C)CCCN1c2ccccc2Sc2ccc(Cl)cc21,IC50,=,1470.0,nM,5.8326826652518236,5.83,CHEMBL3430631,CHEMBL3430321,CHEMBL240,Voltage-gated inwardly rectifying potassium channel KCNH2,Homo sapiens,F,
CHEMBL71,CN(C)CCCN1c2ccccc2Sc2ccc(Cl)cc21,IC50,=,1479.11,nM,5.829999526735649,5.83,CHEMBL766814,CHEMBL1136167,CHEMBL240,Voltage-gated inwardly rectifying potassium channel KCNH2,Homo sapiens,B,
CHEMBL71,CN(C)CCCN1c2ccccc2Sc2ccc(Cl)cc21,IC50,=,1479.11,nM,5.829999526735649,5.83,CHEMBL832278,CHEMBL1142050,CHEMBL240,Voltage-gated inwardly rectifying potassium channel KCNH2,Homo sapiens,F,
CHEMBL71,CN(C)CCCN1c2ccccc2Sc2ccc(Cl)cc21,IC50,=,1479.11,nM,5.829999526735649,5.83,CHEMBL829152,CHEMBL1139598,CHEMBL240,Voltage-gated inwardly rectifying potassium channel KCNH2,Homo sapiens,B,
CHEMBL71,CN(C)CCCN1c2ccccc2Sc2ccc(Cl)cc21,IC50,=,1479.11,nM,5.829999526735649,5.83,CHEMBL954102,CHEMBL1150324,CHEMBL240,Voltage-gated inwardly rectifying potassium channel KCNH2,Homo sapiens,B,
CHEMBL71,CN(C)CCCN1c2ccccc2Sc2ccc(Cl)cc21,IC50,=,1479.11,nM,5.829999526735649,5.83,CHEMBL1023674,CHEMBL1158373,CHEMBL240,Voltage-gated inwardly rectifying potassium channel KCNH2,Homo sapiens,B,
CHEMBL71,CN(C)CCCN1c2ccccc2Sc2ccc(Cl)cc21,IC50,=,1479.11,nM,5.829999526735649,5.83,CHEMBL1676103,CHEMBL1671772,CHEMBL240,Voltage-gated inwardly rectifying potassium channel KCNH2,Homo sapiens,B,
CHEMBL71,CN(C)CCCN1c2ccccc2Sc2ccc(Cl)cc21,IC50,=,5827.5,nM,5.234517717807385,5.24,CHEMBL1909190,CHEMBL1909046,CHEMBL240,Voltage-gated inwardly rectifying potassium channel KCNH2,Homo sapiens,B,
CHEMBL715,Cc1cc2c(s1)Nc1ccccc1N=C2N1CCN(C)CC1,IC50,=,181.0,nM,6.7423214251308154,6.74,CHEMBL988126,CHEMBL1157138,CHEMBL240,Voltage-gated inwardly rectifying potassium channel KCNH2,Homo sapiens,B,
CHEMBL715,Cc1cc2c(s1)Nc1ccccc1N=C2N1CCN(C)CC1,IC50,=,181.97,nM,6.740000204918113,6.74,CHEMBL766814,CHEMBL1136167,CHEMBL240,Voltage-gated inwardly rectifying potassium channel KCNH2,Homo sapiens,B,
CHEMBL715,Cc1cc2c(s1)Nc1ccccc1N=C2N1CCN(C)CC1,IC50,=,181.97,nM,6.740000204918113,6.74,CHEMBL829152,CHEMBL1139598,CHEMBL240,Voltage-gated inwardly rectifying potassium channel KCNH2,Homo sapiens,B,
CHEMBL715,Cc1cc2c(s1)Nc1ccccc1N=C2N1CCN(C)CC1,IC50,=,181.97,nM,6.740000204918113,6.74,CHEMBL954102,CHEMBL1150324,CHEMBL240,Voltage-gated inwardly rectifying potassium channel KCNH2,Homo sapiens,B,
CHEMBL715,Cc1cc2c(s1)Nc1ccccc1N=C2N1CCN(C)CC1,IC50,=,204.17,nM,6.69000807121882,6.69,CHEMBL1676103,CHEMBL1671772,CHEMBL240,Voltage-gated inwardly rectifying potassium channel KCNH2,Homo sapiens,B,
CHEMBL715,Cc1cc2c(s1)Nc1ccccc1N=C2N1CCN(C)CC1,IC50,=,229.09,nM,6.639993867770901,6.64,CHEMBL1676103,CHEMBL1671772,CHEMBL240,Voltage-gated inwardly rectifying potassium channel KCNH2,Homo sapiens,B,
CHEMBL715,Cc1cc2c(s1)Nc1ccccc1N=C2N1CCN(C)CC1,IC50,=,231.3,nM,6.635824367229381,6.64,CHEMBL1027667,CHEMBL1137783,CHEMBL240,Voltage-gated inwardly rectifying potassium channel KCNH2,Homo sapiens,B,
CHEMBL715,Cc1cc2c(s1)Nc1ccccc1N=C2N1CCN(C)CC1,IC50,=,100000.0,nM,4.0,4.0,CHEMBL1909190,CHEMBL1909046,CHEMBL240,Voltage-gated inwardly rectifying potassium channel KCNH2,Homo sapiens,B,
CHEMBL716,OCCOCCN1CCN(C2=Nc3ccccc3Sc3ccccc32)CC1,IC50,=,5754.4,nM,5.2399999527072705,5.24,CHEMBL1676103,CHEMBL1671772,CHEMBL240,Voltage-gated inwardly rectifying potassium channel KCNH2,Homo sapiens,B,
CHEMBL716,OCCOCCN1CCN(C2=Nc3ccccc3Sc3ccccc32)CC1,IC50,=,5800.0,nM,5.236572006437063,5.24,CHEMBL3430650,CHEMBL3430321,CHEMBL240,Voltage-gated inwardly rectifying potassium channel KCNH2,Homo sapiens,F,
CHEMBL72,CNCCCN1c2ccccc2CCc2ccccc21,IC50,=,1380.38,nM,5.860001341725205,5.86,CHEMBL829152,CHEMBL1139598,CHEMBL240,Voltage-gated inwardly rectifying potassium channel KCNH2,Homo sapiens,B,
CHEMBL72,CNCCCN1c2ccccc2CCc2ccccc21,IC50,=,1380.38,nM,5.860001341725205,5.86,CHEMBL954102,CHEMBL1150324,CHEMBL240,Voltage-gated inwardly rectifying potassium channel KCNH2,Homo sapiens,B,
CHEMBL72,CNCCCN1c2ccccc2CCc2ccccc21,IC50,=,1380.38,nM,5.860001341725205,5.86,CHEMBL1676103,CHEMBL1671772,CHEMBL240,Voltage-gated inwardly rectifying potassium channel KCNH2,Homo sapiens,B,
CHEMBL72,CNCCCN1c2ccccc2CCc2ccccc21,IC50,=,1390.0,nM,5.856985199745905,5.86,CHEMBL1027667,CHEMBL1137783,CHEMBL240,Voltage-gated inwardly rectifying potassium channel KCNH2,Homo sapiens,B,
CHEMBL72,CNCCCN1c2ccccc2CCc2ccccc21,IC50,=,1390.0,nM,5.856985199745905,5.86,CHEMBL3430634,CHEMBL3430321,CHEMBL240,Voltage-gated inwardly rectifying potassium channel KCNH2,Homo sapiens,F,
CHEMBL72,CNCCCN1c2ccccc2CCc2ccccc21,IC50,=,1513.56,nM,5.820000358220838,5.82,CHEMBL766814,CHEMBL1136167,CHEMBL240,Voltage-gated inwardly rectifying potassium channel KCNH2,Homo sapiens,B,
CHEMBL72,CNCCCN1c2ccccc2CCc2ccccc21,IC50,=,13000.0,nM,4.886056647693163,4.89,CHEMBL5733769,CHEMBL5726960,CHEMBL240,Voltage-gated inwardly rectifying potassium channel KCNH2,Homo sapiens,B,776899
CHEMBL72,CNCCCN1c2ccccc2CCc2ccccc21,IC50,=,27849.7,nM,4.55517947873249,4.55,CHEMBL1909190,CHEMBL1909046,CHEMBL240,Voltage-gated inwardly rectifying potassium channel KCNH2,Homo sapiens,B,
CHEMBL723,COc1ccccc1OCCNCC(O)COc1cccc2[nH]c3ccccc3c12,IC50,=,350.0,nM,6.455931955649724,6.46,CHEMBL827807,CHEMBL1137856,CHEMBL240,Voltage-gated inwardly rectifying potassium channel KCNH2,Homo sapiens,B,
CHEMBL723,COc1ccccc1OCCNCC(O)COc1cccc2[nH]c3ccccc3c12,IC50,=,4119.3,nM,5.385176578133375,5.38,CHEMBL1909190,CHEMBL1909046,CHEMBL240,Voltage-gated inwardly rectifying potassium channel KCNH2,Homo sapiens,B,
CHEMBL723,COc1ccccc1OCCNCC(O)COc1cccc2[nH]c3ccccc3c12,IC50,=,10471.29,nM,4.97999981255505,4.98,CHEMBL766814,CHEMBL1136167,CHEMBL240,Voltage-gated inwardly rectifying potassium channel KCNH2,Homo sapiens,B,
CHEMBL723,COc1ccccc1OCCNCC(O)COc1cccc2[nH]c3ccccc3c12,IC50,=,10471.29,nM,4.97999981255505,4.98,CHEMBL829152,CHEMBL1139598,CHEMBL240,Voltage-gated inwardly rectifying potassium channel KCNH2,Homo sapiens,B,
CHEMBL723,COc1ccccc1OCCNCC(O)COc1cccc2[nH]c3ccccc3c12,IC50,=,10471.29,nM,4.97999981255505,4.98,CHEMBL954102,CHEMBL1150324,CHEMBL240,Voltage-gated inwardly rectifying potassium channel KCNH2,Homo sapiens,B,
CHEMBL723,COc1ccccc1OCCNCC(O)COc1cccc2[nH]c3ccccc3c12,IC50,=,12589.25,nM,4.900000142057633,4.9,CHEMBL1676103,CHEMBL1671772,CHEMBL240,Voltage-gated inwardly rectifying potassium channel KCNH2,Homo sapiens,B,
CHEMBL741,Nc1nnc(-c2cccc(Cl)c2Cl)c(N)n1,IC50,=,229086.77,nM,3.639999991045884,,CHEMBL1036648,CHEMBL1154445,CHEMBL240,Voltage-gated inwardly rectifying potassium channel KCNH2,Homo sapiens,B,
CHEMBL741,Nc1nnc(-c2cccc(Cl)c2Cl)c(N)n1,IC50,=,251188.64,nM,3.600000005447872,,CHEMBL3430734,CHEMBL3430320,CHEMBL240,Voltage-gated inwardly rectifying potassium channel KCNH2,Homo sapiens,F,
CHEMBL741,Nc1nnc(-c2cccc(Cl)c2Cl)c(N)n1,IC50,=,251188.64,nM,3.600000005447872,,CHEMBL3430335,CHEMBL3430320,CHEMBL240,Voltage-gated inwardly rectifying potassium channel KCNH2,Homo sapiens,F,
CHEMBL741,Nc1nnc(-c2cccc(Cl)c2Cl)c(N)n1,IC50,=,398107.17,nM,3.400000000603809,,CHEMBL3430704,CHEMBL3430320,CHEMBL240,Voltage-gated inwardly rectifying potassium channel KCNH2,Homo sapiens,F,
CHEMBL74656,COc1cc(N)c(Cl)cc1C(=O)N[C@H]1CCN(CCCOc2ccc(F)cc2)C[C@H]1OC,IC50,=,2.0,nM,8.698970004336019,8.7,CHEMBL5136077,CHEMBL5131537,CHEMBL240,Voltage-gated inwardly rectifying potassium channel KCNH2,Homo sapiens,T,
CHEMBL74656,COc1cc(N)c(Cl)cc1C(=O)N[C@H]1CCN(CCCOc2ccc(F)cc2)C[C@H]1OC,IC50,=,10.0,nM,8.0,8.0,CHEMBL6140094,CHEMBL6134892,CHEMBL240,Voltage-gated inwardly rectifying potassium channel KCNH2,Homo sapiens,T,
CHEMBL74656,COc1cc(N)c(Cl)cc1C(=O)N[C@H]1CCN(CCCOc2ccc(F)cc2)C[C@H]1OC,IC50,=,10.24,nM,7.989700043360188,7.99,CHEMBL6136797,CHEMBL6134819,CHEMBL240,Voltage-gated inwardly rectifying potassium channel KCNH2,Homo sapiens,T,
CHEMBL74656,COc1cc(N)c(Cl)cc1C(=O)N[C@H]1CCN(CCCOc2ccc(F)cc2)C[C@H]1OC,IC50,=,13.1,nM,7.882728704344236,7.88,CHEMBL5037163,CHEMBL5036324,CHEMBL240,Voltage-gated inwardly rectifying potassium channel KCNH2,Homo sapiens,B,
CHEMBL74656,COc1cc(N)c(Cl)cc1C(=O)N[C@H]1CCN(CCCOc2ccc(F)cc2)C[C@H]1OC,IC50,=,15.0,nM,7.823908740944319,7.82,CHEMBL5141991,CHEMBL5137080,CHEMBL240,Voltage-gated inwardly rectifying potassium channel KCNH2,Homo sapiens,T,
CHEMBL74656,COc1cc(N)c(Cl)cc1C(=O)N[C@H]1CCN(CCCOc2ccc(F)cc2)C[C@H]1OC,IC50,=,15.0,nM,7.823908740944319,7.82,CHEMBL5547947,CHEMBL5543144,CHEMBL240,Voltage-gated inwardly rectifying potassium channel KCNH2,Homo sapiens,T,
CHEMBL74656,COc1cc(N)c(Cl)cc1C(=O)N[C@H]1CCN(CCCOc2ccc(F)cc2)C[C@H]1OC,IC50,=,17.0,nM,7.769551078621726,7.77,CHEMBL5147244,CHEMBL5143655,CHEMBL240,Voltage-gated inwardly rectifying potassium channel KCNH2,Homo sapiens,T,
CHEMBL74656,COc1cc(N)c(Cl)cc1C(=O)N[C@H]1CCN(CCCOc2ccc(F)cc2)C[C@H]1OC,IC50,=,17.0,nM,7.769551078621726,7.77,CHEMBL5628631,CHEMBL5625239,CHEMBL240,Voltage-gated inwardly rectifying potassium channel KCNH2,Homo sapiens,T,
CHEMBL74656,COc1cc(N)c(Cl)cc1C(=O)N[C@H]1CCN(CCCOc2ccc(F)cc2)C[C@H]1OC,IC50,=,22.0,nM,7.657577319177793,7.66,CHEMBL5117664,CHEMBL5113480,CHEMBL240,Voltage-gated inwardly rectifying potassium channel KCNH2,Homo sapiens,T,
CHEMBL74656,COc1cc(N)c(Cl)cc1C(=O)N[C@H]1CCN(CCCOc2ccc(F)cc2)C[C@H]1OC,IC50,=,31.2,nM,7.505845405981557,7.51,CHEMBL5148711,CHEMBL5143720,CHEMBL240,Voltage-gated inwardly rectifying potassium channel KCNH2,Homo sapiens,T,
CHEMBL74656,COc1cc(N)c(Cl)cc1C(=O)N[C@H]1CCN(CCCOc2ccc(F)cc2)C[C@H]1OC,IC50,=,31.55,nM,7.501000636419847,7.5,CHEMBL5134245,CHEMBL5131469,CHEMBL240,Voltage-gated inwardly rectifying potassium channel KCNH2,Homo sapiens,B,
CHEMBL74656,COc1cc(N)c(Cl)cc1C(=O)N[C@H]1CCN(CCCOc2ccc(F)cc2)C[C@H]1OC,IC50,=,32.0,nM,7.494850021680094,7.5,CHEMBL5140411,CHEMBL5137044,CHEMBL240,Voltage-gated inwardly rectifying potassium channel KCNH2,Homo sapiens,T,
CHEMBL74656,COc1cc(N)c(Cl)cc1C(=O)N[C@H]1CCN(CCCOc2ccc(F)cc2)C[C@H]1OC,IC50,=,42.0,nM,7.376750709602099,7.38,CHEMBL5609492,CHEMBL5608191,CHEMBL240,Voltage-gated inwardly rectifying potassium channel KCNH2,Homo sapiens,T,
CHEMBL74656,COc1cc(N)c(Cl)cc1C(=O)N[C@H]1CCN(CCCOc2ccc(F)cc2)C[C@H]1OC,IC50,=,52.0,nM,7.2839966563652006,7.28,CHEMBL6079947,CHEMBL6078645,CHEMBL240,Voltage-gated inwardly rectifying potassium channel KCNH2,Homo sapiens,T,
CHEMBL74656,COc1cc(N)c(Cl)cc1C(=O)N[C@H]1CCN(CCCOc2ccc(F)cc2)C[C@H]1OC,IC50,=,53.0,nM,7.275724130399211,7.28,CHEMBL6138085,CHEMBL6134848,CHEMBL240,Voltage-gated inwardly rectifying potassium channel KCNH2,Homo sapiens,T,
CHEMBL74656,COc1cc(N)c(Cl)cc1C(=O)N[C@H]1CCN(CCCOc2ccc(F)cc2)C[C@H]1OC,IC50,=,56.0,nM,7.251811972993799,7.25,CHEMBL5047399,CHEMBL5046241,CHEMBL240,Voltage-gated inwardly rectifying potassium channel KCNH2,Homo sapiens,T,
CHEMBL74656,COc1cc(N)c(Cl)cc1C(=O)N[C@H]1CCN(CCCOc2ccc(F)cc2)C[C@H]1OC,IC50,=,70.0,nM,7.154901959985743,7.16,CHEMBL4397934,CHEMBL4396884,CHEMBL240,Voltage-gated inwardly rectifying potassium channel KCNH2,Homo sapiens,B,
CHEMBL74656,COc1cc(N)c(Cl)cc1C(=O)N[C@H]1CCN(CCCOc2ccc(F)cc2)C[C@H]1OC,IC50,=,170.0,nM,6.769551078621726,6.77,CHEMBL5168166,CHEMBL5154932,CHEMBL240,Voltage-gated inwardly rectifying potassium channel KCNH2,Homo sapiens,T,
CHEMBL74656,COc1cc(N)c(Cl)cc1C(=O)N[C@H]1CCN(CCCOc2ccc(F)cc2)C[C@H]1OC,IC50,=,190.0,nM,6.721246399047171,6.72,CHEMBL4316969,CHEMBL4316588,CHEMBL240,Voltage-gated inwardly rectifying potassium channel KCNH2,Homo sapiens,B,
CHEMBL74656,COc1cc(N)c(Cl)cc1C(=O)N[C@H]1CCN(CCCOc2ccc(F)cc2)C[C@H]1OC,IC50,=,270.0,nM,6.568636235841012,6.57,CHEMBL4678145,CHEMBL4673325,CHEMBL240,Voltage-gated inwardly rectifying potassium channel KCNH2,Homo sapiens,B,
CHEMBL74656,COc1cc(N)c(Cl)cc1C(=O)N[C@H]1CCN(CCCOc2ccc(F)cc2)C[C@H]1OC,IC50,=,350.0,nM,6.455931955649724,6.46,CHEMBL6094453,CHEMBL6092192,CHEMBL240,Voltage-gated inwardly rectifying potassium channel KCNH2,Homo sapiens,T,
CHEMBL74656,COc1cc(N)c(Cl)cc1C(=O)N[C@H]1CCN(CCCOc2ccc(F)cc2)C[C@H]1OC,IC50,=,9440.0,nM,5.025028005701931,5.03,CHEMBL5626861,CHEMBL5625196,CHEMBL240,Voltage-gated inwardly rectifying potassium channel KCNH2,Homo sapiens,T,
CHEMBL74656,COc1cc(N)c(Cl)cc1C(=O)N[C@H]1CCN(CCCOc2ccc(F)cc2)C[C@H]1OC,IC50,=,25000.0,nM,4.6020599913279625,4.6,CHEMBL5107306,CHEMBL5104197,CHEMBL240,Voltage-gated inwardly rectifying potassium channel KCNH2,Homo sapiens,T,
CHEMBL75880,C1CCC(C(CC2CCCCN2)C2CCCCC2)CC1,IC50,=,7762.47,nM,5.110000065251387,5.11,CHEMBL766814,CHEMBL1136167,CHEMBL240,Voltage-gated inwardly rectifying potassium channel KCNH2,Homo sapiens,B,
CHEMBL75880,C1CCC(C(CC2CCCCN2)C2CCCCC2)CC1,IC50,=,7762.47,nM,5.110000065251387,5.11,CHEMBL832278,CHEMBL1142050,CHEMBL240,Voltage-gated inwardly rectifying potassium channel KCNH2,Homo sapiens,F,
CHEMBL75880,C1CCC(C(CC2CCCCN2)C2CCCCC2)CC1,IC50,=,7762.47,nM,5.110000065251387,5.11,CHEMBL954102,CHEMBL1150324,CHEMBL240,Voltage-gated inwardly rectifying potassium channel KCNH2,Homo sapiens,B,
CHEMBL75880,C1CCC(C(CC2CCCCN2)C2CCCCC2)CC1,IC50,=,7762.47,nM,5.110000065251387,5.11,CHEMBL1023674,CHEMBL1158373,CHEMBL240,Voltage-gated inwardly rectifying potassium channel KCNH2,Homo sapiens,B,
CHEMBL75880,C1CCC(C(CC2CCCCN2)C2CCCCC2)CC1,IC50,=,7762.47,nM,5.110000065251387,5.11,CHEMBL1676103,CHEMBL1671772,CHEMBL240,Voltage-gated inwardly rectifying potassium channel KCNH2,Homo sapiens,B,
CHEMBL75880,C1CCC(C(CC2CCCCN2)C2CCCCC2)CC1,IC50,=,7800.0,nM,5.107905397309519,5.11,CHEMBL822598,CHEMBL1135758,CHEMBL240,Voltage-gated inwardly rectifying potassium channel KCNH2,Homo sapiens,F,
CHEMBL76,CCN(CC)CCCC(C)Nc1ccnc2cc(Cl)ccc12,IC50,=,2500.0,nM,5.6020599913279625,5.6,CHEMBL827807,CHEMBL1137856,CHEMBL240,Voltage-gated inwardly rectifying potassium channel KCNH2,Homo sapiens,B,
CHEMBL76,CCN(CC)CCCC(C)Nc1ccnc2cc(Cl)ccc12,IC50,=,2500.0,nM,5.6020599913279625,5.6,CHEMBL949428,CHEMBL1140918,CHEMBL240,Voltage-gated inwardly rectifying potassium channel KCNH2,Homo sapiens,B,
CHEMBL76,CCN(CC)CCCC(C)Nc1ccnc2cc(Cl)ccc12,IC50,=,2500.0,nM,5.6020599913279625,5.6,CHEMBL3407223,CHEMBL3400138,CHEMBL240,Voltage-gated inwardly rectifying potassium channel KCNH2,Homo sapiens,B,
CHEMBL76,CCN(CC)CCCC(C)Nc1ccnc2cc(Cl)ccc12,IC50,=,2511.89,nM,5.59999938302362,5.6,CHEMBL1676103,CHEMBL1671772,CHEMBL240,Voltage-gated inwardly rectifying potassium channel KCNH2,Homo sapiens,B,
CHEMBL779,CN1CC(=O)N2[C@H](c3ccc4c(c3)OCO4)c3[nH]c4ccccc4c3C[C@@H]2C1=O,IC50,=,79432.82,nM,4.100000018985305,4.1,CHEMBL3430719,CHEMBL3430320,CHEMBL240,Voltage-gated inwardly rectifying potassium channel KCNH2,Homo sapiens,F,
CHEMBL779,CN1CC(=O)N2[C@H](c3ccc4c(c3)OCO4)c3[nH]c4ccccc4c3C[C@@H]2C1=O,IC50,=,100000.0,nM,4.0,4.0,CHEMBL1036648,CHEMBL1154445,CHEMBL240,Voltage-gated inwardly rectifying potassium channel KCNH2,Homo sapiens,B,
CHEMBL779,CN1CC(=O)N2[C@H](c3ccc4c(c3)OCO4)c3[nH]c4ccccc4c3C[C@@H]2C1=O,IC50,=,100000.0,nM,4.0,4.0,CHEMBL1676103,CHEMBL1671772,CHEMBL240,Voltage-gated inwardly rectifying potassium channel KCNH2,Homo sapiens,B,
CHEMBL779,CN1CC(=O)N2[C@H](c3ccc4c(c3)OCO4)c3[nH]c4ccccc4c3C[C@@H]2C1=O,IC50,=,100000.0,nM,4.0,4.0,CHEMBL3430350,CHEMBL3430320,CHEMBL240,Voltage-gated inwardly rectifying potassium channel KCNH2,Homo sapiens,F,
CHEMBL779,CN1CC(=O)N2[C@H](c3ccc4c(c3)OCO4)c3[nH]c4ccccc4c3C[C@@H]2C1=O,IC50,=,125892.54,nM,3.900000004068662,,CHEMBL3430746,CHEMBL3430320,CHEMBL240,Voltage-gated inwardly rectifying potassium channel KCNH2,Homo sapiens,F,
CHEMBL79,CCN(CC)CC(=O)Nc1c(C)cccc1C,IC50,=,263026.8,nM,3.5799999986618127,,CHEMBL1036648,CHEMBL1154445,CHEMBL240,Voltage-gated inwardly rectifying potassium channel KCNH2,Homo sapiens,B,
CHEMBL79,CCN(CC)CC(=O)Nc1c(C)cccc1C,IC50,=,263026.8,nM,3.5799999986618127,,CHEMBL1676103,CHEMBL1671772,CHEMBL240,Voltage-gated inwardly rectifying potassium channel KCNH2,Homo sapiens,B,
CHEMBL8,O=C(O)c1cn(C2CC2)c2cc(N3CCNCC3)c(F)cc2c1=O,IC50,=,954992.59,nM,3.0199999981906993,,CHEMBL766814,CHEMBL1136167,CHEMBL240,Voltage-gated inwardly rectifying potassium channel KCNH2,Homo sapiens,B,
CHEMBL8,O=C(O)c1cn(C2CC2)c2cc(N3CCNCC3)c(F)cc2c1=O,IC50,=,954992.59,nM,3.0199999981906993,,CHEMBL829152,CHEMBL1139598,CHEMBL240,Voltage-gated inwardly rectifying potassium channel KCNH2,Homo sapiens,B,
CHEMBL8,O=C(O)c1cn(C2CC2)c2cc(N3CCNCC3)c(F)cc2c1=O,IC50,=,954992.59,nM,3.0199999981906993,,CHEMBL954102,CHEMBL1150324,CHEMBL240,Voltage-gated inwardly rectifying potassium channel KCNH2,Homo sapiens,B,
CHEMBL8,O=C(O)c1cn(C2CC2)c2cc(N3CCNCC3)c(F)cc2c1=O,IC50,=,954992.59,nM,3.0199999981906993,,CHEMBL1676103,CHEMBL1671772,CHEMBL240,Voltage-gated inwardly rectifying potassium channel KCNH2,Homo sapiens,B,
CHEMBL8,O=C(O)c1cn(C2CC2)c2cc(N3CCNCC3)c(F)cc2c1=O,IC50,=,966000.0,nM,3.015022873584507,,CHEMBL2400450,CHEMBL2396647,CHEMBL240,Voltage-gated inwardly rectifying potassium channel KCNH2,Homo sapiens,B,
CHEMBL83,CC/C(=C(\c1ccccc1)c1ccc(OCCN(C)C)cc1)c1ccccc1,IC50,=,967.0,nM,6.014573525916998,6.01,CHEMBL1909190,CHEMBL1909046,CHEMBL240,Voltage-gated inwardly rectifying potassium channel KCNH2,Homo sapiens,B,
CHEMBL83,CC/C(=C(\c1ccccc1)c1ccc(OCCN(C)C)cc1)c1ccccc1,IC50,=,1584.89,nM,5.800000874803203,5.8,CHEMBL1676103,CHEMBL1671772,CHEMBL240,Voltage-gated inwardly rectifying potassium channel KCNH2,Homo sapiens,B,
CHEMBL845,Clc1ccc2c(c1)N=C(N1CCNCC1)c1ccccc1N2,IC50,=,4466.84,nM,5.349999603463148,5.35,CHEMBL766814,CHEMBL1136167,CHEMBL240,Voltage-gated inwardly rectifying potassium channel KCNH2,Homo sapiens,B,
CHEMBL845,Clc1ccc2c(c1)N=C(N1CCNCC1)c1ccccc1N2,IC50,=,4466.84,nM,5.349999603463148,5.35,CHEMBL954102,CHEMBL1150324,CHEMBL240,Voltage-gated inwardly rectifying potassium channel KCNH2,Homo sapiens,B,
CHEMBL845,Clc1ccc2c(c1)N=C(N1CCNCC1)c1ccccc1N2,IC50,=,4490.0,nM,5.347753658996677,5.35,CHEMBL1027667,CHEMBL1137783,CHEMBL240,Voltage-gated inwardly rectifying potassium channel KCNH2,Homo sapiens,B,
CHEMBL845,Clc1ccc2c(c1)N=C(N1CCNCC1)c1ccccc1N2,IC50,=,31622.78,nM,4.499999953328896,4.5,CHEMBL1676103,CHEMBL1671772,CHEMBL240,Voltage-gated inwardly rectifying potassium channel KCNH2,Homo sapiens,B,
CHEMBL85,Cc1nc2n(c(=O)c1CCN1CCC(c3noc4cc(F)ccc34)CC1)CCCC2,IC50,=,147.91,nM,6.83000246293343,6.83,CHEMBL1676103,CHEMBL1671772,CHEMBL240,Voltage-gated inwardly rectifying potassium channel KCNH2,Homo sapiens,B,
CHEMBL85,Cc1nc2n(c(=O)c1CCN1CCC(c3noc4cc(F)ccc34)CC1)CCCC2,IC50,=,148.0,nM,6.8297382846050425,6.83,CHEMBL1027667,CHEMBL1137783,CHEMBL240,Voltage-gated inwardly rectifying potassium channel KCNH2,Homo sapiens,B,
CHEMBL85,Cc1nc2n(c(=O)c1CCN1CCC(c3noc4cc(F)ccc34)CC1)CCCC2,IC50,=,150.0,nM,6.823908740944319,6.82,CHEMBL3430652,CHEMBL3430321,CHEMBL240,Voltage-gated inwardly rectifying potassium channel KCNH2,Homo sapiens,F,
CHEMBL85,Cc1nc2n(c(=O)c1CCN1CCC(c3noc4cc(F)ccc34)CC1)CCCC2,IC50,=,151.36,nM,6.819988880942283,6.82,CHEMBL766814,CHEMBL1136167,CHEMBL240,Voltage-gated inwardly rectifying potassium channel KCNH2,Homo sapiens,B,
CHEMBL85,Cc1nc2n(c(=O)c1CCN1CCC(c3noc4cc(F)ccc34)CC1)CCCC2,IC50,=,151.36,nM,6.819988880942283,6.82,CHEMBL954102,CHEMBL1150324,CHEMBL240,Voltage-gated inwardly rectifying potassium channel KCNH2,Homo sapiens,B,
CHEMBL85,Cc1nc2n(c(=O)c1CCN1CCC(c3noc4cc(F)ccc34)CC1)CCCC2,IC50,=,162.18,nM,6.790002703917631,6.79,CHEMBL832277,CHEMBL1142050,CHEMBL240,Voltage-gated inwardly rectifying potassium channel KCNH2,Homo sapiens,F,
CHEMBL85,Cc1nc2n(c(=O)c1CCN1CCC(c3noc4cc(F)ccc34)CC1)CCCC2,IC50,=,162.18,nM,6.790002703917631,6.79,CHEMBL1023674,CHEMBL1158373,CHEMBL240,Voltage-gated inwardly rectifying potassium channel KCNH2,Homo sapiens,B,
CHEMBL85,Cc1nc2n(c(=O)c1CCN1CCC(c3noc4cc(F)ccc34)CC1)CCCC2,IC50,=,163.0,nM,6.787812395596042,6.79,CHEMBL822598,CHEMBL1135758,CHEMBL240,Voltage-gated inwardly rectifying potassium channel KCNH2,Homo sapiens,F,
CHEMBL85,Cc1nc2n(c(=O)c1CCN1CCC(c3noc4cc(F)ccc34)CC1)CCCC2,IC50,=,167.0,nM,6.777283528852417,6.78,CHEMBL4709848,CHEMBL4706549,CHEMBL240,Voltage-gated inwardly rectifying potassium channel KCNH2,Homo sapiens,B,
CHEMBL85,Cc1nc2n(c(=O)c1CCN1CCC(c3noc4cc(F)ccc34)CC1)CCCC2,IC50,=,167.0,nM,6.777283528852417,6.78,CHEMBL4821061,CHEMBL4819047,CHEMBL240,Voltage-gated inwardly rectifying potassium channel KCNH2,Homo sapiens,B,
CHEMBL85,Cc1nc2n(c(=O)c1CCN1CCC(c3noc4cc(F)ccc34)CC1)CCCC2,IC50,=,167.1,nM,6.777023550106609,6.78,CHEMBL4276588,CHEMBL4270672,CHEMBL240,Voltage-gated inwardly rectifying potassium channel KCNH2,Homo sapiens,B,
CHEMBL85,Cc1nc2n(c(=O)c1CCN1CCC(c3noc4cc(F)ccc34)CC1)CCCC2,IC50,=,260.0,nM,6.585026652029182,6.58,CHEMBL827807,CHEMBL1137856,CHEMBL240,Voltage-gated inwardly rectifying potassium channel KCNH2,Homo sapiens,B,
CHEMBL85,Cc1nc2n(c(=O)c1CCN1CCC(c3noc4cc(F)ccc34)CC1)CCCC2,IC50,=,581.0,nM,6.235823867609669,6.24,CHEMBL2390223,CHEMBL2385071,CHEMBL240,Voltage-gated inwardly rectifying potassium channel KCNH2,Homo sapiens,B,
CHEMBL85,Cc1nc2n(c(=O)c1CCN1CCC(c3noc4cc(F)ccc34)CC1)CCCC2,IC50,=,778.0,nM,6.109020403010311,6.11,CHEMBL3744556,CHEMBL3739370,CHEMBL240,Voltage-gated inwardly rectifying potassium channel KCNH2,Homo sapiens,B,
CHEMBL85,Cc1nc2n(c(=O)c1CCN1CCC(c3noc4cc(F)ccc34)CC1)CCCC2,IC50,=,1070.0,nM,5.97061622231479,5.97,CHEMBL3806884,CHEMBL3804825,CHEMBL240,Voltage-gated inwardly rectifying potassium channel KCNH2,Homo sapiens,B,
CHEMBL85,Cc1nc2n(c(=O)c1CCN1CCC(c3noc4cc(F)ccc34)CC1)CCCC2,IC50,=,1330.0,nM,5.876148359032914,5.88,CHEMBL4045110,CHEMBL4043141,CHEMBL240,Voltage-gated inwardly rectifying potassium channel KCNH2,Homo sapiens,B,
CHEMBL85,Cc1nc2n(c(=O)c1CCN1CCC(c3noc4cc(F)ccc34)CC1)CCCC2,IC50,=,1330.0,nM,5.876148359032914,5.88,CHEMBL4254808,CHEMBL4251643,CHEMBL240,Voltage-gated inwardly rectifying potassium channel KCNH2,Homo sapiens,B,
CHEMBL85,Cc1nc2n(c(=O)c1CCN1CCC(c3noc4cc(F)ccc34)CC1)CCCC2,IC50,=,1330.0,nM,5.876148359032914,5.88,CHEMBL4619942,CHEMBL4619707,CHEMBL240,Voltage-gated inwardly rectifying potassium channel KCNH2,Homo sapiens,B,
CHEMBL85,Cc1nc2n(c(=O)c1CCN1CCC(c3noc4cc(F)ccc34)CC1)CCCC2,IC50,=,4190.1,nM,5.377775612133956,5.38,CHEMBL1909190,CHEMBL1909046,CHEMBL240,Voltage-gated inwardly rectifying potassium channel KCNH2,Homo sapiens,B,
CHEMBL850,C[C@@H]1CN(c2c(F)c(N)c3c(=O)c(C(=O)O)cn(C4CC4)c3c2F)C[C@H](C)N1,IC50,=,18000.0,nM,4.7447274948966935,4.75,CHEMBL2400450,CHEMBL2396647,CHEMBL240,Voltage-gated inwardly rectifying potassium channel KCNH2,Homo sapiens,B,
CHEMBL850,C[C@@H]1CN(c2c(F)c(N)c3c(=O)c(C(=O)O)cn(C4CC4)c3c2F)C[C@H](C)N1,IC50,=,18197.01,nM,4.739999966255497,4.74,CHEMBL766814,CHEMBL1136167,CHEMBL240,Voltage-gated inwardly rectifying potassium channel KCNH2,Homo sapiens,B,
CHEMBL850,C[C@@H]1CN(c2c(F)c(N)c3c(=O)c(C(=O)O)cn(C4CC4)c3c2F)C[C@H](C)N1,IC50,=,18197.01,nM,4.739999966255497,4.74,CHEMBL829152,CHEMBL1139598,CHEMBL240,Voltage-gated inwardly rectifying potassium channel KCNH2,Homo sapiens,B,
CHEMBL850,C[C@@H]1CN(c2c(F)c(N)c3c(=O)c(C(=O)O)cn(C4CC4)c3c2F)C[C@H](C)N1,IC50,=,18197.01,nM,4.739999966255497,4.74,CHEMBL954102,CHEMBL1150324,CHEMBL240,Voltage-gated inwardly rectifying potassium channel KCNH2,Homo sapiens,B,
CHEMBL850,C[C@@H]1CN(c2c(F)c(N)c3c(=O)c(C(=O)O)cn(C4CC4)c3c2F)C[C@H](C)N1,IC50,=,21700.0,nM,4.663540266151471,4.66,CHEMBL2400456,CHEMBL2396647,CHEMBL240,Voltage-gated inwardly rectifying potassium channel KCNH2,Homo sapiens,B,
CHEMBL850,C[C@@H]1CN(c2c(F)c(N)c3c(=O)c(C(=O)O)cn(C4CC4)c3c2F)C[C@H](C)N1,IC50,=,26302.68,nM,4.579999998661813,4.58,CHEMBL832277,CHEMBL1142050,CHEMBL240,Voltage-gated inwardly rectifying potassium channel KCNH2,Homo sapiens,F,
CHEMBL850,C[C@@H]1CN(c2c(F)c(N)c3c(=O)c(C(=O)O)cn(C4CC4)c3c2F)C[C@H](C)N1,IC50,=,26302.68,nM,4.579999998661813,4.58,CHEMBL1023674,CHEMBL1158373,CHEMBL240,Voltage-gated inwardly rectifying potassium channel KCNH2,Homo sapiens,B,
CHEMBL850,C[C@@H]1CN(c2c(F)c(N)c3c(=O)c(C(=O)O)cn(C4CC4)c3c2F)C[C@H](C)N1,IC50,=,33600.0,nM,4.473660722610156,4.47,CHEMBL2400452,CHEMBL2396647,CHEMBL240,Voltage-gated inwardly rectifying potassium channel KCNH2,Homo sapiens,B,
CHEMBL850,C[C@@H]1CN(c2c(F)c(N)c3c(=O)c(C(=O)O)cn(C4CC4)c3c2F)C[C@H](C)N1,IC50,=,34400.0,nM,4.46344155742847,4.46,CHEMBL875385,CHEMBL1135758,CHEMBL240,Voltage-gated inwardly rectifying potassium channel KCNH2,Homo sapiens,F,
CHEMBL850,C[C@@H]1CN(c2c(F)c(N)c3c(=O)c(C(=O)O)cn(C4CC4)c3c2F)C[C@H](C)N1,IC50,=,46900.0,nM,4.328827157284917,4.33,CHEMBL2400453,CHEMBL2396647,CHEMBL240,Voltage-gated inwardly rectifying potassium channel KCNH2,Homo sapiens,B,
CHEMBL850,C[C@@H]1CN(c2c(F)c(N)c3c(=O)c(C(=O)O)cn(C4CC4)c3c2F)C[C@H](C)N1,IC50,=,47138.4,nM,4.326625162646735,4.33,CHEMBL1909190,CHEMBL1909046,CHEMBL240,Voltage-gated inwardly rectifying potassium channel KCNH2,Homo sapiens,B,
CHEMBL850,C[C@@H]1CN(c2c(F)c(N)c3c(=O)c(C(=O)O)cn(C4CC4)c3c2F)C[C@H](C)N1,IC50,=,127600.0,nM,3.8941493256148565,,CHEMBL2400455,CHEMBL2396647,CHEMBL240,Voltage-gated inwardly rectifying potassium channel KCNH2,Homo sapiens,B,
CHEMBL85606,N#Cc1ccc2c(c1)CCN(CC[C@H]1CC[C@H](NC(=O)c3ccnc4ccccc34)CC1)C2,IC50,=,630.96,nM,6.199998172182031,6.2,CHEMBL3776609,CHEMBL3774368,CHEMBL240,Voltage-gated inwardly rectifying potassium channel KCNH2,Homo sapiens,B,
CHEMBL85606,N#Cc1ccc2c(c1)CCN(CC[C@H]1CC[C@H](NC(=O)c3ccnc4ccccc34)CC1)C2,IC50,=,676.08,nM,6.17000191130262,6.17,CHEMBL3855279,CHEMBL3853329,CHEMBL240,Voltage-gated inwardly rectifying potassium channel KCNH2,Homo sapiens,B,
CHEMBL85606,N#Cc1ccc2c(c1)CCN(CC[C@H]1CC[C@H](NC(=O)c3ccnc4ccccc34)CC1)C2,IC50,=,1995.26,nM,5.700000503883016,5.7,CHEMBL895464,CHEMBL1148818,CHEMBL240,Voltage-gated inwardly rectifying potassium channel KCNH2,Homo sapiens,B,
CHEMBL85606,N#Cc1ccc2c(c1)CCN(CC[C@H]1CC[C@H](NC(=O)c3ccnc4ccccc34)CC1)C2,IC50,=,1995.26,nM,5.700000503883016,5.7,CHEMBL931097,CHEMBL1143157,CHEMBL240,Voltage-gated inwardly rectifying potassium channel KCNH2,Homo sapiens,B,
CHEMBL85606,N#Cc1ccc2c(c1)CCN(CC[C@H]1CC[C@H](NC(=O)c3ccnc4ccccc34)CC1)C2,IC50,=,1995.26,nM,5.700000503883016,5.7,CHEMBL948183,CHEMBL1142271,CHEMBL240,Voltage-gated inwardly rectifying potassium channel KCNH2,Homo sapiens,B,
CHEMBL85606,N#Cc1ccc2c(c1)CCN(CC[C@H]1CC[C@H](NC(=O)c3ccnc4ccccc34)CC1)C2,IC50,=,1995.26,nM,5.700000503883016,5.7,CHEMBL1059865,CHEMBL1153053,CHEMBL240,Voltage-gated inwardly rectifying potassium channel KCNH2,Homo sapiens,B,
CHEMBL85606,N#Cc1ccc2c(c1)CCN(CC[C@H]1CC[C@H](NC(=O)c3ccnc4ccccc34)CC1)C2,IC50,=,1995.26,nM,5.700000503883016,5.7,CHEMBL1044431,CHEMBL1155321,CHEMBL240,Voltage-gated inwardly rectifying potassium channel KCNH2,Homo sapiens,B,
CHEMBL85606,N#Cc1ccc2c(c1)CCN(CC[C@H]1CC[C@H](NC(=O)c3ccnc4ccccc34)CC1)C2,IC50,=,1995.26,nM,5.700000503883016,5.7,CHEMBL1107671,CHEMBL1153718,CHEMBL240,Voltage-gated inwardly rectifying potassium channel KCNH2,Homo sapiens,B,
CHEMBL87045,c1ccc(C2(c3ccccc3)CC2C2=NCCN2)cc1,IC50,=,8800.0,nM,5.055517327849831,5.06,CHEMBL827807,CHEMBL1137856,CHEMBL240,Voltage-gated inwardly rectifying potassium channel KCNH2,Homo sapiens,B,
CHEMBL87045,c1ccc(C2(c3ccccc3)CC2C2=NCCN2)cc1,IC50,=,22600.0,nM,4.645891560852599,4.65,CHEMBL3430632,CHEMBL3430321,CHEMBL240,Voltage-gated inwardly rectifying potassium channel KCNH2,Homo sapiens,F,
CHEMBL914,CC(C)(C(=O)O)c1ccc(C(O)CCCN2CCC(C(O)(c3ccccc3)c3ccccc3)CC2)cc1,IC50,=,21379.62,nM,4.6700000181810175,4.67,CHEMBL832277,CHEMBL1142050,CHEMBL240,Voltage-gated inwardly rectifying potassium channel KCNH2,Homo sapiens,F,
CHEMBL914,CC(C)(C(=O)O)c1ccc(C(O)CCCN2CCC(C(O)(c3ccccc3)c3ccccc3)CC2)cc1,IC50,=,21379.62,nM,4.6700000181810175,4.67,CHEMBL1023674,CHEMBL1158373,CHEMBL240,Voltage-gated inwardly rectifying potassium channel KCNH2,Homo sapiens,B,
CHEMBL914,CC(C)(C(=O)O)c1ccc(C(O)CCCN2CCC(C(O)(c3ccccc3)c3ccccc3)CC2)cc1,IC50,=,21570.0,nM,4.666149854897455,4.67,CHEMBL691014,CHEMBL1135758,CHEMBL240,Voltage-gated inwardly rectifying potassium channel KCNH2,Homo sapiens,F,
CHEMBL914,CC(C)(C(=O)O)c1ccc(C(O)CCCN2CCC(C(O)(c3ccccc3)c3ccccc3)CC2)cc1,IC50,=,22908.68,nM,4.639999934172963,4.64,CHEMBL1676103,CHEMBL1671772,CHEMBL240,Voltage-gated inwardly rectifying potassium channel KCNH2,Homo sapiens,B,
CHEMBL914,CC(C)(C(=O)O)c1ccc(C(O)CCCN2CCC(C(O)(c3ccccc3)c3ccccc3)CC2)cc1,IC50,=,23000.0,nM,4.638272163982407,4.64,CHEMBL766816,CHEMBL1136402,CHEMBL240,Voltage-gated inwardly rectifying potassium channel KCNH2,Homo sapiens,B,
CHEMBL914,CC(C)(C(=O)O)c1ccc(C(O)CCCN2CCC(C(O)(c3ccccc3)c3ccccc3)CC2)cc1,IC50,=,23000.0,nM,4.638272163982407,4.64,CHEMBL907269,CHEMBL1139687,CHEMBL240,Voltage-gated inwardly rectifying potassium channel KCNH2,Homo sapiens,B,
CHEMBL914,CC(C)(C(=O)O)c1ccc(C(O)CCCN2CCC(C(O)(c3ccccc3)c3ccccc3)CC2)cc1,IC50,=,23000.0,nM,4.638272163982407,4.64,CHEMBL2032591,CHEMBL2029200,CHEMBL240,Voltage-gated inwardly rectifying potassium channel KCNH2,Homo sapiens,B,
CHEMBL914,CC(C)(C(=O)O)c1ccc(C(O)CCCN2CCC(C(O)(c3ccccc3)c3ccccc3)CC2)cc1,IC50,=,65000.0,nM,4.187086643357144,4.19,CHEMBL1011678,CHEMBL1152811,CHEMBL240,Voltage-gated inwardly rectifying potassium channel KCNH2,Homo sapiens,B,
CHEMBL92870,Cc1cccc(C)c1NC(=O)CN1CCN(CCCC(c2ccc(F)cc2)c2ccc(F)cc2)CC1,IC50,=,15.85,nM,7.79997073344623,7.8,CHEMBL829152,CHEMBL1139598,CHEMBL240,Voltage-gated inwardly rectifying potassium channel KCNH2,Homo sapiens,B,
CHEMBL92870,Cc1cccc(C)c1NC(=O)CN1CCN(CCCC(c2ccc(F)cc2)c2ccc(F)cc2)CC1,IC50,=,15.85,nM,7.79997073344623,7.8,CHEMBL1676103,CHEMBL1671772,CHEMBL240,Voltage-gated inwardly rectifying potassium channel KCNH2,Homo sapiens,B,
CHEMBL9387,Cc1cccc(NC(=O)N[C@@H]2N=C(c3ccccc3)c3ccccc3N(C)C2=O)c1,IC50,=,5000.0,nM,5.301029995663981,5.3,CHEMBL686879,CHEMBL1130298,CHEMBL240,Voltage-gated inwardly rectifying potassium channel KCNH2,Homo sapiens,F,
CHEMBL9387,Cc1cccc(NC(=O)N[C@@H]2N=C(c3ccccc3)c3ccccc3N(C)C2=O)c1,IC50,=,5000.0,nM,5.301029995663981,5.3,CHEMBL827807,CHEMBL1137856,CHEMBL240,Voltage-gated inwardly rectifying potassium channel KCNH2,Homo sapiens,B,
CHEMBL94454,CN(c1nccc(=O)[nH]1)C1CCN(c2nc3ccccc3n2Cc2ccc(F)cc2)CC1,IC50,=,350.0,nM,6.455931955649724,6.46,CHEMBL691014,CHEMBL1135758,CHEMBL240,Voltage-gated inwardly rectifying potassium channel KCNH2,Homo sapiens,F,
CHEMBL94454,CN(c1nccc(=O)[nH]1)C1CCN(c2nc3ccccc3n2Cc2ccc(F)cc2)CC1,IC50,=,354.81,nM,6.450004148469349,6.45,CHEMBL832278,CHEMBL1142050,CHEMBL240,Voltage-gated inwardly rectifying potassium channel KCNH2,Homo sapiens,F,
CHEMBL94454,CN(c1nccc(=O)[nH]1)C1CCN(c2nc3ccccc3n2Cc2ccc(F)cc2)CC1,IC50,=,354.81,nM,6.450004148469349,6.45,CHEMBL1023674,CHEMBL1158373,CHEMBL240,Voltage-gated inwardly rectifying potassium channel KCNH2,Homo sapiens,B,
CHEMBL94454,CN(c1nccc(=O)[nH]1)C1CCN(c2nc3ccccc3n2Cc2ccc(F)cc2)CC1,IC50,=,436.52,nM,6.35999585346894,6.36,CHEMBL766814,CHEMBL1136167,CHEMBL240,Voltage-gated inwardly rectifying potassium channel KCNH2,Homo sapiens,B,
CHEMBL94454,CN(c1nccc(=O)[nH]1)C1CCN(c2nc3ccccc3n2Cc2ccc(F)cc2)CC1,IC50,=,436.52,nM,6.35999585346894,6.36,CHEMBL829152,CHEMBL1139598,CHEMBL240,Voltage-gated inwardly rectifying potassium channel KCNH2,Homo sapiens,B,
CHEMBL94454,CN(c1nccc(=O)[nH]1)C1CCN(c2nc3ccccc3n2Cc2ccc(F)cc2)CC1,IC50,=,436.52,nM,6.35999585346894,6.36,CHEMBL954102,CHEMBL1150324,CHEMBL240,Voltage-gated inwardly rectifying potassium channel KCNH2,Homo sapiens,B,
CHEMBL94454,CN(c1nccc(=O)[nH]1)C1CCN(c2nc3ccccc3n2Cc2ccc(F)cc2)CC1,IC50,=,436.52,nM,6.35999585346894,6.36,CHEMBL1676103,CHEMBL1671772,CHEMBL240,Voltage-gated inwardly rectifying potassium channel KCNH2,Homo sapiens,B,
CHEMBL94454,CN(c1nccc(=O)[nH]1)C1CCN(c2nc3ccccc3n2Cc2ccc(F)cc2)CC1,IC50,=,441.0,nM,6.355561410532161,6.36,CHEMBL1060930,CHEMBL1154013,CHEMBL240,Voltage-gated inwardly rectifying potassium channel KCNH2,Homo sapiens,B,
CHEMBL94664,COc1ccc(C2CCN(CCC3CCOc4ccccc43)CC2)cc1OC,IC50,=,199.53,nM,6.699991797446187,6.7,CHEMBL766814,CHEMBL1136167,CHEMBL240,Voltage-gated inwardly rectifying potassium channel KCNH2,Homo sapiens,B,
CHEMBL94664,COc1ccc(C2CCN(CCC3CCOc4ccccc43)CC2)cc1OC,IC50,=,199.53,nM,6.699991797446187,6.7,CHEMBL954102,CHEMBL1150324,CHEMBL240,Voltage-gated inwardly rectifying potassium channel KCNH2,Homo sapiens,B,
CHEMBL94664,COc1ccc(C2CCN(CCC3CCOc4ccccc43)CC2)cc1OC,IC50,=,199.53,nM,6.699991797446187,6.7,CHEMBL1676103,CHEMBL1671772,CHEMBL240,Voltage-gated inwardly rectifying potassium channel KCNH2,Homo sapiens,B,
CHEMBL9484,CCCCCCC[N+](CC)(CC)CCCCc1ccc(Cl)cc1,IC50,=,12.59,nM,7.899974269892137,7.9,CHEMBL1676103,CHEMBL1671772,CHEMBL240,Voltage-gated inwardly rectifying potassium channel KCNH2,Homo sapiens,B,
CHEMBL9484,CCCCCCC[N+](CC)(CC)CCCCc1ccc(Cl)cc1,IC50,=,150.0,nM,6.823908740944319,6.82,CHEMBL827807,CHEMBL1137856,CHEMBL240,Voltage-gated inwardly rectifying potassium channel KCNH2,Homo sapiens,B,
CHEMBL96153,COc1ccc(C2CCN(CC[C@H]3CCOc4ccccc43)CC2)cc1OC,IC50,=,30.0,nM,7.522878745280337,7.52,CHEMBL827807,CHEMBL1137856,CHEMBL240,Voltage-gated inwardly rectifying potassium channel KCNH2,Homo sapiens,B,
CHEMBL96153,COc1ccc(C2CCN(CC[C@H]3CCOc4ccccc43)CC2)cc1OC,IC50,=,251.19,nM,6.599997654072045,6.6,CHEMBL766814,CHEMBL1136167,CHEMBL240,Voltage-gated inwardly rectifying potassium channel KCNH2,Homo sapiens,B,
CHEMBL96153,COc1ccc(C2CCN(CC[C@H]3CCOc4ccccc43)CC2)cc1OC,IC50,=,251.19,nM,6.599997654072045,6.6,CHEMBL829152,CHEMBL1139598,CHEMBL240,Voltage-gated inwardly rectifying potassium channel KCNH2,Homo sapiens,B,
CHEMBL96153,COc1ccc(C2CCN(CC[C@H]3CCOc4ccccc43)CC2)cc1OC,IC50,=,251.19,nM,6.599997654072045,6.6,CHEMBL954102,CHEMBL1150324,CHEMBL240,Voltage-gated inwardly rectifying potassium channel KCNH2,Homo sapiens,B,
CHEMBL998,CCOC(=O)N1CCC(=C2c3ccc(Cl)cc3CCc3cccnc32)CC1,IC50,=,169.82,nM,6.770011163455189,6.77,CHEMBL766814,CHEMBL1136167,CHEMBL240,Voltage-gated inwardly rectifying potassium channel KCNH2,Homo sapiens,B,
CHEMBL998,CCOC(=O)N1CCC(=C2c3ccc(Cl)cc3CCc3cccnc32)CC1,IC50,=,169.82,nM,6.770011163455189,6.77,CHEMBL829152,CHEMBL1139598,CHEMBL240,Voltage-gated inwardly rectifying potassium channel KCNH2,Homo sapiens,B,
CHEMBL998,CCOC(=O)N1CCC(=C2c3ccc(Cl)cc3CCc3cccnc32)CC1,IC50,=,169.82,nM,6.770011163455189,6.77,CHEMBL954102,CHEMBL1150324,CHEMBL240,Voltage-gated inwardly rectifying potassium channel KCNH2,Homo sapiens,B,
CHEMBL998,CCOC(=O)N1CCC(=C2c3ccc(Cl)cc3CCc3cccnc32)CC1,IC50,=,173.0,nM,6.761953896871205,6.76,CHEMBL691014,CHEMBL1135758,CHEMBL240,Voltage-gated inwardly rectifying potassium channel KCNH2,Homo sapiens,F,
CHEMBL998,CCOC(=O)N1CCC(=C2c3ccc(Cl)cc3CCc3cccnc32)CC1,IC50,=,173.78,nM,6.760000207113128,6.76,CHEMBL1023674,CHEMBL1158373,CHEMBL240,Voltage-gated inwardly rectifying potassium channel KCNH2,Homo sapiens,B,
CHEMBL998,CCOC(=O)N1CCC(=C2c3ccc(Cl)cc3CCc3cccnc32)CC1,IC50,=,173.78,nM,6.760000207113128,6.76,CHEMBL1676103,CHEMBL1671772,CHEMBL240,Voltage-gated inwardly rectifying potassium channel KCNH2,Homo sapiens,B,
CHEMBL998,CCOC(=O)N1CCC(=C2c3ccc(Cl)cc3CCc3cccnc32)CC1,IC50,=,39086.6,nM,4.407972105609161,4.41,CHEMBL1909190,CHEMBL1909046,CHEMBL240,Voltage-gated inwardly rectifying potassium channel KCNH2,Homo sapiens,B,
