molecule_chembl_id,pIC50_mean,pIC50_median,pIC50_std,pIC50_min,pIC50_max,measurement_count,pIC50_range,canonical_smiles,assay_count,document_count
CHEMBL1729,7.3108825276682055,7.398973915543969,0.7376704135647342,4.589391457431632,8.18996921359416,40,3.6005777561625285,COc1cc(N)c(Cl)cc1C(=O)NC1CCN(CCCOc2ccc(F)cc2)CC1OC,40,37
CHEMBL17157,6.91791869042146,6.890016705180107,0.716642957068455,4.251811972993799,8.050609993355087,29,3.7987980203612874,CC(C)(C)c1ccc(C(O)CCCN2CCC(C(O)(c3ccccc3)c3ccccc3)CC2)cc1,29,25
CHEMBL296419,7.934158205250781,8.096910013008056,1.0350380046202838,5.568636235841012,9.045757490560675,25,3.4771212547196626,COc1ccc(CCN2CCC(Nc3nc4ccccc4n3Cc3ccc(F)cc3)CC2)cc1,24,24
CHEMBL74656,7.23492308130293,7.494850021680094,0.9232269189423272,4.6020599913279625,8.698970004336019,23,4.096910013008056,COc1cc(N)c(Cl)cc1C(=O)N[C@H]1CCN(CCCOc2ccc(F)cc2)C[C@H]1OC,23,23
CHEMBL473,7.458340875716686,7.853871964321762,0.938505369406957,4.356547323513812,8.387216143280265,23,4.030668819766452,CN(CCOc1ccc(NS(C)(=O)=O)cc1)CCc1ccc(NS(C)(=O)=O)cc1,23,21
CHEMBL6966,6.602752539662399,6.6338031200885155,0.46404829543153986,5.508638306165727,8.0,22,2.491361693834273,COc1ccc(CCN(C)CCCC(C#N)(c2ccc(OC)c(OC)c2)C(C)C)cc1OC,22,22
CHEMBL85,6.45946018398983,6.777283528852417,0.4663540614441548,5.377775612133956,6.83000246293343,19,1.452226850799474,Cc1nc2n(c(=O)c1CCN1CCC(c3noc4cc(F)ccc34)CC1)CCCC2,19,19
CHEMBL327980,7.914225514730059,7.699513552156626,0.7619449483594728,7.154901959985743,10.537602002101044,18,3.3827000421153013,Cc1cccc(CCN2CCC(C(=O)c3ccc(NS(C)(=O)=O)cc3)CC2)n1,18,18
CHEMBL45816,5.8616734732958715,5.853871964321762,0.14923045800917503,5.481486060122112,6.236572006437063,17,0.7550859463149511,COCC(=O)O[C@]1(CCN(C)CCCc2nc3ccccc3[nH]2)CCc2cc(F)ccc2[C@@H]1C(C)C,17,17
CHEMBL54,7.186864049035747,7.51999305704285,0.711063303640815,5.853871964321762,8.0,15,2.146128035678238,O=C(CCCN1CCC(O)(c2ccc(Cl)cc2)CC1)c1ccc(F)cc1,15,15
CHEMBL629,5.196533879608203,5.0,0.29508760829701225,4.754748974705894,5.7423214251308154,15,0.9875724504249215,CN(C)CCC=C1c2ccccc2CCc2ccccc21,15,15
CHEMBL536480,7.012668880239782,7.050609993355087,0.9463775821267695,5.168770306132936,8.0,13,2.831229693867064,Cc1cccc(CCN2CCC(C(=O)c3ccc(NS(C)(=O)=O)cc3)CC2)n1.Cl.Cl,13,10
CHEMBL1423,7.471181563253072,7.698970004336019,0.6186205135273686,5.769551078621726,8.51999305704285,13,2.750441978421124,O=c1[nH]c2ccccc2n1C1CCN(CCCC(c2ccc(F)cc2)c2ccc(F)cc2)CC1,13,13
CHEMBL12713,8.04141844514806,7.853871964321762,0.2906716376349736,7.830031826003108,8.568636235841012,13,0.7386044098379045,O=C1NCCN1CCN1CCC(c2cn(-c3ccc(F)cc3)c3ccc(Cl)cc23)CC1,13,13
CHEMBL42,6.0622431971066035,6.338545775671872,0.6203109080865604,4.975883927173229,6.719991046891813,12,1.744107119718584,CN1CCN(C2=Nc3cc(Cl)ccc3Nc3ccccc32)CC1,12,12
CHEMBL850,4.522914298560285,4.579999998661813,0.2512478726583713,3.8941493256148565,4.7447274948966935,12,0.850578169281837,C[C@@H]1CN(c2c(F)c(N)c3c(=O)c(C(=O)O)cn(C4CC4)c3c2F)C[C@H](C)N1,12,8
CHEMBL1107,6.842685691958159,6.708876931294602,0.2628339443985052,6.699991797446187,7.3979400086720375,12,0.6979482112258504,CCCCN(CCCC)CCC(O)c1cc2c(Cl)cc(Cl)cc2c2cc(C(F)(F)F)ccc12,12,12
CHEMBL479,6.949619244946276,7.019996628416253,0.571435396544793,5.799149501908923,7.481486060122112,11,1.6823365582131888,CSc1ccc2c(c1)N(CCC1CCCCN1C)c1ccccc1S2,11,11
CHEMBL32,3.8716573445670766,3.889999983714797,0.16843398258669498,3.400000000603809,4.100000018985305,11,0.7000000183814965,COc1c(N2C[C@@H]3CCCN[C@@H]3C2)c(F)cc2c(=O)c(C(=O)O)cn(C3CC3)c12,11,10
CHEMBL1008,6.49015052431708,6.260000690598032,0.5814689629599631,5.853871964321762,7.6399749108106025,10,1.7861029464888407,CC(C)COCC(CN(Cc1ccccc1)c1ccccc1)N1CCCC1,10,10
CHEMBL192,4.770148664870648,4.99000005632961,0.768484303818748,3.7999999979341847,5.481486060122112,10,1.6814860621879273,CCCc1nn(C)c2c(=O)[nH]c(-c3cc(S(=O)(=O)N4CCN(C)CC4)ccc3OCC)nc12,10,8
CHEMBL175691,6.218944196720011,6.301029995663981,0.2595780882175897,5.480172006224281,6.301029995663981,10,0.8208579894397001,Cc1cc(/C=C/C#N)cc(C)c1Nc1ccnc(Nc2ccc(C#N)cc2)n1,10,10
CHEMBL1108,7.328323457196332,7.489991487059765,0.48581185168809465,6.03282657704446,7.492144128304169,9,1.4593175512597085,O=C(CCCN1CC=C(n2c(=O)[nH]c3ccccc32)CC1)c1ccc(F)cc1,9,9
CHEMBL6006710,5.419366654421917,5.346787486224656,0.21773750459178126,5.346787486224656,6.0,9,0.653212513775344,FC(F)(F)c1ccc(C(F)(F)CN2CCC(Nc3ncnc4[nH]ncc34)CC2)cc1,9,8
CHEMBL376488,5.95816854450236,5.795880017344075,0.2755395598137711,5.795880017344075,6.431798275933005,9,0.63591825858893,COc1nc2ccc(Br)cc2cc1[C@@H](c1ccccc1)[C@@](O)(CCN(C)C)c1cccc2ccccc12,9,8
CHEMBL71,5.76443113430277,5.829999526735649,0.1987209275758918,5.234517717807385,5.8326826652518236,9,0.5981649474444382,CN(C)CCCN1c2ccccc2Sc2ccc(Cl)cc21,9,9
CHEMBL583,4.2227807541324855,4.300000029139089,0.12198716405187376,3.9829666607012193,4.301029995663981,9,0.31806333496276196,Cc1c(F)c(N2CCNC(C)C2)cc2c1c(=O)c(C(=O)O)cn2C1CC1,9,9
CHEMBL715,6.366018543263032,6.715004138068466,0.9570834663586614,4.0,6.7423214251308154,8,2.7423214251308154,Cc1cc2c(s1)Nc1ccccc1N=C2N1CCN(C)CC1,7,7
CHEMBL1294,5.977594733260973,6.395517451825291,0.8326340587471631,4.111708154643485,6.522878745280337,8,2.4111705906368526,C=C[C@H]1CN2CC[C@H]1C[C@@H]2[C@@H](O)c1ccnc2ccc(OC)cc12,8,8
CHEMBL72,5.569401363664239,5.856985199745905,0.5314615771746647,4.55517947873249,5.860001341725205,8,1.304821862992715,CNCCCN1c2ccccc2CCc2ccccc21,8,8
CHEMBL85606,5.821250388347844,5.700000503883016,0.22465424717583501,5.700000503883016,6.199998172182031,8,0.4999976682990148,N#Cc1ccc2c(c1)CCN(CC[C@H]1CC[C@H](NC(=O)c3ccnc4ccccc34)CC1)C2,8,8
CHEMBL914,4.593506620092103,4.639136049077685,0.16489399493883233,4.187086643357144,4.6700000181810175,8,0.4829133748238732,CC(C)(C(=O)O)c1ccc(C(O)CCCN2CCC(C(O)(c3ccccc3)c3ccccc3)CC2)cc1,8,8
CHEMBL5315124,2.883938906635761,2.998593110387663,0.19484777785659502,2.638272163982407,3.039999999693288,8,0.4017278357108811,C[C@H]1COc2c(N3CCN(C)CC3)c(F)cc3c(=O)c(C(=O)O)cn1c23.C[C@H]1COc2c(N3CCN(C)CC3)c(F)cc3c(=O)c(C(=O)O)cn1c23.O,8,4
CHEMBL94454,6.393935634624542,6.35999585346894,0.048123526121313195,6.355561410532161,6.455931955649724,8,0.10037054511756338,CN(c1nccc(=O)[nH]1)C1CCN(c2nc3ccccc3n2Cc2ccc(F)cc2)CC1,8,8
CHEMBL31,3.8890141497093884,3.889999983714797,0.0018254098744929978,3.886056647693163,3.889999983714797,8,0.003943336021634103,COc1c(N2CCNC(C)C2)c(F)cc2c(=O)c(C(=O)O)cn(C3CC3)c12,8,8
CHEMBL11,5.469630420831466,5.470000200122707,0.0006846982006201661,5.468521082957745,5.470000200122707,8,0.0014791171649619628,CN(C)CCCN1c2ccccc2CCc2ccccc21,8,8
CHEMBL3305167,5.533427133667759,4.7447274948966935,1.4585368341280378,4.585026652029182,7.7447274948966935,7,3.1597008428675117,COc1ccc2ncc(F)c(C[C@H](O)C34CCC(NCc5ccc6c(n5)NC(=O)CO6)(CC3)CO4)c2n1,7,4
CHEMBL41,6.031316144354352,5.820000358220838,0.9690386920296499,4.910575349755107,8.0,7,3.0894246502448928,CNCCC(Oc1ccc(C(F)(F)F)cc1)c1ccccc1,7,7
CHEMBL998,6.428565701010313,6.761953896871205,0.8910105538151004,4.407972105609161,6.770011163455189,7,2.3620390578460277,CCOC(=O)N1CCC(=C2c3ccc(Cl)cc3CCc3cccnc32)CC1,7,7
CHEMBL123558,6.099964537683247,6.250001023441651,0.23955405150707818,5.849999245077862,6.3979400086720375,7,0.5479407635941751,CN1CCN(CCCCN2C(=O)CN(/N=C/c3ccc(-c4ccc(Cl)cc4)o3)C2=O)CC1,7,7
CHEMBL708,6.871601033310171,6.900008766455315,0.049438417463856035,6.818156412055227,6.919987152892072,7,0.10183074083684485,O=C1Cc2cc(CCN3CCN(c4nsc5ccccc45)CC3)c(Cl)cc2N1,7,7
CHEMBL3,3.6105933631618727,3.6100000027750427,0.0010133557871708717,3.6100000027750427,3.612076995231334,7,0.0020769924562911157,CN1CCC[C@H]1c1cccnc1,6,6
CHEMBL23,4.76055822567941,4.759999957202692,0.0009534249325195239,4.759999957202692,4.761953896871205,7,0.001953939668513094,COc1ccc([C@@H]2Sc3ccccc3N(CCN(C)C)C(=O)[C@@H]2OC(C)=O)cc1,7,7
CHEMBL549,5.729654080650675,5.40000018605658,1.1397322489355857,4.7779237396777265,8.0,6,3.2220762603222735,CN(C)CCCC1(c2ccc(F)cc2)OCc2cc(C#N)ccc21,6,6
CHEMBL370805,5.709424526187338,5.189999964386248,1.297745038082961,5.139999976065226,8.356547323513812,6,3.2165473474485857,COC(=O)[C@H]1[C@@H](OC(=O)c2ccccc2)C[C@@H]2CC[C@H]1N2C,6,6
CHEMBL723,5.280184685584314,4.97999981255505,0.6013781009798537,4.900000142057633,6.455931955649724,6,1.5559318135920917,COc1ccccc1OCCNCC(O)COc1cccc2[nH]c3ccccc3c12,6,6
CHEMBL657,4.846793951499617,4.569999968362492,0.46815881247882574,4.496767860088488,5.589999287456538,6,1.0932314273680506,CN(C)CCOC(c1ccccc1)c1ccccc1,6,6
CHEMBL193,4.0522515652306454,4.300000029139089,0.3838182471903878,3.5528419686577806,4.300000029139089,6,0.7471580604813086,COC(=O)C1=C(C)NC(C)=C(C(=O)OC)C1c1ccccc1[N+](=O)[O-],6,6
CHEMBL219916,6.865087657262265,6.790002703917631,0.1836836556207529,6.790002703917631,7.2400301424456925,6,0.4500274385280614,O=c1[nH]c2ccccc2n1CCCN1CCC(n2c(=O)[nH]c3cc(Cl)ccc32)CC1,6,6
CHEMBL3400819,4.7260485619622035,4.733444580947324,0.14189386599362183,4.522878745280337,4.910094888560602,6,0.38721614328026455,O=C1COc2ccc(CNC34CCC(CC5Cn6c(=O)ccc7ncc(F)c5c76)(CC3)OC4)nc2N1,2,1
CHEMBL2368925,5.070913818098247,5.069999929330243,0.16532975731314395,4.920000156997057,5.22548303427145,6,0.30548287727439316,O=C(O[C@@H]1C[C@@H]2C[C@H]3C[C@H](C1)N2CC3=O)c1c[nH]c2ccccc12,6,6
CHEMBL2204935,5.617310127599965,5.613985917337573,0.16303092570986416,5.468521082957745,5.769551078621726,6,0.30102999566398125,Cc1nc([C@]2(c3cnn(C)c3)N[C@@H](c3nc(-c4ccc(F)cc4)c[nH]3)Cc3c2[nH]c2ccccc32)no1,6,3
CHEMBL61301,7.552185679607255,7.550059011226662,0.004003751372839993,7.550059011226662,7.560036064079095,6,0.009977052852432777,Fc1ccc(Cn2c(NC3CCNCC3)nc3ccccc32)cc1,6,6
CHEMBL75880,5.109650953927742,5.110000065251387,0.0008551446063564921,5.107905397309519,5.110000065251387,6,0.002094667941867634,C1CCC(C(CC2CCCCN2)C2CCCCC2)CC1,6,6
CHEMBL639,7.0,7.0,0.0,7.0,7.0,6,0.0,CN1CCCC(n2nc(Cc3ccc(Cl)cc3)c3ccccc3c2=O)CC1,6,5
CHEMBL4650365,7.904756603714657,8.67778070526608,1.8168243103686499,4.657577319177793,8.823908740944319,5,4.166331421766525,C[C@@H]1Cc2c(ccc3[nH]ncc23)[C@@H](c2ccc(NC3CN(CCCF)C3)cn2)N1CC(F)(F)F,2,2
CHEMBL4443524,5.6058727640142765,5.161150909262744,1.0663914568656283,4.6777807052660805,7.42021640338319,5,2.7424356981171094,CNC(=O)c1c(-c2ccc(O)cc2)oc2ccc(O)c(CN3CCCCC3)c12,5,5
CHEMBL633,5.704575749056067,5.0,1.104850921233007,5.0,7.522878745280337,5,2.5228787452803374,CCCCc1oc2ccccc2c1C(=O)c1cc(I)c(OCCN(CC)CC)c(I)c1,5,5
CHEMBL1200749,4.080676192346379,4.080921907623926,0.8295516889106691,2.994390554639719,4.886056647693163,5,1.891666093053444,CCCCN1CCCC[C@H]1C(=O)Nc1c(C)cccc1C.Cl,5,1
CHEMBL535,5.860411554746841,6.301029995663981,0.7506347980590099,5.0,6.599997654072045,5,1.5999976540720446,CCN(CC)CCNC(=O)c1c(C)[nH]c(/C=C2\C(=O)Nc3ccc(F)cc32)c1C,5,3
CHEMBL1200396,3.9627879939229773,4.022276394711152,0.6574446579543728,3.062482107982653,4.657577319177793,5,1.5950952111951402,CCCCN1CCCCC1C(=O)Nc1c(C)cccc1C.Cl,5,1
CHEMBL38827,5.889121235833801,6.42021640338319,0.7288047237078468,5.089999741487069,6.423658649794207,5,1.3336589083071386,CCCCN(CCCC)CC(O)c1cc(Cl)cc2c1-c1ccc(Cl)cc1/C2=C/c1ccc(Cl)cc1,5,5
CHEMBL505,4.935721484728483,4.68000002720016,0.5718105623386553,4.68000002720016,5.958607314841775,5,1.2786072876416146,CN(C)CCC(c1ccc(Cl)cc1)c1ccccn1,5,5
CHEMBL5768419,5.4870013549621,5.694648630553376,0.5026123922861713,4.924088238517222,6.070581074285707,5,1.146492835768485,CCn1c(N2CCNC(=O)C2)nc2c([N+](=O)[O-])c(Br)c(Br)cc21,1,1
CHEMBL4861332,5.451833010993979,5.619788758288394,0.4914681066223677,4.958607314841775,6.102372908709558,5,1.1437655938677835,CC[C@@H](NC(=O)c1ccc(Cl)cc1)[C@H]1[C@@H]2C[C@@H](n3cnc4cc(F)c(F)cc43)C[C@@H]21,5,1
CHEMBL2441437,5.349621277463498,5.346787486224656,0.3535746836935197,4.853871964321762,5.853871964321762,5,1.0,O=C1OCc2cc(CCN3CCN(C(=O)Cc4ccc(-n5cnnn5)cc4)CC3)ccc21,5,4
CHEMBL517,4.216163765783327,4.040000018741066,0.3939141135575751,4.040000018741066,4.920818753952375,5,0.8808187352113093,CC(C)N(CCC(C(N)=O)(c1ccccc1)c1ccccn1)C(C)C,5,5
CHEMBL1112,5.824393051855639,6.047449706101798,0.38029777814528304,5.413412695328245,6.199998172182031,5,0.7865854768537863,O=C1CCc2ccc(OCCCCN3CCN(c4cccc(Cl)c4Cl)CC3)cc2N1,5,5
CHEMBL4518483,5.317235759750627,5.366531544420413,0.20292482113680888,5.031517051446064,5.585026652029182,5,0.5535096005831175,N#Cc1ccc(COc2cccc(C3CCN(Cc4nc5ccc(C(=O)O)cc5n4C[C@@H]4CCO4)CC3)n2)c(F)c1,5,5
CHEMBL1000,4.405315215443264,4.519999959791458,0.24541539069504476,3.9665762445130506,4.519999959791458,5,0.5534237152784076,O=C(O)COCCN1CCN(C(c2ccccc2)c2ccc(Cl)cc2)CC1,5,5
CHEMBL3305005,6.008459391690233,6.221848749616356,0.2922914336618759,5.6777807052660805,6.221848749616356,5,0.5440680443502757,COc1ccc2ncc(F)c(CCC34CCC(NCc5ccc6c(n5)NC(=O)CO6)(CC3)CO4)c2n1,5,3
CHEMBL46,6.1515882223632214,6.090000275786018,0.13771483514125357,6.090000275786018,6.3979400086720375,5,0.3079397328860196,Cc1nccn1CC1CCc2c(c3ccccc3n2C)C1=O,5,5
CHEMBL533,7.903768825834393,8.0,0.13852995595413306,7.698970004336019,8.0,5,0.30102999566398125,CCCCCCCN(CC)CCCC(O)c1ccc(NS(C)(=O)=O)cc1,5,5
CHEMBL1741,4.301448419542612,4.229999967073058,0.11008691279812201,4.229999967073058,4.480000028175458,5,0.2500000611023996,CC[C@H]1OC(=O)[C@H](C)[C@@H](O[C@H]2C[C@@](C)(OC)[C@@H](O)[C@H](C)O2)[C@H](C)[C@@H](O[C@@H]2O[C@H](C)C[C@H](N(C)C)[C@H]2O)[C@](C)(OC)C[C@@H](C)C(=O)[C@H](C)[C@@H](O)[C@]1(C)O,5,4
CHEMBL1088,6.446971492039927,6.4900049079866005,0.10460148331391478,6.260000690598032,6.499996931948306,5,0.23999624135027453,CN1CCCCC1CCN1c2ccccc2Sc2ccc([S+](C)[O-])cc21,5,5
CHEMBL779,4.0000000046107935,4.0,0.07071068339248483,3.900000004068662,4.100000018985305,5,0.2000000149166432,CN1CC(=O)N2[C@H](c3ccc4c(c3)OCO4)c3[nH]c4ccccc4c3C[C@@H]2C1=O,5,3
CHEMBL2441417,4.773804661678876,4.698970004336019,0.10247157477463201,4.698970004336019,4.886056647693163,5,0.1870866433571443,Cc1c(CCN2CCN(C(=O)Cc3ccc(-n4cnnn4)cc3)CC2)ccc2c1COC2=O,5,3
CHEMBL1110,5.520624160872158,5.489999539566098,0.06580076211059417,5.489999539566098,5.638272163982407,5,0.14827262441630928,Cc1[nH]cnc1CN1CCc2c(c3ccccc3n2C)C1=O,5,5
CHEMBL1621,5.915210666191469,5.899998417198648,0.04779539274686071,5.886056647693163,6.0,5,0.11394335230683694,Cc1nc2n(c(=O)c1CCN1CCC(c3noc4cc(F)ccc34)CC1)CCCC2O,5,3
CHEMBL356066,4.972458254100912,4.987162775294828,0.03288030896618134,4.913640169325252,4.987162775294828,5,0.07352260596957638,O=C(/C=C/c1ccc(CN(CCO)CCc2c[nH]c3ccccc23)cc1)NO,5,3
CHEMBL289469,5.423658558830387,5.420000452721522,0.005045383112492617,5.420000452721522,5.430000267796055,5,0.009999815074532847,CN1C2CCCC1CC(NC(=O)c1nn(C)c3ccccc13)C2,5,5
CHEMBL8,3.0190045732694606,3.0199999981906993,0.002225837790386542,3.015022873584507,3.0199999981906993,5,0.0049771246061922625,O=C(O)c1cn(C2CC2)c2cc(N3CCNCC3)c(F)cc2c1=O,5,5
CHEMBL4,2.8495423322604276,2.8500000014212983,0.0010233793549127522,2.8477116556169433,2.8500000014212983,5,0.0022883458043549965,CC1COc2c(N3CCN(C)CC3)c(F)cc3c(=O)c(C(=O)O)cn1c23,5,5
CHEMBL157101,5.720249410720571,5.720000163638921,0.0005573334177628784,5.720000163638921,5.721246399047171,5,0.0012462354082503069,CC(=O)N1CCN(c2ccc(OCC3COC(Cn4ccnc4)(c4ccc(Cl)cc4Cl)O3)cc2)CC1,5,5
CHEMBL244946,5.700000503883016,5.700000503883016,0.0,5.700000503883016,5.700000503883016,5,0.0,Cc1ccc2c(-c3nnc(SCCCN4CCc5ccc(-c6cc(C)nn6C)cc5CC4)n3C)cccc2n1,5,5
CHEMBL475534,5.0,5.0,0.0,5.0,5.0,5,0.0,CCOC(=O)C1=C(C)NC(C)=C(C(=O)OC)C1c1cccc([N+](=O)[O-])c1,5,5
CHEMBL5883091,6.3942493497739665,6.396317481265464,2.133622416485855,4.508638306165727,8.275724130399212,4,3.767085824233485,CC(F)CN1[C@H](c2ccc(NC3CN(CCCF)C3)cn2)c2ccc3[nH]ncc3c2C[C@H]1C,2,2
CHEMBL214021,5.814737293866141,5.308451535025453,1.41426943792787,4.82102305270683,7.82102305270683,4,3.0,O=C(NC1CCN(Cc2ccc3c(c2)OCO3)CC1)c1cc(=O)c2ccc(F)cc2o1,4,3
CHEMBL3317856,3.603871964321762,2.853871964321762,1.5,2.853871964321762,5.853871964321762,4,3.0,O=c1ccc2ncc(=O)n3c2n1C[C@H]3CN1CCC(NCc2cc3c(cn2)OCCC3)CC1,4,4
CHEMBL17423,5.656181337869183,5.95999928552668,0.6076358953149932,4.7447274948966935,5.95999928552668,4,1.2152717906299868,COc1ccc(C(=O)N2CCN(c3ccc4c(c3)CCC(=O)N4)CC2)cc1OC,4,4
CHEMBL256907,4.3776745721061285,4.249999993431082,0.5301252542805354,3.900000004068662,5.110698297493689,4,1.2106982934250272,Cc1nnc(C(C)C)n1[C@H]1C[C@H]2CC[C@@H](C1)N2CC[C@H](NC(=O)C1CCC(F)(F)CC1)c1ccccc1,4,2
CHEMBL1382,7.342510871258229,7.33503554027369,0.5726237447877786,6.799998134593398,7.899974269892137,4,1.0999761352987392,Cc1ccc(O)c([C@H](CCN(C(C)C)C(C)C)c2ccccc2)c1,4,2
CHEMBL96153,6.830717926874118,6.599997654072045,0.4614405456041464,6.599997654072045,7.522878745280337,4,0.9228810912082928,COc1ccc(C2CCN(CC[C@H]3CCOc4ccccc43)CC2)cc1OC,4,4
CHEMBL845,5.136938204812967,5.3488766312299125,0.4246268209129098,4.499999953328896,5.349999603463148,4,0.8499996501342526,Clc1ccc2c(c1)N=C(N1CCNCC1)c1ccccc1N2,4,4
CHEMBL1175,5.324031204069359,5.250000219777386,0.3385406694823078,5.0,5.796124376722666,4,0.7961243767226662,CNCC[C@H](Oc1cccc2ccccc12)c1cccs1,4,2
CHEMBL3775729,5.813945018601387,5.7246443432564735,0.3251115342507009,5.5307672574933875,6.275724130399211,4,0.7449568729058234,CC1(c2nc(-c3ccccc3)c[nH]2)Cc2c([nH]c3ccccc23)C(C2CCOCC2)N1,1,1
CHEMBL5916184,8.31961329327685,8.318194010053928,0.26861499901482266,8.022276394711152,8.619788758288394,4,0.5975123635772412,COC[C@](C)(F)CN1[C@H](c2ccc(NC3CN(CCCF)C3)cc2OC)c2ccc3[nH]ncc3c2C[C@H]1C,1,1
CHEMBL5416410,4.56116601838789,4.550000040938768,0.3021192524927725,4.300000029139089,4.844663962534939,4,0.5446639333958494,Cc1nc(Nc2ncc(C(=O)Nc3c(C)cccc3Cl)s2)cc(N2CCN(CCO)CC2)n1.O,4,2
CHEMBL2022495,5.035000056784465,5.035000056784465,0.30599581086528216,4.769999911123512,5.300000202445418,4,0.5300002913219055,COc1cc(NC(=O)c2ccccc2F)ccc1-c1nnc(NCCCN2CCCCC2)o1,4,2
CHEMBL4461925,4.62391287280327,4.582948672143603,0.2570899928178978,4.4089353929735005,4.920818753952375,4,0.5118833609788744,Nc1n[nH]c(N2CCC(N3CCOC[C@@H]3Cc3ccc(Cl)cc3)CC2)n1,4,3
CHEMBL1081957,5.424999717167987,5.499999678657065,0.22173528078803245,5.100000128334196,5.59999938302362,4,0.4999992546894241,Cc1ncoc1-c1nnc(SCCCN2CC3CC3(c3cccc(C(F)(F)F)c3)C2)n1C,2,2
CHEMBL3703254,5.509693839493478,5.509693839493478,0.22359733259417133,5.316052869248487,5.703334809738469,4,0.38728194048998166,CC#Cc1cncc(-c2ccc3c(c2)C2(COC(N)=N2)C2(CC2)CO3)c1,2,2
CHEMBL3952064,4.91004560330931,5.004364805402449,0.18863840418627814,4.627087997029894,5.004364805402449,4,0.3772768083725557,C[C@H]1C[C@H]2CSC(N)=N[C@@]2(c2nc(NC(=O)c3ccc(OC(F)F)cn3)cs2)CO1,3,3
CHEMBL1081023,6.184309701505676,6.199998318852138,0.16109043475255358,6.0,6.337242168318426,4,0.3372421683184257,Cc1ncoc1-c1nnc(SCCCN2CC3CC3(c3ccc(C(F)(F)F)cc3F)C2)n1C,2,1
CHEMBL416956,5.33625676365695,5.2550000757275175,0.16591357034107046,5.250000251143582,5.585026652029182,4,0.33502640088559943,OC(c1cc(C(F)(F)F)nc2c(C(F)(F)F)cccc12)C1CCCCN1,4,4
CHEMBL2380459,5.635151878060192,5.610924374808178,0.13741041033606835,5.494850021680094,5.823908740944319,4,0.3290587192642249,COc1ccc(C2(c3cccc(-c4cccnc4)c3)CC(OC)C(N)=N2)cc1,1,1
CHEMBL55,4.814376641040066,4.765832206711972,0.12890066457385338,4.72584215073632,5.0,4,0.2741578492636796,N=C(N)c1ccc(OCCCCCOc2ccc(C(=N)N)cc2)cc1,4,4
CHEMBL741,3.560000000636359,3.600000005447872,0.10832051090134048,3.400000000603809,3.639999991045884,4,0.2399999904420751,Nc1nnc(-c2cccc(Cl)c2Cl)c(N)n1,4,2
CHEMBL3582317,4.994629599382816,4.994578757133947,0.08522946339558854,4.920818753952375,5.068542129310995,4,0.1477233753586198,Cc1nc([C@]2(c3cnn(C)c3)N[C@@H](c3nc(-c4ccc(F)cn4)c[nH]3)Cc3c2[nH]c2ccccc32)no1,4,2
CHEMBL5806532,5.292337566237876,5.267606240177031,0.04946265212169113,5.267606240177031,5.366531544420413,4,0.09892530424338197,COc1ccc(OCCNCCCF)c(F)c1[C@@H]1c2[nH]c3ccccc3c2C[C@@H](C)N1CC(F)(F)F,3,3
CHEMBL4098260,4.886725823079295,4.886725823079295,0.052063501806659244,4.841637507904751,4.931814138253839,4,0.09017663034908807,Cc1c([C@@H](O)CN2CCC3(CC2)CCN(c2ccc(S(C)(=O)=O)cn2)C3)ccc2c1COC2=O,4,2
CHEMBL2177736,5.042990426297942,5.053230078217669,0.03090742256514692,5.0,5.065501548756432,4,0.06550154875643166,NC(=O)c1cnc(N[C@@H]2CCCC[C@@H]2N)nc1Nc1cccc(-n2nccn2)c1,4,3
CHEMBL1125,4.861355904780984,4.84885591072468,0.025785393491975454,4.847711655616943,4.900000142057633,4,0.0522884864406894,Cc1cc2c(s1)Nc1ccccc1N=C2N1CCNCC1,3,3
CHEMBL76,5.601544839251877,5.6020599913279625,0.0010303041521712143,5.59999938302362,5.6020599913279625,4,0.002060608304342182,CCN(CC)CCCC(C)Nc1ccnc2cc(Cl)ccc12,4,4
CHEMBL472,4.130384152232525,4.130384152232525,0.00044355285055282587,4.130000024196025,4.130768280269024,4,0.0007682560729991295,COc1ccc(Cl)cc1C(=O)NCCc1ccc(S(=O)(=O)NC(=O)NC2CCCCC2)cc1,4,4
CHEMBL1079481,6.0,6.0,0.0,6.0,6.0,4,0.0,Cc1ncoc1-c1nnc(SCCCN2CC3CC3(c3ccc(C(F)(F)F)cc3)C2)n1C,4,4
CHEMBL3608687,4.180456064458132,4.180456064458132,0.0,4.180456064458132,4.180456064458132,4,0.0,Cc1nsc(-c2nnc3n2CCN(C(=O)c2ccc(Cl)cc2)[C@@H]3C)n1,4,4
CHEMBL3608740,4.301029995663981,4.301029995663981,0.0,4.301029995663981,4.301029995663981,4,0.0,Cc1nsc(-c2nnc3n2CCN(C(=O)c2ccccc2)[C@@H]3C)n1,4,4
CHEMBL3608741,4.301029995663981,4.301029995663981,0.0,4.301029995663981,4.301029995663981,4,0.0,Cc1nsc(-c2nnc3n2CCN(C(=O)c2ccc(F)cc2)[C@@H]3CCO)n1,4,4
CHEMBL3895053,4.585026652029182,4.585026652029182,0.0,4.585026652029182,4.585026652029182,4,0.0,C[C@]1(O)CC[C@H](Nc2ccc3ncc(-c4cccc(OC(F)(F)F)c4)n3n2)CC1,4,4
CHEMBL3908640,5.0,5.0,0.0,5.0,5.0,4,0.0,O=S1(=O)CCC(CNc2ccc3ncc(-c4cccc(OC(F)(F)F)c4)n3n2)CC1,4,4
CHEMBL3912135,4.920818753952375,4.920818753952375,0.0,4.920818753952375,4.920818753952375,4,0.0,C[C@]1(O)CC[C@H](Nc2ccc3ncc(-c4cccc(C(F)(F)F)c4)n3n2)CC1,4,4
CHEMBL3964407,4.522878745280337,4.522878745280337,0.0,4.522878745280337,4.522878745280337,4,0.0,O[C@H]1CC[C@H](Nc2ccc3ncc(-c4cccc(Cl)c4)n3n2)CC1,4,4
CHEMBL3965204,4.795880017344075,4.795880017344075,0.0,4.795880017344075,4.795880017344075,4,0.0,O[C@H]1CC[C@H](Nc2ccc3ncc(-c4cccc(OC(F)(F)F)c4)n3n2)CC1,4,4
CHEMBL3979144,5.0,5.0,0.0,5.0,5.0,4,0.0,O[C@H]1CC[C@H](Nc2ccc3ncc(-c4cccc(C(F)(F)F)c4)n3n2)CC1,4,4
CHEMBL4751083,5.522878745280337,5.522878745280337,0.0,5.522878745280337,5.522878745280337,4,0.0,CNC(=O)c1nn(C)c2ccc(Nc3nccc(-n4cc(CN(C)C)c(C)n4)n3)cc12,4,4
CHEMBL5394023,4.920818753952375,4.920818753952375,0.0,4.920818753952375,4.920818753952375,4,0.0,C[C@@H]1Cc2c([nH]c3ccccc23)[C@@H](c2ccc(F)c(OCCNCCCF)c2)N1CC(F)(F)F,4,4
CHEMBL5398790,5.443697499232712,5.443697499232712,0.0,5.443697499232712,5.443697499232712,4,0.0,C[C@@H]1Cc2c([nH]c3ccccc23)[C@@H](c2cc(OCCNCCCF)ccc2F)N1CC(F)(F)F,4,4
CHEMBL5399407,5.267606240177031,5.267606240177031,0.0,5.267606240177031,5.267606240177031,4,0.0,COc1ccc(OCCNCCCF)cc1[C@@H]1c2[nH]c3ccccc3c2C[C@@H](C)N1CC(F)F,4,4
CHEMBL5400637,5.823908740944319,5.823908740944319,0.0,5.823908740944319,5.823908740944319,4,0.0,Cc1c(OCCNCCCF)ccc(F)c1[C@@H]1c2[nH]c3ccccc3c2C[C@@H](C)N1CC(F)(F)CO,4,4
CHEMBL5407684,5.346787486224656,5.346787486224656,0.0,5.346787486224656,5.346787486224656,4,0.0,Cc1cc(OCCNCCCF)cc([C@@H]2c3[nH]c4ccccc4c3C[C@@H](C)N2CC(F)(F)F)c1,4,4
CHEMBL5413311,5.275724130399211,5.275724130399211,0.0,5.275724130399211,5.275724130399211,4,0.0,Cc1c(OCCNCCCF)ccc(F)c1[C@@H]1c2[nH]c3ccccc3c2C[C@@H](C)N1CC(F)(F)F,4,4
CHEMBL5421791,5.292429823902063,5.292429823902063,0.0,5.292429823902063,5.292429823902063,4,0.0,C[C@@H]1Cc2c([nH]c3ccccc23)[C@@H](c2c(F)ccc(OCCNCCCF)c2F)N1CC(F)(F)CO,4,4
CHEMBL5423660,5.42021640338319,5.42021640338319,0.0,5.42021640338319,5.42021640338319,4,0.0,Cc1c(OCCNCCCF)cccc1[C@@H]1c2[nH]c3ccccc3c2C[C@@H](C)N1CC(F)(F)F,4,4
CHEMBL5424508,5.173925197299173,5.173925197299173,0.0,5.173925197299173,5.173925197299173,4,0.0,C[C@@H]1Cc2c([nH]c3ccccc23)[C@@H](c2cc(F)cc(OCCNCCCF)c2)N1CC(F)(F)F,4,4
CHEMBL5424726,5.0,5.0,0.0,5.0,5.0,4,0.0,Cc1ccc(OCCNCCCF)c(F)c1[C@@H]1c2[nH]c3ccccc3c2C[C@@H](C)N1CC(F)(F)F,4,4
CHEMBL5424734,5.3872161432802645,5.3872161432802645,0.0,5.3872161432802645,5.3872161432802645,4,0.0,Cc1ccc(OCCNCCCF)cc1[C@@H]1c2[nH]c3ccccc3c2C[C@@H](C)N1CC(F)(F)F,4,4
CHEMBL5427839,5.154901959985743,5.154901959985743,0.0,5.154901959985743,5.154901959985743,4,0.0,C[C@@H]1Cc2c([nH]c3ccccc23)[C@@H](c2cccc(OCCNCCCF)c2F)N1CC(F)(F)F,4,4
CHEMBL5432698,5.337242168318426,5.337242168318426,0.0,5.337242168318426,5.337242168318426,4,0.0,COc1ccc(OCCNCCCF)cc1[C@@H]1c2[nH]c3ccccc3c2C[C@@H](C)N1CC(F)(F)CO,4,4
CHEMBL652,5.410000161858408,5.410000161858408,0.0,5.410000161858408,5.410000161858408,4,0.0,O=C(NCC1CCCCN1)c1cc(OCC(F)(F)F)ccc1OCC(F)(F)F,4,4
CHEMBL554,3.400000001027921,3.2000000030837636,2.505992817105278,1.0,6.0,3,5.0,CS(=O)(=O)CCNCc1ccc(-c2ccc3ncnc(Nc4ccc(OCc5cccc(F)c5)c(Cl)c4)c3c2)o1,3,1
CHEMBL4751770,6.316088316234069,5.113509274827518,2.082927999833623,5.113509274827518,8.721246399047171,3,3.6077371242196534,C[C@@H]1Cc2c(ccc3[nH]ncc23)[C@@H](c2ccc(N(C)C3CN(CCCF)C3)cn2)N1CC(F)(F)F,3,3
CHEMBL4753585,6.79642177733104,7.136677139879544,1.7650089689557953,4.886056647693163,8.366531544420413,3,3.48047489672725,C[C@@H]1Cc2c(ccc3[nH]ncc23)[C@@H](c2ccc(NC3CN(CCCF)C3)cn2)N1CC(C)(C)F,2,2
CHEMBL5942934,6.992936900310021,7.823908740944319,1.8677821803430819,4.853871964321762,8.301029995663981,3,3.4471580313422194,COc1cc(NC2CN(CCCF)C2)ccc1[C@@H]1c2ccc3[nH]ncc3c2C[C@@H](C)N1CC(C)F,2,2
CHEMBL584,3.2333333817413012,3.300000003143145,1.7009801792688595,1.5000000000231246,4.900000142057633,3,3.400000142034508,Cc1c(O)cccc1C(=O)N[C@@H](CSc1ccccc1)[C@H](O)CN1C[C@H]2CCCC[C@H]2C[C@H]1C(=O)NC(C)(C)C,3,1
CHEMBL461101,5.0537163607063915,6.161150909262744,1.951872268122577,2.8000000006743972,6.199998172182031,3,3.399998171507634,CC1=NN(c2ccc(C)c(C)c2)C(=O)/C1=N\Nc1cccc(-c2cccc(C(=O)O)c2)c1O,3,2
CHEMBL4742862,6.045811514402548,5.040958607678906,1.7404562885786172,5.040958607678906,8.05551732784983,3,3.0145587201709247,COc1cc(NC2CN(CCCF)C2)ccc1[C@@H]1c2ccc3[nH]ncc3c2C[C@@H](C)N1CC1(F)CC1,3,3
CHEMBL255863,5.815598761098717,6.346787486224656,1.4262303073759168,4.200000030616179,6.900008766455315,3,2.700008735839136,Cc1cn(-c2cc(NC(=O)c3ccc(C)c(Nc4nccc(-c5cccnc5)n4)c3)cc(C(F)(F)F)c2)cn1,3,2
CHEMBL3425810,3.939613311625934,3.1169066414243103,1.4249697525150247,3.1169066414243103,5.585026652029182,3,2.4681200106048715,O=c1ccc2ncc(F)c3c2n1C[C@@]3(O)CC12CCC(NCc3cc4c(cn3)OCCO4)(CC1)CO2,3,2
CHEMBL607,4.9133349726288476,4.130000024196025,1.365445372026368,4.119999985703918,6.4900049079866005,3,2.370004922282683,CCOC(=O)C1(c2ccccc2)CCN(C)CC1,3,3
CHEMBL3775226,5.96666292118563,6.399996913372259,1.0214332670701944,4.800000052738446,6.699991797446187,3,1.8999917447077408,Cc1ncoc1-c1nnc(SCCCN2CC3CCN(c4ccc(C(F)(F)F)cc4F)C3C2)n1C,1,1
CHEMBL1081869,5.2000000683287375,5.200000237109354,0.8000000160615841,4.399999967876858,6.0,3,1.600000032123142,Cc1ccc(C23CC2CN(CCCSc2nnc(-c4ocnc4C)n2C)C3)c(F)c1,1,1
CHEMBL2403108,4.859191441209599,4.337242168318426,0.9040426596211438,4.337242168318426,5.903089986991944,3,1.565847818673518,Cc1cc(Nc2ncc(Cl)c(Nc3ccccc3S(=O)(=O)C(C)C)n2)c(OC(C)C)cc1C1CCNCC1,3,2
CHEMBL409224,8.086647524954007,8.599980364934842,0.8891185600404302,7.059981844992337,8.599980364934842,3,1.5399985199425048,COc1ccccc1Oc1ccccc1CN1CCC2(CC1)CCN(C(=O)c1ccc(Cl)cc1)CC2,3,2
CHEMBL1908360,2.733333335284158,3.1000000025829744,0.8144527831271794,1.8000000001263547,3.300000003143145,3,1.5000000030167904,CO[C@H]1C[C@@H]2CC[C@@H](C)[C@@](O)(O2)C(=O)C(=O)N2CCCC[C@H]2C(=O)O[C@H]([C@H](C)C[C@@H]2CC[C@@H](OCCO)[C@H](OC)C2)CC(=O)[C@H](C)/C=C(\C)[C@@H](O)[C@@H](OC)C(=O)[C@H](C)C[C@H](C)/C=C/C=C/C=C/1C,3,1
CHEMBL305660,6.326546811880603,6.480001470881152,0.7418203050684139,5.520000247408364,6.979638717352293,3,1.459638469943929,CC(C)(C)c1ccc(C(=O)CCCN2CCC(OC(c3ccccc3)c3ccccc3)CC2)cc1,3,3
CHEMBL3353410,5.275031705080749,4.790484985457369,0.8392595370285254,4.790484985457369,6.2441251443275085,3,1.4536401588701393,C=CC(=O)Nc1cc(Nc2nccc(-c3cn(C)c4ccccc34)n2)c(OC)cc1N(C)CCN(C)C,3,3
CHEMBL434394,5.633332468722338,5.200000237109354,0.7505534417108932,5.200000237109354,6.499996931948306,3,1.2999966948389527,OC(CNCC(O)C1CCc2cc(F)ccc2O1)C1CCc2cc(F)ccc2O1,3,1
CHEMBL4864639,5.4415447196840345,5.688246138944246,0.6751113935107629,4.6777807052660805,5.958607314841775,3,1.2808266095756942,CC[C@@H](NC(=O)c1ccc(Cl)cc1)[C@H]1[C@@H]2C[C@@H](n3c(C)nc4ccc(F)cc43)C[C@@H]21,3,1
CHEMBL4643920,4.835326351871816,5.2441251443275085,0.7080602786060638,4.017728766960432,5.2441251443275085,3,1.2263963773670765,COCc1cncc(-c2ccc3[nH]nc(C(=O)NCC4CCOCC4)c3c2)c1,2,2
CHEMBL308954,3.9333333577147243,3.7999999979341847,0.6110101333236608,3.400000000603809,4.600000074606178,3,1.2000000740023689,Cc1cc(C#N)cc(C)c1Oc1nc(Nc2ccc(C#N)cc2)nc(N)c1Br,3,1
CHEMBL2,5.40493080673864,5.800000874803203,0.6842814304375185,4.614790670609513,5.800000874803203,3,1.18521020419369,COc1cc2nc(N3CCN(C(=O)c4ccco4)CC3)nc(N)c2cc1OC,3,3
CHEMBL502,5.651134555072488,5.700000503883016,0.5686952099058036,5.059583135318334,6.1938200260161125,3,1.1342368906977782,COc1cc2c(cc1OC)C(=O)C(CC1CCN(Cc3ccccc3)CC1)C2,3,3
CHEMBL259243,7.8199731703864686,8.18996921359416,0.6408519454351721,7.079981083971085,8.18996921359416,3,1.1099881296230754,O=C(c1ccc(Cl)cc1)N1CCC2(CCN(Cc3ccccc3Oc3ccccc3)CC2)CC1,3,2
CHEMBL6049947,5.085893557331814,4.771856392402258,0.6162288368107364,4.689944262249108,5.795880017344075,3,1.1059357550949667,CCn1c(N2CCNCC2)nc2c([N+](=O)[O-])c(Br)c(Br)cc21,1,1
CHEMBL3752154,5.203445954163233,4.853871964321762,0.621329893393968,4.835647144215563,5.920818753952375,3,1.085171609736812,COc1ccc2ncc(F)c(CC(N)C34CCC(NCc5ccc6c(n5)NC(=O)CO6)(CC3)CO4)c2n1,2,1
CHEMBL709,4.500000071561108,4.70000006855703,0.529150326555003,3.900000004068662,4.900000142057633,3,1.0000001379889705,COc1cc2nc(N(C)CCCNC(=O)C3CCCO3)nc(N)c2cc1OC,3,1
CHEMBL1083426,5.6422063181275535,5.688246138944246,0.5015872295280501,5.119186407719209,6.119186407719209,3,1.0,Fc1ccccc1C(Cc1ccccc1OC(F)(F)F)N1CCNCC1,1,1
CHEMBL254316,2.933333331742402,2.8000000006743972,0.5131601408269629,2.5000000000231246,3.499999994529686,3,0.9999999945065614,Cc1nnc(C(=O)NC(C)(C)c2nc(C(=O)NCc3ccc(F)cc3)c(O)c(=O)n2C)o1,3,1
CHEMBL1520,4.033333322281296,4.100000018985305,0.5033222782042074,3.499999994529686,4.499999953328896,3,0.9999999587992097,CCCc1nc(C)c2c(=O)nc(-c3cc(S(=O)(=O)N4CCN(CC)CC4)ccc3OCC)[nH]n12,3,1
CHEMBL1080117,6.066664392044135,5.800000874803203,0.5507519590260345,5.700000503883016,6.699991797446187,3,0.9999912935631707,Cc1ccc2c(-c3nnc(SCCCN4CC5CC5(c5ccc(Cl)cc5)C4)n3C)cccc2n1,1,1
CHEMBL4060355,5.7085447214233165,5.920818753952375,0.5275677502775009,5.107905397309519,6.096910013008056,3,0.989004615698537,O=C(O)CC1CCC2(CCN(c3ccc(-c4nc5cc(C(F)(F)F)ccc5[nH]4)cn3)CC2)OC1,1,1
CHEMBL5895249,6.013335053890528,6.221848749616356,0.5211471318770621,5.42021640338319,6.3979400086720375,3,0.9777236052888476,Cc1nc[nH]c1CN1CCC2(CC1)COC1c3cc(Cl)ccc3OC(C)(C)C1C2,1,1
CHEMBL2447962,3.585047475413616,3.5590909179347827,0.4782235688056252,3.1203307943679466,4.075720713938118,3,0.9553899195701714,CCCCN1CCCC[C@@H]1C(=O)Nc1c(C)cccc1C.Cl,3,1
CHEMBL5927239,5.947212502634916,6.0,0.47930635465620186,5.443697499232712,6.3979400086720375,3,0.9542425094393252,Cc1nccn1CCN1CCC2(CC1)COC1c3cc(F)ccc3OC(C)(C)C1C2,1,1
CHEMBL1082111,5.433332867751743,5.40000018605658,0.4509241493774328,5.0,5.899998417198648,3,0.8999984171986481,Cc1ncoc1-c1nnc(SCCCN2CC3CC3(c3cc(C(F)(F)F)ccc3F)C2)n1C,1,1
CHEMBL3774769,6.066665525051236,5.899998417198648,0.4725803225030145,5.700000503883016,6.599997654072045,3,0.8999971501890283,Cn1c(SCCCN2CC3CCN(c4ccc(C(F)(F)F)cc4)C3C2)nnc1-c1ccc(=O)n(C)c1,1,1
CHEMBL1873475,5.695114951801016,5.958607314841775,0.5044251527084436,5.113509274827518,6.013228265733755,3,0.8997189909062371,C=CC(=O)N1CCC[C@@H](n2nc(-c3ccc(Oc4ccccc4)cc3)c3c(N)ncnc32)C1,3,3
CHEMBL429436,6.80001077059458,7.090016305060156,0.5023043201705439,6.219999701663429,7.090016305060156,3,0.8700166033967269,O=C(c1ccc(Cl)cc1)N1CCC2(CCN(Cc3cccc(Oc4ccccc4)c3)CC2)CC1,3,2
CHEMBL1080490,6.4862010876868545,6.399996913372259,0.43574696140196323,6.0999990348465305,6.958607314841775,3,0.8586082799952441,Cc1ncoc1-c1nnc(SCCCN2CC3CC3(c3ccc(Cl)cc3)C2)n1C,2,1
CHEMBL631,5.998021616254213,6.096910013008056,0.4168616439113602,5.5406075122407685,6.356547323513812,3,0.8159398112730436,CCCNCC(O)COc1ccccc1C(=O)CCc1ccccc1,3,3
CHEMBL1422,3.3666666670257768,3.300000003143145,0.4041451870659895,3.0,3.7999999979341847,3,0.7999999979341847,N[C@@H](CC(=O)N1CCn2c(nnc2C(F)(F)F)C1)Cc1cc(F)c(F)cc1F,3,1
CHEMBL1081203,5.699999913724988,5.700000503883016,0.399999416200883,5.300000202445418,6.0999990348465305,3,0.7999988324011129,Cc1ccc2c(-c3nnc(SCCCN4CC5CC5(c5ccccc5)C4)n3C)cccc2n1,1,1
CHEMBL1734,6.32287825490542,6.568636235841012,0.4530965135655804,5.800000874803203,6.599997654072045,3,0.7999967792688416,O=C(O[C@H]1CN2CCC1CC2)N1CCc2ccccc2[C@@H]1c1ccccc1,3,2
CHEMBL3422018,5.358849576786782,5.096910013008056,0.45369263297718243,5.096910013008056,5.882728704344236,3,0.7858186913361793,Cc1nsc(-c2nnc3n2CCN(C(=O)c2ccc(-c4cccs4)cc2)[C@@H]3C)n1,3,3
CHEMBL3416026,4.813524066746837,4.586700235918748,0.4225317959781309,4.552841968657781,5.301029995663981,3,0.7481880270062007,NC(=O)c1nnc(N[C@@H]2CCCC[C@@H]2N)nc1Nc1cccc2cc[nH]c12,3,2
CHEMBL2158050,4.386918102965851,4.627087997029894,0.4159864589673571,3.9065783148377653,4.627087997029894,3,0.7205096821921284,COc1ccc2ncc(F)c([C@@H](O)CC[C@@H]3CCN(CCSc4cccs4)C[C@@H]3C(=O)O)c2c1,3,3
CHEMBL1079494,5.733333241595376,5.700000503883016,0.3511878423712367,5.40000018605658,6.0999990348465305,3,0.6999988487899502,COc1ccc(C23CC2CN(CCCSc2nnc(-c4ocnc4C)n2C)C3)cc1Cl,1,1
CHEMBL1081587,5.866665829921462,5.700000503883016,0.37859262422868484,5.59999938302362,6.299997602857746,3,0.6999982198341259,Cc1ncoc1-c1nnc(SCCCN2CC3CC3(c3ccc(F)c(C(F)(F)F)c3)C2)n1C,1,1
CHEMBL1079461,6.066665407983386,5.899998417198648,0.37859217420279884,5.800000874803203,6.499996931948306,3,0.6999960571451034,Cc1ncoc1-c1nnc(SCCCN2CC3CC3(c3cccc(Cl)c3)C2)n1C,1,1
CHEMBL2017291,4.799313336224013,5.0,0.34759949806150287,4.3979400086720375,5.0,3,0.6020599913279625,COc1cc2c(cc1-c1c(C)noc1C)ncc1[nH]c(=O)n([C@H](C)c3ccccn3)c12,3,2
CHEMBL1080489,5.466667099323046,5.40000018605658,0.30550539979125607,5.200000237109354,5.800000874803203,3,0.6000006376938494,COc1cccc(C23CC2CN(CCCSc2nnc(-c4ocnc4C)n2C)C3)c1,1,1
CHEMBL1079938,5.633333288237882,5.499999678657065,0.32145502448386415,5.40000018605658,6.0,3,0.5999998139434197,Cc1ncoc1-c1nnc(SCCCN2CC3CC3(c3cccc(C(F)(F)F)c3F)C2)n1C,1,1
CHEMBL212689,5.331533559602087,5.136677139879544,0.3375012191404094,5.136677139879544,5.721246399047171,3,0.584569259167627,CCN(C(=O)Cc1ccc(S(C)(=O)=O)cc1)C1CCN(CC[C@H](c2ccc(S(C)(=O)=O)cc2)c2cc(F)cc(F)c2)CC1,3,2
CHEMBL6037809,6.157886907536718,6.221848749616356,0.27761636686702895,5.853871964321762,6.3979400086720375,3,0.5440680443502757,Cc1nc[nH]c1CN1CCC2(CC1)COC1c3ccc(Cl)cc3OC(C)(C)C1C2,1,1
CHEMBL4109904,4.484564051497902,4.303905840004776,0.3129092011106176,4.303905840004776,4.8458804744841535,3,0.5419746344793772,O=C(Nc1ccc([C@H]2CNCCO2)cc1)c1ccc(Cl)nc1,2,2
CHEMBL5868410,8.57882174638688,8.407823242604133,0.296178096569977,8.407823242604133,8.920818753952375,3,0.5129955113482421,FC(F)Oc1cc(-n2cc(Cn3ccnc3C3CC3)nn2)ccc1Cl,2,2
CHEMBL4244784,4.600000021087795,4.499999953328896,0.2645752326069835,4.399999967876858,4.900000142057633,3,0.5000001741807747,O=C(O)C[C@H](CN1CC[C@@H](CCc2ccc3c(n2)NCCC3)C1)c1cccc(C2CCOC2)c1,2,1
CHEMBL24778,4.928728783518886,5.086186147616283,0.2847711880850673,4.600000074606178,5.100000128334196,3,0.5000000537280185,C[C@H](Cc1cc2c(c(C(N)=O)c1)N(CCCO)CC2)NCCOc1ccccc1OCC(F)(F)F,3,2
CHEMBL272022,4.910000000760746,5.070000019492822,0.2771281616559279,4.589999963296594,5.070000019492822,3,0.48000005619622765,COc1ccccc1Oc1cccc(CN2CCC3(CC2)CCN(C(=O)c2cc[n+]([O-])cc2)CC3)c1,3,2
CHEMBL4110570,5.496484996597796,5.443697499232712,0.2265099503661862,5.301029995663981,5.7447274948966935,3,0.4436974992327123,O=C(Nc1ccc(OC(F)(F)Cl)cc1)c1cnc(N2CC[C@@H](O)C2)c(-c2cncnc2)c1,3,1
CHEMBL1323,4.000000009516788,4.0,0.20000001634099723,3.7999999979341847,4.200000030616179,3,0.40000003268199436,CC(C)CN(C[C@@H](O)[C@H](Cc1ccccc1)NC(=O)O[C@H]1CO[C@H]2OCC[C@H]21)S(=O)(=O)c1ccc(N)cc1,3,1
CHEMBL1081237,5.999999682328411,6.0,0.19999864868960332,5.800000874803203,6.199998172182031,3,0.39999729737882816,Cc1ccc2c(-c3nnc(SCCCN4CC5CC5(c5ccc(Cl)c(Cl)c5)C4)n3C)cccc2n1,1,1
CHEMBL1081747,6.2333315054100025,6.299997602857746,0.20816498045665038,6.0,6.399996913372259,3,0.3999969133722594,Cc1ncoc1-c1nnc(SCCCN2CC3CC3(c3ccc(Cl)cc3F)C2)n1C,1,1
CHEMBL16,3.7465962539105866,3.6200000034433657,0.21945410694548378,3.6197887582883936,4.0,3,0.38021124171160636,O=C1NC(=O)C(c2ccccc2)(c2ccccc2)N1,3,3
CHEMBL5826693,5.912991722002534,5.920818753952375,0.18795407560198343,5.721246399047171,6.096910013008056,3,0.3756636139608851,Cc1nccn1CCN1CCC2(CC1)COC1c3cc(Cl)ccc3OC(C)(C)C1C2,1,1
CHEMBL3612807,4.73946273916895,4.7447274948966935,0.18404487732232755,4.552841968657781,4.920818753952375,3,0.3679767852945943,Cc1c([C@@H](O)CN2CCN(C[C@H](O)c3ccc(C#N)cn3)CC2)ccc2c1COC2=O,3,2
CHEMBL3954214,5.2470889875957285,5.346787486224656,0.19919596330296452,5.017728766960431,5.376750709602099,3,0.3590219426416681,O=C(Nc1ccc(OC(F)(F)F)cc1)c1cnc(N2CC[C@H](O)C2)c(-c2cncnc2)c1,3,1
CHEMBL4075203,5.361529870326529,5.366531544420413,0.1786254958048125,5.180456064458131,5.537602002101044,3,0.3571459376429136,O=C(O)CC1CCOC2(CCN(c3ccc(-c4nc5cc(C(F)(F)F)ccc5[nH]4)cn3)CC2)C1,1,1
CHEMBL5945844,4.403964387661669,4.407823242604133,0.17804065790509663,4.224025668870631,4.580044251510242,3,0.35601858263961095,CC(C(N)=O)[C@@]12CC(F)(F)[C@@H](C)[C@H](/C=C/c3ccc(-c4ccccc4C#N)cn3)[C@@H]1[C@@H](C)OC2=O,1,1
CHEMBL215661,4.610242417888252,4.565431095965801,0.1784970614268218,4.458420756053419,4.806875401645539,3,0.3484546455921196,CC(=O)Nc1ccc2c(c1)C(N1CCC(NC(=O)c3cc(=O)c4ccc(F)cc4o3)CC1)CC2,1,1
CHEMBL246819,4.857537092422249,4.886056647693163,0.16732947002094145,4.6777807052660805,5.008773924307505,3,0.3309932190414244,O=C1CCc2cc(C(O)CN3CCC(O)(c4cccc(F)c4)CC3)ccc2N1,1,1
CHEMBL4105584,4.7008129608341385,4.610833915635467,0.17866460028469414,4.585026652029182,4.906578314837765,3,0.3215516628085835,COc1ccc2c(c1)[C@@H]1C[C@]1(C(=O)N1[C@@H]3CC[C@H]1CN(C)C3)Cn1c-2c(C2CCCCC2)c2ccc(C(=O)NS(=O)(=O)N(C)C)cc21,3,2
CHEMBL4076989,5.2975966767840434,5.3979400086720375,0.17379974903075152,5.096910013008056,5.3979400086720375,3,0.30102999566398125,CC(C)CN(CCc1ccc(Cl)cc1)C1CCN(c2nc(N)n[nH]2)CC1,3,3
CHEMBL5918605,6.035227979105187,6.096910013008056,0.15971308510000104,5.853871964321762,6.154901959985743,3,0.30102999566398125,CC1(C)Oc2cc(Cl)ccc2C2OCC3(CCN(CCn4ccnc4)CC3)CC21,1,1
CHEMBL1210614,5.866666307027221,5.899998417198648,0.1527520755799123,5.700000503883016,6.0,3,0.2999994961169836,Cc1ncoc1-c1nnc(SCCCN2CC3CC3(c3cccc(S(F)(F)(F)(F)F)c3)C2)n1C,1,1
CHEMBL1079837,5.733332768035095,5.700000503883016,0.1527518739708791,5.59999938302362,5.899998417198648,3,0.2999990341750278,COc1ccc(C23CC2CN(CCCSc2nnc(-c4ocnc4C)n2C)C3)cc1,1,1
CHEMBL1082106,6.266664517025512,6.299997602857746,0.15275144103513016,6.0999990348465305,6.399996913372259,3,0.2999978785257289,Cc1ncoc1-c1nnc(SCCCN2CC3CC3(c3ccc(Br)cc3)C2)n1C,1,1
CHEMBL1210552,6.266664517025512,6.299997602857746,0.15275144103513016,6.0999990348465305,6.399996913372259,3,0.2999978785257289,Cc1ncoc1-c1nnc(SCCCN2CC3CC3(c3ccc(S(F)(F)(F)(F)F)cc3)C2)n1C,1,1
CHEMBL1952329,6.100117674724264,6.008773924307505,0.16586848231268098,6.0,6.291579099865287,3,0.2915790998652872,CN1CCC(CNc2ccc3ncc(-c4cccc(OC(F)(F)F)c4)n3n2)CC1,3,3
CHEMBL1084033,5.138507295598576,5.094204119632131,0.14973498041758102,5.015922966097169,5.305394801066431,3,0.28947183496926154,Fc1ccc(C(Cc2ccccc2OC(F)(F)F)N2CCNCC2)cc1,1,1
CHEMBL5866597,5.637406194063485,5.6020599913279625,0.1440897596189229,5.514278573518419,5.795880017344075,3,0.28160144382565555,CC(C)(C)OC(=O)N1CCN(c2nc3c([N+](=O)[O-])c(Br)c(Br)cc3[nH]2)CC1,1,1
CHEMBL214335,4.478772017971292,4.4089353929735005,0.14019124676192685,4.3872161432802645,4.640164517660112,3,0.2529483743798471,COc1ccccc1CC(c1ccccc1)N1CCNCC1,1,1
CHEMBL1684585,4.874270117902269,4.950781977329818,0.13252242791008256,4.721246399047171,4.950781977329818,3,0.22953557828264692,Nc1nc(CC(=O)Nc2ccc(C[C@@H]3CC[C@H]([C@H](O)c4ccccc4)N3)cc2)cs1,3,3
CHEMBL2164389,5.2607965779821235,5.337242168318426,0.1324076464770717,5.107905397309519,5.337242168318426,3,0.22933677100890648,O=C(NCc1ccc(OC(F)(F)F)cc1)C1c2ccccc2C(=O)N1CCc1ccccn1,2,1
CHEMBL5842189,5.907846065275585,5.853871964321762,0.12037075893636004,5.823908740944319,6.045757490560675,3,0.22184874961635614,Cc1nccn1CCN1CCC2(CC1)COC1c3ccc(Cl)cc3OC(C)(C)C1C2,1,1
CHEMBL3291398,3.968684052235009,3.8996294548824375,0.11960607111086487,3.8996294548824375,4.106793246940152,3,0.20716379205771407,C=C[C@]1(C)C[C@@H](OC(=O)CS[C@@H]2CC[C@@H](N)C[C@H]2O)[C@]2(C)[C@H](C)CC[C@]3(CCC(=O)[C@H]32)[C@@H](C)[C@@H]1O,3,2
CHEMBL1081966,6.599995461155513,6.599997654072045,0.09999743276697413,6.499996931948306,6.699991797446187,3,0.1999948654978807,Cc1ncoc1-c1nnc(SCCCN2CC3CC3(c3ccc(OC(F)(F)F)cc3)C2)n1C,1,1
CHEMBL3612926,4.997645114540556,4.958607314841775,0.10210470881783588,4.920818753952375,5.113509274827518,3,0.19269052087514282,CCOc1cc(C(O)CN2CCN(C[C@H](O)c3ccc4c(c3C)COC4=O)CC2)ncc1C#N,2,1
CHEMBL271128,7.459991630932123,7.51999305704285,0.10392551855036884,7.339988778710669,7.51999305704285,3,0.1800042783321807,COc1ccccc1Oc1ccccc1CN1CCC2(CC1)CCN(C(=O)c1ccncc1)CC2,3,2
CHEMBL4580568,5.140493708584536,5.080921907623926,0.10318138596215676,5.080921907623926,5.259637310505756,3,0.17871540288182963,Nc1n[nH]c(N2CCC(N3CCCC[C@@H]3Cc3ccc(Cl)cc3)CC2)n1,3,3
CHEMBL3612928,4.633209818294145,4.6777807052660805,0.0961350916837995,4.522878745280337,4.698970004336019,3,0.17609125905568135,[2H]C([2H])([2H])Oc1cc(C(O)CN2CCN(C[C@H](O)c3ccc4c(c3C)COC4=O)CC2)ncc1C#N,2,1
CHEMBL1083708,4.8940403568470785,4.896196279044043,0.07767626909656632,4.815308569182402,4.97061622231479,3,0.1553076531323887,FC(F)Oc1ccccc1CC(c1ccccc1)N1CCNCC1,1,1
CHEMBL214585,5.02861918799647,5.031050319018657,0.07665056623978476,4.950781977329818,5.104025267640935,3,0.15324329031111716,O=C(NC1CCN(C2CCc3cc4c(cc32)OCO4)CC1)c1cc(=O)c2cc(F)ccc2o1,1,1
CHEMBL1800137,5.302342283453712,5.251811972993799,0.08752106503879917,5.251811972993799,5.403402904373539,3,0.1515909313797401,CC(C)(N)C(=O)N1CCn2c(nc(-c3ccc(F)cc3)c2Nc2ccc(F)cc2)C1,3,3
CHEMBL1935601,4.935002870847529,4.920818753952375,0.07662486071149645,4.866461091629782,5.017728766960431,3,0.151267675330649,O=S(=O)(c1cccc(F)c1)c1ccc2c3c(oc2c1)C1(CCCOC1)NCC3,1,1
CHEMBL3612924,4.9374930930545124,4.958607314841775,0.07531738493904565,4.853871964321762,5.0,3,0.14612803567823818,Cc1c([C@@H](O)CN2CCN(CC(O)c3cc(C4CC4)c(C#N)cn3)CC2)ccc2c1COC2=O,2,1
CHEMBL410885,5.80333317155808,5.849999245077862,0.08082801032600763,5.710001024518515,5.849999245077862,3,0.13999822055934708,O=C(c1ccncn1)N1CCC2(CCN(Cc3cccc(Oc4ccccc4)c3)CC2)CC1,3,2
CHEMBL271801,6.409999612995741,6.4399976732266335,0.05195816444841539,6.350003492533959,6.4399976732266335,3,0.08999418069267495,O=C(c1ccncc1)N1CCC2(CCN(Cc3cccc(Oc4ccccc4)c3)CC2)CC1,3,2
CHEMBL5746422,5.824553574203385,5.823908740944319,0.029001350589493397,5.795880017344075,5.853871964321762,3,0.05799194697768684,Cc1nc[nH]c1CN1CCC2(CC1)COC1c3cc(F)ccc3OC(C)(C)C1C2,1,1
CHEMBL2165062,4.3740100133337085,4.356547323513812,0.03024626600487574,4.356547323513812,4.4089353929735005,3,0.052388069459688325,N#Cc1ccc2ccc(=O)n(CCN3CCC(NCc4cc5c(cn4)OCCO5)CC3)c2c1,3,2
CHEMBL2443262,5.242294310504419,5.259637310505756,0.03003895715798241,5.207608310501746,5.259637310505756,3,0.05202900000401023,COc1ccsc1CNCC[C@@]1(c2ccccn2)CCOC2(CCCC2)C1,3,3
CHEMBL1106,4.013333339580355,4.0,0.02309402158774431,4.0,4.040000018741066,3,0.040000018741065624,NC1=NCC2c3ccccc3Cc3ccccc3N12,3,3
CHEMBL4075319,4.997351439183363,4.987162775294828,0.017647283516183703,4.987162775294828,5.017728766960431,3,0.030565991665603143,COc1nsc(N2CCC3(CCN(C[C@H](O)c4ccc5c(c4C)COC5=O)CC3)C2=O)n1,3,2
CHEMBL2159976,4.696282750980965,4.705533773838407,0.016023241611070407,4.6777807052660805,4.705533773838407,3,0.02775306857232618,COc1ccc2nccc([C@@H](O)CC[C@@H]3CCN(CCSc4cccs4)C[C@@H]3C(=O)O)c2c1,3,3
CHEMBL270971,6.673330257824624,6.679999195735272,0.011550939293764835,6.6599923820033275,6.679999195735272,3,0.02000681373194446,COc1ccccc1Oc1ccccc1CN1CCC2(CC1)CCN(C(=O)c1cc[n+]([O-])cc1)CC2,3,2
CHEMBL3696475,4.651142267445998,4.657577319177793,0.011145836548803868,4.638272163982407,4.657577319177793,3,0.019305155195386448,Cc1c([C@@H](O)CN2CCN(C[C@H](O)c3ccc4c(c3C)COC4=O)CC2)ccc2c1COC2=O,3,2
CHEMBL4640857,4.651142267445998,4.657577319177793,0.011145836548803868,4.638272163982407,4.657577319177793,3,0.019305155195386448,Nc1nc(N2CCC(N3Cc4ccccc4OC[C@@H]3Cc3ccc(Cl)cc3)CC2)n[nH]1,3,2
CHEMBL3422012,4.579563179966459,4.585026652029182,0.009463011198369467,4.568636235841013,4.585026652029182,3,0.01639041618816872,Cc1nc(-c2nnc3n2CCN(C(=O)c2ccc(-c4cccs4)cc2)C3)cs1,3,3
CHEMBL4094163,6.735233868820287,6.730487055782083,0.008221721356198709,6.730487055782083,6.7447274948966935,3,0.014240439114610481,Cc1cc(/C=C/C#N)cc(C)c1Oc1nc(NC2CCN(Cc3ccc(S(N)(=O)=O)cc3)CC2)nc2ccsc12,3,3
CHEMBL40,2.5209595817986545,2.520000000057813,0.0016620443291528136,2.520000000057813,2.5228787452803374,3,0.0028787452225245147,CCC1(c2ccccc2)C(=O)NC(=O)NC1=O,3,3
CHEMBL3918431,5.493948057221452,5.494850021680094,0.001562248268988708,5.492144128304169,5.494850021680094,3,0.0027058933759249726,c1ccc2cc(NC3=NC[C@@]4(CN5CCC4CC5)O3)ncc2c1,3,3
CHEMBL1683074,5.769551078621727,5.769551078621726,0.0,5.769551078621726,5.769551078621726,3,0.0,CO[C@@H]1COCC[C@@H]1N[C@@H]1CC[C@@](C(=O)N2CCN(c3cc(C(F)(F)F)ccn3)CC2)(C(C)C)C1,3,3
CHEMBL1767164,7.299988937677888,7.299988937677888,0.0,7.299988937677888,7.299988937677888,3,0.0,O=c1c2ccccc2c(Cc2ccc(Cl)cc2)nn1C[C@H]1CCCN1CCCCc1ccc(OCCCN2CCCCCC2)cc1,3,3
CHEMBL2165063,4.455931955649724,4.455931955649724,0.0,4.455931955649724,4.455931955649724,3,0.0,COc1ccc2ncc(=O)n(CCN3CCC(NCc4ccc5c(n4)NC(=O)CO5)CC3)c2c1,3,3
CHEMBL22,3.6200000034433657,3.6200000034433657,0.0,3.6200000034433657,3.6200000034433657,3,0.0,COc1cc(Cc2cnc(N)nc2N)cc(OC)c1OC,3,3
CHEMBL272511,5.599999383023619,5.59999938302362,0.0,5.59999938302362,5.59999938302362,3,0.0,Cc1ccc2c(-c3nnc(SCCCN4CCc5ccc6oc(C)nc6c5CC4)n3C)cccc2n1,3,3
CHEMBL3400817,3.7594507517174005,3.7594507517174005,0.0,3.7594507517174005,3.7594507517174005,3,0.0,O=C1COc2ccc(CNC34CCC(C[C@]5(O)Cn6c(=O)ccc7ncc(F)c5c76)(CC3)OC4)nc2N1,3,3
CHEMBL3422016,4.769551078621726,4.769551078621726,0.0,4.769551078621726,4.769551078621726,3,0.0,Cc1csc(-c2nnc3n2CCN(C(=O)c2ccc(-c4cccs4)cc2)[C@@H]3C)n1,3,3
CHEMBL3608680,4.154901959985743,4.154901959985743,0.0,4.154901959985743,4.154901959985743,3,0.0,Cc1nsc(-c2nnc3n2CCN(C(=O)c2ccc(F)cc2)[C@@H]3C)n1,3,3
CHEMBL3828074,4.823908740944319,4.823908740944319,0.0,4.823908740944319,4.823908740944319,3,0.0,CCc1nc2c(C)cc(N3CCN(CC(=O)N4CC(O)C4)CC3)cn2c1N(C)c1nc(-c2ccc(F)cc2)c(C#N)s1,3,2
CHEMBL3929927,6.886056647693163,6.886056647693163,0.0,6.886056647693163,6.886056647693163,3,0.0,Cc1cc(C#N)cc(C)c1Oc1nc(NC2CCN(Cc3ccc(S(N)(=O)=O)cc3)CC2)nc2ccsc12,3,3
CHEMBL3972449,5.017728766960431,5.017728766960431,0.0,5.017728766960431,5.017728766960431,3,0.0,Cc1cc(OC(F)F)cnc1C(=O)Nc1csc([C@]23CO[C@@H](C)C[C@H]2CSC(N)=N3)n1,3,3
CHEMBL4106866,4.154901959985743,4.154901959985743,0.0,4.154901959985743,4.154901959985743,3,0.0,Cc1nsc(-c2nnc3n2CCN(C(=O)c2ccc(Cl)c(F)c2)[C@@H]3C)n1,3,3
CHEMBL4108583,4.376750709602099,4.376750709602099,0.0,4.376750709602099,4.376750709602099,3,0.0,Cc1nsc(-c2nnc3n2CCN(C(=O)c2ccc(Cl)c(Cl)c2)[C@@H]3C)n1,3,3
CHEMBL4108623,4.494850021680094,4.494850021680094,0.0,4.494850021680094,4.494850021680094,3,0.0,CCc1noc(-c2nnc3n2CCN(C(=O)c2ccc(-c4cccs4)cc2)[C@@H]3C)n1,3,3
CHEMBL4109584,4.346787486224656,4.346787486224656,0.0,4.346787486224656,4.346787486224656,3,0.0,Cc1nsc(-c2nnc3n2CCN(C(=O)c2ccc(C(F)(F)F)cc2)[C@@H]3C)n1,3,3
CHEMBL4110224,4.154901959985743,4.154901959985743,0.0,4.154901959985743,4.154901959985743,3,0.0,Cc1nsc(-c2nnc3n2CCN(C(=O)c2ccc(F)cc2F)[C@@H]3C)n1,3,3
CHEMBL4110242,4.214670164989233,4.214670164989233,0.0,4.214670164989233,4.214670164989233,3,0.0,CCC[C@@H]1c2nnc(-c3nc(C)ns3)n2CCN1C(=O)c1ccc(F)cc1,3,3
CHEMBL4110286,4.154901959985743,4.154901959985743,0.0,4.154901959985743,4.154901959985743,3,0.0,CCc1noc(-c2nnc3n2CCN(C(=O)c2ccc(F)cc2)[C@@H]3C)n1,3,3
CHEMBL4110770,4.154901959985743,4.154901959985743,0.0,4.154901959985743,4.154901959985743,3,0.0,Cc1nsc(-c2nnc3n2CCN(C(=O)c2cccc(Cl)c2)[C@@H]3C)n1,3,3
CHEMBL4111714,4.154901959985743,4.154901959985743,0.0,4.154901959985743,4.154901959985743,3,0.0,Cc1nsc(-c2nnc3n2CCN(C(=O)c2cccc(F)c2)[C@@H]3C)n1,3,3
CHEMBL4112037,4.154901959985743,4.154901959985743,0.0,4.154901959985743,4.154901959985743,3,0.0,Cc1nsc(-c2nnc3n2CCN(C(=O)c2ccc(F)c(F)c2)[C@@H]3C)n1,3,3
CHEMBL4112585,4.337242168318426,4.337242168318426,0.0,4.337242168318426,4.337242168318426,3,0.0,Cc1nsc(-c2nnc3n2CCN(C(=O)c2cc(F)cc(F)c2)[C@@H]3C)n1,3,3
CHEMBL4112608,4.154901959985743,4.154901959985743,0.0,4.154901959985743,4.154901959985743,3,0.0,CC[C@@H]1c2nnc(-c3nc(C)ns3)n2CCN1C(=O)c1ccc(F)cc1,3,3
CHEMBL4113428,4.154901959985743,4.154901959985743,0.0,4.154901959985743,4.154901959985743,3,0.0,Cc1nsc(-c2nnc3n2CCN(C(=O)c2cc(F)c(F)c(F)c2F)[C@@H]3C)n1,3,3
CHEMBL4113741,4.494850021680094,4.494850021680094,0.0,4.494850021680094,4.494850021680094,3,0.0,CCc1nsc(-c2nnc3n2CCN(C(=O)c2ccc(F)cc2)[C@@H]3C)n1,3,3
CHEMBL4114280,4.346787486224656,4.346787486224656,0.0,4.346787486224656,4.346787486224656,3,0.0,Cc1nsc(-c2nnc3n2CCN(C(=O)c2ccc(F)c(Cl)c2)[C@@H]3C)n1,3,3
CHEMBL4115295,4.154901959985743,4.154901959985743,0.0,4.154901959985743,4.154901959985743,3,0.0,Cc1nsc(-c2nnc3n2CCN(C(=O)c2ccc(F)c(F)c2F)[C@@H]3C)n1,3,3
CHEMBL4115594,4.154901959985743,4.154901959985743,0.0,4.154901959985743,4.154901959985743,3,0.0,Cc1nsc(-c2nnc3n2CCN(C(=O)c2cc(F)c(F)c(F)c2)[C@@H]3C)n1,3,3
CHEMBL472363,6.251811972993799,6.251811972993799,0.0,6.251811972993799,6.251811972993799,3,0.0,O=C(COc1cccc(Cl)c1)NC1CCN(Cc2ccn(-c3ccc(C(F)(F)F)cc3)c2)CC1,3,3
CHEMBL5400175,5.356547323513812,5.356547323513812,0.0,5.356547323513812,5.356547323513812,3,0.0,C[C@@H]1Cc2c([nH]c3ccccc23)[C@@H](c2cccc(OCCNCCCF)c2)N1CC1(F)COC1,3,3
CHEMBL550818,7.5376020021010435,7.537602002101044,0.0,7.537602002101044,7.537602002101044,3,0.0,CN(CC1CCOCC1)C1CCN(c2nc3ccccc3n2Cc2ccc(F)cc2)CC1,3,3
CHEMBL556450,6.092051478387727,6.092051478387727,0.0,6.092051478387727,6.092051478387727,3,0.0,Cc1cnn(C2CCN(c3nc4ccccc4n3Cc3ccc(F)cc3)CC2)c1,3,3
CHEMBL560177,5.499999678657065,5.499999678657065,0.0,5.499999678657065,5.499999678657065,3,0.0,O=C1N(CCN2Cc3ccccc3C2)CCN1c1cccc(Cl)c1,3,3
CHEMBL5741566,4.638272163982407,4.638272163982407,0.0,4.638272163982407,4.638272163982407,3,0.0,C[C@@H]1Cc2c([nH]c3ccccc23)[C@@H](c2nccc(OCCNCCCF)c2F)N1CC(F)(F)F,3,3
CHEMBL5741828,5.552841968657781,5.552841968657781,0.0,5.552841968657781,5.552841968657781,3,0.0,COc1ccc(OCCNCCCF)c(F)c1[C@@H]1c2[nH]c3ccccc3c2C[C@@H](C)N1CC1(F)COC1,3,3
CHEMBL5743400,5.376750709602099,5.376750709602099,0.0,5.376750709602099,5.376750709602099,3,0.0,C[C@@H]1Cc2c([nH]c3ccccc23)[C@@H](c2c(F)ccc(OCCNCCCF)c2Cl)N1CC(F)(F)CO,3,3
CHEMBL5743773,4.721246399047171,4.721246399047171,0.0,4.721246399047171,4.721246399047171,3,0.0,C[C@@H]1Cc2c([nH]c3ccccc23)[C@@H](c2nccc(OCCNCCCF)c2F)N1CC1(F)COC1,3,3
CHEMBL5749111,5.259637310505756,5.259637310505756,0.0,5.259637310505756,5.259637310505756,3,0.0,CS(=O)(=O)NC1CCN(c2ccc(-c3nc4ccncc4n3-c3ccc(Cl)cc3)cn2)CC1,3,3
CHEMBL5750839,5.259637310505756,5.259637310505756,0.0,5.259637310505756,5.259637310505756,3,0.0,Clc1ccc(-n2c(-c3ccc(N4CCOCC4)nc3)nc3ccncc32)cc1,3,3
CHEMBL5752521,5.309803919971486,5.309803919971486,0.0,5.309803919971486,5.309803919971486,3,0.0,COc1ncc(NCCNCCCF)cc1[C@@H]1c2[nH]c3ccccc3c2C[C@@H](C)N1CC(F)(F)F,3,3
CHEMBL5755360,5.259637310505756,5.259637310505756,0.0,5.259637310505756,5.259637310505756,3,0.0,Cc1ccc(-n2c(-c3ccc(N4CCOCC4)nc3)nc3ccncc32)c(F)c1,3,3
CHEMBL5760349,5.337242168318426,5.337242168318426,0.0,5.337242168318426,5.337242168318426,3,0.0,C[C@@H]1Cc2c([nH]c3ccc(F)cc23)[C@@H](c2c(F)ccc(OCCNCCCF)c2F)N1CC(F)(F)CO,3,3
CHEMBL5765975,5.004364805402449,5.004364805402449,0.0,5.004364805402449,5.004364805402449,3,0.0,C[C@@H]1Cc2c([nH]c3ccccc23)[C@@H](c2nccc(NCCNCCCF)c2F)N1CC(F)(F)F,3,3
CHEMBL5766240,5.0,5.0,0.0,5.0,5.0,3,0.0,Cc1c(OCCNCCCF)ccnc1[C@@H]1c2[nH]c3ccccc3c2C[C@@H](C)N1CC(F)(F)CO,3,3
CHEMBL5772929,5.698970004336019,5.698970004336019,0.0,5.698970004336019,5.698970004336019,3,0.0,C[C@@H]1Cc2c([nH]c3ccccc23)[C@@H](c2cccc(OCCNCCCF)c2C(F)F)N1CC(F)(F)CO,3,3
CHEMBL5775252,5.301029995663981,5.301029995663981,0.0,5.301029995663981,5.301029995663981,3,0.0,COc1ccc(NCCNCCCF)c(F)c1[C@@H]1c2[nH]c3ccccc3c2C[C@@H](C)N1CC(F)(F)F,3,3
CHEMBL5775436,5.3979400086720375,5.3979400086720375,0.0,5.3979400086720375,5.3979400086720375,3,0.0,COc1ccc(OCCNCCCF)c(F)c1[C@@H]1c2[nH]c3ccccc3c2C[C@@H](C)N1CC1(F)CC1,3,3
CHEMBL5785143,5.259637310505756,5.259637310505756,0.0,5.259637310505756,5.259637310505756,3,0.0,Clc1ccc(-n2c(-c3ccc(CN4CCOCC4)nc3)cc3ccncc32)cc1,3,3
CHEMBL5786268,5.259637310505756,5.259637310505756,0.0,5.259637310505756,5.259637310505756,3,0.0,O=c1cc(-c2cc3ccncc3n2-c2ccc(Cl)cc2)ccn1C1CC1,3,3
CHEMBL5787351,5.180456064458131,5.180456064458131,0.0,5.180456064458131,5.180456064458131,3,0.0,C[C@@H]1Cc2c([nH]c3ccccc23)[C@@H](c2nccc(OCCNCCCF)c2Cl)N1CC(F)(F)F,3,3
CHEMBL5787584,4.3979400086720375,4.3979400086720375,0.0,4.3979400086720375,4.3979400086720375,3,0.0,Cc1ccc(COC(=O)N2CC[C@H](CNc3nccn4cnnc34)C(F)(F)C2)cc1,3,3
CHEMBL5788221,5.366531544420414,5.366531544420413,0.0,5.366531544420413,5.366531544420413,3,0.0,C[C@@H]1Cc2c([nH]c3ccccc23)[C@@H](c2c(F)ccc(OCCN(C)CCCF)c2F)N1CC1(F)COC1,3,3
CHEMBL5789323,4.698970004336019,4.698970004336019,0.0,4.698970004336019,4.698970004336019,3,0.0,C[C@@H]1Cc2c([nH]c3ccccc23)[C@@H](c2nccc(OCCNCCCF)c2F)N1CC1(F)CC1,3,3
CHEMBL5792644,5.142667503568731,5.142667503568731,0.0,5.142667503568731,5.142667503568731,3,0.0,C[C@@H]1Cc2c([nH]c3ccccc23)[C@@H](c2ccnc(OCCNCCCF)c2)N1CC(F)(F)F,3,3
CHEMBL5793973,5.214670164989233,5.214670164989233,0.0,5.214670164989233,5.214670164989233,3,0.0,C[C@@H]1Cc2c([nH]c3ccccc23)[C@@H](c2c(F)cnc(OCCNCCCF)c2F)N1CC(F)(F)CO,3,3
CHEMBL5794076,4.7447274948966935,4.7447274948966935,0.0,4.7447274948966935,4.7447274948966935,3,0.0,C[C@@H]1Cc2c([nH]c3ccccc23)[C@@H](c2nccc(OCCNCCCF)c2F)N1CC(F)(F)CO,3,3
CHEMBL5796450,5.619788758288394,5.619788758288394,0.0,5.619788758288394,5.619788758288394,3,0.0,Cc1c(OCCNCCCF)ccc(F)c1[C@@H]1c2[nH]c3ccccc3c2C[C@@H](C)N1CCC#N,3,3
CHEMBL5799995,5.236572006437063,5.236572006437063,0.0,5.236572006437063,5.236572006437063,3,0.0,COCc1ccc(OCCNCCCF)cc1[C@@H]1c2[nH]c3ccccc3c2C[C@@H](C)N1CC(F)(F)F,3,3
CHEMBL5802422,5.221848749616356,5.221848749616356,0.0,5.221848749616356,5.221848749616356,3,0.0,C[C@@H]1Cc2c([nH]c3ccccc23)[C@@H](c2c(F)cnc(OCCNCCCF)c2F)N1CC1(F)CC1,3,3
CHEMBL5804138,5.568636235841012,5.568636235841012,0.0,5.568636235841012,5.568636235841012,3,0.0,COc1ccc(OCCNCCCF)cc1[C@@H]1c2[nH]c3ccc(F)cc3c2C[C@@H](C)N1CC(F)(F)CO,3,3
CHEMBL5806385,5.267606240177031,5.267606240177031,0.0,5.267606240177031,5.267606240177031,3,0.0,C[C@@H]1Cc2c([nH]c3ccccc23)[C@@H](c2cc(OCCNCCCF)ccc2C#N)N1CC(F)(F)F,3,3
CHEMBL5806518,5.494850021680094,5.494850021680094,0.0,5.494850021680094,5.494850021680094,3,0.0,COc1ccc(O[C@H](C)CNCCCF)cc1[C@@H]1c2[nH]c3ccccc3c2C[C@@H](C)N1CC(F)(F)CO,3,3
CHEMBL5808293,5.026872146400301,5.026872146400301,0.0,5.026872146400301,5.026872146400301,3,0.0,C[C@@H]1Cc2c([nH]c3ccc(F)cc23)[C@@H](c2c(F)cnc(OCCNCCCF)c2F)N1CC(F)(F)CO,3,3
CHEMBL5812119,4.943095148663527,4.943095148663527,0.0,4.943095148663527,4.943095148663527,3,0.0,Cc1ccc(C(F)(F)CN2CCC(Nc3ncnc4[nH]ccc34)CC2)nc1,3,3
CHEMBL5818403,5.113509274827518,5.113509274827518,0.0,5.113509274827518,5.113509274827518,3,0.0,C[C@@H]1Cc2c([nH]c3ccccc23)[C@@](C)(c2cccc(OCCNCCCF)c2)N1CC(F)(F)F,3,3
CHEMBL5821554,5.251811972993799,5.251811972993799,0.0,5.251811972993799,5.251811972993799,3,0.0,COc1ccc(OC[C@H](C)NCCCF)cc1[C@@H]1c2[nH]c3ccccc3c2C[C@@H](C)N1CC(F)(F)CO,3,3
CHEMBL5821714,5.346787486224656,5.346787486224656,0.0,5.346787486224656,5.346787486224656,3,0.0,Fc1ccc(C(F)(F)CN2CCC(Nc3ncnc4[nH]ccc34)CC2)cc1,3,3
CHEMBL5824583,6.259637310505756,6.259637310505756,0.0,6.259637310505756,6.259637310505756,3,0.0,Clc1ccc(-n2c(-c3cnc(N4CCOCC4)nc3)cc3ccncc32)cc1,3,3
CHEMBL5825800,5.259637310505756,5.259637310505756,0.0,5.259637310505756,5.259637310505756,3,0.0,Clc1ccc(-n2c(-c3ccc(Cn4ccnc4)cc3)nc3ccncc32)cc1,3,3
CHEMBL5830899,5.259637310505756,5.259637310505756,0.0,5.259637310505756,5.259637310505756,3,0.0,Fc1ccc(-n2c(-c3cnc(NCC4CC4)nc3)nc3ccncc32)cc1,3,3
CHEMBL5832006,5.301029995663981,5.301029995663981,0.0,5.301029995663981,5.301029995663981,3,0.0,Cc1c(OCCNCCCF)cncc1[C@@H]1c2[nH]c3ccccc3c2C[C@@H](C)N1CC(F)(F)F,3,3
CHEMBL5832261,5.236572006437063,5.236572006437063,0.0,5.236572006437063,5.236572006437063,3,0.0,C[C@@H]1Cc2c([nH]c3ccccc23)[C@@H](c2c(F)c(F)cc(OCCNCCCF)c2F)N1CC(F)(F)F,3,3
CHEMBL5834106,5.301029995663981,5.301029995663981,0.0,5.301029995663981,5.301029995663981,3,0.0,C[C@@H]1Cc2c([nH]c3cccc(F)c23)[C@@H](c2c(F)ccc(OCCNCCCF)c2F)N1CC(F)(F)CO,3,3
CHEMBL5837180,5.508638306165726,5.508638306165727,0.0,5.508638306165727,5.508638306165727,3,0.0,COc1ccc(NCCNCCCF)nc1[C@@H]1c2[nH]c3ccccc3c2C[C@@H](C)N1CC(F)(F)F,3,3
CHEMBL5839498,5.568636235841012,5.568636235841012,0.0,5.568636235841012,5.568636235841012,3,0.0,C[C@@H]1Cc2c([nH]c3cc(F)ccc23)[C@@H](c2c(F)ccc(OCCNCCCF)c2F)N1CC(F)(F)CO,3,3
CHEMBL5841669,5.221848749616356,5.221848749616356,0.0,5.221848749616356,5.221848749616356,3,0.0,FC(F)(F)c1ccc(C(F)(F)CN2CCC(Nc3ncnc4[nH]ccc34)CC2)cn1,3,3
CHEMBL5846320,5.259637310505756,5.259637310505756,0.0,5.259637310505756,5.259637310505756,3,0.0,Cn1cncc1-c1cc2ccncc2n1-c1ccc(Cl)cc1,3,3
CHEMBL5846746,5.568636235841012,5.568636235841012,0.0,5.568636235841012,5.568636235841012,3,0.0,COc1ccc(O[C@@H](C)CNCCCF)cc1[C@@H]1c2[nH]c3ccccc3c2C[C@@H](C)N1CC(F)(F)CO,3,3
CHEMBL5849595,5.552841968657781,5.552841968657781,0.0,5.552841968657781,5.552841968657781,3,0.0,Cc1c(OCCNCCCF)ncc(F)c1[C@@H]1c2[nH]c3ccccc3c2C[C@@H](C)N1CC(F)(F)CO,3,3
CHEMBL5850263,5.259637310505756,5.259637310505756,0.0,5.259637310505756,5.259637310505756,3,0.0,Clc1ccc(-n2c(-c3ccncc3Cl)cc3ccncc32)cc1,3,3
CHEMBL5850426,5.060480747381382,5.060480747381382,0.0,5.060480747381382,5.060480747381382,3,0.0,COc1ncc(OCCNCCCF)cc1[C@@H]1c2[nH]c3ccccc3c2C[C@@H](C)N1CC(F)(F)F,3,3
CHEMBL5855181,5.387216143280265,5.3872161432802645,0.0,5.3872161432802645,5.3872161432802645,3,0.0,C[C@@H]1Cc2c([nH]c3ccccc23)[C@@H](c2c(F)ccc(OCCNCCCF)c2F)N1CC(F)F,3,3
CHEMBL5860863,5.259637310505756,5.259637310505756,0.0,5.259637310505756,5.259637310505756,3,0.0,c1ccc(-n2c(-c3cnc(N4CCOCC4)nc3)cc3ccncc32)cc1,3,3
CHEMBL5861408,5.200659450546418,5.200659450546418,0.0,5.200659450546418,5.200659450546418,3,0.0,C[C@@H]1Cc2c([nH]c3ccccc23)[C@@H](c2cc(OCCNCCCF)ccc2CO)N1CC(F)(F)F,3,3
CHEMBL5869828,5.259637310505756,5.259637310505756,0.0,5.259637310505756,5.259637310505756,3,0.0,Clc1ccc(-n2c(-c3cnc(N4CCOCC4)nc3)nc3ccncc32)cc1,3,3
CHEMBL5871237,5.585026652029182,5.585026652029182,0.0,5.585026652029182,5.585026652029182,3,0.0,COc1cc(F)c(NCCNCCCF)cc1[C@@H]1c2[nH]c3ccccc3c2C[C@@H](C)N1CC(F)(F)F,3,3
CHEMBL5874010,5.42021640338319,5.42021640338319,0.0,5.42021640338319,5.42021640338319,3,0.0,COc1ccc(OCCNCCCF)cc1[C@@H]1c2[nH]c3ccccc3c2C[C@@H](C)N1CC(F)(F)F,3,3
CHEMBL5874469,5.214670164989233,5.214670164989233,0.0,5.214670164989233,5.214670164989233,3,0.0,C[C@@H]1Cc2c([nH]c3ccc(F)cc23)[C@@H](c2c(F)ccc(NCCNCCCF)c2F)N1CC(F)(F)CO,3,3
CHEMBL5886475,5.4685210829577455,5.468521082957745,0.0,5.468521082957745,5.468521082957745,3,0.0,C[C@@H]1Cc2c([nH]c3ccccc23)[C@@H](c2cccc(OCCNCCCF)n2)N1CC(F)(F)F,3,3
CHEMBL5890757,6.259637310505756,6.259637310505756,0.0,6.259637310505756,6.259637310505756,3,0.0,Cc1ccc(-n2c(-c3cnc(N4CCOCC4)nc3)cc3ccncc32)nc1,3,3
CHEMBL5892384,5.259637310505756,5.259637310505756,0.0,5.259637310505756,5.259637310505756,3,0.0,Clc1ccc(-n2c(-c3cccnc3)cc3ccncc32)cc1,3,3
CHEMBL5900752,5.259637310505756,5.259637310505756,0.0,5.259637310505756,5.259637310505756,3,0.0,Fc1cnccc1-c1cc2ccncc2n1-c1ccc(Cl)cc1,3,3
CHEMBL5902781,5.5376020021010435,5.537602002101044,0.0,5.537602002101044,5.537602002101044,3,0.0,C[C@@H]1Cc2c([nH]c3ccccc23)[C@@H](c2cc(OCCNCCCF)ccc2Cl)N1CC(F)(F)CO,3,3
CHEMBL5908705,5.387216143280265,5.3872161432802645,0.0,5.3872161432802645,5.3872161432802645,3,0.0,COc1ccc(NCCNCCCF)cc1[C@@H]1c2[nH]c3ccccc3c2C[C@@H](C)N1CC(F)(F)F,3,3
CHEMBL5912040,5.356547323513812,5.356547323513812,0.0,5.356547323513812,5.356547323513812,3,0.0,C[C@@H]1Cc2c([nH]c3c(F)cccc23)[C@@H](c2c(F)ccc(OCCNCCCF)c2F)N1CC(F)(F)CO,3,3
CHEMBL5926142,5.09151498112135,5.09151498112135,0.0,5.09151498112135,5.09151498112135,3,0.0,C[C@@H]1Cc2c([nH]c3ccccc23)[C@@H](c2c(F)cnc(OCCNCCCF)c2F)N1CC(F)(F)F,3,3
CHEMBL5926234,5.275724130399211,5.275724130399211,0.0,5.275724130399211,5.275724130399211,3,0.0,COc1ccc(OC[C@@H](C)NCCCF)cc1[C@@H]1c2[nH]c3ccccc3c2C[C@@H](C)N1CC(F)(F)CO,3,3
CHEMBL5926652,5.366531544420414,5.366531544420413,0.0,5.366531544420413,5.366531544420413,3,0.0,C[C@@H]1Cc2c([nH]c3ccccc23)[C@@H](c2ccnc(OCCNCCCF)c2Cl)N1CC(F)(F)CO,3,3
CHEMBL5927233,5.1487416512809245,5.1487416512809245,0.0,5.1487416512809245,5.1487416512809245,3,0.0,COc1cnc(NCCNCCCF)cc1[C@@H]1c2[nH]c3ccccc3c2C[C@@H](C)N1CC(F)(F)F,3,3
CHEMBL5927490,5.366531544420414,5.366531544420413,0.0,5.366531544420413,5.366531544420413,3,0.0,Cc1c([C@@H]2c3[nH]c4ccccc4c3C[C@@H](C)N2CC(F)(F)CO)ccnc1OCCNCCCF,3,3
CHEMBL5930565,5.292429823902063,5.292429823902063,0.0,5.292429823902063,5.292429823902063,3,0.0,COc1c(F)cc(OCCNCCCF)c(F)c1[C@@H]1c2[nH]c3ccccc3c2C[C@@H](C)N1CC(F)(F)F,3,3
CHEMBL5933849,5.2839966563652006,5.2839966563652006,0.0,5.2839966563652006,5.2839966563652006,3,0.0,C[C@@H]1Cc2c([nH]c3ccccc23)[C@@H](c2cccc(OCCNCCCF)c2Cl)N1CC(F)(F)F,3,3
CHEMBL5933859,5.585026652029182,5.585026652029182,0.0,5.585026652029182,5.585026652029182,3,0.0,C[C@@H]1Cc2c([nH]c3ccccc23)[C@@H](c2c(F)ccc(OCCNCCCF)c2F)N1CC1(F)COC1,3,3
CHEMBL5934302,5.318758762624412,5.318758762624412,0.0,5.318758762624412,5.318758762624412,3,0.0,COc1c(F)cc(OCCNCCCF)cc1[C@@H]1c2[nH]c3ccccc3c2C[C@@H](C)N1CC(F)(F)F,3,3
CHEMBL5936875,5.229147988357855,5.229147988357855,0.0,5.229147988357855,5.229147988357855,3,0.0,Cc1c(OCCNCCCF)ncnc1[C@@H]1c2[nH]c3ccccc3c2C[C@@H](C)N1CC(F)(F)F,3,3
CHEMBL5943322,5.455931955649724,5.455931955649724,0.0,5.455931955649724,5.455931955649724,3,0.0,Cc1ncc(OCCNCCCF)cc1[C@@H]1c2[nH]c3ccccc3c2C[C@@H](C)N1CC(F)(F)F,3,3
CHEMBL5952392,5.4089353929735005,5.4089353929735005,0.0,5.4089353929735005,5.4089353929735005,3,0.0,COc1ccc(OCCNCCCF)c(F)c1[C@@H]1c2[nH]c3ccccc3c2C[C@@H](C)N1CC(F)(F)CO,3,3
CHEMBL5954593,5.4089353929735005,5.4089353929735005,0.0,5.4089353929735005,5.4089353929735005,3,0.0,C[C@@H]1Cc2c([nH]c3ccccc23)[C@@H](c2cc(OCCNCCCF)ncc2F)N1CC(F)(F)F,3,3
CHEMBL5959655,4.958607314841775,4.958607314841775,0.0,4.958607314841775,4.958607314841775,3,0.0,Cc1c(OCCNCCCF)ncnc1[C@@H]1c2[nH]c3ccccc3c2C[C@@H](C)N1CC(F)(F)CO,3,3
CHEMBL5965551,5.292429823902063,5.292429823902063,0.0,5.292429823902063,5.292429823902063,3,0.0,C[C@@H]1Cc2c([nH]c3ccccc23)[C@@H](c2c(F)cnc(OCCNCCCF)c2Cl)N1CC(F)(F)CO,3,3
CHEMBL5967894,5.387216143280265,5.3872161432802645,0.0,5.3872161432802645,5.3872161432802645,3,0.0,COc1ccc(OCCNCCCF)c(C)c1[C@@H]1c2[nH]c3ccccc3c2C[C@@H](C)N1CC(F)(F)F,3,3
CHEMBL5969609,5.318758762624412,5.318758762624412,0.0,5.318758762624412,5.318758762624412,3,0.0,C[C@@H]1Cc2c([nH]c3ccccc23)[C@@H](c2c(F)ccc(NCCNCCCF)c2F)N1CC(F)(F)F,3,3
CHEMBL5970123,5.142667503568731,5.142667503568731,0.0,5.142667503568731,5.142667503568731,3,0.0,Cc1c(NCCNCCCF)ccnc1[C@@H]1c2[nH]c3ccccc3c2C[C@@H](C)N1CC(F)(F)F,3,3
CHEMBL5972799,5.376750709602099,5.376750709602099,0.0,5.376750709602099,5.376750709602099,3,0.0,C[C@@H]1Cc2c([nH]c3ccccc23)[C@@H](c2cc(OCCNCCCF)ccc2Cl)N1CC(F)(F)F,3,3
CHEMBL5973051,5.267606240177031,5.267606240177031,0.0,5.267606240177031,5.267606240177031,3,0.0,C[C@@H]1Cc2c([nH]c3ccccc23)[C@@H](c2c(F)ccc(OCCNCCCF)c2F)N1CC1(S(C)(=O)=O)CC1,3,3
CHEMBL5974706,5.4089353929735005,5.4089353929735005,0.0,5.4089353929735005,5.4089353929735005,3,0.0,COc1ccc(OCCNCCCF)c(F)c1[C@@H]1c2[nH]c3ccc(F)cc3c2C[C@@H](C)N1CC(F)(F)CO,3,3
CHEMBL5975525,5.376750709602099,5.376750709602099,0.0,5.376750709602099,5.376750709602099,3,0.0,C[C@@H]1Cc2c([nH]c3ccccc23)[C@@H](c2c(F)ccc(OCCNCCCF)c2F)N1CC1(F)CC1,3,3
CHEMBL5978538,5.017728766960431,5.017728766960431,0.0,5.017728766960431,5.017728766960431,3,0.0,C[C@@H]1Cc2c([nH]c3ccccc23)[C@@H](c2c(F)ccc(OCCNCCCF)c2F)N1CC(F)(F)F,3,3
CHEMBL5986354,6.259637310505756,6.259637310505756,0.0,6.259637310505756,6.259637310505756,3,0.0,Clc1ccc(-n2c(-c3cnc(NC4CCOCC4)nc3)cc3ccncc32)cc1,3,3
CHEMBL5988920,5.568636235841012,5.568636235841012,0.0,5.568636235841012,5.568636235841012,3,0.0,C[C@@H]1Cc2c([nH]c3ccccc23)[C@@H](c2cccc(OCCNCCCF)c2C#N)N1CC(F)(F)F,3,3
CHEMBL5991143,5.136677139879544,5.136677139879544,0.0,5.136677139879544,5.136677139879544,3,0.0,Cc1c([C@@H]2c3[nH]c4ccccc4c3C[C@@H](C)N2CC(F)(F)F)ccnc1OCCNCCCF,3,3
CHEMBL5998681,5.455931955649724,5.455931955649724,0.0,5.455931955649724,5.455931955649724,3,0.0,Cc1ccc(OCCNCCCF)nc1[C@@H]1c2[nH]c3ccccc3c2C[C@@H](C)N1CC(F)(F)F,3,3
CHEMBL6004070,5.2441251443275085,5.2441251443275085,0.0,5.2441251443275085,5.2441251443275085,3,0.0,C[C@@H]1Cc2c([nH]c3ccc(F)cc23)[C@@H](c2c(F)cnc(OCCN(C)CCCF)c2F)N1CC(F)(F)CO,3,3
CHEMBL6004869,4.958607314841775,4.958607314841775,0.0,4.958607314841775,4.958607314841775,3,0.0,C[C@@H]1Cc2c([nH]c3ccccc23)[C@@H](c2cc(F)cc(OCCNCCCF)c2F)N1CC(F)(F)F,3,3
CHEMBL6006180,5.022276394711152,5.022276394711152,0.0,5.022276394711152,5.022276394711152,3,0.0,FC(F)(F)c1ccc(C(F)(F)CN2CCC(Nc3ncnc4[nH]ccc34)CC2)nc1,3,3
CHEMBL6007627,5.327902142064282,5.327902142064282,0.0,5.327902142064282,5.327902142064282,3,0.0,Cc1ccc2[nH]c3c(c2c1)C[C@@H](C)N(CC(F)(F)CO)[C@@H]3c1c(F)ccc(OCCNCCCF)c1F,3,3
CHEMBL6007833,5.251811972993799,5.251811972993799,0.0,5.251811972993799,5.251811972993799,3,0.0,C[C@@H]1Cc2c([nH]c3ccccc23)[C@@H](c2cc(OCCNCCCF)ccn2)N1CC(F)(F)F,3,3
CHEMBL6011841,5.638272163982407,5.638272163982407,0.0,5.638272163982407,5.638272163982407,3,0.0,C[C@@H]1Cc2c([nH]c3ccccc23)[C@@H](c2cc(OCCNCCCF)cc(F)c2F)N1CC(F)(F)F,3,3
CHEMBL6013533,5.1487416512809245,5.1487416512809245,0.0,5.1487416512809245,5.1487416512809245,3,0.0,C[C@@H]1Cc2c([nH]c3ccccc23)[C@@H](c2cncc(OCCNCCCF)c2)N1CC(F)(F)F,3,3
CHEMBL6016064,6.259637310505756,6.259637310505756,0.0,6.259637310505756,6.259637310505756,3,0.0,Cc1ccc(-n2c(-c3cnc(N4CCOCC4)nc3)cc3ccncc32)cc1,3,3
CHEMBL6016138,5.154901959985743,5.154901959985743,0.0,5.154901959985743,5.154901959985743,3,0.0,FC(F)(CN1CCC(Nc2ncnc3[nH]ccc23)CC1)c1ccc(Cl)cn1,3,3
CHEMBL6016292,5.259637310505756,5.259637310505756,0.0,5.259637310505756,5.259637310505756,3,0.0,Clc1ccc(-n2c(-c3ccc(N4CCOCC4)nn3)nc3ccncc32)cc1,3,3
CHEMBL6020463,5.259637310505756,5.259637310505756,0.0,5.259637310505756,5.259637310505756,3,0.0,Nc1cc(-c2cc3ccncc3n2-c2ccc(Cl)cc2)ccn1,3,3
CHEMBL6021270,4.721246399047171,4.721246399047171,0.0,4.721246399047171,4.721246399047171,3,0.0,COc1nnc(OCCNCCCF)cc1[C@@H]1c2[nH]c3ccccc3c2C[C@@H](C)N1CC(F)(F)F,3,3
CHEMBL6025725,4.552841968657781,4.552841968657781,0.0,4.552841968657781,4.552841968657781,3,0.0,Cc1ccc(C(F)(F)CN2CCC(Nc3ncnc4[nH]ccc34)CC2)cn1,3,3
CHEMBL6029215,5.259637310505756,5.259637310505756,0.0,5.259637310505756,5.259637310505756,3,0.0,O=c1cc(-c2cc3ccncc3n2-c2ccc(Cl)cc2)cc[nH]1,3,3
CHEMBL6039551,5.086186147616283,5.086186147616283,0.0,5.086186147616283,5.086186147616283,3,0.0,COc1cnc(OCCNCCCF)cc1[C@@H]1c2[nH]c3ccccc3c2C[C@@H](C)N1CC(F)(F)F,3,3
CHEMBL6051179,5.259637310505756,5.259637310505756,0.0,5.259637310505756,5.259637310505756,3,0.0,COc1ccc(OCCNCCCF)cc1[C@@H]1c2[nH]c3ccccc3c2C[C@@H](C)N1CC1(F)CC1,3,3
CHEMBL6051199,5.443697499232712,5.443697499232712,0.0,5.443697499232712,5.443697499232712,3,0.0,COc1cc(F)c(OCCNCCCF)cc1[C@@H]1c2[nH]c3ccccc3c2C[C@@H](C)N1CC(F)(F)F,3,3
CHEMBL6052945,4.860120913598763,4.860120913598763,0.0,4.860120913598763,4.860120913598763,3,0.0,Cc1cnc(C(F)(F)CN2CCC(Nc3ncnc4[nH]ccc34)CC2)cn1,3,3
CHEMBL6054685,5.267606240177031,5.267606240177031,0.0,5.267606240177031,5.267606240177031,3,0.0,Cc1ccc2[nH]c3c(c2c1)C[C@@H](C)N(CC(F)(F)CO)[C@@H]3c1c(F)cnc(OCCNCCCF)c1F,3,3
CHEMBL6056553,5.0,5.0,0.0,5.0,5.0,3,0.0,Cc1ccc(OCCNCCCF)c(C)c1[C@@H]1c2[nH]c3ccccc3c2C[C@@H](C)N1CC(F)(F)F,3,3
CHEMBL60796,9.0,9.0,0.0,9.0,9.0,3,0.0,Oc1ccc(CCN2CCC(Nc3nc4ccccc4n3Cc3ccc(F)cc3)CC2)cc1,3,3
CHEMBL94664,6.699991797446187,6.699991797446187,0.0,6.699991797446187,6.699991797446187,3,0.0,COc1ccc(C2CCN(CCC3CCOc4ccccc43)CC2)cc1OC,3,3
CHEMBL271127,3.594993576446138,3.594993576446138,4.702251010613263,0.27000000000020385,6.919987152892072,2,6.649987152891868,COc1ccccc1Oc1ccccc1CN1CCC2(CC1)CCN(C(=O)c1ccccn1)CC2,1,1
CHEMBL5944633,6.952939202079719,6.952939202079719,3.1228829448892803,4.7447274948966935,9.161150909262744,2,4.416423414366051,C[C@@H]1Cc2c(ccc3[nH]nc(F)c23)[C@@H](c2cnc(NC3CN(CCCF)C3)cn2)N1CC(F)(F)F,2,2
CHEMBL4749445,6.682258126592544,6.682258126592544,2.9891127436294798,4.568636235841013,8.795880017344075,2,4.227243781503062,C[C@@H]1Cc2c(ccc3[nH]ncc23)[C@@H](c2ccc(NC3CN(CCCF)C3)c(F)n2)N1CC(F)(F)F,2,2
CHEMBL3954438,5.9830168577103775,5.9830168577103775,2.9887291176293274,3.8696662315049934,8.096367483915762,2,4.226701252410768,Fc1ccc(-c2cnn(Cc3cc[nH]n3)c2)cc1OC(F)F,2,2
CHEMBL4777139,6.940372055361031,6.940372055361031,2.9507567266404324,4.853871964321762,9.0268721464003,2,4.173000182078539,C[C@@H]1Cc2c(ccc3[nH]nc(F)c23)[C@@H](c2ccc(NC3CN(CCCF)C3)c(F)n2)N1CC(F)(F)F,2,2
CHEMBL4754652,6.853871964321762,6.853871964321762,2.8284271247461903,4.853871964321762,8.853871964321762,2,4.0,C[C@@H]1Cc2c(ccc3[nH]nc(F)c23)[C@@H](c2ncc(NC3CN(CCCF)C3)cc2F)N1CC(F)(F)F,2,2
CHEMBL6009034,7.096943944915454,7.096943944915454,2.8207494105189355,5.102372908709558,9.09151498112135,2,3.9891420724117914,C[C@@H]1Cc2c(ccc3[nH]ncc23)[C@@H](c2ccc(NC3CN(CCCF)C3)cc2)N1CC(F)(F)F,2,2
CHEMBL4754747,6.470029055969023,6.470029055969023,2.7113119804821295,4.552841968657781,8.387216143280265,2,3.834374174622484,C[C@@H]1Cc2c(ccc3[nH]ncc23)[C@@H](c2ccc(NC3CN(CCCF)C3)cn2)N1CC(F)F,2,2
CHEMBL3927856,6.181807210316995,6.181807210316995,2.6909556026004844,4.279014255846261,8.08460016478773,2,3.8055859089414694,FC(F)Oc1cc(-c2cnn(Cc3cn[nH]c3)c2)ccc1Cl,2,2
CHEMBL5787348,6.771816983435478,6.771816983435478,2.6668678421920236,4.886056647693163,8.657577319177793,2,3.7715206714846303,C[C@@H]1Cc2c(ccc3[nH]ncc23)[C@@H](c2c(F)cc(NC3CN(CCCF)C3)cc2F)N1CC(F)(F)CO,2,2
CHEMBL5985085,6.955047444280301,6.955047444280301,2.642968991936422,5.086186147616283,8.823908740944319,2,3.7377225933280354,C[C@@H]1Cc2c(ccc3[nH]ncc23)[C@@H](c2c(F)cc(NC3CN(CCCF)C3)cc2F)N1CC(F)F,2,2
CHEMBL1223951,7.368774455134785,7.368774455134785,2.6104907476024715,5.522878745280337,9.214670164989233,2,3.6917914197088955,NC(=O)c1cccc(O[C@@H]2C[C@H]3CC[C@@H](C2)N3Cc2ccccc2)c1,2,2
CHEMBL5810295,6.727346441767088,6.727346441767088,2.6039769990385073,4.886056647693163,8.568636235841012,2,3.682579588147849,C[C@@H]1Cc2c(ccc3[nH]ncc23)[C@@H](c2cnc(NC3CN(CCCF)C3)cn2)N1CC(F)F,2,2
CHEMBL214731,6.610924374808178,6.610924374808178,2.5272217455830233,4.823908740944319,8.397940008672037,2,3.574031267727719,O=C(NC1CCN(Cc2ccc3c(c2)OCO3)CC1)c1cc(=O)c2cc(F)ccc2o1,2,2
CHEMBL4797729,6.69466991845506,6.69466991845506,2.508604374471005,4.920818753952375,8.468521082957745,2,3.5477023290053697,CC1(C)Cc2c(ccc3[nH]ncc23)[C@@H](c2ccc(NC3CN(CCCF)C3)cn2)N1CC(F)F,2,2
CHEMBL6008411,7.1164220669589096,7.1164220669589096,2.502641224518807,5.346787486224656,8.886056647693163,2,3.539269161468507,C[C@@H]1Cc2c(ccc3[nH]ncc23)[C@@H](c2ccc(NC3CN(CCCF)C3)nc2F)N1CC(F)(F)F,2,2
CHEMBL4780699,6.796900288168343,6.796900288168343,2.483276539284366,5.040958607678906,8.55284196865778,2,3.5118833609788744,FCCCN1CC(Nc2ccc([C@@H]3c4ccc5[nH]ncc5c4C[C@@H](C(F)F)N3CC(F)F)nc2)C1,2,2
CHEMBL5777517,6.548455006504028,6.548455006504028,2.4785153187458855,4.795880017344075,8.301029995663981,2,3.5051499783199063,C[C@@H]1Cc2c(ccc3[nH]ncc23)[C@@H](c2ccc(N(C)C3CN(CCCF)C3)cn2)N1CC1(F)CC1,2,2
CHEMBL5746935,6.420818753952375,6.420818753952375,2.435061854062606,4.698970004336019,8.142667503568731,2,3.4436974992327123,COc1cc(NC2CN(CCCF)C2)cnc1[C@@H]1c2ccc3[nH]ncc3c2C[C@@H](C)N1CC(F)(F)F,2,2
CHEMBL5783757,6.903437700822769,6.903437700822769,2.4272869432612896,5.187086643357144,8.619788758288394,2,3.4327021149312493,C[C@@H]1Cc2c(ccc3[nH]ncc23)[C@@H](c2ccc(NC3CN(CCCF)C3)c(F)c2)N1CC(F)(F)F,2,2
CHEMBL5864206,6.7158991379665025,6.7158991379665025,2.4266478325765304,5.0,8.431798275933005,2,3.431798275933005,COCC(F)(F)CN1[C@H](c2ccc(NC3CN(CCCF)C3)cc2OC)c2ccc3[nH]ncc3c2C[C@H]1C,2,2
CHEMBL5887380,6.33519937582174,6.33519937582174,2.425956960354465,4.619788758288394,8.050609993355087,2,3.430821235066693,CC(C)CN1[C@H](c2ccc(NC3CN(CCCF)C3)cn2)c2ccc3[nH]ncc3c2C[C@H]1C,2,2
CHEMBL5931292,7.086315363473087,7.086315363473087,2.417689519258017,5.376750709602099,8.795880017344075,2,3.4191293077419758,COc1cc(NC2CN(CCCF)C2)ccc1[C@]1(C)c2ccc3[nH]ncc3c2C[C@@H](C)N1CC(F)F,2,2
CHEMBL4758424,6.976752417832646,6.976752417832646,2.405617274068643,5.275724130399211,8.67778070526608,2,3.4020565748668696,COc1cc(NC2CN(CCCF)C2)ccc1[C@@H]1c2ccc3[nH]ncc3c2C[C@@H](C)N1CC(F)F,2,2
CHEMBL6018540,6.465350993942235,6.465350993942235,2.39822323931741,4.769551078621726,8.161150909262744,2,3.3915998306410184,COCC(C)(F)CN1[C@H](c2ccc(NC3CN(CCCF)C3)cc2OC)c2ccc3[nH]ncc3c2C[C@H]1C,2,2
CHEMBL4751971,6.550363406341198,6.550363406341198,2.3536851900292564,4.886056647693163,8.214670164989233,2,3.32861351729607,COc1cc(NC2CN(CCCF)C2)ccc1[C@@H]1c2ccc3[nH]ncc3c2C[C@@H](C)N1CC(C)(C)F,2,2
CHEMBL5884532,6.761294656046374,6.761294656046374,2.346069633999398,5.102372908709558,8.42021640338319,2,3.3178434946736317,C[C@@H]1Cc2c(ccc3[nH]ncc23)[C@@H](c2cnc(NC3CN(CCCF)C3)cn2)N1CC(F)(F)F,2,2
CHEMBL4743256,6.926316446103106,6.926316446103106,2.3457704692673254,5.267606240177031,8.585026652029182,2,3.317420411852151,COc1cc(NC2CN(CCCF)C2)ccc1[C@@H]1c2ccc3[nH]ncc3c2C[C@@H](C)N1CC(C)(F)F,2,2
CHEMBL3897632,6.651352192212188,6.651352192212188,2.307727952700522,5.0195421077239,8.283162276700475,2,3.2636201689765745,FC(F)Oc1cc(-c2cnn(Cc3cc[nH]n3)c2)ccc1Cl,2,2
CHEMBL4759597,6.676015270818514,6.676015270818514,2.217642250407579,5.107905397309519,8.244125144327509,2,3.1362197470179893,COc1cc(NC2CN(CCCF)C2)ccc1[C@@H]1c2ccc3[nH]ncc3c2C[C@@H](C)N1CC(F)(F)F,2,2
CHEMBL4787725,6.451892707326797,6.451892707326797,2.2144265919867316,4.886056647693163,8.017728766960431,2,3.131672119267268,C[C@@H]1Cc2c(ccc3[nH]ncc23)[C@@](C)(c2ccc(NC3CN(CCCF)C3)cn2)N1CC(F)F,2,2
CHEMBL53321,4.205317024780754,4.205317024780754,2.12883975058653,2.7000000010815404,5.710634048479968,2,3.010634047398428,CCC(=O)c1cn(-c2ccc(F)cc2)c2ccc(Cl)cc12,2,2
CHEMBL52794,3.8409943014884838,3.8409943014884838,2.122726498727233,2.33999999963408,5.341988603342887,2,3.0019886037088073,CC(O)c1cn(-c2ccc(F)cc2)c2ccc(Cl)cc12,2,2
CHEMBL216680,5.8214816209598865,5.8214816209598865,2.121320343559643,4.321481620959886,7.3214816209598865,2,3.000000000000001,CC(=O)Nc1ccc(CN2CCC(NC(=O)c3cc(=O)c4ccc(F)cc4o3)CC2)cc1,2,2
CHEMBL502835,7.085026652029182,7.085026652029182,2.1213203435596424,5.585026652029182,8.585026652029182,2,3.0,COC(=O)c1ccc2c(c1)NC(=O)/C2=C(\Nc1ccc(N(C)C(=O)CN2CCN(C)CC2)cc1)c1ccccc1,2,2
CHEMBL532,5.9089353929735005,5.9089353929735005,2.1213203435596424,4.4089353929735005,7.4089353929735005,2,3.0,CC[C@H]1OC(=O)[C@H](C)[C@@H](O[C@H]2C[C@@](C)(OC)[C@@H](O)[C@H](C)O2)[C@H](C)[C@@H](O[C@@H]2O[C@H](C)C[C@H](N(C)C)[C@H]2O)[C@](C)(O)C[C@@H](C)C(=O)[C@H](C)[C@@H](O)[C@]1(C)O,2,2
CHEMBL572996,4.886158178123931,4.886158178123931,2.1213203435596424,3.3861581781239307,6.386158178123931,2,3.0,CC[C@H]1OC(=O)[C@H](C)[C@@H](O[C@H]2C[C@@](C)(OC)[C@@H](O)[C@H](C)O2)[C@H](C)[C@@H](O[C@@H]2O[C@H](C)C[C@H](N(C)C(C)C)[C@H]2O)[C@](C)(O)C[C@@H](C)[C@H](OCC(=O)NC)[C@H](C)[C@@H](O)[C@]1(C)O,2,2
CHEMBL486278,6.428117992693874,6.428117992693874,2.121320343559642,4.928117992693875,7.928117992693874,2,2.999999999999999,COc1ccc(CC(C)(C)NC[C@H](O)COc2cccc3[nH]c(=O)[nH]c23)cc1,2,2
CHEMBL299390,4.329869142033596,4.329869142033596,2.1211352832094446,2.8299999994621503,5.8297382846050425,2,2.999738285142892,CCC(CC)c1cn(-c2ccc(F)cc2)c2ccc(Cl)cc12,2,2
CHEMBL53866,4.158788659980911,4.158788659980911,2.1196072489672173,2.660000000784029,5.657577319177793,2,2.9975773183937644,CCC(O)c1cn(-c2ccc(F)cc2)c2ccc(Cl)cc12,2,2
CHEMBL300907,3.9579659781082643,3.9579659781082643,2.118443801412604,2.4600000005668043,5.455931955649724,2,2.99593195508292,CCc1cn(-c2ccc(F)cc2)c2ccc(Cl)cc12,2,2
CHEMBL52348,3.0875133259950647,3.0875133259950647,2.117803655511891,1.5899999999609475,4.585026652029182,2,2.9950266520682343,CCCc1cn(-c2ccc(F)cc2)c2ccc(Cl)cc12,2,2
CHEMBL214768,6.575751490954817,6.575751490954817,2.114008270183068,5.080921907623926,8.070581074285707,2,2.989659166661781,COc1ccc(CN2CCC(NC(=O)c3cc(=O)c4ccc(F)cc4o3)CC2)cc1F,2,2
CHEMBL3983077,5.853871964321762,5.853871964321762,1.9769857196479577,4.455931955649724,7.251811972993799,2,2.795880017344075,CCc1[nH]ncc1Cn1cc(-c2ccc(Cl)c(OC(F)F)c2)cn1,2,2
CHEMBL3936854,5.6025608758118715,5.6025608758118715,1.8694378246202377,4.280668713016273,6.924453038607469,2,2.643784325591196,Cn1cc(Cn2cc(-c3ccc(Cl)c(OC(F)F)c3)cn2)cn1,2,2
CHEMBL6051128,6.828788659588897,6.828788659588897,1.5978048652807524,5.698970004336019,7.958607314841775,2,2.259637310505756,COc1cc(N(C)C2CN(CCCF)C2)ccc1[C@@H]1c2ccc3[nH]ncc3c2C[C@@H](C)N1CC1(F)CC1,2,2
CHEMBL3093969,7.186393906253336,7.186393906253336,1.5887416775059524,6.062983892535186,8.309803919971486,2,2.2468200274363,CCCCCCCN(CC)CC#CCc1ccc(Cl)cc1,2,1
CHEMBL448,2.761032582850901,2.761032582850901,1.5824589151495512,1.642065152999546,3.880000012702256,2,2.23793485970271,CCCC(C)C1(CC)C(=O)NC(=O)NC1=O,2,2
CHEMBL3975087,6.422369947390646,6.422369947390646,1.5543105882413517,5.323306390375134,7.521433504406157,2,2.1981271140310232,FC(F)c1cc(-c2cnn(Cc3cc[nH]n3)c2)ccc1Cl,2,2
CHEMBL4782998,6.646087215833884,6.646087215833884,1.523745788698102,5.568636235841012,7.723538195826756,2,2.154901959985744,N#Cc1cncc(NC(=O)COc2ccc(C(=O)c3cc(Cl)ccc3Br)cc2)c1,2,1
CHEMBL3966599,6.099136288270488,6.099136288270488,1.423473336454297,5.092588639225414,7.105683937315561,2,2.013095298090147,Cn1ccc(Cn2cc(-c3ccc(Cl)c(OC(F)F)c3)cn2)n1,2,2
CHEMBL1118,2.650000002720549,2.650000002720549,1.3435028881114575,1.699999999993226,3.600000005447872,2,1.900000005454646,CN(C)CC(c1ccc(O)cc1)C1(O)CCCCC1,2,1
CHEMBL270190,2.1500000012846705,2.1500000012846705,1.3435028860905192,1.1999999999863666,3.1000000025829744,2,1.9000000025966077,C[C@H]1CN(C[C@H](Cc2ccccc2)C(=O)NCC(=O)O)CC[C@@]1(C)c1cccc(O)c1,2,1
CHEMBL180672,7.6175385076750555,7.6175385076750555,1.28034444258347,6.7121982700697735,8.522878745280337,2,1.8106804752105639,CC(C)(Cc1ccc2ccccc2c1)NC[C@@H](O)COc1cccc(Cl)c1C#N,2,2
CHEMBL362103,7.451544993495972,7.451544993495972,1.201353211098537,6.6020599913279625,8.301029995663981,2,1.6989700043360187,CCC[S+]([O-])CCCN(CC)CC(O)COc1ccc(C#N)cc1,2,2
CHEMBL3093982,6.421673945037883,6.421673945037883,1.152439890382264,5.6067758836387025,7.236572006437063,2,1.6297961227983606,CCCCCCCN(CC)CC#CCOc1ccc(Cl)cc1,2,1
CHEMBL3622105,4.818758762624412,4.818758762624412,1.1328274837356636,4.017728766960432,5.619788758288394,2,1.6020599913279616,Cc1c([C@@H](O)CN2CCC3(CC2)CCN(c2ccc(C#N)cn2)C3)ccc2c1COC2=O,2,2
CHEMBL4061436,4.950851231752651,4.950851231752651,1.0895032939745997,4.180456064458132,5.721246399047171,2,1.5407903345890395,COc1ncc(-c2nc(NCc3ccccn3)c3c(-c4ccccc4)cccc3n2)cn1,2,2
CHEMBL1760234,7.939713034397075,7.939713034397075,1.0737515042139558,7.180456064458131,8.698970004336019,2,1.518513939877888,COc1ccc([C@H]2CN(CCc3ccc(OC)c(OC)c3)C[C@@H]2CC(=O)Nc2cccc(Cl)c2)cc1,1,1
CHEMBL1945199,5.724031152317581,5.724031152317581,1.07120300350323,4.966576244513051,6.481486060122112,2,1.5149098156090615,C[N+](C)(CCCCNC(=O)Cc1ccc(OCc2ccccc2)cc1)CCNC(=O)c1nc(Cl)c(N)nc1N.[Br-],2,1
CHEMBL374731,1.5499999998331822,1.5499999998331822,1.0606601715589745,0.7999999999893443,2.29999999967702,2,1.4999999996876756,Cc1cn([C@@H]2C[C@@H](O)[C@H](CO)O2)c(=O)[nH]c1=O,2,1
CHEMBL477015,6.921958748213207,6.921958748213207,1.0578791928127318,6.173925197299173,7.669992299127241,2,1.4960671018280678,CS(=O)(=O)Nc1ccc2c(c1)[C@H](O)CC1(CCN([C@@H]3CCc4cc(C#N)ccc4C3)CC1)O2,2,2
CHEMBL6175315,5.268801001050521,5.268801001050521,1.034071541107983,4.5376020021010435,6.0,2,1.4623979978989565,O=C1CCCC2(CCN(c3cc(OCC(F)(F)F)ncn3)CC2)N1c1ccc(Cl)c(F)c1,2,1
CHEMBL3422759,5.26823416356535,5.26823416356535,0.9990852725021491,4.561774192395471,5.97469413473523,2,1.4129199423397587,COc1ccc2ncc(C)c(CCC34CCC(NCc5ccc6c(n5)NC(=O)CO6)(CC3)CO4)c2n1,2,1
CHEMBL4475043,7.698970004336019,7.698970004336019,0.9884928598239788,7.0,8.397940008672037,2,1.3979400086720375,C[C@@H]1OCC2(CCN(c3cnc4c(-c5cccc(Cl)c5Cl)n[nH]c4n3)CC2)[C@@H]1N,2,2
CHEMBL598270,8.0,8.0,0.9884928598239788,7.301029995663981,8.698970004336019,2,1.3979400086720375,CCCCCCC[N+](CC)(CC)CCCCc1ccc(Cl)cc1.Cc1ccc(S(=O)(=O)[O-])cc1,2,1
CHEMBL584087,5.449999293727862,5.449999293727862,0.9475221222261352,4.779999975777493,6.119998611678231,2,1.3399986359007379,CC1(C)Oc2cccc(CN3CCC4(CC3)CCN(C(=O)c3ccnc(N)c3)CC4)c2O1,2,1
CHEMBL3093979,5.664116674283261,5.664116674283261,0.9348265390266958,5.003094489304334,6.325138859262188,2,1.3220443699578546,CCCCN(CC)CC#CC#Cc1ccc(Cl)cc1,2,1
CHEMBL1346,6.450008156126906,6.450008156126906,0.9192491128892449,5.800000874803203,7.100015437450609,2,1.300014562647406,NC(=O)C(c1ccccc1)(c1ccccc1)[C@@H]1CCN(CCc2ccc3c(c2)CCO3)C1,2,1
CHEMBL412663,4.409999978848192,4.409999978848192,0.9050966671982454,3.7699999878429686,5.049999969853415,2,1.2799999820104464,COC(=O)C1=CCC2CCC1N2C,1,1
CHEMBL2403843,5.328788659588897,5.328788659588897,0.8906980840942047,4.698970004336019,5.958607314841775,2,1.259637310505756,Cc1cc(Nc2ncc(C)c(Nc3ccccc3S(=O)(=O)C(C)C)n2)c(OC(C)C)cc1C1CCN(C)CC1,2,1
CHEMBL1927165,4.700604746618442,4.700604746618442,0.8491295303914446,4.100179497572904,5.301029995663981,2,1.2008504980910777,COc1ccc2ncc(F)c([C@@H](O)CN3CCC(NCc4cc5c(cn4)OCCO5)CC3)c2n1,2,1
CHEMBL1111,2.700000001496199,2.700000001496199,0.8485281397529907,2.0999999998492527,3.300000003143145,2,1.2000000032938924,COC(c1ccccc1)(c1ccccc1)[C@H](Oc1nc(C)cc(C)n1)C(=O)O,2,1
CHEMBL3093976,6.696031347622796,6.696031347622796,0.8198093954122061,6.116338564846382,7.275724130399211,2,1.159385565552829,CCCCCCCN(CC)CC#CCCc1ccc(Cl)cc1,2,1
CHEMBL1081687,5.854467797709459,5.854467797709459,0.7841355931188034,5.300000202445418,6.4089353929735005,2,1.1089351905280829,Cc1ncccc1-c1nnc(SCCCN2C[C@@H]3C[C@]3(c3ccc(C(F)(F)F)cc3)C2)n1C,2,1
CHEMBL4096145,5.971547574331764,5.971547574331764,0.7797000193145124,5.42021640338319,6.522878745280337,2,1.1026623418971475,CC1(C)[C@H](Nc2c(C(N)=O)cnn3cc(-c4ccccc4)cc23)CC[C@]1(C)N,2,1
CHEMBL2203713,4.340968332518619,4.340968332518619,0.7708712880109404,3.795880017344075,4.886056647693163,2,1.090176630349088,N=C(Nc1ccc2c(c1)CCN2C1CCNCC1)c1cccs1,2,1
CHEMBL9484,7.361941505418228,7.361941505418228,0.7608932325200918,6.823908740944319,7.899974269892137,2,1.0760655289478187,CCCCCCC[N+](CC)(CC)CCCCc1ccc(Cl)cc1,2,2
CHEMBL363295,5.770514974185626,5.770514974185626,0.750261538417344,5.2399999527072705,6.301029995663981,2,1.0610300429567108,CC(CC(c1ccccc1)c1ccccc1)NC(C)(C)C,2,2
CHEMBL511,5.428804954048529,5.428804954048529,0.7492536840110919,4.899002593255283,5.958607314841775,2,1.0596047215864912,COc1ccc(CN(CCN(C)C)c2ccccn2)cc1,2,2
CHEMBL2435415,5.270303756120384,5.270303756120384,0.743277076683888,4.7447274948966935,5.795880017344075,2,1.0511525224473814,O=C1CCCC2(CCN(c3cnc4ccccc4n3)CC2)N1Cc1ccccc1,2,1
CHEMBL2325205,6.54116323835931,6.54116323835931,0.7415263498354044,6.016824927962187,7.0655015487564325,2,1.0486766207942457,Cc1ccc(OCCCc2cccc(CCCOc3ccc(C)cc3)[n+]2C)cc1,2,1
CHEMBL1171837,5.605209643917787,5.605209643917787,0.7188442317817797,5.096910013008056,6.113509274827518,2,1.0165992618194615,Cc1ccc(C(=O)Nc2ccc(CN3CCN(C)CC3)c(C(F)(F)F)c2)cc1C#Cc1cnc2cccnn12,2,2
CHEMBL4526283,5.1020599913279625,5.1020599913279625,0.7071067811865476,4.6020599913279625,5.6020599913279625,2,1.0,CNC(=O)c1cnc(Nc2ccc(F)cn2)cc1Nc1ccccc1S(C)(=O)=O,2,1
CHEMBL3093959,7.866531544420413,7.866531544420413,0.7071067811865472,7.366531544420414,8.366531544420413,2,0.9999999999999991,CCCCCCCN(CC)CCCCc1ccc(Cl)cc1,2,1
CHEMBL5907444,5.1290304611354,5.1290304611354,0.6940370396808887,4.638272163982407,5.619788758288394,2,0.9815165943059867,FC(F)(F)c1ccc(C(F)(F)CN2CCC(Nc3ncnc4[nH]ncc34)CC2)cn1,2,1
CHEMBL2420702,4.908481870700772,4.908481870700772,0.6937357223322472,4.4179366370882915,5.399027104313252,2,0.9810904672249601,CNCc1cc(-c2cn(C)nc2-c2ccc(F)cc2)ccn1,2,1
CHEMBL184412,6.011437838614322,6.011437838614322,0.6909268958136237,5.522878745280337,6.499996931948306,2,0.977118186667969,CCCCc1oc2ccc(NS(C)(=O)=O)cc2c1C(=O)c1ccc(OCCCN(CCCC)CCCC)cc1,2,2
CHEMBL4546097,5.234196684033639,5.234196684033639,0.6887923125220878,4.747146969020107,5.721246399047171,2,0.9740994300270645,Cn1c(=O)n(CCCO)c(=O)c2c1nc(Oc1cccc(Cl)c1)n2Cc1ccc(Cl)cc1,2,1
CHEMBL1170953,5.560739102249396,5.560739102249396,0.6859195827501502,5.075720713938118,6.045757490560675,2,0.9700367766225568,O=C(c1ccc(Oc2ccc(F)cc2)cn1)N1CCCN(C2CCC2)CC1,2,1
CHEMBL3604692,5.8191360819912035,5.8191360819912035,0.6815009083410918,5.337242168318426,6.301029995663981,2,0.9637878273455556,COc1ccc2ncc(F)c(CCC34CCC(NCc5nc6c(c(C)c5C)OCC(=O)N6)(CC3)CO4)c2n1,2,1
CHEMBL501480,6.016226011890569,6.016226011890569,0.6768765659217388,5.537602002101044,6.494850021680094,2,0.9572480195790494,N#Cc1ccc2cc1Oc1cccc(c1)C(c1ccccc1)N1CC[C@@H](NCc3cncn3C2)C1=O,1,1
CHEMBL3605120,5.069830996714503,5.069830996714503,0.6615280999025442,4.6020599913279625,5.537602002101044,2,0.9355420107730819,O=C1COc2ccc(CNC34CCC(CCc5c(F)cnc6ccc(OCCO)nc56)(CC3)OC4)nc2N1,2,1
CHEMBL2031958,5.933230545814891,5.933230545814891,0.6571984249356926,5.468521082957745,6.3979400086720375,2,0.9294189257142929,COc1cc(CN2CCN(CCCCCC(c3ccc(F)cc3)c3ccc(F)cc3)CC2)cc(OC)c1OC,2,2
CHEMBL1081867,5.863951164060431,5.863951164060431,0.6561257653693074,5.40000018605658,6.327902142064282,2,0.9279019560077018,Cn1c(SCCCN2C[C@@H]3C[C@]3(c3ccc(C(F)(F)F)cc3)C2)nnc1-c1ccnnc1,2,1
CHEMBL2325199,7.165993514179084,7.165993514179084,0.6417633887597957,6.7121982700697735,7.619788758288394,2,0.9075904882186201,Cc1ccc(CCCOCc2cccc(COCCCc3ccc(C)cc3)[n+]2C)cc1,2,1
CHEMBL567419,5.270000117462049,5.270000117462049,0.6363961683718505,4.820000071285178,5.720000163638921,2,0.9000000923537428,CC(C)COc1ccccc1CN1CCC2(CC1)CCN(C(=O)c1ccncc1)CC2,2,1
CHEMBL3775737,5.649999635977942,5.649999635977942,0.636395252939698,5.200000237109354,6.0999990348465305,2,0.8999987977371768,Cn1c(SCCCN2CC3CCN(c4ccc(F)cc4)C3C2)nnc1C1CCOCC1,1,1
CHEMBL566324,4.935000170847437,4.935000170847437,0.6293253586189335,4.489999942195333,5.380000399499541,2,0.8900004573042075,CC1(C)Cc2cccc(CN3CCC4(CC3)CCN(C(=O)c3ncccc3N)CC4)c2O1,2,1
CHEMBL4845961,5.358349385648225,5.358349385648225,0.6187617532979387,4.920818753952375,5.795880017344075,2,0.8750612633917001,CC(C)(NC(=O)c1ccc(Cl)cc1)[C@H]1[C@@H]2C[C@@H](n3cnc4cc(F)c(F)cc43)C[C@@H]21,2,1
CHEMBL583843,5.27500018193707,5.27500018193707,0.6010412193088885,4.849999859991125,5.700000503883016,2,0.8500006438918914,COc1ccccc1Oc1ccccc1CN1CCC2(CC1)CCN(C(=O)c1ccc[nH]c1=O)CC2,2,1
CHEMBL4106732,5.40135972093719,5.40135972093719,0.5975745548615414,4.978810700930062,5.823908740944319,2,0.8450980400142569,O=C(Nc1ccc(SC(F)(F)F)cc1)c1cnc(N2CC[C@@H](O)C2)c(-c2cncnc2)c1,2,1
CHEMBL3604691,6.110924374808178,6.110924374808178,0.5825914578005982,5.698970004336019,6.522878745280337,2,0.8239087409443187,COc1ccc2ncc(F)c(CCC34CCC(NCc5cc(C)c6c(n5)NC(=O)CO6)(CC3)CO4)c2n1,2,1
CHEMBL4288117,5.411954370472159,5.411954370472159,0.5825914578005982,5.0,5.823908740944319,2,0.8239087409443187,FC(F)(F)Oc1ccc(Oc2ccc(N3CCC4(CC3)OCCc3sccc34)cc2)cc1,2,1
CHEMBL525413,6.680955139007747,6.680955139007747,0.5730831882683206,6.275724130399211,7.086186147616283,2,0.8104620172170725,N#Cc1ccc2cc1Oc1cccc(c1)C(c1cccc(Cl)c1)N1CC[C@@H](NCc3cncn3C2)C1=O,1,1
CHEMBL1079462,6.099998717915661,6.099998717915661,0.5656828992099826,5.700000503883016,6.499996931948306,2,0.79999642806529,Cc1ncoc1-c1nnc(SCCCN2CC3CC3(c3ccc(F)cc3)C2)n1C,1,1
CHEMBL1927161,4.9991331435954995,4.9991331435954995,0.563998077358737,4.600326278518962,5.3979400086720375,2,0.7976137301530759,COc1ccc2nccc([C@@H](O)CN3CCC(NCc4cc5c(cn4)OCCO5)CC3)c2n1,2,1
CHEMBL3544911,5.090228032229065,5.090228032229065,0.5533224094336973,4.698970004336019,5.481486060122112,2,0.7825160557860933,COc1cccc(OCCCN)c1-c1cc(Nc2cnc(C#N)cn2)n[nH]1,2,2
CHEMBL2420704,4.970148254847839,4.970148254847839,0.5422773888346164,4.586700235918748,5.3535962737769305,2,0.7668960378581824,Cn1cc(-c2ccnc(C3COCCN3)c2)c(-c2ccc(F)cc2)n1,2,1
CHEMBL172,5.20446769648675,5.20446769648675,0.5381916362106465,4.823908740944319,5.585026652029182,2,0.7611179110848632,O[C@@H](c1cc(C(F)(F)F)nc2c(C(F)(F)F)cccc12)[C@H]1CCCCN1,2,2
CHEMBL1081746,6.07796622976637,6.07796622976637,0.5345242556564308,5.700000503883016,6.455931955649724,2,0.755931451766708,Cc1nc(C)c(-c2nnc(SCCCN3C[C@@H]4C[C@]4(c4ccc(C(F)(F)F)cc4)C3)n2C)s1,2,1
CHEMBL2158563,5.126325174808946,5.126325174808946,0.5327981390387029,4.749579997691106,5.503070351926786,2,0.7534903542356792,CCN(CC)CCOc1cc(-c2nc(SCC(=O)NC)nc3[nH]cc(C#N)c23)c(Cl)cc1Cl,2,1
CHEMBL3186509,5.943697499232712,5.943697499232712,0.5304167254093299,5.568636235841012,6.318758762624412,2,0.7501225267834002,O=C(CCN1CCN(C(=O)OCc2cc(Cl)cc(Cl)c2)CC1)c1ccc2[nH]c(=O)oc2c1,2,2
CHEMBL3422757,6.511366893786354,6.511366893786354,0.529891331657247,6.136677139879544,6.886056647693163,2,0.749379507813619,COc1ccc2ncc(C(F)(F)F)c(CCC34CCC(NCc5ccc6c(n5)NC(=O)CO6)(CC3)CO4)c2n1,2,1
CHEMBL4069631,3.9235000197102754,3.9235000197102754,0.523966148425369,3.5530000030465,4.294000036374051,2,0.741000033327551,CN(C)c1ccc(C(=O)N(CCCCCC(=O)NO)CC(=O)NCc2ccccc2)cc1,1,1
CHEMBL2325200,7.033763117661423,7.033763117661423,0.5150238983700791,6.669586226650809,7.3979400086720375,2,0.7283537820212285,Cc1ccc(C#CCOCc2cccc(COCC#Cc3ccc(C)cc3)[n+]2C)cc1,2,1
CHEMBL299499,5.946795749942559,5.946795749942559,0.5116187647165797,5.585026652029182,6.308564847855938,2,0.7235381958267562,N=C(Nc1ccc(I)cc1)NC12CC3CC(CC(C3)C1)C2,2,1
CHEMBL1916532,5.171950898993584,5.171950898993584,0.49628691963310734,4.82102305270683,5.522878745280337,2,0.7018556925735071,COc1ccc2ncc(F)c(CCN3CCC(NCc4cc5c(cn4)OCCO5)CC3)c2n1,2,2
CHEMBL3609637,5.236384891181235,5.236384891181235,0.49069618721270053,4.889410289700751,5.583359492661719,2,0.693949202960968,COc1cc(-c2cn(C3CCc4c(F)cccc4N(CC(F)(F)F)C3=O)nn2)ccc1-n1cnc(C)c1,2,1
CHEMBL4874648,4.938892060863587,4.938892060863587,0.4763524809794768,4.6020599913279625,5.275724130399211,2,0.6736641390712483,COC(=O)N[C@H]1CC[C@@H](n2cc(-c3ccc(Cl)c(N)c3)c3c(N)ncnc32)CC1,2,1
CHEMBL255511,5.888433818764206,5.888433818764206,0.4715199171087987,5.5550188879120554,6.221848749616356,2,0.6668298617043007,CC(C)[C@]1(C(=O)NCc2cc(C(F)(F)F)cc(C(F)(F)F)c2)CC[C@@H](N2CCC(c3cccc(C(=O)O)c3)CC2)C1,1,1
CHEMBL182977,8.329976341169303,8.329976341169303,0.46665701694388145,8.0,8.659952682338607,2,0.6599526823386075,CCCCCCCN(CC)CCCCc1ccc([N+](=O)[O-])cc1,2,2
CHEMBL3425800,4.228574842908994,4.228574842908994,0.46519902902723775,3.8996294548824375,4.557520230935552,2,0.6578907760531143,O=C1COc2cc(Cl)c(CNC34CCC(C[C@]5(O)Cn6c(=O)ccc7ncc(F)c5c76)(CC3)OC4)nc2N1,2,1
CHEMBL3604690,5.6832657722102065,5.6832657722102065,0.44792984060809526,5.366531544420413,6.0,2,0.6334684555795871,COc1ccc2ncc(F)c(CCC34CCC(NCc5nc6c(cc5C)OCC(=O)N6)(CC3)CO4)c2n1,2,1
CHEMBL583621,4.834999913760181,4.834999913760181,0.44547720704946864,4.519999959791458,5.149999867728904,2,0.6299999079374459,CC1(C)Cc2c(CN3CCC4(CC3)CCN(C(=O)c3ccncc3)CC4)cccc2O1,2,1
CHEMBL4870418,5.989405350465031,5.989405350465031,0.44070379961005945,5.6777807052660805,6.301029995663981,2,0.6232492903979008,CC[C@@H](NC(=O)c1ccc(C#N)cc1)[C@H]1[C@@H]2C[C@@H](n3cnc4ccc(Cl)cc43)C[C@@H]21,2,1
CHEMBL3422760,5.5353927481313026,5.5353927481313026,0.4330954926772995,5.229147988357855,5.84163750790475,2,0.6124895195468945,COc1ccc2ncc(CO)c(CCC34CCC(NCc5ccc6c(n5)NC(=O)CO6)(CC3)CO4)c2n1,2,1
CHEMBL3703085,5.2182594573027945,5.2182594573027945,0.43079672841827665,4.913640169325252,5.522878745280337,2,0.6092385759550858,CN(C)[C@H]1CC[C@H](n2cc(C(N)=O)c(Nc3ccc(Cl)cc3)n2)[C@@H](C#N)C1,2,1
CHEMBL1235773,6.0,6.0,0.42572070254911626,5.698970004336019,6.301029995663981,2,0.6020599913279625,COc1ccc2ncc(C#N)c(CCN3CCC(NCc4cc5c(cn4)OCS5)CC3)c2c1,2,1
CHEMBL243707,6.600003184656531,6.600003184656531,0.42427196256747146,6.299997602857746,6.900008766455315,2,0.6000111635975687,Cc1ccc2c(-c3nnc(SCCCN4CCc5ccc(-c6cc(C)on6)cc5CC4)n3C)cccc2n1,2,1
CHEMBL3775243,6.600003184656531,6.600003184656531,0.42427196256747146,6.299997602857746,6.900008766455315,2,0.6000111635975687,Cn1c(SCCCN2CC3CCN(c4ccc(C(F)(F)F)cc4)C3C2)nnc1N1CCOCC1,1,1
CHEMBL4247149,4.699999983938429,4.699999983938429,0.42426409142641974,4.399999967876858,5.0,2,0.600000032123142,Cc1ccn(-c2cccc([C@H](CC(=O)O)CN3CC[C@@H](CCc4ccc5c(n4)NCCC5)C3)c2)n1,2,1
CHEMBL1079578,5.899998777602826,5.899998777602826,0.4242632125176299,5.59999938302362,6.199998172182031,2,0.5999987891584109,COc1ccc(C23CC2CN(CCCSc2nnc(-c4cccc5nc(C)ccc45)n2C)C3)cc1,1,1
CHEMBL1081409,6.399484519591274,6.399484519591274,0.4235364342598981,6.0999990348465305,6.698970004336019,2,0.5989709694894882,Cc1ncoc1-c1nnc(SCCCN2C[C@@H]3C[C@]3(c3ccc(C(F)(F)F)cc3)C2)n1C,2,1
CHEMBL567620,5.014999887774568,5.014999887774568,0.41719293309793853,4.719999935717911,5.309999839831226,2,0.5899999041133155,CC(C)COc1ccccc1CN1CCC2(CC1)CCN(C(=O)c1ccncn1)CC2,2,1
CHEMBL707,5.942265470801914,5.942265470801914,0.40692188623437275,5.654528245632369,6.23000269597146,2,0.5754744503390912,COc1cc2nc(N3CCN(C(=O)C4COc5ccccc5O4)CC3)nc(N)c2cc1OC,2,2
CHEMBL4641839,4.900122411373262,4.900122411373262,0.3964516541822154,4.619788758288394,5.180456064458131,2,0.5606673061697371,C[C@@H]1CN(C(=O)Nc2cc(-c3cn(C4CCOCC4)c4cnccc34)ccn2)C[C@H](C)O1,2,1
CHEMBL4858888,5.721848749616356,5.721848749616356,0.3933652706835837,5.443697499232712,6.0,2,0.5563025007672877,CC(NC(=O)c1ccc(Cl)cc1)[C@H]1[C@@H]2C[C@@H](n3cnc4cc(F)c(F)cc43)C[C@@H]21,2,1
CHEMBL2036782,4.495699914119041,4.495699914119041,0.38728403091136243,4.221848749616356,4.769551078621726,2,0.5477023290053697,CC(C)N1CCN[C@@H](C(=O)N2CCN(C(=O)Nc3ccc(Cl)c(Cl)c3)CC2)C1,2,1
CHEMBL3945735,5.727674575713242,5.727674575713242,0.3790149629938434,5.459670525209127,5.995678626217357,2,0.53600810100823,Cn1ccc(Cn2cc(-c3ccc(Cl)c(C(F)(F)F)c3)cn2)n1,2,2
CHEMBL4280886,5.3703225363459826,5.3703225363459826,0.37893799743625206,5.102372908709558,5.638272163982407,2,0.5358992552728488,Brc1ccc(Nc2ccc(CN3CCC4(CC3)OCCc3sccc34)cc2)cc1,2,1
CHEMBL3422758,5.494903042615762,5.494903042615762,0.37060726282132395,5.232844133917819,5.756961951313706,2,0.5241178173958865,COc1ccc2ncc(C(F)F)c(CCC34CCC(NCc5ccc6c(n5)NC(=O)CO6)(CC3)CO4)c2n1,2,1
CHEMBL583212,5.0300001181450575,5.0300001181450575,0.36769581898968107,4.769999911123512,5.290000325166602,2,0.52000041404309,O=C(c1ccncc1)N1CCC2(CCN(Cc3ccccc3OC(F)(F)C(F)F)CC2)CC1,2,1
CHEMBL4857808,5.263621775341393,5.263621775341393,0.36664472302740836,5.004364805402449,5.522878745280337,2,0.518513939877888,COC(=O)NC12CCC(n3cc(-c4ccc(Cl)c(N)c4)c4c(N)ncnc43)(CC1)CC2,2,1
CHEMBL5191392,5.563537459966129,5.563537459966129,0.3600855752816277,5.308918507877031,5.818156412055227,2,0.509237904178196,O=c1nc2n(c3c1CN(Cc1ccccc1)CC3)CCN2Cc1ccc(F)c(Br)c1,2,2
CHEMBL1223657,5.55000053862431,5.55000053862431,0.35355386602202327,5.300000202445418,5.800000874803203,2,0.5000006723577854,CC(C)c1ccc(S(=O)(=O)Nc2ccc(C34CNCC3C4)cc2)cc1,1,1
CHEMBL3754258,5.67630851494269,5.67630851494269,0.34578969614658345,5.431798275933005,5.920818753952375,2,0.4890204780193699,COc1ccc2ncc(F)c(C(=O)CC34CCC(NCc5ccc6c(n5)NC(=O)CO6)(CC3)CO4)c2n1,2,1
CHEMBL3753902,5.6419983281826,5.6419983281826,0.34515058546182403,5.3979400086720375,5.886056647693163,2,0.48811663902112556,COc1ccc2ncc(F)c(C(O)CC34CCC(NCc5ccc6c(n5)NC(=O)CO6)(CC3)CO4)c2n1,1,1
CHEMBL3612811,5.530990451261895,5.530990451261895,0.33737567466050744,5.292429823902063,5.769551078621726,2,0.4771212547196626,COc1cc(C(O)CN2CCN(C[C@H](O)c3ccc4c(c3C)COC4=O)CC2)ccc1C#N,1,1
CHEMBL5395160,5.284318117920506,5.284318117920506,0.33737567466050744,5.045757490560675,5.522878745280337,2,0.4771212547196626,N[C@H](CO)Cn1ccc(-c2ccc(Oc3ncc(Cl)cc3F)cc2)n1,2,1
CHEMBL1951612,5.234260541478872,5.234260541478872,0.3312944348882862,5.0,5.468521082957745,2,0.46852108295774464,CC#CCn1c(N2CCCNCC2)c(C#N)c2c1c(=O)n(Cc1nccc3ccccc13)c(=O)n2C,2,1
CHEMBL4082422,5.768801001050522,5.768801001050522,0.3269647599214345,5.537602002101044,6.0,2,0.46239799789895564,NC(=O)c1cc(Cl)c2c(Cl)c(C3CC3)n(C3CCCNC3)c2n1,2,2
CHEMBL560739,7.05395269865476,7.05395269865476,0.3253312849360883,6.823908740944319,7.2839966563652006,2,0.4600879154208819,COc1cc(N)c(Cl)cc1C(=O)N[C@@H]1CCN(CCCOc2ccc(F)cc2)C[C@@H]1OC,2,2
CHEMBL4782430,4.867591088495232,4.867591088495232,0.3243059331548486,4.638272163982407,5.096910013008056,2,0.4586378490256493,COc1ccc2ncc(F)c(CC[C@H]3OC[C@H](NCc4ccc5c(c4)OCCO5)CO3)c2n1,2,2
CHEMBL1094521,6.69466991845506,6.69466991845506,0.3198227502751851,6.468521082957745,6.920818753952375,2,0.45229767099463025,C[C@H](O)C(=O)NC1CC(C)(C)Oc2nc(-c3ccc(Cl)cc3Cl)c(-c3ccc(Cl)cc3)cc21,2,2
CHEMBL3612923,5.020002580835792,5.020002580835792,0.31695716892381093,4.795880017344075,5.2441251443275085,2,0.44824512698343355,Cc1c([C@@H](O)CN2CCN(CC(O)c3ncc(C#N)cc3Cl)CC2)ccc2c1COC2=O,1,1
CHEMBL3612925,5.020002580835792,5.020002580835792,0.31695716892381093,4.795880017344075,5.2441251443275085,2,0.44824512698343355,COc1cc(C(O)CN2CCN(C[C@H](O)c3ccc4c(c3C)COC4=O)CC2)nc(C)c1C#N,1,1
CHEMBL1280,6.475390988664909,6.475390988664909,0.3161884762241101,6.251811972993799,6.698970004336019,2,0.44715803134221943,COc1ccc(CCN(C)CCCC(C#N)(c2ccc(OC)c(OC)c2)C(C)C)cc1OC.Cl,2,2
CHEMBL5271471,5.221848749616356,5.221848749616356,0.31374151050296384,5.0,5.443697499232712,2,0.4436974992327123,CCC(=O)CCCCC[C@H](NC(=O)C1CN(C)C1)c1ncc(-c2cc3ccccc3nc2OC)o1,2,1
CHEMBL568294,4.730000118313933,4.730000118313933,0.31112706508271676,4.510000060783276,4.950000175844591,2,0.44000011506131465,CC(C)(C)C1(C)Cc2c(CN3CCC4(CC3)CCN(C(=O)c3ccc(N)cn3)CC4)cccc2O1,2,1
CHEMBL2325212,6.751134445951316,6.751134445951316,0.3103941048269635,6.531652669587842,6.97061622231479,2,0.438963552726948,C[n+]1c(C#Cc2ccc(-c3ccccc3)cc2)cccc1C#Cc1ccc(-c2ccccc2)cc1,2,2
CHEMBL5174392,5.017724054614842,5.017724054614842,0.309497741564559,4.798876102792621,5.236572006437063,2,0.43769590364444255,CC1(C)C(=N)N[C@](C)(c2nc(NC(=O)c3ccc(C#N)cn3)ccc2F)CS1(=O)=O,2,1
CHEMBL3792423,5.483288122256525,5.483288122256525,0.30502024279497486,5.267606240177031,5.698970004336019,2,0.4313637641589878,O=C1OCc2cc(CCC3CCN(C(=O)Cc4ccc(-n5cnnn5)nc4)CC3)ccc21,2,1
CHEMBL4062339,4.851886856369419,4.851886856369419,0.3020967950958696,4.638272163982407,5.065501548756432,2,0.4272293847740247,CC1(OC(=O)N2CCC([C@H]3C[C@H]3CCOc3ccc(CC(=O)N4CCC4)c(F)c3)CC2)CC1,2,1
CHEMBL1927167,5.312625826994948,5.312625826994948,0.2973425285677201,5.102372908709558,5.522878745280337,2,0.4205058365707792,COc1ccc2ncc(F)c(CCN3CC[C@H](NCc4cc5c(cn4)OCCO5)[C@H](O)C3)c2n1,2,1
CHEMBL559456,5.495602007046587,5.495602007046587,0.2968883517699381,5.285670240254767,5.7055337738384075,2,0.4198635335836407,Clc1cccc(OC(c2cccnc2)C2CCNCC2)c1Cl,1,1
CHEMBL4648962,4.965443574306439,4.965443574306439,0.29483753874187857,4.756961951313706,5.173925197299173,2,0.4169632459854675,Nc1nc(N2CCC(N3Cc4cc(F)ccc4OC[C@@H]3Cc3ccc(Cl)cc3)CC2)n[nH]1,2,2
CHEMBL2441420,4.714728530059051,4.714728530059051,0.29145558970244645,4.508638306165727,4.920818753952375,2,0.412180447786648,O=C1OCc2c1ccc(CCN1CCN(C(=O)Cc3ccc(-n4cnnn4)cc3)CC1)c2F,2,1
CHEMBL568296,4.884999884343614,4.884999884343614,0.2899135782568205,4.68000002720016,5.089999741487069,2,0.40999971428690873,CC1Cc2cccc(CN3CCC4(CC3)CCN(C(=O)c3ccncc3)CC4)c2O1,2,1
CHEMBL87045,4.850704444351215,4.850704444351215,0.2896491575924835,4.645891560852599,5.055517327849831,2,0.4096257669972321,c1ccc(C2(c3ccccc3)CC2C2=NCCN2)cc1,2,2
CHEMBL3425806,4.727346441767088,4.727346441767088,0.28916098943874874,4.522878745280337,4.931814138253839,2,0.40893539297350134,O=C1COc2cnc(CNC34CCC(C[C@]5(O)Cn6c(=O)ccc7ncc(F)c5c76)(CC3)OC4)cc2N1,2,1
CHEMBL2069504,7.3979400086720375,7.3979400086720375,0.28866924782337006,7.1938200260161125,7.6020599913279625,2,0.40823996531185003,c1ccc(-c2c[nH]c([C@H]3Cc4c([nH]c5ccccc45)C(C4CCOC4)N3)n2)cc1,1,1
CHEMBL4064760,4.847292068080982,4.847292068080982,0.28753496739619827,4.6439741428068775,5.050609993355087,2,0.4066358505482093,Cc1c([C@@H](O)CN2CCC3(CC2)CCN(c2cnc(S(C)(=O)=O)cn2)C3)ccc2c1COC2=O,2,1
CHEMBL3775197,5.500000353164217,5.500000353164217,0.2828429256231892,5.300000202445418,5.700000503883016,2,0.4000003014375988,Cn1c(SCCCN2CC3CCN(c4ccccc4C(F)(F)F)C3C2)nnc1-c1cccnc1,1,1
CHEMBL4242635,5.500000353164217,5.500000353164217,0.2828429256231892,5.300000202445418,5.700000503883016,2,0.4000003014375988,O=C(O)C[C@H](CN1CC[C@@H](CCc2ccc3c(n2)NCCC3)C1)c1cccc(C2CC2)c1,2,1
CHEMBL4241824,4.700000047693264,4.700000047693264,0.2828428459259891,4.499999953328896,4.900000142057633,2,0.400000188728737,Cc1cc(C)n(-c2cccc([C@H](CC(=O)O)CN3CC[C@@H](CCc4ccc5c(n4)NCCC5)C3)c2)n1,2,1
CHEMBL4250148,4.700000047693264,4.700000047693264,0.2828428459259891,4.499999953328896,4.900000142057633,2,0.400000188728737,Cc1cnn(C)c1-c1cccc([C@H](CC(=O)O)CN2CC[C@@H](CCc3ccc4c(n3)NCCC4)C2)c1,2,1
CHEMBL1258035,6.399997913127038,6.399997913127038,0.2828423461155341,6.199998172182031,6.599997654072045,2,0.39999948189001344,Cc1ncoc1-c1nnc(SCCCN[C@@H]2CC[C@]3(c4ccc(C(F)(F)F)cc4)CC23)n1C,1,1
CHEMBL2207659,5.699999047927856,5.699999047927856,0.28284182048881856,5.499999678657065,5.899998417198648,2,0.3999987385415835,Cc1cc(Cl)ccc1OC1CCN(C[C@H](O)CNC(=O)c2c[nH]nc2C(F)(F)F)CC1,2,1
CHEMBL5089410,5.661196523639753,5.661196523639753,0.2724842213487093,5.468521082957745,5.853871964321762,2,0.3853508813640172,CC(C)C[C@](C)(N)COc1ccc(-c2ccnc(C(F)F)c2)nc1C(F)F,2,2
CHEMBL4063658,4.474999977868874,4.474999977868874,0.27152895959107043,4.2830000092535,4.666999946484248,2,0.3839999372307483,CN(C)c1ccc(C(=O)N(CC(=O)NC2CCCCC2)Cc2ccc(C(=O)NO)cc2)cc1,1,1
CHEMBL4877264,4.911809653878365,4.911809653878365,0.26949713947223414,4.721246399047171,5.102372908709558,2,0.38112650966238704,CC(=O)N1CCN([C@H]2C[C@@H](n3cc(-c4ccc(Cl)c(N)c4)c4c(N)ncnc43)C2)CC1,2,1
CHEMBL4644274,6.110924374808178,6.110924374808178,0.26884994729763434,5.920818753952375,6.301029995663981,2,0.38021124171160636,COc1ccc(-c2cnn3c(N)c(-c4ccccc4)c(NC4CC(C)(C)N(C)C(C)(C)C4)nc23)cc1OC,2,1
CHEMBL5590309,5.758356159897453,5.758356159897453,0.2683044896530117,5.568636235841012,5.948076083953893,2,0.3794398481128809,C/C(=N\N=c1/[nH]c2cc(F)c(F)cc2n1C)c1ccc(F)cn1,2,1
CHEMBL2441408,4.555629519658554,4.555629519658554,0.2674249211990688,4.366531544420414,4.7447274948966935,2,0.37819595047627974,O=C1OCCc2cc(CCN3CCN(C(=O)Cc4ccc(-n5cnnn5)cc4)CC3)ccc21,2,1
CHEMBL498042,4.887345617645843,4.887345617645843,0.2664033471631028,4.698970004336019,5.075721230955667,2,0.376751226619648,CC1c2ccc(C#N)c(c2)Oc2cccc(c2)CN2CC[C@@H](NCc3cncn31)C2=O,1,1
CHEMBL3422755,6.068934310343481,6.068934310343481,0.2586280707751715,5.886056647693163,6.251811972993799,2,0.36575532530063626,COc1ccc2nccc(CCC34CCC(NCc5ccc6c(n5)NC(=O)CO6)(CC3)CO4)c2n1,2,1
CHEMBL5422051,4.70446769648675,4.70446769648675,0.2568055575732152,4.522878745280337,4.886056647693163,2,0.36317790241282566,NCCn1nnc(-c2ccc(Oc3ncc(Cl)cc3F)cc2)n1,2,1
CHEMBL3604799,5.920818753952375,5.920818753952375,0.24903064677189865,5.7447274948966935,6.096910013008056,2,0.3521825181113627,COc1ccc2ncc(F)c(CCC34CCC(NCc5ccc6c(n5)NC(=O)C(C)O6)(CC3)CO4)c2n1,1,1
CHEMBL4641672,4.788295136133453,4.788295136133453,0.24085779296661886,4.617982957425132,4.958607314841775,2,0.340624357416643,O=C(Nc1cc(-c2cn(C3CCOCC3)c3cnccc23)ccn1)N1CCOCC1,2,1
CHEMBL1951914,4.789198036565084,4.789198036565084,0.23958089893073345,4.619788758288394,4.958607314841775,2,0.338818556553381,CCN(C(=O)Cc1ccc(S(C)(=O)=O)cc1)C1CCN(CC[C@@H](c2cc(F)cc(F)c2)C2CCN(S(C)(=O)=O)CC2)CC1,2,1
CHEMBL1684950,5.22921037802671,5.22921037802671,0.23861973203282566,5.060480747381382,5.3979400086720375,2,0.33745926129065573,CC(C)c1ccc(CC(=O)N[C@H](C)c2ccc(OCC(F)(F)F)cn2)cc1,2,1
CHEMBL2165068,4.07888265682638,4.07888265682638,0.2336881669043625,3.9136401693252516,4.2441251443275085,2,0.33048497500225693,N#Cc1ccc2ccc(=O)n(CCN3CC[C@H](NCc4cc5c(cn4)OCCO5)[C@@H](F)C3)c2c1,2,1
CHEMBL2022739,4.564999999875367,4.564999999875367,0.2333452830442848,4.399999967876858,4.730000031873875,2,0.33000006399701665,O=C(Nc1ccc(-c2nnc(NCCCCN3CCOCC3)o2)c(F)c1)c1ccccc1F,2,1
CHEMBL2022729,4.365000031985993,4.365000031985993,0.2333452397287697,4.200000030616179,4.530000033355806,2,0.33000000273962726,O=C(Nc1ccc(-c2nnc(NCCCCN3CCOCC3)o2)cc1)c1ccccc1F,2,1
CHEMBL566759,5.794999533025782,5.794999533025782,0.23334488777497417,5.629999780524884,5.95999928552668,2,0.32999950500179676,C=C(C)COc1ccccc1CN1CCC2(CC1)CCN(C(=O)c1ccncc1)CC2,2,1
CHEMBL3696476,4.492739730621038,4.492739730621038,0.23311555332583966,4.327902142064283,4.657577319177793,2,0.32967517711351046,Cc1c([C@H](O)CN2CCN(C[C@@H](O)c3ccc4c(c3C)COC4=O)CC2)ccc2c1COC2=O,2,1
CHEMBL3900159,4.409908379075887,4.409908379075887,0.22904154111428007,4.247951552180561,4.5718652059712115,2,0.3239136537906502,Cc1c([C@H]2CN3CCN(C(=O)Cc4ccc(-n5cnnn5)nc4)C[C@H]3CO2)ccc2c1COC2=O,2,1
CHEMBL2424931,4.075106087881157,4.075106087881157,0.22834729188279151,3.9136401693252516,4.236572006437063,2,0.3229318371118115,O=c1ccc2ncc(F)c3c2n1C[C@H]3CN1CCC(NCc2cc3c(cn2)OCCO3)CC1,2,1
CHEMBL592374,4.83889035263304,4.83889035263304,0.2278434483355013,4.6777807052660805,5.0,2,0.3222192947339195,Clc1ccc([C@]23CNC[C@H]2C3)cc1Cl,2,2
CHEMBL3612927,5.159379381312206,5.159379381312206,0.22539648261435502,5.0,5.318758762624412,2,0.3187587626244124,Cc1c([C@@H](O)CN2CCN(CC(O)c3cc(C(F)(F)F)c(C#N)cn3)CC2)ccc2c1COC2=O,1,1
CHEMBL3794155,5.18915226883536,5.18915226883536,0.22292986233957338,5.031517051446064,5.346787486224656,2,0.31527043477859173,O=C1OCc2cc(CCN3CCN(C(=O)Cc4ccc(-n5cnnn5)nc4)CC3)ccc21,2,1
CHEMBL498572,5.0749999514044175,5.0749999514044175,0.21920281141593057,4.920000156997057,5.229999745811778,2,0.3099995888147209,O=C(OC1CC2CC3CC(C1)N2CC3O)c1c[nH]c2ccccc12,2,2
CHEMBL2424933,3.8409057029241023,3.8409057029241023,0.2188819672094527,3.6861327796308467,3.995678626217358,2,0.3095458465865111,O=c1cnc2ccc(F)c3c2n1C[C@@]3(O)CN1CCC(NCc2cc3c(cn2)OCCO3)CC1,2,1
CHEMBL4518492,8.15051499783199,8.15051499783199,0.21286035127455813,8.0,8.301029995663981,2,0.30102999566398125,NC(=O)c1cc(Cl)c2c(Cl)c(C#CC3CCCO3)n([C@H]3CCCNC3)c2n1,1,1
CHEMBL4645474,6.0713337517843655,6.0713337517843655,0.21286035127455813,5.920818753952375,6.221848749616356,2,0.30102999566398125,O=C(Nc1cc(-c2cn(-c3ccccc3)c3cnccc23)ccn1)NC1CC1,2,1
CHEMBL3774683,6.75000321026368,6.75000321026368,0.2121398919975298,6.599997654072045,6.900008766455315,2,0.3000111123832703,Cn1c(SCCCN2CC3CCN(c4ccc(C(F)(F)F)cc4)C3C2)nnc1-c1cnccn1,1,1
CHEMBL1189679,5.550000344969798,5.550000344969798,0.21213225909319247,5.40000018605658,5.700000503883016,2,0.3000003178264361,O=C1c2cccc3c2[C@H](CCC3)CN1[C@@H]1CN2CCC1CC2,2,1
CHEMBL2207662,5.150000101222709,5.150000101222709,0.21213217750649185,5.0,5.300000202445418,2,0.3000002024454176,O=C(NC[C@@H](O)CN1CCC(Oc2ccc(Cl)c(Cl)c2)CC1)c1c[nH]c(=O)cc1C(F)(F)F,2,1
CHEMBL4249172,4.6500000030336714,4.6500000030336714,0.21213210464913132,4.499999953328896,4.800000052738446,2,0.30000009940955064,O=C(O)C[C@H](CN1CC[C@@H](CCc2ccc3c(n2)NCCC3)C1)c1cccc(O[C@H]2CCOC2)c1,2,1
CHEMBL1079980,5.850000251941508,5.850000251941508,0.21213167805686645,5.700000503883016,6.0,2,0.2999994961169836,Cc1ncoc1-c1nnc(SCCCN2CC3CC3(c3cccc(F)c3)C2)n1C,1,1
CHEMBL1081868,5.850000251941508,5.850000251941508,0.21213167805686645,5.700000503883016,6.0,2,0.2999994961169836,Cc1ncoc1-c1nnc(SCCCN2CC3CC3(c3cc(F)cc(C(F)(F)F)c3)C2)n1C,1,1
CHEMBL3774411,5.749998900111134,5.749998900111134,0.2121313514145773,5.59999938302362,5.899998417198648,2,0.2999990341750278,Cn1c(SCCCN2CC3CCN(c4ccc(C(F)(F)F)cc4)C3C2)nnc1-c1cc[nH]c(=O)c1,1,1
CHEMBL1080846,6.149998801428874,6.149998801428874,0.21213033932042083,6.0,6.299997602857746,2,0.29999760285774624,Cc1ncoc1-c1nnc(SCCCN2CC3CC3(c3ccc(Cl)c(Cl)c3)C2)n1C,1,1
CHEMBL5412864,3.7499778667006995,3.7499778667006995,0.21163930563728703,3.6003262785189616,3.8996294548824375,2,0.2993031763634759,C[C@H](C(=O)Nc1cc(F)c2c(c1)CC(CNCCC1CN(c3cnc4c(n3)NC(=O)CO4)C(=O)O1)C2)N(C)C,1,1
CHEMBL4084182,6.516038896634742,6.516038896634742,0.2114353251759938,6.366531544420413,6.665546248849069,2,0.2990147044286564,N=C(NCCCOc1ccc(F)cc1)Nc1ccc(Cl)cc1,2,1
CHEMBL4293735,4.946428947083463,4.946428947083463,0.20518263704730305,4.801342913045578,5.09151498112135,2,0.2901720680757718,CC(C)(C)c1ccc(CN2CCC3(CCCCO3)CC2)cc1,2,1
CHEMBL3612810,4.62551856937192,4.62551856937192,0.20369272800370428,4.481486060122113,4.769551078621726,2,0.28806501849961297,COc1cc([C@@H](O)CN2CCN(C[C@H](O)c3ccc4c(c3C)COC4=O)CC2)ncc1C#N,2,1
CHEMBL490,5.124675540004652,5.124675540004652,0.20213453466326017,4.981744839832274,5.267606240177031,2,0.28586140034475704,Fc1ccc([C@@H]2CCNC[C@H]2COc2ccc3c(c2)OCO3)cc1,2,2
CHEMBL2207747,5.22372672602217,5.22372672602217,0.2019565109510226,5.080921907623926,5.366531544420413,2,0.28560963679648665,CC(=O)NC1CC2CCC(C1)N2CCc1ccc(Oc2nc3ncccc3s2)cc1,2,1
CHEMBL4215846,4.883501944803923,4.883501944803923,0.19625670916966956,4.7447274948966935,5.022276394711152,2,0.27754889981445885,Cn1cnc(-c2ccc(OC3CCN(C(=O)Cc4ccc(OC(F)(F)F)cc4)CC3)c(C(N)=O)c2)c1,2,1
CHEMBL4092262,4.8464660246693505,4.8464660246693505,0.19304105074882244,4.709965388637482,4.982966660701219,2,0.2730012720637376,Cc1c([C@@H](O)CN2CCC3(CC2)CCN(c2ccncc2)C3=O)ccc2c1COC2=O,2,1
CHEMBL204459,5.321509299503434,5.321509299503434,0.19010234341229842,5.187086643357144,5.455931955649724,2,0.26884531229258,N[C@H](C(=O)N1CC(c2cc(F)ccc2F)=C[C@H]1c1ccccc1)C1CC1,2,1
CHEMBL513909,5.407484039783617,5.407484039783617,0.184014587017658,5.277366077466188,5.537602002101044,2,0.26023592463485645,CC[C@@H]1C(=O)N(C)c2cnc(Nc3ccc(C(=O)NC4CCN(C)CC4)cc3OC)nc2N1C1CCCC1,2,2
CHEMBL472168,5.696272488392665,5.696272488392665,0.18050491940902555,5.568636235841012,5.823908740944319,2,0.25527250510330646,Cc1ccccc1C1CCN(C[C@@H]2CCc3cccnc3[C@@H](O)C2)CC1,1,1
CHEMBL4062753,5.175819994509534,5.175819994509534,0.17707368177737018,5.050609993355087,5.301029995663981,2,0.2504200023088945,Cc1c([C@@H](O)CN2CCC3(CC2)CCN(c2ccns2)C3=O)ccc2c1COC2=O,2,1
CHEMBL4778540,5.580732864744066,5.580732864744066,0.17649513823770963,5.455931955649724,5.7055337738384075,2,0.2496018181886832,CC(=O)N1CCc2nc(N3CCC(Oc4ccc(F)cc4F)CC3)c(N[C@@H]3CCOC3)nc2C1,2,2
CHEMBL387971,5.151298138399756,5.151298138399756,0.1759649253973552,5.026872146400301,5.275724130399211,2,0.24885198399891006,COCCOCC#Cc1cc(-c2n[nH]c3c2C(=O)c2cc(CN4CCN(C)CC4)ccc2-3)cs1,2,1
CHEMBL3785865,4.461134410173804,4.461134410173804,0.17521008870468327,4.337242168318426,4.585026652029182,2,0.24778448371075612,Cc1c(O)ccc2c1C(=O)N(Cc1ccccc1-c1ccccc1)C2C(=O)NC(C)(C)C,1,1
CHEMBL4846783,6.008412463981093,6.008412463981093,0.17303725482962196,5.886056647693163,6.130768280269024,2,0.2447116325758607,C[C@@H](NC(=O)c1ccc(C#N)cc1)[C@H]1[C@@H]2C[C@@H](n3cnc4cc(F)c(F)cc43)C[C@@H]21,2,1
CHEMBL4855340,5.498269733945246,5.498269733945246,0.17185385231242506,5.376750709602099,5.619788758288394,2,0.24303804868629442,C[C@H](C(=O)Nc1ccc(Cl)cc1)[C@H]1CC[C@@H](c2ccnc3ccc(F)cc32)CC1,2,1
CHEMBL4086237,4.674564664025037,4.674564664025037,0.16773910687729893,4.555955204081924,4.79317412396815,2,0.23721891988622623,Cc1c([C@@H](O)CN2CCC3(CC2)CC(=O)N(c2cnc(S(C)(=O)=O)cn2)C3)ccc2c1COC2=O,2,1
CHEMBL111,5.436577279675408,5.436577279675408,0.16662054471220272,5.318758762624412,5.554395796726403,2,0.23563703410199022,Cc1c(C(=O)NN2CCCCC2)nn(-c2ccc(Cl)cc2Cl)c1-c1ccc(Cl)cc1,2,2
CHEMBL4635305,5.377243666092925,5.377243666092925,0.1663205030926471,5.259637310505756,5.494850021680094,2,0.23521271117433784,CN1C[C@H](Cc2ccc(Cl)cc2)N(C2CCN(c3n[nH]c(N)n3)CC2)Cc2ccccc21,2,2
CHEMBL3692706,4.653576540361385,4.653576540361385,0.16401276489773164,4.5376020021010435,4.769551078621726,2,0.23194907652068242,Cc1c(CCN2CCN(C(=O)Cc3ccc(-n4cnnn4)nc3)CC2)ccc2c1COC2=O,2,1
CHEMBL573216,7.035007620281611,7.035007620281611,0.1626635049327783,6.919987152892072,7.15002808767115,2,0.23004093477907794,COc1ccccc1Oc1ccccc1CN1CCC2(CC1)CCN(C(=O)c1ccncn1)CC2,2,1
CHEMBL567627,4.654999918150695,4.654999918150695,0.16263454973496802,4.539999925177879,4.769999911123512,2,0.22999998594563298,CC1(C)Cc2c(CN3CCC4(CC3)CCN(C(=O)c3ccnc(N)c3)CC4)cccc2O1,2,1
CHEMBL5409145,3.864195349310584,3.864195349310584,0.1620905847164264,3.7495799976911064,3.9788107009300617,2,0.22923070323895534,C[C@@H](C(=O)Nc1cc(F)c2c(c1)CC(CNCCC1CN(c3cnc4c(n3)NC(=O)CO4)C(=O)O1)C2)N(C)C,1,1
CHEMBL1097456,5.721475095477949,5.721475095477949,0.16146365976865587,5.607303046740334,5.835647144215563,2,0.22834409747522866,CC1(C)CC(NC(=O)CC(O)C(F)(F)F)c2cc(-c3ccc(Cl)cc3)c(-c3ccc(Cl)cc3Cl)nc2O1,1,1
CHEMBL4636056,5.440372055361031,5.440372055361031,0.1590564767431889,5.327902142064282,5.552841968657781,2,0.22493982659349854,CN1C(C)(C)CC(Nc2nc3c(-c4ccc(C(=O)N5C[C@@H]6C[C@H]5CO6)cc4)cnn3c(N)c2-c2ccccc2)CC1(C)C,2,1
CHEMBL567202,4.599999926524152,4.599999926524152,0.15556346969864324,4.489999942195333,4.709999910852971,2,0.21999996865763727,CC1(C)CCc2cc(CN3CCC4(CC3)CCN(C(=O)c3ccc(N)cn3)CC4)ccc2O1,2,1
CHEMBL5798072,4.590228032229065,4.590228032229065,0.15378437175284992,4.481486060122113,4.698970004336019,2,0.21748394421390582,CNCC(Cc1cccnc1)c1ccc2ccccc2c1,1,1
CHEMBL83,5.9072872003601,5.9072872003601,0.15172577665974019,5.800000874803203,6.014573525916998,2,0.2145726511137953,CC/C(=C(\c1ccccc1)c1ccc(OCCN(C)C)cc1)c1ccccc1,2,2
CHEMBL3794292,4.416341332625912,4.416341332625912,0.15066665387602773,4.309803919971486,4.522878745280337,2,0.21307482530885125,Cc1c(C(C)CN2CCN(C(=O)Cc3ccc(-n4cnnn4)nc3)CC2)ccc2c1COC2=O,2,1
CHEMBL52627,7.574291321488718,7.574291321488718,0.1495817058259398,7.468521082957745,7.680061560019691,2,0.21154047706194667,CS(=O)(=O)Nc1ccc2c(c1)C(O)CC1(CCN(C3CCc4cc(C#N)ccc4C3)CC1)O2,2,2
CHEMBL4095422,4.942194744162849,4.942194744162849,0.14645984051240987,4.838631997765025,5.045757490560675,2,0.20712549279565007,Cc1nsc(N2CCC3(CCN(C[C@H](O)c4ccc5c(c4C)COC5=O)CC3)C2=O)n1,2,1
CHEMBL491571,2.1999999997631363,2.1999999997631363,0.1414213561155226,2.0999999998492527,2.29999999967702,2,0.19999999982776728,C[C@@H](O)[C@H]1C(=O)N2C(C(=O)O)=C(S[C@@H]3CN[C@H](CNS(N)(=O)=O)C3)[C@H](C)[C@H]12,2,1
CHEMBL1080126,6.299997542777145,6.299997542777145,0.14142046612438364,6.199998172182031,6.399996913372259,2,0.1999987411902282,Cc1ncoc1-c1nnc(SCCCN2CC3CC3(c3ccc(C(F)(F)F)c(F)c3)C2)n1C,1,1
CHEMBL1081934,6.099999086091016,6.099999086091016,0.141420063774829,6.0,6.199998172182031,2,0.1999981721820312,Cc1ncoc1-c1nnc(SCCCN2CC3CC3(c3cccc(OC(F)(F)F)c3)C2)n1C,1,1
CHEMBL5190339,4.956251263797868,4.956251263797868,0.1403834140656823,4.856985199745905,5.055517327849831,2,0.19853212810392584,COc1cc(F)ccc1-c1cnc2sc(N3CC[C@@H](N)[C@@H](F)C3)nn12,1,1
CHEMBL1169572,6.486121397654723,6.486121397654723,0.1398731521263203,6.3872161432802645,6.585026652029182,2,0.19781050874891726,Cc1cc(Cl)ccc1-c1nc2c(cc1-c1ccc(Cl)cc1)C(NC(=O)C(O)C(F)(F)F)CC(C)(C)O2,1,1
CHEMBL5169763,4.938924840279597,4.938924840279597,0.13758506489160788,4.841637507904751,5.036212172654444,2,0.19457466474969376,COc1cc(F)ccc1-c1cnc2sc(N3CC[C@@H](O)[C@@H](N)C3)nn12,1,1
CHEMBL3742114,5.969198375195812,5.969198375195812,0.13619325414899872,5.872895201635192,6.065501548756432,2,0.1926063471212398,CCOC(=O)C1=C(CN2CCOCC2)NC(c2nccs2)=NC1c1ccc(F)cc1Br,2,2
CHEMBL3422762,5.71382562962742,5.71382562962742,0.13554200688255458,5.617982957425132,5.809668301829708,2,0.19168534440457652,COc1ccc2ncc(S(C)(=O)=O)c(CCC34CCC(NCc5ccc6c(n5)NC(=O)CO6)(CC3)CO4)c2n1,2,1
CHEMBL3957193,4.794190147018385,4.794190147018385,0.13466161719250322,4.698970004336019,4.889410289700751,2,0.19044028536473245,O=C(c1ccc2cc(Oc3ccc(C(F)(F)F)cn3)ccc2n1)N1CCNCC1,2,1
CHEMBL579072,4.415000026908535,4.415000026908535,0.13435033633156215,4.319999993033794,4.510000060783276,2,0.19000006774948197,CC1(C)Oc2c(CN3CCC4(CC3)CCN(C(=O)c3ccc(N)cn3)CC4)cccc2C1(F)F,2,1
CHEMBL4756869,5.1651091923957315,5.1651091923957315,0.13368294665680225,5.070581074285707,5.259637310505756,2,0.18905623622004875,CC(C)C[C@H]1CN(C2CCN(c3nc(N)n[nH]3)CC2)[C@@H](Cc2ccc(Cl)cc2)CO1,2,2
CHEMBL4068414,6.78998877268406,6.78998877268406,0.12727494295395542,6.699991797446187,6.879985747921933,2,0.17999395047574573,CCCCc1cc(OC2CCN(CCC(C)S(=O)(=O)CC)CC2)c2ncccc2c1.Cl.Cl,1,1
CHEMBL1952142,5.588890191961573,5.588890191961573,0.12571016948154085,5.499999678657065,5.6777807052660805,2,0.17778102660901585,COc1cc(NCC2CCNCC2)nc2c1nnn2-c1cccc(OC(F)(F)F)c1,2,2
CHEMBL3604801,5.531743128760553,5.531743128760553,0.12451532338594933,5.443697499232712,5.619788758288394,2,0.17609125905568135,CCOC(=O)C1(C)Oc2ccc(CNC34CCC(CCc5c(F)cnc6ccc(OC)nc56)(CC3)OC4)nc2NC1=O,1,1
CHEMBL5934097,6.309894379144197,6.309894379144197,0.12451532338594933,6.221848749616356,6.3979400086720375,2,0.17609125905568135,Cc1nc[nH]c1CN1CCC2(CC1)COC1c3ccc(Cl)cc3OCC1C2,1,1
CHEMBL6057937,7.911954370472159,7.911954370472159,0.12451532338594933,7.823908740944319,8.0,2,0.17609125905568135,C[C@@H]1Cc2c(ccc3[nH]ncc23)[C@@H](c2c(F)cc(NC3CN(CCCF)C3)cc2F)N1CC(C)(F)CO,1,1
CHEMBL5992805,4.740743030061056,4.740743030061056,0.11761407625550974,4.657577319177793,4.823908740944319,2,0.16633142176652527,CNC[C@H](c1ccc2ccccc2c1)[C@H](O)c1ccccc1C,1,1
CHEMBL1760059,6.877243666092925,6.877243666092925,0.11506557554478412,6.795880017344075,6.958607314841775,2,0.16272729749769965,COc1ccc([C@H]2CN(CCc3ccc(OC)c(OC)c3)C[C@@H]2CNC(=O)c2cccc(Cl)c2)cc1,1,1
CHEMBL4084106,5.664877073462938,5.664877073462938,0.11292554895282483,5.585026652029182,5.7447274948966935,2,0.15970084286751174,CC(C)(N)c1nc(-c2ccc(OC(F)(F)F)cc2)c[nH]1,2,1
CHEMBL4216500,5.036058294834646,5.036058294834646,0.10953222632500617,4.958607314841775,5.113509274827518,2,0.15490195998574308,Cn1cnc(-c2cnc(N)c(O[C@H]3CN(C(=O)Cc4ccc(OC(F)(F)F)cc4)CC3(F)F)c2)c1,2,1
CHEMBL5438135,4.84518491628705,4.84518491628705,0.10696239900062693,4.769551078621726,4.920818753952375,2,0.151267675330649,N[C@H](CO)Cc1nc(-c2ccc(Oc3ncc(Cl)cc3F)cc2)no1,2,1
CHEMBL5817627,4.734612093494794,4.734612093494794,0.10614550776753529,4.6595558851598815,4.809668301829708,2,0.15011241666982666,Cc1ccc(CCN2CCC(Nc3ncnc4[nH]ncc34)C(F)(F)C2)cc1,1,1
CHEMBL471994,6.58310781267176,6.58310781267176,0.10531578608406364,6.508638306165727,6.657577319177793,2,0.14893901301206647,Cc1ccccc1C1CCN(C[C@H]2CCc3cccnc3[C@@H](O)C2)CC1,1,1
CHEMBL2146755,8.227965977824862,8.227965977824862,0.10332812494955197,8.154901959985743,8.301029995663981,2,0.14612803567823818,O=[N+]([O-])c1ccc(CCN2CCN(CCc3ccc([N+](=O)[O-])cc3)CC2)cc1,2,2
CHEMBL4096468,4.926935982160881,4.926935982160881,0.10332812494955197,4.853871964321762,5.0,2,0.14612803567823818,NC1(Cc2nc(-c3ccc(OC(F)(F)F)cc3)c[nH]2)COC1,2,1
CHEMBL5928632,5.076553228341687,5.076553228341687,0.10208984676699448,5.004364805402449,5.1487416512809245,2,0.1443768458784751,CCN(CCN1CCC(c2noc3cc(F)ccc23)CC1)C(=O)C(C)O,1,1
CHEMBL4066256,4.689619755002897,4.689619755002897,0.0987559426276818,4.619788758288394,4.7594507517174005,2,0.13966199342900687,Cc1c([C@@H](O)CN2CCC3(CC2)CC(=O)N(c2ccc(S(C)(=O)=O)cn2)C3)ccc2c1COC2=O,2,1
CHEMBL4588384,5.328788659588897,5.328788659588897,0.09779477572977402,5.259637310505756,5.3979400086720375,2,0.1383026981662816,Nc1n[nH]c(N2CCC(N3CCC[C@@H]3Cc3ccc(Cl)cc3)CC2)n1,2,2
CHEMBL5778932,5.270663704402733,5.270663704402733,0.09016361640929241,5.20690839982342,5.334419008982047,2,0.12751060915862666,Cc1cc(Cn2cc(-c3cccc(Br)c3)cn2)n(C)n1,1,1
CHEMBL2069397,5.4604093769761874,5.4604093769761874,0.08834502788860882,5.3979400086720375,5.522878745280337,2,0.1249387366082999,O=C1CC(c2nc(-c3cccc(Cl)c3)no2)CN1c1ccc(F)cc1,1,1
CHEMBL2069398,5.159379381312206,5.159379381312206,0.08834502788860882,5.096910013008056,5.221848749616356,2,0.1249387366082999,Cc1cccc(-c2noc(C3CC(=O)N(c4ccc(F)cc4)C3)n2)c1,1,1
CHEMBL4093031,4.682258126592544,4.682258126592544,0.08834502788860882,4.619788758288394,4.7447274948966935,2,0.1249387366082999,CNC(=O)c1c(-c2ccc(F)cc2)oc2ccc(-c3cc(C(=O)NC4(c5ncccn5)CC4)ccc3C)c(F)c12,2,1
CHEMBL4442663,4.818194010053928,4.818194010053928,0.08659520792244886,4.756961951313706,4.87942606879415,2,0.12246411748044483,Nc1n[nH]c(N2CCC(N3C[C@@H](O)C[C@@H]3Cc3ccc(Cl)cc3)CC2)n1,2,2
CHEMBL5893791,5.1468972290590145,5.1468972290590145,0.08585843476264797,5.086186147616283,5.207608310501746,2,0.12142216288546237,CNCC(Cc1ccccc1C)c1ccc2ccccc2c1,1,1
CHEMBL4093284,4.9808886808156405,4.9808886808156405,0.08495170526079016,4.920818753952375,5.040958607678906,2,0.12013985372653124,COCc1cnc(N2CCC([C@H]3C[C@H]3CCOc3cc(F)c(CC(=O)N4CCC4)c(F)c3)CC2)nc1,2,1
CHEMBL3093972,6.681675827479206,6.681675827479206,0.08238187793641091,6.623423042943488,6.739928612014925,2,0.11650556907143717,CCCCCCCN(CC)CC#CC(c1ccccc1)c1ccccc1,2,2
CHEMBL488817,5.479481396066486,5.479481396066486,0.08219494930741585,5.421360790031928,5.537602002101044,2,0.11624121206911653,CC1(C)C[C@@H](CN2CCC(F)(CNC(=O)c3cc(Cl)cc(Cl)c3)CC2)CCO1,2,2
CHEMBL5896826,4.9430283238465815,4.9430283238465815,0.08057011708729224,4.886056647693163,5.0,2,0.11394335230683694,Fc1cc(Cl)cnc1C(F)(F)CN1CCC(Nc2ncnc3[nH]ncc23)CC1,2,1
CHEMBL2424928,3.5651202026087945,3.5651202026087945,0.07987746397833882,3.508638306165727,3.621602099051862,2,0.11296379288613512,O=c1ccc2ncc(F)c3c2n1C[C@@]3(O)CN1CCC(NCc2cc3c(cn2)OCCO3)CC1,2,1
CHEMBL5927039,5.063980166013357,5.063980166013357,0.0780734157480629,5.008773924307505,5.119186407719209,2,0.11041248341170373,FC(F)(F)c1ccc(CCN2CCC(Nc3ncnc4[nH]ncc34)C(F)(F)C2)cc1,1,1
CHEMBL566543,4.83499991232219,4.83499991232219,0.07778165619117064,4.779999975777493,4.889999848866887,2,0.10999987308939474,CC1(C)Cc2c(CN3CCC4(CC3)CCN(C(=O)c3ccc(N)cn3)CC4)cccc2O1,2,1
CHEMBL5413224,4.672815454512357,4.672815454512357,0.07499107296776752,4.619788758288394,4.72584215073632,2,0.10605339244792678,CCCCNc1nc(N)nc2cnn(Cc3ccc(CNC4CCC4)cc3OC)c12,2,2
CHEMBL5769402,5.154990609605652,5.154990609605652,0.07441266622814673,5.102372908709558,5.207608310501746,2,0.10523540179218749,CNCC(Cc1ccccc1F)c1ccc2ccccc2c1,1,1
CHEMBL256154,5.797292666524068,5.797292666524068,0.07433837862390182,5.7447274948966935,5.849857838151442,2,0.10513034325474813,CC(C)[C@]1(C(=O)NCc2cc(C(F)(F)F)cc(C(F)(F)F)c2)CC[C@@H](N2CCC(c3cncnc3)CC2)C1,1,1
CHEMBL4853672,5.906239639581768,5.906239639581768,0.07405907658265105,5.853871964321762,5.958607314841775,2,0.10473535052001282,CC[C@@H](NC(=O)c1ccc(C#N)cc1)[C@H]1[C@@H]2C[C@@H](n3cnc4cc(F)c(F)cc43)C[C@@H]21,2,1
CHEMBL1771097,5.772577569995745,5.772577569995745,0.07259323812796481,5.721246399047171,5.823908740944319,2,0.10266234189714751,O=C(NC1CC1)c1ccc(OCC2CC2C2CCN(c3ncc(Cl)cn3)CC2)cc1F,1,1
CHEMBL5877282,4.971547574331764,4.971547574331764,0.07174138578372023,4.920818753952375,5.022276394711152,2,0.1014576407587775,CNCC(Cc1ccccc1O)c1ccc2ccccc2c1,1,1
CHEMBL3922156,4.17586586865967,4.17586586865967,0.07120238088319748,4.125518182300533,4.2262135550188065,2,0.10069537271827311,Cc1c([C@@H]2CN3CCN(C(=O)Cc4ccc(-n5cnnn5)nc4)C[C@@H]3CO2)ccc2c1COC2=O,2,1
CHEMBL2207666,5.150000182721775,5.150000182721775,0.07071075503430618,5.100000128334196,5.200000237109354,2,0.10000010877515741,O=C(NC[C@@H](O)CN1CCC(Oc2ccc(Cl)c(Cl)c2)CC1)c1c[nH]c(=O)c2ccccc12,2,2
CHEMBL4239085,4.449999960602877,4.449999960602877,0.07071066783169164,4.399999967876858,4.499999953328896,2,0.0999999854520377,O=C(O)C[C@H](CN1CC[C@@H](CCc2ccc3c(n2)NCCC3)C1)c1cccc(O[C@@H]2CCOC2)c1,2,1
CHEMBL3774649,5.449999932356823,5.449999932356823,0.07071031933301615,5.40000018605658,5.499999678657065,2,0.09999949260048435,Cn1c(SCCCN2CC3CCN(c4ccccc4)C3C2)nnc1C1CCOCC1,1,1
CHEMBL3774783,5.849999646000926,5.849999646000926,0.0707089403298082,5.800000874803203,5.899998417198648,2,0.09999754239544512,Cn1c(SCCCN2CC3CCN(c4ccccc4C(F)(F)F)C3C2)nnc1-c1cnccn1,1,1
CHEMBL3775589,5.849999646000926,5.849999646000926,0.0707089403298082,5.800000874803203,5.899998417198648,2,0.09999754239544512,Cc1ncoc1-c1nnc(SCCCN2CC3CCN(c4ccccc4)C3C2)n1C,1,1
CHEMBL3978935,5.805416957817734,5.805416957817734,0.0685257273628731,5.756961951313706,5.853871964321762,2,0.09691001300805624,C[C@@H]1CN(c2sc(C(F)(F)F)nc2-c2nc3ccccc3[nH]2)CCN1C(=O)Cn1cnc2cccnc21,2,2
CHEMBL6048972,4.872363747448347,4.872363747448347,0.0685257273628731,4.823908740944319,4.920818753952375,2,0.09691001300805624,CNCC(Cc1ccccc1CO)c1ccc2ccccc2c1,1,1
CHEMBL2111101,6.434351101701188,6.434351101701188,0.06665889746076228,6.3872161432802645,6.481486060122112,2,0.09426991684184749,CC(C)COc1ccc(CNC(=O)N(Cc2ccc(F)cc2)C2CCN(C)CC2)cc1,2,2
CHEMBL4463663,5.009539493076637,5.009539493076637,0.06641994146690261,4.962573502059376,5.056505484093897,2,0.0939319820345208,Nc1cc(F)c(S(=O)(=O)N2CCC(O)CC2)cc1C(=O)Nc1cc(F)c(F)c(F)c1,2,1
CHEMBL5178777,4.704567941425494,4.704567941425494,0.06365666044112997,4.6595558851598815,4.749579997691106,2,0.09002411253122489,COc1cc(F)ccc1-c1cnc2sc(N3CCC(O)(CN)C3)nn12,1,1
CHEMBL4638897,5.2167812539024645,5.2167812539024645,0.06060761647820372,5.173925197299173,5.259637310505756,2,0.08571211320658279,Nc1nc(N2CCC(N3Cc4cc(Cl)ccc4OC[C@@H]3Cc3ccc(Cl)cc3)CC2)n[nH]1,2,2
CHEMBL4559965,4.595557066320094,4.595557066320094,0.06040827043213459,4.552841968657781,4.638272163982407,2,0.08543019532462637,Cc1c(C(O)CN2CCN(CC(O)c3ccc4c(c3C)COC4=O)CC2)ccc2c1COC2=O,2,1
CHEMBL3612814,4.811711521471744,4.811711521471744,0.05962387007415119,4.769551078621726,4.853871964321762,2,0.08432088570003593,Cc1nc(C(O)CN2CCN(C[C@H](O)c3ccc4c(c3C)COC4=O)CC2)ccc1C#N,2,1
CHEMBL3422983,8.630000345299017,8.630000345299017,0.058859640961732365,8.588380294036769,8.671620396561263,2,0.08324010252449376,COc1ccc2ncc(C#N)c(CC(O)C34CCC(NCc5ccc6c(n5)NC(=O)CO6)(CC3)CO4)c2n1,1,1
CHEMBL1927162,5.261439372640169,5.261439372640169,0.05598959602307623,5.221848749616356,5.301029995663981,2,0.07918124604762511,COc1ccc2ncc(F)c(CCN3CCC(NCc4cc5c(cn4)OCCO5)CC3)c2c1,2,1
CHEMBL3582336,4.5303901820725905,4.5303901820725905,0.05408808794655356,4.492144128304169,4.568636235841013,2,0.07649210753684432,CCn1cc([C@@]2(c3nn(C)c(=O)o3)N[C@@H](c3nc(-c4ccc(F)cn4)c[nH]3)Cc3c2[nH]c2ccccc32)cn1,2,1
CHEMBL568523,4.395000033044167,4.395000033044167,0.04949747605210755,4.360000032076103,4.430000034012231,2,0.07000000193612799,CC1(C)Cc2cccc(CN3CCC4(CC3)CCN(C(=O)c3ccc(N)cn3)CC4)c2O1,2,1
CHEMBL531475,5.489405350465031,5.489405350465031,0.04733852892647574,5.455931955649724,5.522878745280337,2,0.06694678963061307,COc1ccc(-c2cc(-c3ccc(S(C)(=O)=O)cc3)cnc2N)cn1,2,2
CHEMBL2324256,6.802599111418644,6.802599111418644,0.04673697619115327,6.769551078621726,6.835647144215563,2,0.06609606559383696,Cc1ccc(OCCCc2cc(N)cc(CCCOc3ccc(C)cc3)n2)cc1,2,1
CHEMBL4789376,4.173393743112328,4.173393743112328,0.04345346468327905,4.142667503568732,4.204119982655925,2,0.06145247908719309,Nc1n[nH]c(N2CCC(N3C[C@H](CO)OC[C@@H]3Cc3ccc(Cl)cc3)CC2)n1,2,2
CHEMBL567417,5.42999999937279,5.42999999937279,0.04242614286044522,5.40000018605658,5.459999812689,2,0.05999962663242009,CCCC1(CC)Cc2c(CN3CCC4(CC3)CCN(C(=O)c3ccc(N)cn3)CC4)cccc2O1,2,1
CHEMBL3735506,7.329223388945211,7.329223388945211,0.038641878844310806,7.30189945437661,7.356547323513812,2,0.05464786913720232,COCCN1CCC(CNC(=O)c2n[nH]c3ccc(-c4cccc(F)c4F)cc23)CC1,2,2
CHEMBL2046888,5.527197737691734,5.527197737691734,0.038463863957052966,5.499999678657065,5.554395796726403,2,0.05439611806933797,c1ccc(CCNCCC(c2ccccc2)c2ccccc2)cc1,1,1
CHEMBL4075906,5.155612172363577,5.155612172363577,0.03513456914225129,5.130768280269024,5.180456064458131,2,0.04968778418910702,Cc1cc(N2CCC3(CCN(C[C@H](O)c4ccc5c(c4C)COC5=O)CC3)C2=O)sn1,2,1
CHEMBL1404,4.896856977793783,4.896856977793783,0.0338870688220281,4.872895201635193,4.920818753952375,2,0.04792355231718215,COc1ccccc1OCC(O)CN1CCN(CC(=O)Nc2c(C)cccc2C)CC1,2,2
CHEMBL4207042,4.0789451182796945,4.0789451182796945,0.03313189896234746,4.055517327849832,4.102372908709558,2,0.04685558085972641,CNC(=O)c1cnc(N)c(O[C@H]2CN(C(=O)Cc3ccc(OC(F)(F)F)cc3)CC2(F)F)c1,2,1
CHEMBL4470253,4.779152432179641,4.779152432179641,0.03138207899618783,4.756961951313706,4.801342913045578,2,0.044380961731872226,CO[C@@H]1C[C@H](Cc2ccc(Cl)cc2)N(C2CCN(c3nc(N)n[nH]3)CC2)C1,2,2
CHEMBL4297454,5.530740137411754,5.530740137411754,0.03125670950141258,5.508638306165727,5.552841968657781,2,0.04420366249205365,CCNC(=O)c1cc2c(-c3cc(C(C)(C)O)ccc3Oc3c(C)cc(F)cc3C)cn(C)c(=O)c2[nH]1,2,1
CHEMBL3221520,4.421848733554786,4.421848733554786,0.030898820742836997,4.399999967876858,4.443697499232713,2,0.04369753135585519,O=C(Nc1ccc(F)cn1)[C@H](CN1CC(O)C1)Oc1ncnc2c1cnn2-c1ccccc1Cl,1,1
CHEMBL2046892,7.378277572964857,7.378277572964857,0.0307312134874186,7.356547323513812,7.400007822415902,2,0.04346049890208992,Fc1ccc(N(CCNCCc2ccccc2)c2ccc(F)cc2)cc1,1,1
CHEMBL2206790,4.6787886938674115,4.6787886938674115,0.029997413762635303,4.657577319177793,4.70000006855703,2,0.04242274937923618,COCC[C@H](Oc1ncnc2c1cnn2-c1ccccc1Cl)C(=O)Nc1ccc(C)cn1,2,2
CHEMBL3290336,4.658026434624244,4.658026434624244,0.027936757456474223,4.638272163982407,4.6777807052660805,2,0.03950854128367354,COc1ccc2ccc(=O)n(CCN3CCC(NCc4ccc5c(n4)NC(=O)CO5)CC3)c2n1,2,2
CHEMBL5198665,4.336975516026629,4.336975516026629,0.027678715588529346,4.317403708539446,4.356547323513812,2,0.039143614974365804,Cc1cc(C#N)cnc1C(=O)Nc1ccc(F)c([C@]2(C)CS(=O)(=O)[C@@](C)(C(F)F)C(=N)N2)n1,2,1
CHEMBL3814374,4.572301001672965,4.572301001672965,0.027519228400740968,4.552841968657781,4.591760034688151,2,0.03891806603037029,CC(C)Oc1cc([C@@](Cc2ccccc2)(NC[C@H](O)CC(F)(F)F)c2cc(F)cc(OC(F)(F)C(F)F)c2)ccc1F,2,1
CHEMBL4637576,5.240743030061056,5.240743030061056,0.026720547656175313,5.221848749616356,5.259637310505756,2,0.03778856088939975,Nc1nc(N2CCC(N3Cc4cc(Cl)cc(Cl)c4OC[C@@H]3Cc3ccc(Cl)cc3)CC2)n[nH]1,2,2
CHEMBL487063,5.083937228732995,5.083937228732995,0.02607198865442586,5.065501548756432,5.102372908709558,2,0.036871359953126515,Cc1nc2ccccc2c(=O)n1-c1ccc(OCCCN2CCCCC2)cc1,2,2
CHEMBL2046891,6.218285089309547,6.218285089309547,0.025861606215725905,6.199998172182031,6.236572006437063,2,0.03657383425503191,c1ccc(CCCNCCN(c2ccccc2)c2ccccc2)cc1,1,1
CHEMBL4082282,4.777665384530738,4.777665384530738,0.025759380758267527,4.7594507517174005,4.795880017344075,2,0.03642926562667448,O=C(O)CC1CCC2(CCN(c3ccc(-c4nc5cc(C(F)(F)F)ccc5[nH]4)cn3)CC2)O1,1,1
CHEMBL4537828,4.739104175180438,4.739104175180438,0.025254709201489072,4.721246399047171,4.756961951313706,2,0.035715552266534445,CO[C@H]1C[C@H](Cc2ccc(Cl)cc2)N(C2CCN(c3nc(N)n[nH]3)CC2)C1,2,2
CHEMBL3937515,5.109271675191453,5.109271675191453,0.02511175757685059,5.09151498112135,5.127028369261557,2,0.03551338814020699,COc1cnc(C(=O)Nc2ccc(F)c([C@]3(C)CS(=O)(=O)C(C)(C)C(N)=N3)c2)cn1,2,1
CHEMBL1782376,5.903437700822769,5.903437700822769,0.024580521064216015,5.886056647693163,5.920818753952375,2,0.034762106259211834,CC(C)[C@]1(C(=O)N2CCN(c3cc(C(F)(F)F)ccn3)CC2)CC[C@@H](NC2C3CCCC2COC3)C1,1,1
CHEMBL4069245,4.682258126592544,4.682258126592544,0.023634164157543328,4.665546248849069,4.698970004336019,2,0.033423755486949425,Cc1c([C@@H](O)CN2CCC3(CC2)CCN(c2ccc(=O)n(C)n2)C3=O)ccc2c1COC2=O,2,1
CHEMBL2046889,7.784760906033978,7.784760906033978,0.02150994420776096,7.769551078621726,7.79997073344623,2,0.03041965482450415,c1ccc(CCCNCCC(c2ccccc2)c2ccccc2)cc1,1,1
CHEMBL5396132,4.537860356969059,4.537860356969059,0.021187198436397353,4.522878745280337,4.552841968657781,2,0.02996322337744317,N[C@H](CO)Cn1nnc(-c2ccc(Oc3ncc(Cl)cc3F)cc2)n1,2,1
CHEMBL3929578,4.690625659270356,4.690625659270356,0.021083257811548337,4.675717544702307,4.705533773838407,2,0.029816229136099714,Cc1c([C@@H]2CN3CCN(C(=O)Cc4ccc(-n5cnnn5)nc4)C[C@H]3CO2)ccc2c1COC2=O,2,1
CHEMBL4084845,5.508864383480216,5.508864383480216,0.01981930052573572,5.494850021680094,5.522878745280337,2,0.028028723600243666,Cc1ccc(-c2ncc(OC[C@H]3CCNC3)cc2-c2ccc(C#N)cc2)cc1,2,2
CHEMBL1824043,5.058169282423191,5.058169282423191,0.017552924385322393,5.045757490560675,5.070581074285707,2,0.02482358372503235,O=C1COc2ccc(CNC3CCN(CCN4C(=O)COc5ccc(F)cc54)CC3)nc2N1,2,2
CHEMBL4751724,4.8980757681268825,4.8980757681268825,0.016997603125161635,4.886056647693163,4.910094888560602,2,0.024038240867438887,CC(C)(CO)Cn1nc(-c2ccc3cc(OC4CC4)ccc3c2)c(C(N)=O)c1N,2,1
CHEMBL4848514,5.2637680516965055,5.2637680516965055,0.016908448654166297,5.251811972993799,5.275724130399211,2,0.023912157405411527,CC[C@@H](NC(=O)c1ccc(Cl)cc1)[C@H]1[C@@H]2C[C@@H](n3cnc4ccc(C#N)cc43)C[C@@H]21,2,1
CHEMBL2216904,5.029343687319669,5.029343687319669,0.016425977897917055,5.017728766960431,5.040958607678906,2,0.023229840718475003,COc1cc2c(cc1O)[C@@H](Cc1ccc(O)c(Oc3ccc(C[C@@H]4c5cc(OC)c(OC)cc5CCN4C)cc3)c1)N(C)CC2,2,1
CHEMBL1813065,5.011138197355576,5.011138197355576,0.015751789760643998,5.0,5.022276394711152,2,0.022276394711152392,C[C@@H]1CCCN1CCCOc1ccc(-c2cn[nH]c(=O)c2)cc1,2,2
CHEMBL3707392,5.232986946971932,5.232986946971932,0.015751789760643998,5.221848749616356,5.2441251443275085,2,0.022276394711152392,O=C1c2cc(-c3ccc(OC(F)(F)F)cc3)ccc2OCCN1Cc1ncccn1,2,2
CHEMBL3221523,4.7106232338021,4.7106232338021,0.015023424364909612,4.70000006855703,4.721246399047171,2,0.021246330490141574,O=C(Nc1ccc(F)cn1)[C@H](CN1CC(O)C1)Oc1ncnc2c1cnn2-c1c(Cl)cccc1Cl,1,1
CHEMBL5414274,5.667679012221937,5.667679012221937,0.014285951305957757,5.657577319177793,5.6777807052660805,2,0.02020338608828709,N[C@@H]1c2ccccc2CC12CCN(c1cnc3c(N4CCCc5ncccc54)n[nH]c3n1)CC2,1,1
CHEMBL511142,5.109999942516765,5.109999942516765,0.01414187283819992,5.100000128334196,5.119999756699334,2,0.019999628365138022,CO[C@@]12CC[C@@]3(C[C@@H]1[C@](C)(O)C(C)(C)C)[C@H]1Cc4ccc(O)c5c4[C@@]3(CCN1CC1CC1)[C@H]2O5,2,2
CHEMBL2046893,8.609884561611619,8.609884561611619,0.014006649264706373,8.599980364934842,8.619788758288394,2,0.01980839335355178,Fc1ccc(N(CCNCCCc2ccccc2)c2ccc(F)cc2)cc1,1,1
CHEMBL4081080,7.164413578642458,7.164413578642458,0.013451460104447335,7.154901959985743,7.173925197299173,2,0.01902323731343003,N/C(CC(O)c1cc2c(F)cc(F)cc2c2cc(C(F)(F)F)ccc12)=N\N=C\c1ccc(F)cc1,2,2
CHEMBL3946901,6.689484600035645,6.689484600035645,0.013414387406180096,6.679999195735272,6.698970004336019,2,0.018970808600746736,Cn1c(SCCCN2CC[C@]3(C[C@@H]3c3ccc(C(F)(F)F)cc3)C2)nnc1-c1ccccn1,1,1
CHEMBL6043476,4.9300604567993815,4.9300604567993815,0.01306974150565885,4.920818753952375,4.939302159646388,2,0.0184834056940133,Fc1cc(C(F)(F)F)cnc1C(F)(F)CN1CCC(Nc2ncnc3[nH]ncc23)CC1,2,1
CHEMBL2046895,6.708345284371319,6.708345284371319,0.011813614502626808,6.699991797446187,6.71669877129645,2,0.016706973850262763,O=C(CCc1ccccc1)NCCN(c1ccc(F)cc1)c1ccc(F)cc1,1,1
CHEMBL4103004,5.094279528162921,5.094279528162921,0.011445768534501242,5.086186147616283,5.102372908709558,2,0.016186761093274882,COc1nccc(N2CCC3(CCN(C[C@H](O)c4ccc5c(c4C)COC5=O)CC3)C2=O)n1,2,1
CHEMBL4517408,5.088915960315991,5.088915960315991,0.01130529773544346,5.080921907623926,5.096910013008056,2,0.01598810538412998,COc1cc(-c2cncc(-c3ccc(N4CCNCC4)cc3)c2C)cc(OC)c1OC,2,2
CHEMBL4851581,5.22921037802671,5.22921037802671,0.010410914739072984,5.221848749616356,5.236572006437063,2,0.014723256820706965,Cc1ccc(Oc2ccc(-c3nnn(CCN)n3)cc2)cc1,2,2
CHEMBL4633136,4.831270369354671,4.831270369354671,0.01041091473907267,4.823908740944319,4.838631997765025,2,0.014723256820706077,O=C(NC1CCS(=O)(=O)C1)c1n[nH]c2ccc(-c3cccc(F)c3F)cc12,2,2
CHEMBL4540218,5.9643035166248355,5.9643035166248355,0.00805564581561846,5.958607314841775,5.969999718407896,2,0.0113924035661217,Cc1cc(C(N)=O)c(-c2cccc(OC(=O)NCCCN3CCN(c4ccccc4)CC3)c2)o1,1,1
CHEMBL1951415,4.563078233388282,4.563078233388282,0.007860202448354909,4.557520230935552,4.568636235841013,2,0.011116004905461274,Nc1nccc(-c2c(-c3ccc(F)cc3)ncn2C2CCCCC2)n1,2,1
CHEMBL3938107,5.915409160019882,5.915409160019882,0.007650321106262124,5.90999956608739,5.920818753952375,2,0.010819187864984592,Cn1c(SCCCN2CC[C@]3(C[C@@H]3c3ccc(C(F)(F)F)cc3)C2)nnc1-c1cccnc1,1,1
CHEMBL4641082,5.392578075976151,5.392578075976151,0.007582917939054383,5.3872161432802645,5.3979400086720375,2,0.010723865391772947,O=C(NCC1CCOCC1)c1n[nH]c2ccc(-c3cccc(F)c3F)cc12,2,2
CHEMBL4633141,4.881102503363039,4.881102503363039,0.007006218101615729,4.876148359032914,4.886056647693163,2,0.009908288660248843,O=C(NC1CCOC1)c1n[nH]c2ccc(-c3cccc(F)c3F)cc12,2,2
CHEMBL5088392,5.04098483160756,5.04098483160756,0.0067495590200768694,5.036212172654444,5.045757490560675,2,0.009545317906230366,CCNC(=O)N1C[C@H]2[C@H](C)[C@@H](C)[C@H](/C=C/c3ccc(-c4ccccc4C#N)cn3)[C@@H]3[C@@H](C)OC(=O)[C@@]32C1,2,1
CHEMBL559251,5.263621775341393,5.263621775341393,0.005634884209357272,5.259637310505756,5.267606240177031,2,0.007968929671275049,CN(C)CCC1=C(Cc2cnccn2)c2ccccc2C1,2,2
CHEMBL2046890,7.203789475628806,7.203789475628806,0.005400648069774756,7.199970640755866,7.207608310501746,2,0.0076376697458799825,c1ccc(CCNCCN(c2ccccc2)c2ccccc2)cc1,1,1
CHEMBL3921885,5.5564208820982826,5.5564208820982826,0.005061347926117263,5.552841968657781,5.5599997955387845,2,0.00715782688100397,Cn1c(SCCCN2CC[C@]3(C[C@@H]3c3ccc(F)cc3F)C2)nnc1-c1cccnc1,1,1
CHEMBL1957002,5.02343597906928,5.02343597906928,0.004859474442112993,5.019999811738259,5.026872146400301,2,0.006872334662041624,Cc1nc2cnc(Oc3ccc(F)c4cccnc34)cc2c(=O)n1C[C@H]1CCCN(C(C)C)C1,1,1
CHEMBL4554053,5.452966216037528,5.452966216037528,0.0041941891820347615,5.450000476425332,5.455931955649724,2,0.005931479224392078,NC(=O)c1ccn(-c2cccc(OC(=O)NCCCN3CCN(c4ccccc4)CC3)c2)c1,1,1
CHEMBL4635680,4.654636228064817,4.654636228064817,0.004159330940146773,4.651695136951839,4.657577319177793,2,0.005882182225954047,O=C(NCC1CCCOC1)c1n[nH]c2ccc(-c3cccc(F)c3F)cc12,2,2
CHEMBL243001,5.792940021707611,5.792940021707611,0.004157781702405688,5.790000026071146,5.795880017344075,2,0.0058799912729288195,Cc1nc2ccc(Oc3ccc(F)cc3)cc2c(=O)n1C[C@H]1CCCN(C(C)C)C1,1,1
CHEMBL12780,8.157460701153699,8.157460701153699,0.0036186064623275733,8.154901959985743,8.160019442321657,2,0.005117482335913692,O=C1NCCN1CCN1CCC(c2cn(-c3ccc(F)cc3)c3ccccc23)CC1,2,2
CHEMBL300927,4.127469380402163,4.127469380402163,0.003578870774815144,4.1249387366083,4.130000024196025,2,0.005061287587724728,O=C(O)c1ccc(-n2cc(C3CCN(CCN4CCNC4=O)CC3)c3cc(Cl)ccc32)cc1,2,2
CHEMBL1956988,5.492424780623096,5.492424780623096,0.003429808794830688,5.489999539566098,5.494850021680094,2,0.00485048211399608,Cc1nc2ccc(Oc3ccc(F)cc3)nc2c(=O)n1C[C@H]1CCCN(C(C)C)C1,1,1
CHEMBL2046894,5.102288791147394,5.102288791147394,0.0032366579901238167,5.100000128334196,5.104577453960593,2,0.004577325626396345,O=C(Cc1ccccc1)NCCN(c1ccccc1)c1ccccc1,1,1
CHEMBL443476,7.0577495864210835,7.0577495864210835,0.003156890346190018,7.055517327849831,7.059981844992337,2,0.004464517142506175,O=C1NCCN1CCN1CCC(c2cn(-c3ccccc3)c3ccc(Cl)cc23)CC1,2,2
CHEMBL4798032,4.997839313108679,4.997839313108679,0.003055672705747741,4.995678626217358,5.0,2,0.0043213737826421905,Nc1ncc(-c2ccc(C(=O)N3CCNCC3)cc2)nc1-c1ccc(C(F)(F)F)cc1,2,2
CHEMBL4473519,5.277862255635183,5.277862255635183,0.0030237657067650474,5.275724130399211,5.280000380871156,2,0.004276250471945353,NC(=O)c1ccn(-c2cccc(OC(=O)NCCN3CCN(c4ccccc4)CC3)c2)c1,1,1
CHEMBL53871,4.802050200164606,4.802050200164606,0.0028993462949395274,4.800000052738446,4.804100347590766,2,0.004100294852319664,CCC(O)(CC)c1cn(-c2ccc(F)cc2)c2ccc(Cl)cc12,2,2
CHEMBL1956999,6.888036676436635,6.888036676436635,0.002800183502906858,6.886056647693163,6.890016705180107,2,0.0039600574869442795,Cc1nc2cnc(Oc3ccc(Cl)cc3F)cc2c(=O)n1C[C@H]1CCCN(C(C)C)C1,1,1
CHEMBL1956991,5.888028248280025,5.888028248280025,0.0027882642895232595,5.886056647693163,5.889999848866887,2,0.0039432011737243755,Cc1nc2ccc(Oc3ccc(Cl)cc3F)nc2c(=O)n1C[C@H]1CCCN(C(C)C)C1,1,1
CHEMBL1956998,5.888028248280025,5.888028248280025,0.0027882642895232595,5.886056647693163,5.889999848866887,2,0.0039432011737243755,Cc1nc2cnc(Oc3ccc(F)cc3)cc2c(=O)n1C[C@H]1CCCN(C(C)C)C1,1,1
CHEMBL439849,5.2537594949355615,5.2537594949355615,0.0027542119430592543,5.251811972993799,5.255707016877324,2,0.0038950438835243517,N#Cc1ccc2[nH]cc(CCCCN3CCN(c4ccc5oc(C(N)=O)cc5c4)CC3)c2c1,2,2
CHEMBL4517296,5.191910090037293,5.191910090037293,0.0027010573645108683,5.190000154058473,5.1938200260161125,2,0.0038198719576394424,Cn1c(C(N)=O)ccc1-c1cccc(OC(=O)NCCN2CCN(c3ccccc3)CC2)c1,1,1
CHEMBL52999,7.44183562515991,7.44183562515991,0.002633087565188087,7.439973751087107,7.443697499232712,2,0.0037237481456049437,COC(=O)c1ccc(-n2cc(C3CCN(CCN4CCNC4=O)CC3)c3cc(Cl)ccc32)cc1,2,2
CHEMBL1956995,4.868230526915262,4.868230526915262,0.0025023593784682875,4.866461091629782,4.869999962200743,2,0.003538870570960917,COc1ccc2cccc(Oc3ccc4nc(C)n(C[C@H]5CCCN(C(C)C)C5)c(=O)c4n3)c2n1,1,1
CHEMBL284348,2.3582736618763778,2.3582736618763778,0.002441411125585287,2.356547323513812,2.3600000002389434,2,0.003452676725131276,Nc1ccncc1,2,2
CHEMBL716,5.238285979572167,5.238285979572167,0.0024239240532067654,5.236572006437063,5.2399999527072705,2,0.0034279462702073715,OCCOCCN1CCN(C2=Nc3ccccc3Sc3ccccc32)CC1,2,2
CHEMBL1824044,4.887733468696958,4.887733468696958,0.0023713830052373287,4.886056647693163,4.889410289700751,2,0.0033536420075881423,COc1ccc2c(c1)N(CCN1CCC(NCc3ccc4c(n3)NC(=O)CO4)CC1)C(=O)CO2,2,2
CHEMBL53661,6.8616372411120725,6.8616372411120725,0.002322409818733991,6.859995049380551,6.863279432843593,2,0.003284383463042495,O=C1NCCN1CCN1CCC(c2cn(C3CCCCC3)c3ccc(Cl)cc23)CC1,2,2
CHEMBL1957004,4.791587075019647,4.791587075019647,0.002244426147122322,4.790000026071145,4.79317412396815,2,0.003174097897004735,Cc1nc2ncc(Oc3ccc(F)cc3)nc2c(=O)n1C[C@H]1CCCN(C(C)C)C1,1,1
CHEMBL4641148,4.385633045811932,4.385633045811932,0.0022388379102742002,4.384049948343599,4.3872161432802645,2,0.0031661949366652564,O=C(NCC1CCOCC1)c1n[nH]c2ccc(-c3cnccc3CO)cc12,2,2
CHEMBL4565200,6.551419669242297,6.551419669242297,0.0020114351231318513,6.549997369826814,6.552841968657781,2,0.0028445988309666603,Cc1cc(C(N)=O)c(-c2cccc(OC(=O)NCCN3CCN(c4ccccc4)CC3)c2)s1,1,1
CHEMBL52832,6.338620224107771,6.338620224107771,0.0019488651869991203,6.337242168318426,6.339998279897117,2,0.002756111578690934,CC(C)(O)c1ccc(C(O)CCCN2CCC(C(O)(c3ccccc3)c3ccccc3)CC2)cc1,2,2
CHEMBL415944,6.881357226133084,6.881357226133084,0.0019395630867094387,6.879985747921933,6.882728704344236,2,0.0027429564223027114,COC(=O)Cc1ccc(-n2cc(C3CCN(CCN4CCNC4=O)CC3)c3cc(Cl)ccc32)cc1,2,2
CHEMBL55835,6.2386606944899174,6.2386606944899174,0.0018939971345002754,6.237321436272564,6.2399999527072705,2,0.0026785164347060686,O=C(O)Cc1ccc(-n2cc(C3CCN(CCN4CCNC4=O)CC3)c3cc(Cl)ccc32)cc1,2,2
CHEMBL4638321,4.308478500347128,4.308478500347128,0.001874426408602464,4.30715308072277,4.309803919971486,2,0.002650839248715897,O=C(NCC1CCOCC1)c1n[nH]c2ccc(-c3cccnc3)cc12,2,2
CHEMBL298978,8.208802395055628,8.208802395055628,0.0016886905707202014,8.207608310501746,8.20999647960951,2,0.002388169107764071,Fc1ccc(-n2cc(C3CCN(CCN4CCN=C4S)CC3)c3ccccc32)cc1,2,2
CHEMBL43,6.678889950500676,6.678889950500676,0.0015687096547630608,6.6777807052660805,6.679999195735272,2,0.0022184904691915364,COc1cc(NS(C)(=O)=O)ccc1Nc1c2ccccc2nc2ccccc12,2,2
CHEMBL4640061,4.310692048984388,4.310692048984388,0.0012560040951822926,4.309803919971486,4.311580177997289,2,0.001776258025802946,Cc1c(N2CC[C@@H]([C@H](C)N)C2)c(F)cc2ccc(=O)n(C3CC3)c12,2,2
CHEMBL301956,7.9593983803467125,7.9593983803467125,0.001118735565807763,7.958607314841775,7.96018944585165,2,0.0015821310098749208,CN(C)Cc1cn(-c2ccc(F)cc2)c2ccc(Cl)cc12,2,2
CHEMBL1956989,5.509318832137387,5.509318832137387,0.0009624090586696674,5.508638306165727,5.509999358109048,2,0.0013610519433209234,Cc1nc2ncc(Oc3ccc(F)cc3)cc2c(=O)n1C[C@H]1CCCN(C(C)C)C1,1,1
CHEMBL60889,5.319379423197597,5.319379423197597,0.0008777466002273792,5.318758762624412,5.320000083770781,2,0.0012413211463684348,CCOc1cc(N)c(Cl)cc1C(=O)NCC1CN(Cc2ccc(F)cc2)CCO1,2,2
CHEMBL3814424,5.43121218315898,5.43121218315898,0.0008288603498354862,5.430626090384954,5.431798275933005,2,0.0011721855480510968,CN(C/C=C/c1ccc(C(F)(F)F)cc1)Cc1cccc2ccoc12.Cl,2,2
CHEMBL556312,7.629487265191106,7.629487265191106,0.0007850687867964957,7.628932137728263,7.630042392653947,2,0.00111025492568384,O=C1NCCN1CCN1CCC(C2CN(c3ccc(F)cc3)c3ccccc32)CC1,2,2
CHEMBL3091687,5.050122569489481,5.050122569489481,0.0006893214413631741,5.049635145623877,5.050609993355087,2,0.0009748477312099268,NCCCCN(C[C@H]1Cc2ccccc2CN1)[C@H]1CCCc2cccnc21,2,2
CHEMBL4636306,4.327440617467693,4.327440617467693,0.0006526943438660221,4.326979092871103,4.327902142064283,2,0.000923049193179537,COCc1ccncc1-c1ccc2[nH]nc(C(=O)NCC3CCOCC3)c2c1,2,2
CHEMBL488468,5.713993110622622,5.713993110622622,0.0006358026560714191,5.713543530253017,5.714442690992226,2,0.0008991607392090373,CC(C)(C)CCN1CCC(CNC(=O)c2cc(Cl)cc(Cl)c2)CC1,2,2
CHEMBL1095819,6.142366119424651,6.142366119424651,0.0004262215440424369,6.142064735280571,6.142667503568731,2,0.0006027682881599716,CN1CCC[C@@H](c2nc3ccccc3n2Cc2ccc(F)cc2)C1,2,2
CHEMBL4099387,6.060241268734609,6.060241268734609,0.0003386739501641673,6.060001790087838,6.060480747381382,2,0.00047895729354419103,CN(Cc1ccccn1)Cc1ccccc1CNc1ccnc2cc(Cl)ccc12,1,1
CHEMBL4465428,3.9505881823674223,3.9505881823674223,0.00027406746413972304,3.9503943874050265,3.950781977329818,2,0.00038758992479159815,Cl.O=S(=O)(/C=C/c1ncccc1F)c1ccc(OCCCN2CCOCC2)cc1,2,2
CHEMBL3323084,4.920999785426764,4.920999785426764,0.00025601716629618097,4.920818753952375,4.921180816901152,2,0.0003620629487768312,Cn1cc([C@@]2(c3cncc(C(=O)O)c3)N[C@@H](c3nc(-c4ccc(F)cc4)c[nH]3)Cc3c2[nH]c2ccccc32)cn1,2,1
CHEMBL273235,6.69018895189646,6.69018895189646,0.00025580390749034343,6.69000807121882,6.690369832574101,2,0.0003617613552808763,Fc1ccc(-n2cc(C3CCNCC3)c3cc(Cl)ccc32)cc1,2,2
CHEMBL1957012,4.600163176562569,4.600163176562569,0.00023066099877933676,4.600000074606178,4.600326278518962,2,0.0003262039127838179,Cc1nc2cnc(Oc3cccc4cccnc34)cc2c(=O)n1C[C@H]1CCCN(C(C)C)C1,1,1
CHEMBL1957001,5.619894643379946,5.619894643379946,0.00014974413252668436,5.619788758288394,5.620000528471499,2,0.00021177018310503115,Cc1nc2cnc(Oc3ccc4ncsc4c3)cc2c(=O)n1C[C@H]1CCCN(C(C)C)C1,1,1
CHEMBL1688,3.875169932036734,3.875169932036734,1.1518853382281635e-07,3.8751698505861407,3.8751700134873275,2,1.6290118676209886e-07,C[N+]1([O-])CCN(C2=Nc3cc(Cl)ccc3Nc3ccccc32)CC1,1,1
CHEMBL1080787,4.698970004336019,4.698970004336019,0.0,4.698970004336019,4.698970004336019,2,0.0,CC(C)CN(C(=O)c1cccc(Cl)c1Cl)[C@H]1CCNC1,2,2
CHEMBL1082723,4.516555351901465,4.516555351901465,0.0,4.516555351901465,4.516555351901465,2,0.0,C[C@H]1Cc2c([nH]c3cc(Cl)c(F)cc23)[C@@]2(N1)C(=O)Nc1ccc(Cl)cc12,2,2
CHEMBL1088949,5.318758762624412,5.318758762624412,0.0,5.318758762624412,5.318758762624412,2,0.0,Cc1[nH]c2ccccc2c1CCN1Cc2ccc(/C=C/C(=O)NO)cc2C1,2,2
CHEMBL1089078,5.103473782510445,5.103473782510445,0.0,5.103473782510445,5.103473782510445,2,0.0,O=C(NCc1ccc(F)cc1)N(c1ccc(Br)cc1)C1CCN(CCO)CC1,2,2
CHEMBL1091605,4.522878745280337,4.522878745280337,0.0,4.522878745280337,4.522878745280337,2,0.0,CC(C)N(C)[C@@H]1CC[C@H](N2CC[C@H](NC(=O)c3cccc(C(F)(F)F)c3)C2=O)[C@H](CS(=O)(=O)c2ccccc2)C1,2,2
CHEMBL1091834,5.41907502432438,5.41907502432438,0.0,5.41907502432438,5.41907502432438,2,0.0,O=C(NCc1ccc(F)cc1)N(c1ccc(Cl)cc1)C1CCN(Cc2ccncc2)CC1,2,2
CHEMBL1091836,6.415668775632469,6.415668775632469,0.0,6.415668775632469,6.415668775632469,2,0.0,Nc1cc(CN2CCC(N(C(=O)NCc3ccc(F)cc3)c3ccc(Cl)cc3)CC2)ccn1,2,2
CHEMBL1092105,5.1771783546968955,5.1771783546968955,0.0,5.1771783546968955,5.1771783546968955,2,0.0,CCN1CCC(N(C(=O)NCc2ccc(F)cc2)c2ccc(Cl)cc2)CC1,2,2
CHEMBL1092106,5.036684488613888,5.036684488613888,0.0,5.036684488613888,5.036684488613888,2,0.0,CCN1CCC(N(C(=O)NCc2ccc(F)cc2)c2ccc(Cl)cn2)CC1,2,2
CHEMBL1092108,5.636388020107855,5.636388020107855,0.0,5.636388020107855,5.636388020107855,2,0.0,O=C(NCc1ccccc1)N(c1ccc(Br)cc1)C1CCN(Cc2ccncc2)CC1,2,2
CHEMBL1092109,4.860120913598763,4.860120913598763,0.0,4.860120913598763,4.860120913598763,2,0.0,O=C(NCc1ccccc1)N(c1ccc(Br)cc1)C1CCN(Cc2ccnnc2)CC1,2,2
CHEMBL1093113,4.896196279044043,4.896196279044043,0.0,4.896196279044043,4.896196279044043,2,0.0,O=C(NCc1ccc(F)cc1)N(c1ccc(Cl)cc1)C1CCN(CCO)CC1,2,2
CHEMBL1093696,4.920818753952375,4.920818753952375,0.0,4.920818753952375,4.920818753952375,2,0.0,O=C(NCc1ccc(F)cc1)N(c1ccc(Cl)cc1)C1CCN(Cc2ccnnc2)CC1,2,2
CHEMBL1094028,6.7495799976911055,6.7495799976911055,0.0,6.7495799976911055,6.7495799976911055,2,0.0,O=C(NCc1ccccc1)N(c1ccc(Br)cc1)C1CCN(C2CCCC2)CC1,2,2
CHEMBL1094029,6.7258421507363195,6.7258421507363195,0.0,6.7258421507363195,6.7258421507363195,2,0.0,O=C(Nc1ccccc1)N(c1ccc(Br)cc1)C1CCN(C2CCCC2)CC1,2,2
CHEMBL1094030,6.694648630553376,6.694648630553376,0.0,6.694648630553376,6.694648630553376,2,0.0,O=C(NCc1ccc(F)cc1)N(c1ccc(Br)cc1)C1CCN(C2CCCC2)CC1,2,2
CHEMBL1214598,6.267606240177031,6.267606240177031,0.0,6.267606240177031,6.267606240177031,2,0.0,CCOC(=O)c1c(CSc2ccccc2)n(C)c2cc(Br)c(O)c(CN(C)C)c12,2,1
CHEMBL12186,8.0,8.0,0.0,8.0,8.0,2,0.0,O=C1NCCN1CCN1CC=C(c2cn(-c3ccc(F)cc3)c3ccc(Cl)cc23)CC1,2,2
CHEMBL1230468,4.552841968657781,4.552841968657781,0.0,4.552841968657781,4.552841968657781,2,0.0,Cc1nn(C)c(C)c1NS(=O)(=O)c1c(Cl)cc(-c2ccnc(N3CCNCC3)c2)cc1Cl,2,2
CHEMBL1236904,5.522878745280337,5.522878745280337,0.0,5.522878745280337,5.522878745280337,2,0.0,Cc1cc(CN2CCN(c3c(Br)cnc4nc(-c5ccc(N6CCN(C)CC6)cc5)[nH]c34)CC2)no1,2,2
CHEMBL1614712,6.886056647693163,6.886056647693163,0.0,6.886056647693163,6.886056647693163,2,0.0,Nc1ncnc2c1c(-c1cccc(OCc3ccccc3)c1)cn2[C@H]1C[C@@H](CN2CCC2)C1,2,2
CHEMBL163238,4.6899999882307535,4.6899999882307535,0.0,4.6899999882307535,4.6899999882307535,2,0.0,Cc1cccc(C)c1NC(=O)CC12CCCN1CCC2,2,2
CHEMBL1642258,5.4089353929735005,5.4089353929735005,0.0,5.4089353929735005,5.4089353929735005,2,0.0,COc1cc2c(cc1Nc1ncc(Cl)c(Nc3ccc(N4CCOCC4)cc3OC)n1)CCN(CC(=O)N(C)C)CC2,2,2
CHEMBL1683351,5.130768280269024,5.130768280269024,0.0,5.130768280269024,5.130768280269024,2,0.0,N#Cc1ccc(N2CCN(Cc3cc(C(=O)O)c(=O)n4ccccc34)CC2)cc1,2,2
CHEMBL16900,5.221848749616356,5.221848749616356,0.0,5.221848749616356,5.221848749616356,2,0.0,O=C(Cc1ccc(C(F)(F)F)cc1C(F)(F)F)N[C@@H]1N=C(c2ccccc2)c2ccccc2N(CC(F)(F)F)C1=O,2,2
CHEMBL1824041,4.3872161432802645,4.3872161432802645,0.0,4.3872161432802645,4.3872161432802645,2,0.0,N#Cc1ccc2c(c1)N(CCN1CCC(NCc3ccc4c(n3)NC(=O)CO4)CC1)C(=O)CO2,2,2
CHEMBL1916542,4.721246399047171,4.721246399047171,0.0,4.721246399047171,4.721246399047171,2,0.0,COc1ccc2ncc(=O)n(CCN3CCC(NCc4cc5c(cn4)OCCO5)CC3)c2c1,2,2
CHEMBL1927163,5.698970004336019,5.698970004336019,0.0,5.698970004336019,5.698970004336019,2,0.0,COc1ccc2ncc(Cl)c(CCN3CCC(NCc4cc5c(cn4)OCCO5)CC3)c2n1,2,1
CHEMBL1950351,5.508638306165727,5.508638306165727,0.0,5.508638306165727,5.508638306165727,2,0.0,CCS(=O)(=O)n1c2c(c3cc(C(=O)N4CCC(C)CC4)ccc31)CN(C1CCOCC1)CC2,2,2
CHEMBL1957287,6.0999990348465305,6.0999990348465305,0.0,6.0999990348465305,6.0999990348465305,2,0.0,Fc1ccccc1-c1nc2ccn(Cc3ccc(-c4ccc(C(F)(F)F)cc4C(F)(F)F)nn3)cc-2n1,2,2
CHEMBL2022496,5.100000128334196,5.100000128334196,0.0,5.100000128334196,5.100000128334196,2,0.0,O=C(Nc1ccc(-c2nnc(NCCCN3CCCCC3)o2)cc1)c1ccccc1F,2,2
CHEMBL2022497,4.499999953328896,4.499999953328896,0.0,4.499999953328896,4.499999953328896,2,0.0,O=C(Nc1ccc(-c2nnc(NCCCN3CCOCC3)o2)cc1)c1ccccc1F,2,2
CHEMBL2022499,5.100000128334196,5.100000128334196,0.0,5.100000128334196,5.100000128334196,2,0.0,O=C(Nc1ccc(-c2nnc(NCCCN3CCCC3)o2)cc1)c1ccccc1F,2,2
CHEMBL2022733,4.900000142057633,4.900000142057633,0.0,4.900000142057633,4.900000142057633,2,0.0,O=C(Nc1ccc(-c2nnc(NCCCCN3CCCCC3)o2)cc1)c1ccccc1F,2,1
CHEMBL2041193,4.657577319177793,4.657577319177793,0.0,4.657577319177793,4.657577319177793,2,0.0,Cc1cc(C(=O)O)ccc1-c1ccc(N2C(=O)N(c3ccncn3)C3(CCN(Cc4ncccc4C)CC3)C2=O)cc1,2,2
CHEMBL2041933,4.823908740944319,4.823908740944319,0.0,4.823908740944319,4.823908740944319,2,0.0,NC(=O)Nc1cc(-c2cccc(F)c2)sc1C(=O)N[C@H]1CCCNC1,2,2
CHEMBL2058833,4.872895201635193,4.872895201635193,0.0,4.872895201635193,4.872895201635193,2,0.0,CC1(C)c2nc(-c3ccc(F)cc3)c(Nc3ccc(F)cc3)n2CCN1C(=O)CN,2,2
CHEMBL2069502,6.42021640338319,6.42021640338319,0.0,6.42021640338319,6.42021640338319,2,0.0,c1ccc(-c2c[nH]c([C@H]3Cc4c([nH]c5ccccc45)[C@@H](C4CCOCC4)N3)n2)cc1,2,2
CHEMBL2078876,6.3979400086720375,6.3979400086720375,0.0,6.3979400086720375,6.3979400086720375,2,0.0,CCOc1ccc2cc(-c3nn(CC4CCN(C)CC4)c4ncnc(N)c34)ccc2c1,2,2
CHEMBL209821,5.42021640338319,5.42021640338319,0.0,5.42021640338319,5.42021640338319,2,0.0,CC(=O)Nc1cccc(N2CCN(CCCCNS(=O)(=O)CC3CCCCC3)CC2)c1,2,2
CHEMBL210537,6.522878745280337,6.522878745280337,0.0,6.522878745280337,6.522878745280337,2,0.0,CC(=O)Nc1cccc(N2CCN(CCCCNS(=O)(=O)c3ccc(C)cc3)CC2)c1,2,2
CHEMBL214323,5.769551078621726,5.769551078621726,0.0,5.769551078621726,5.769551078621726,2,0.0,CCN(CC)Cc1ccc2c(c1)CC[C@H](N1CCN(CCc3cccc(C(F)(F)F)c3)CC1=O)C2,2,2
CHEMBL214629,5.09151498112135,5.09151498112135,0.0,5.09151498112135,5.09151498112135,2,0.0,CCN(CC)Cc1ccc2c(c1)CC[C@H](N1CCN(CCc3ccc(F)cc3)CC1=O)C2,2,2
CHEMBL2146757,8.045757490560675,8.045757490560675,0.0,8.045757490560675,8.045757490560675,2,0.0,N#Cc1ccc(CCN2CCN(CCc3ccc([N+](=O)[O-])cc3)CC2)cc1,2,2
CHEMBL2146851,7.376750709602099,7.376750709602099,0.0,7.376750709602099,7.376750709602099,2,0.0,N#Cc1ccc(CCN2CCN(CCc3ccc4nonc4c3)CC2)cc1,2,2
CHEMBL2146870,5.721246399047171,5.721246399047171,0.0,5.721246399047171,5.721246399047171,2,0.0,O=C1OCc2cc(CCN3CCN(CCc4ccc5c(c4)COC5=O)CC3)ccc21,2,2
CHEMBL2146871,6.366531544420413,6.366531544420413,0.0,6.366531544420413,6.366531544420413,2,0.0,N#Cc1ccc(CCN2CCN(CCc3ccc4c(c3)COC4=O)CC2)cc1,2,2
CHEMBL2146872,6.552841968657781,6.552841968657781,0.0,6.552841968657781,6.552841968657781,2,0.0,O=C1OCc2cc(CCN3CCN(CCc4ccc5nonc5c4)CC3)ccc21,2,2
CHEMBL2146873,6.769551078621726,6.769551078621726,0.0,6.769551078621726,6.769551078621726,2,0.0,N#Cc1ccc(CCN2CCN(CCc3ccc4c(c3)COC4=O)CC2)cc1F,2,2
CHEMBL2146876,5.795880017344075,5.795880017344075,0.0,5.795880017344075,5.795880017344075,2,0.0,COc1cc(CCN2CCN(CCc3ccc4c(c3)COC4=O)CC2)ccc1C#N,2,2
CHEMBL2151164,5.070581074285707,5.070581074285707,0.0,5.070581074285707,5.070581074285707,2,0.0,COc1nc(Nc2cccc3c2nc(-c2ccc(F)cc2)n3C)ccc1-n1cnc(C)c1,2,2
CHEMBL2165064,3.632644078973981,3.632644078973981,0.0,3.632644078973981,3.632644078973981,2,0.0,N#Cc1ccc2ccc(=O)n(CCN3CC[C@H](NCc4cc5c(cn4)OCCO5)[C@H](F)C3)c2c1,2,2
CHEMBL218974,4.978810700930062,4.978810700930062,0.0,4.978810700930062,4.978810700930062,2,0.0,C[C@]1(COc2ccc(OC(F)(F)F)cc2)Cn2cc([N+](=O)[O-])nc2O1,2,2
CHEMBL2207500,4.958607314841775,4.958607314841775,0.0,4.958607314841775,4.958607314841775,2,0.0,Cc1nn(C)cc1-c1nc2c(N3CCN(Cc4ncon4)CC3)c(Cl)cnc2[nH]1,2,2
CHEMBL2207501,5.022276394711152,5.022276394711152,0.0,5.022276394711152,5.022276394711152,2,0.0,Cc1nc(CN2CCN(c3c(Cl)cnc4[nH]c(-c5cn(C)nc5C)nc34)CC2)no1,2,2
CHEMBL2207658,5.499999678657065,5.499999678657065,0.0,5.499999678657065,5.499999678657065,2,0.0,O=C(NC[C@@H](O)CN1CCC(Oc2ccc(Cl)c(Cl)c2)CC1)c1c[nH]nc1C(F)(F)F,2,1
CHEMBL2207663,5.0,5.0,0.0,5.0,5.0,2,0.0,Cc1cc(Cl)ccc1OC1CCN(C[C@H](O)CNC(=O)c2c[nH]c(=O)cc2C(F)(F)F)CC1,2,1
CHEMBL2325697,4.301029995663981,4.301029995663981,0.0,4.301029995663981,4.301029995663981,2,0.0,C[C@@H]1COCCN1c1cc(C2(S(C)(=O)=O)CC2)nc(-c2cccc3[nH]ccc23)n1,2,2
CHEMBL237119,5.337242168318426,5.337242168318426,0.0,5.337242168318426,5.337242168318426,2,0.0,CN(C)C(=O)[C@@H](c1ccc(-c2ccc(F)cc2)cc1)[C@H](N)C(=O)N1CC[C@H](F)C1,2,2
CHEMBL237336,5.958607314841775,5.958607314841775,0.0,5.958607314841775,5.958607314841775,2,0.0,C[C@@H](c1ccc(-c2ccc(F)cc2)cc1)[C@H](N)C(=O)N1CC[C@H](F)C1,2,2
CHEMBL2382287,4.603800652904264,4.603800652904264,0.0,4.603800652904264,4.603800652904264,2,0.0,COc1ccc2nccc([C@@H](O)CC[C@@H]3CCN(C4CC(c5ccccc5)C4)C[C@@H]3C(=O)O)c2c1,2,2
CHEMBL2382343,4.3223930472795065,4.3223930472795065,0.0,4.3223930472795065,4.3223930472795065,2,0.0,COc1ccc2nccc([C@@H](O)CC[C@@H]3CCN(C4CC(c5c(F)cccc5F)C4)C[C@@H]3C(=O)O)c2c1,2,2
CHEMBL2382345,5.001304841688344,5.001304841688344,0.0,5.001304841688344,5.001304841688344,2,0.0,COc1ccc2nccc([C@@H](O)CC[C@@H]3CCN(C4CC(c5cc(F)ccc5F)C4)C[C@@H]3C(=O)O)c2c1,2,2
CHEMBL2407174,5.539102157243452,5.539102157243452,0.0,5.539102157243452,5.539102157243452,2,0.0,CCOC(=O)N1CCC(CN2CCC3(CC2)CC(=O)N(CC)c2ncccc23)CC1,2,2
CHEMBL2426288,5.376750709602099,5.376750709602099,0.0,5.376750709602099,5.376750709602099,2,0.0,COc1ccc(NC(=O)/C=C/CN(C)C)cc1Nc1ncc(Cl)c(-c2cnn3ccccc23)n1,2,2
CHEMBL2426677,5.537602002101044,5.537602002101044,0.0,5.537602002101044,5.537602002101044,2,0.0,COc1ccc(CC(=O)N2CCC3(CC2)CN([C@@H]2CCc4cc(-c5ncccn5)ccc42)C3)cc1,2,2
CHEMBL250125,5.0,5.0,0.0,5.0,5.0,2,0.0,CC(=O)C1=NN2c3cc(F)ccc3OC[C@H]2[C@@]1(CCCN1CCN(C(C)=O)CC1)c1ccccc1,2,2
CHEMBL250689,6.3979400086720375,6.3979400086720375,0.0,6.3979400086720375,6.3979400086720375,2,0.0,CC(=O)c1cccc(NC(=O)N[C@@H]2CCCC[C@H]2CN2CCC[C@@H](Cc3ccc(F)cc3)C2)c1,2,2
CHEMBL257023,4.721246399047171,4.721246399047171,0.0,4.721246399047171,4.721246399047171,2,0.0,CC(c1nc(-c2ccc(S(C)(=O)=O)cc2Cl)no1)[C@H](N)C(F)=C1CCCC1.O=C(O)C(F)(F)F,2,2
CHEMBL272150,5.700000503883016,5.700000503883016,0.0,5.700000503883016,5.700000503883016,2,0.0,Cc1ccc2c(-c3nnc(SCCCN4CCc5ccc6oc(C(F)(F)F)nc6c5CC4)n3C)cccc2n1,2,2
CHEMBL3120274,5.568636235841012,5.568636235841012,0.0,5.568636235841012,5.568636235841012,2,0.0,CNc1nc(NCCCN(C)C)c2sc(-c3ccc(C(F)(F)F)cc3)cc2n1,2,2
CHEMBL3128178,5.214670164989233,5.214670164989233,0.0,5.214670164989233,5.214670164989233,2,0.0,O=C(Nc1ccc(C[C@@H]2CC[C@H]([C@H](O)c3cccnc3)N2)cc1)[C@@H]1CCc2scnc21,2,2
CHEMBL3217922,5.161150909262744,5.161150909262744,0.0,5.161150909262744,5.161150909262744,2,0.0,COC[C@H](C)Oc1cc(Oc2ccc(S(C)(=O)=O)cc2)cc(C(=O)Nc2nccs2)c1,2,2
CHEMBL3217923,5.1249387366083,5.1249387366083,0.0,5.1249387366083,5.1249387366083,2,0.0,COC[C@H](C)Oc1cc(Oc2ccc(S(C)(=O)=O)cc2)cc(C(=O)Nc2nc(C)ns2)c1,2,2
CHEMBL3217925,4.154901959985743,4.154901959985743,0.0,4.154901959985743,4.154901959985743,2,0.0,C[C@@H](CO)Oc1cc(Oc2ccc(C(=O)N3CCC3)cc2)cc(C(=O)Nc2ccn(C)n2)c1,2,2
CHEMBL3218816,4.7447274948966935,4.7447274948966935,0.0,4.7447274948966935,4.7447274948966935,2,0.0,C[C@@H]1CN(c2nnc(C(F)(F)F)o2)CCN1c1ncc(OCc2ccncc2C#N)cn1,2,2
CHEMBL3221493,4.200000030616179,4.200000030616179,0.0,4.200000030616179,4.200000030616179,2,0.0,CC(C)OC[C@H](Oc1ncnc2c1cnn2-c1ncccc1Cl)C(=O)Nc1ccc(Cl)cn1,2,2
CHEMBL3221496,4.100000018985305,4.100000018985305,0.0,4.100000018985305,4.100000018985305,2,0.0,CC(C)OC[C@H](Oc1ncnc2c1cnn2-c1ncccc1Cl)C(=O)Nc1ccc(F)cn1,2,2
CHEMBL3221502,4.300000029139089,4.300000029139089,0.0,4.300000029139089,4.300000029139089,2,0.0,CC(C)OC[C@H](Oc1ncnc2c1cnn2-c1ncccc1Cl)C(=O)Nc1ccc(C#N)cn1,2,2
CHEMBL3260567,4.508078287413849,4.508078287413849,0.0,4.508078287413849,4.508078287413849,2,0.0,Cc1cccc(-c2[nH]c(CNc3ccccc3F)nc2-c2ccc3ncnn3c2)n1,2,2
CHEMBL3262624,4.603800652904264,4.603800652904264,0.0,4.603800652904264,4.603800652904264,2,0.0,N[C@H]1COCC[C@H]1Nc1cc2cc[nH]c(=O)c2c(Nc2cccc3cc[nH]c23)n1,2,2
CHEMBL3262896,5.795880017344075,5.795880017344075,0.0,5.795880017344075,5.795880017344075,2,0.0,COc1ccc(C(=O)N2CCN(C(=O)/C=C/c3ccc(Br)cc3)CC2)cc1,2,2
CHEMBL3289440,5.721246399047171,5.721246399047171,0.0,5.721246399047171,5.721246399047171,2,0.0,CCOC(=O)N1CCC(CN2CCC3(CC2)CN(S(C)(=O)=O)c2ncccc23)CC1,2,2
CHEMBL3301607,4.070581074285707,4.070581074285707,0.0,4.070581074285707,4.070581074285707,2,0.0,O=C(Nc1nc2cccc(-c3ccc(CN4CCS(=O)(=O)CC4)cc3)n2n1)C1CC1,2,2
CHEMBL3318989,6.0,6.0,0.0,6.0,6.0,2,0.0,COc1cnc2ccc(=O)n(CCN3CCC(c4nc5cc(Cl)ccc5[nH]4)CC3)c2c1,2,2
CHEMBL3353406,5.366531544420413,5.366531544420413,0.0,5.366531544420413,5.366531544420413,2,0.0,C=CC(=O)Nc1cc(Nc2ncc(C#N)c(-c3cn(C)c4ccccc34)n2)c(OC)cc1N(C)CCN(C)C,2,2
CHEMBL3353407,5.130768280269024,5.130768280269024,0.0,5.130768280269024,5.130768280269024,2,0.0,C=CC(=O)Nc1cc(Nc2ncc(Cl)c(-c3cn(C)c4ccccc34)n2)c(OC)cc1N(C)CCN(C)C,2,2
CHEMBL3353408,4.8297382846050425,4.8297382846050425,0.0,4.8297382846050425,4.8297382846050425,2,0.0,C=CC(=O)Nc1cc(Nc2ncc(Cl)c(-c3c[nH]c4ccccc34)n2)c(OC)cc1N(C)CCN(C)C,2,2
CHEMBL3353409,4.806875401645539,4.806875401645539,0.0,4.806875401645539,4.806875401645539,2,0.0,C=CC(=O)Nc1cc(Nc2ncc(C)c(-c3cn(C)c4ccccc34)n2)c(OC)cc1N(C)CCN(C)C,2,2
CHEMBL3355639,6.3979400086720375,6.3979400086720375,0.0,6.3979400086720375,6.3979400086720375,2,0.0,CS(=O)(=O)c1ccc(-c2cnc3ccc(-c4cccc(S(=O)(=O)C5CC5)c4)nn23)cc1,2,2
CHEMBL3415610,4.657577319177793,4.657577319177793,0.0,4.657577319177793,4.657577319177793,2,0.0,COc1cccc2[nH]c(-c3nc(N[C@@H]4CCOC[C@@H]4N)cnc3C(N)=O)cc12,2,2
CHEMBL3422009,5.853871964321762,5.853871964321762,0.0,5.853871964321762,5.853871964321762,2,0.0,C[C@@H]1c2nnc(-c3csc(-c4ccc(F)cc4F)n3)n2CCN1C(=O)c1ccc(-c2cccs2)cc1,2,2
CHEMBL3422010,4.619788758288394,4.619788758288394,0.0,4.619788758288394,4.619788758288394,2,0.0,Cc1nc(-c2nnc3n2CCN(C(=O)c2ccc(-c4cccs4)cc2)[C@@H]3C)cs1,2,2
CHEMBL3593771,4.872895201635193,4.872895201635193,0.0,4.872895201635193,4.872895201635193,2,0.0,N#Cc1ccc(N2CCC(Nc3c(C(N)=O)cnc4[nH]ccc34)CC2)nc1,2,2
CHEMBL3604734,6.399996913372259,6.399996913372259,0.0,6.399996913372259,6.399996913372259,2,0.0,Cc1cc(NCc2c(F)cccc2C(F)(F)F)c2cccc(C(N)=O)c2n1,2,2
CHEMBL3608684,4.301029995663981,4.301029995663981,0.0,4.301029995663981,4.301029995663981,2,0.0,Cc1nsc(-c2nnc3n2CCN(C(=O)c2ccc(F)cc2)C3)n1,2,2
CHEMBL3650825,5.308918507877031,5.308918507877031,0.0,5.308918507877031,5.308918507877031,2,0.0,Cc1cc(Cl)cnc1C(=O)Nc1ccc2c(c1)C1(COC(N)=N1)C1(CC1)CO2,2,2
CHEMBL3650827,5.437707135543525,5.437707135543525,0.0,5.437707135543525,5.437707135543525,2,0.0,N#Cc1ccc(C(=O)Nc2ccc3c(c2)C2(COC(N)=N2)C2(CC2)CO3)nc1,2,2
CHEMBL3650830,5.371611069949688,5.371611069949688,0.0,5.371611069949688,5.371611069949688,2,0.0,NC1=NC2(c3cc(-c4cncnc4)ccc3OCC23CC3)c2cccc(F)c21,2,2
CHEMBL3650831,5.111820506081675,5.111820506081675,0.0,5.111820506081675,5.111820506081675,2,0.0,NC1=NC2(CO1)c1cc(-c3cncnc3)ccc1OC(Cc1ccccc1)C21COC1,2,2
CHEMBL3650834,5.282329496997738,5.282329496997738,0.0,5.282329496997738,5.282329496997738,2,0.0,CC#Cc1cncc(-c2ccc3c(c2)C2(COC(N)=N2)C2(COC2)C(CC2CC2)O3)c1,2,2
CHEMBL3650838,5.431798275933005,5.431798275933005,0.0,5.431798275933005,5.431798275933005,2,0.0,NC1=NC2(CO1)c1cc(-c3cncc4ccccc34)ccc1OC1(CCC1)C21COC1,2,2
CHEMBL3650845,4.684659523372712,4.684659523372712,0.0,4.684659523372712,4.684659523372712,2,0.0,CC1(C)Oc2ccc(NC(=O)c3ccc(Cl)cn3)cc2[C@@]2(COC(N)=N2)C12COC2,2,2
CHEMBL3650848,5.488116639021126,5.488116639021126,0.0,5.488116639021126,5.488116639021126,2,0.0,CC1(C)Oc2ccc(NC(=O)c3ccc(Cl)cn3)cc2[C@@]2(COC(N)=N2)C12CC2,2,2
CHEMBL3650850,4.682563503464901,4.682563503464901,0.0,4.682563503464901,4.682563503464901,2,0.0,COc1cnc(C(=O)Nc2ccc3c(c2)[C@@]2(COC(N)=N2)C2(CC2)C(C)(C)O3)cn1,2,2
CHEMBL3650851,4.82102305270683,4.82102305270683,0.0,4.82102305270683,4.82102305270683,2,0.0,CC1(C)Oc2ccc(NC(=O)c3cnc(C(F)F)cn3)cc2[C@@]2(COC(N)=N2)C12CC2,2,2
CHEMBL3663684,4.96738123914928,4.96738123914928,0.0,4.96738123914928,4.96738123914928,2,0.0,Cc1c(-c2ccccc2)n[nH]c1C(=O)Nc1ccc([C@H]2CNCCO2)cc1,2,2
CHEMBL3664031,5.376750709602099,5.376750709602099,0.0,5.376750709602099,5.376750709602099,2,0.0,Nc1ccccc1NC(=O)c1cc2ccc(N3CCNCC3)cc2cn1,2,2
CHEMBL3675746,6.0,6.0,0.0,6.0,6.0,2,0.0,CCc1nc2c(C)cc(C)nc2n1Cc1ccc(/C=C/CN2CCN(C(C)C)CC2)cc1,2,2
CHEMBL3703220,5.100726812682396,5.100726812682396,0.0,5.100726812682396,5.100726812682396,2,0.0,NC1=NC2(CO1)c1cc(Br)ccc1OC(Cc1ccccc1)C21COC1,2,2
CHEMBL3703237,5.66354026615147,5.66354026615147,0.0,5.66354026615147,5.66354026615147,2,0.0,NC1=NC2(CO1)c1cc(NC(=O)c3ccc(Cl)cn3)ccc1OCC21CC1,2,2
CHEMBL3703255,5.026872146400301,5.026872146400301,0.0,5.026872146400301,5.026872146400301,2,0.0,CC#Cc1cncc(-c2ccc3c(c2)C2(COC(N)=N2)C2(COC2)CO3)c1,2,2
CHEMBL3703258,5.458420756053419,5.458420756053419,0.0,5.458420756053419,5.458420756053419,2,0.0,NC1=NC2(CO1)c1cc(-c3cncc(C4CC4)c3)ccc1OCC21CC1,2,2
CHEMBL3703259,5.235823867609669,5.235823867609669,0.0,5.235823867609669,5.235823867609669,2,0.0,NC1=NC2(CO1)c1cc(-c3cncc(OCC(F)(F)F)c3)ccc1OCC21CC1,2,2
CHEMBL3703260,5.161150909262744,5.161150909262744,0.0,5.161150909262744,5.161150909262744,2,0.0,NC1=NC2(CO1)c1cc(-c3cncc(OCC(F)F)c3)ccc1OCC21CC1,2,2
CHEMBL3703261,5.555955204081924,5.555955204081924,0.0,5.555955204081924,5.555955204081924,2,0.0,NC1=NC2(CO1)c1cc(-c3cncc(OC(F)F)c3)ccc1OCC21CC1,2,2
CHEMBL3703262,5.035269078946371,5.035269078946371,0.0,5.035269078946371,5.035269078946371,2,0.0,NC1=NC2(CO1)c1cc(-c3cnc4[nH]ccc4c3)ccc1OCC21CC1,2,2
CHEMBL3703263,5.3535962737769305,5.3535962737769305,0.0,5.3535962737769305,5.3535962737769305,2,0.0,NC1=NC2(CO1)c1cc(-c3cnc4[nH]cc(Cl)c4c3)ccc1OCC21CC1,2,2
CHEMBL3703264,5.3487219860018556,5.3487219860018556,0.0,5.3487219860018556,5.3487219860018556,2,0.0,CCc1cncc(-c2ccc3c(c2)C2(COC(N)=N2)C2(CC2)CO3)c1,2,2
CHEMBL3703265,5.777283528852417,5.777283528852417,0.0,5.777283528852417,5.777283528852417,2,0.0,NC1=NC2(CO1)c1cc(-c3cncc(OCC(F)(F)C(F)F)c3)ccc1OCC21CC1,2,2
CHEMBL3703266,5.010105436281227,5.010105436281227,0.0,5.010105436281227,5.010105436281227,2,0.0,COc1ccnc(-c2ccc3c(c2)C2(COC(N)=N2)C2(COC2)C(C)(C)O3)c1,2,2
CHEMBL3703268,5.2182446253475305,5.2182446253475305,0.0,5.2182446253475305,5.2182446253475305,2,0.0,CC#Cc1cncc(-c2ccc3c(c2)C2(CSC(N)=N2)C2(COC2)CO3)c1,2,2
CHEMBL3703271,5.0851281824599495,5.0851281824599495,0.0,5.0851281824599495,5.0851281824599495,2,0.0,COc1cncc(-c2ccc3c(c2)C2(COC(N)=N2)C2(COC2)C2(CCC2)O3)c1,2,2
CHEMBL3703285,5.100179497572904,5.100179497572904,0.0,5.100179497572904,5.100179497572904,2,0.0,CC#Cc1cncc(-c2ccc3c(c2)C2(COC(N)=N2)C2(COC2)C(CC)O3)c1,2,2
CHEMBL3703289,5.272458742971444,5.272458742971444,0.0,5.272458742971444,5.272458742971444,2,0.0,CC#Cc1cncc(-c2ccc3c(c2)C2(COC(N)=N2)C2(COC2)C(CCC)O3)c1,2,2
CHEMBL3703295,5.277366077466188,5.277366077466188,0.0,5.277366077466188,5.277366077466188,2,0.0,NC1=NC2(CO1)c1cc(-c3cncnc3)ccc1OCC21CCC1,2,2
CHEMBL3703298,5.488116639021126,5.488116639021126,0.0,5.488116639021126,5.488116639021126,2,0.0,NC1=NC2(CO1)c1cc(-c3cc(Cl)cnc3F)ccc1OCC21CC1,2,2
CHEMBL3703299,5.102372908709558,5.102372908709558,0.0,5.102372908709558,5.102372908709558,2,0.0,COc1cncc(-c2ccc3c(c2)C2(COC(N)=N2)C2(CC2)CO3)c1,2,2
CHEMBL3703300,5.2403321553103694,5.2403321553103694,0.0,5.2403321553103694,5.2403321553103694,2,0.0,CCOc1cncc(-c2ccc3c(c2)C2(COC(N)=N2)C2(CC2)CO3)c1,2,2
CHEMBL3703301,5.536107011014092,5.536107011014092,0.0,5.536107011014092,5.536107011014092,2,0.0,NC1=NC2(CO1)c1cc(-c3cncc(Cl)c3)ccc1OCC21CC1,2,2
CHEMBL3703304,5.364516253185088,5.364516253185088,0.0,5.364516253185088,5.364516253185088,2,0.0,CC#Cc1cncc(-c2cc3c(cc2F)OCC2(CC2)C32COC(N)=N2)c1,2,2
CHEMBL3754515,5.7447274948966935,5.7447274948966935,0.0,5.7447274948966935,5.7447274948966935,2,0.0,Nc1ccc(-c2cnc(N)c(-c3ccc(Cl)cc3)c2)cn1,2,2
CHEMBL377566,4.714442690992226,4.714442690992226,0.0,4.714442690992226,4.714442690992226,2,0.0,CN(C)C(=O)N1N=C(c2cc(F)ccc2F)C[C@@]1(CCCN)c1ccccc1,2,2
CHEMBL3793380,4.2839966563652006,4.2839966563652006,0.0,4.2839966563652006,4.2839966563652006,2,0.0,Cc1cc(-n2cnnn2)cnc1CC(=O)N1CCN(CCc2ccc3c(c2C)COC3=O)CC1,2,1
CHEMBL3827961,5.494850021680094,5.494850021680094,0.0,5.494850021680094,5.494850021680094,2,0.0,COc1ccc(/C=C/CN(C)Cc2ccc3c(c2)CCCCC3)cc1.Cl,2,2
CHEMBL3828585,5.853871964321762,5.853871964321762,0.0,5.853871964321762,5.853871964321762,2,0.0,CN(C/C=C/c1ccc(C(F)(F)F)cc1)Cc1ccc2c(c1)CCCC2.Cl,2,2
CHEMBL384400,5.481486060122112,5.481486060122112,0.0,5.481486060122112,5.481486060122112,2,0.0,CCN(CC)Cc1ccc2c(c1)CC[C@H](N1CCN(CCc3ccc(Cl)cc3)CC1=O)C2,2,2
CHEMBL3933749,4.692503962086787,4.692503962086787,0.0,4.692503962086787,4.692503962086787,2,0.0,Cc1c([C@@H]2CN3CCN(C(=O)Cc4ccc(-n5cnnn5)cn4)C[C@H]3CO2)ccc(F)c1C#N,2,2
CHEMBL393718,5.455931955649724,5.455931955649724,0.0,5.455931955649724,5.455931955649724,2,0.0,CCOc1cc(CN2CCC(Nc3nc4cc(S(N)(=O)=O)ccc4o3)CC2)ccc1OC,2,2
CHEMBL3967984,5.045757490560675,5.045757490560675,0.0,5.045757490560675,5.045757490560675,2,0.0,C[C@H]1C[C@H]2CSC(N)=N[C@@]2(c2nc(NC(=O)c3ccc(Cl)cn3)cs2)CO1,2,2
CHEMBL3973534,6.301029995663981,6.301029995663981,0.0,6.301029995663981,6.301029995663981,2,0.0,NC1=N[C@@]2(c3cc(NC(=O)c4ccc(OC(F)F)cn4)ccc3F)COCC[C@H]2CS1,2,2
CHEMBL3983509,6.698970004336019,6.698970004336019,0.0,6.698970004336019,6.698970004336019,2,0.0,C[C@H]1C[C@H]2CSC(N)=N[C@@]2(c2cc(NC(=O)c3ccc(Cl)cn3)ccc2F)CO1,2,2
CHEMBL401895,5.920818753952375,5.920818753952375,0.0,5.920818753952375,5.920818753952375,2,0.0,Cc1cc(C)n(-c2cc(NC(=O)COc3cccc(CN(C)C)c3)nc(-c3ccc(C)o3)n2)n1,2,2
CHEMBL4066553,5.42021640338319,5.42021640338319,0.0,5.42021640338319,5.42021640338319,2,0.0,CC1(COc2ccc(OC(F)(F)F)cc2)CCn2cc([N+](=O)[O-])nc2O1,2,2
CHEMBL4069395,5.0,5.0,0.0,5.0,5.0,2,0.0,Cc1c(CN2CCOCC2)cc(-c2ccc(C(C)C)cc2)n1-c1ccc(F)cc1,2,2
CHEMBL4076061,4.987162775294828,4.987162775294828,0.0,4.987162775294828,4.987162775294828,2,0.0,N[C@@H]1CCC=C(c2ccc(F)cc2)[C@H]1COc1cc(F)c(S(=O)(=O)Nc2cscn2)cc1Cl,2,2
CHEMBL4098822,4.823908740944319,4.823908740944319,0.0,4.823908740944319,4.823908740944319,2,0.0,O=C(c1cc(F)cc(Cl)c1)N1CCn2nc(-c3ccc(F)cn3)cc2C1,2,2
CHEMBL4099807,4.698970004336019,4.698970004336019,0.0,4.698970004336019,4.698970004336019,2,0.0,c1ccc(-c2cccc3nc(-c4cccnc4)nc(NCc4ccccn4)c23)cc1,2,2
CHEMBL4100435,6.0,6.0,0.0,6.0,6.0,2,0.0,NC(=O)c1cc(Cl)c2c(Cl)c(C#CC3CC3)n(C3CCCNC3)c2n1,2,2
CHEMBL4102566,5.3979400086720375,5.3979400086720375,0.0,5.3979400086720375,5.3979400086720375,2,0.0,c1ccc(-c2cc(NC3=NC[C@@]4(CN5CCC4CC5)O3)ncn2)cc1,2,2
CHEMBL4107016,4.229147988357856,4.229147988357856,0.0,4.229147988357856,4.229147988357856,2,0.0,Cc1nsc(-c2nnc3n2CCN(C(=O)c2ccc(C#N)cc2)[C@@H]3C)n1,2,2
CHEMBL4107668,4.6020599913279625,4.6020599913279625,0.0,4.6020599913279625,4.6020599913279625,2,0.0,Cc1cccc(-c2nnc3n2CCN(C(=O)c2ccc(-c4ccccc4)cc2)[C@@H]3C)n1,2,2
CHEMBL4107759,5.007004901568658,5.007004901568658,0.0,5.007004901568658,5.007004901568658,2,0.0,O=C(Nc1ccc([C@H]2CNCCO2)cc1)c1ccc(OCC(F)(F)F)nc1,2,2
CHEMBL4107878,4.758951849328356,4.758951849328356,0.0,4.758951849328356,4.758951849328356,2,0.0,O=C(Nc1ccc([C@H]2CNCCO2)cc1)c1ccc(C(F)(F)F)nc1,2,2
CHEMBL4110584,4.9434762759209,4.9434762759209,0.0,4.9434762759209,4.9434762759209,2,0.0,O=C(Nc1ccc([C@H]2CNCCO2)cc1)c1cc(Cl)nc(Cl)c1,2,2
CHEMBL4110737,4.135607594849411,4.135607594849411,0.0,4.135607594849411,4.135607594849411,2,0.0,Cc1cc(C(=O)Nc2ccc([C@H]3CNCCO3)cc2)cc(Cl)n1,2,2
CHEMBL4112613,4.920818753952375,4.920818753952375,0.0,4.920818753952375,4.920818753952375,2,0.0,Cc1nc(-c2nnc3n2CCN(C(=O)c2ccc(-c4cccs4)cc2)[C@@H]3C)sc1C,2,2
CHEMBL4114218,4.698970004336019,4.698970004336019,0.0,4.698970004336019,4.698970004336019,2,0.0,C[C@@H]1c2nnc(-c3cccc(O)n3)n2CCN1C(=O)c1ccc(-c2cccs2)cc1,2,2
CHEMBL4114258,4.154901959985743,4.154901959985743,0.0,4.154901959985743,4.154901959985743,2,0.0,COc1cccc(C(=O)N2CCn3c(-c4nc(C)ns4)nnc3[C@H]2C)c1,2,2
CHEMBL4174323,5.6777807052660805,5.6777807052660805,0.0,5.6777807052660805,5.6777807052660805,2,0.0,NC(=O)c1cnc2ccc(-c3cccnc3)cc2c1NC1CCOCC1,2,2
CHEMBL4280558,6.522878745280337,6.522878745280337,0.0,6.522878745280337,6.522878745280337,2,0.0,CN(c1ccc(-c2ccc(-n3cccn3)cc2O)nn1)C1CC(C)(C)NC(C)(C)C1,2,2
CHEMBL4283367,5.221848749616356,5.221848749616356,0.0,5.221848749616356,5.221848749616356,2,0.0,CN(c1ccc(-c2ccc(-c3cn[nH]c3)cc2O)nn1)C1CC(C)(C)NC(C)(C)C1,2,2
CHEMBL4288439,6.638272163982407,6.638272163982407,0.0,6.638272163982407,6.638272163982407,2,0.0,CC1(C)CC(Oc2ccc(-c3ccc(-n4cccn4)cc3O)nn2)CC(C)(C)N1,2,2
CHEMBL4290141,5.200659450546418,5.200659450546418,0.0,5.200659450546418,5.200659450546418,2,0.0,CC1(C)CC(Oc2ccc(-c3ccc(-c4cn[nH]c4)cc3O)nn2)CC(C)(C)N1,2,2
CHEMBL4290774,5.221848749616356,5.221848749616356,0.0,5.221848749616356,5.221848749616356,2,0.0,Oc1cc(-n2cccn2)ccc1-c1ccc(OC2CCNCC2)nn1,2,2
CHEMBL4297310,5.430626090384954,5.430626090384954,0.0,5.430626090384954,5.430626090384954,2,0.0,Cc1ccccc1CN1C(=O)C2=C(CCN(Cc3ccccc3)C2)N2CCN=C12,2,2
CHEMBL4439006,4.769551078621726,4.769551078621726,0.0,4.769551078621726,4.769551078621726,2,0.0,C[C@@H]1OCC2(CCN(c3nc4[nH]nc(-c5ccnc(NC6CC6)c5Cl)c4c(=O)n3C)CC2)[C@@H]1N,2,1
CHEMBL4483673,6.3979400086720375,6.3979400086720375,0.0,6.3979400086720375,6.3979400086720375,2,0.0,C[C@H]1C[C@H]2CSC(N)=N[C@@]2(c2cc(NC(=O)c3ccc(OC(F)F)cn3)ccc2F)CO1,2,2
CHEMBL4529465,4.886056647693163,4.886056647693163,0.0,4.886056647693163,4.886056647693163,2,0.0,COc1cc([C@](O)(CCN(C)C)[C@@H](c2cc3cc(Br)ccc3nc2OC)c2cccc(OC)c2F)cc(OC)n1,2,2
CHEMBL453654,5.42021640338319,5.42021640338319,0.0,5.42021640338319,5.42021640338319,2,0.0,COc1ccc2nc(-c3ccc(OC4CCN(C5CCC5)CC4)cc3)n(C)c(=O)c2c1,2,2
CHEMBL453893,5.958607314841775,5.958607314841775,0.0,5.958607314841775,5.958607314841775,2,0.0,Cn1c(-c2ccc(OC3CCN(C4CCC4)CC3)cc2)nc2c(Cl)cccc2c1=O,2,2
CHEMBL453894,6.455931955649724,6.455931955649724,0.0,6.455931955649724,6.455931955649724,2,0.0,Cn1c(-c2ccc(OC3CCN(C4CCC4)CC3)cc2)nc2c(C(F)(F)F)cccc2c1=O,2,2
CHEMBL4541206,6.3979400086720375,6.3979400086720375,0.0,6.3979400086720375,6.3979400086720375,2,0.0,CC1OC2(CCN(CCc3ccccc3)CC2)CN(c2ccccc2)C1=O,2,2
CHEMBL454642,5.102372908709558,5.102372908709558,0.0,5.102372908709558,5.102372908709558,2,0.0,Cn1c(-c2ccc(OC3CCN(C4CCC4)CC3)cc2)nc2c(F)cccc2c1=O,2,2
CHEMBL454879,5.366531544420413,5.366531544420413,0.0,5.366531544420413,5.366531544420413,2,0.0,COc1ccc2c(=O)n(C)c(-c3ccc(OC4CCN(C5CCC5)CC4)cc3)nc2c1,2,2
CHEMBL455681,5.537602002101044,5.537602002101044,0.0,5.537602002101044,5.537602002101044,2,0.0,Cn1c(-c2ccc(OC3CCN(C4CCCC4)CC3)cc2)nc2ccccc2c1=O,2,2
CHEMBL4594376,3.6643415477106984,3.6643415477106984,0.0,3.6643415477106984,3.6643415477106984,2,0.0,CCc1[nH]nc(C(=O)Nc2ccc([C@H]3CNCCO3)cc2)c1C,2,2
CHEMBL4632807,6.065501548756432,6.065501548756432,0.0,6.065501548756432,6.065501548756432,2,0.0,CC(C)Oc1cncc(-c2ccc3[nH]nc(C(=O)NCC4CCOCC4)c3c2)c1,2,2
CHEMBL4634867,5.366531544420413,5.366531544420413,0.0,5.366531544420413,5.366531544420413,2,0.0,O=C(NCC1CCOC1)c1n[nH]c2ccc(-c3cccc(F)c3F)cc12,2,2
CHEMBL4635900,4.958607314841775,4.958607314841775,0.0,4.958607314841775,4.958607314841775,2,0.0,O=C(NCC1CCCO1)c1n[nH]c2ccc(-c3cccc(F)c3F)cc12,2,2
CHEMBL468397,6.7495799976911055,6.7495799976911055,0.0,6.7495799976911055,6.7495799976911055,2,0.0,COC(=O)C(CCCN(C)CCCc1nc2ccccc2[nH]1)(c1ccc(Br)cc1)C(C)C,2,2
CHEMBL4741793,4.924453038607469,4.924453038607469,0.0,4.924453038607469,4.924453038607469,2,0.0,C[C@H](NC(=O)c1cc(C(F)(F)F)nn1C)c1nc(-c2ccnc(C(F)(F)F)c2)no1,2,2
CHEMBL4755698,4.954677021213342,4.954677021213342,0.0,4.954677021213342,4.954677021213342,2,0.0,C=CC(=O)N1CCC(Cn2cc(-c3ccc4c(c3)OCO4)c3c(N)ncnc32)CC1,2,2
CHEMBL476106,5.221848749616356,5.221848749616356,0.0,5.221848749616356,5.221848749616356,2,0.0,Cc1nc2cc(F)ccc2c(=O)n1-c1ccc(OCCCN2CCCC2)cc1,2,2
CHEMBL4762625,5.552841968657781,5.552841968657781,0.0,5.552841968657781,5.552841968657781,2,0.0,CC1(N)CCN(c2cnc(Sc3cccc(Cl)c3Cl)c(N)n2)CC1,2,2
CHEMBL476322,6.455931955649724,6.455931955649724,0.0,6.455931955649724,6.455931955649724,2,0.0,Cc1nc2c(C(F)(F)F)cccc2c(=O)n1-c1ccc(OCCCN2CCCC2)cc1,2,2
CHEMBL476723,5.301029995663981,5.301029995663981,0.0,5.301029995663981,5.301029995663981,2,0.0,CCc1nc2ccccc2c(=O)n1-c1ccc(OCCCN2CCCC2)cc1,2,2
CHEMBL476954,4.607303046740334,4.607303046740334,0.0,4.607303046740334,4.607303046740334,2,0.0,CC(C)C(=O)N(Cc1cccc(Cl)c1Cl)[C@H]1CCNC1,2,2
CHEMBL477363,5.09151498112135,5.09151498112135,0.0,5.09151498112135,5.09151498112135,2,0.0,Cc1nc2cccc(Cl)c2c(=O)n1-c1ccc(OCCCN2CCCC2)cc1,2,2
CHEMBL477364,5.585026652029182,5.585026652029182,0.0,5.585026652029182,5.585026652029182,2,0.0,Cc1nc2cc(C(F)(F)F)ccc2c(=O)n1-c1ccc(OCCCN2CCCC2)cc1,2,2
CHEMBL478615,5.173925197299173,5.173925197299173,0.0,5.173925197299173,5.173925197299173,2,0.0,Cc1ccc2c(=O)n(-c3ccc(OCCCN4CCCC4)cc3)c(C)nc2c1,2,2
CHEMBL478616,5.795880017344075,5.795880017344075,0.0,5.795880017344075,5.795880017344075,2,0.0,Cc1cccc2c(=O)n(-c3ccc(OCCCN4CCCC4)cc3)c(C)nc12,2,2
CHEMBL479036,5.4089353929735005,5.4089353929735005,0.0,5.4089353929735005,5.4089353929735005,2,0.0,CC(C)c1nc2ccccc2c(=O)n1-c1ccc(OCCCN2CCCC2)cc1,2,2
CHEMBL479241,5.958607314841775,5.958607314841775,0.0,5.958607314841775,5.958607314841775,2,0.0,O=c1c2ccccc2nc(-c2ccccc2)n1-c1ccc(OCCCN2CCCC2)cc1,2,2
CHEMBL479242,5.180456064458131,5.180456064458131,0.0,5.180456064458131,5.180456064458131,2,0.0,Cc1cccc2nc(C)n(-c3ccc(OCCCN4CCCC4)cc3)c(=O)c12,2,2
CHEMBL479252,5.6020599913279625,5.6020599913279625,0.0,5.6020599913279625,5.6020599913279625,2,0.0,Cc1nc2ccc(F)cc2c(=O)n1-c1ccc(OCCCN2CCCC2)cc1,2,2
CHEMBL4796370,5.585026652029182,5.585026652029182,0.0,5.585026652029182,5.585026652029182,2,0.0,Cc1nn(-c2ccnc3[nH]c(-c4cccc5c4ccn5C)nc23)cc1CN(C)C,2,2
CHEMBL487059,6.769551078621726,6.769551078621726,0.0,6.769551078621726,6.769551078621726,2,0.0,O=c1c2ccccc2nc(-c2ccc(OCCCN3CCCCC3)cc2)n1Cc1ccccc1,2,2
CHEMBL487060,6.337242168318426,6.337242168318426,0.0,6.337242168318426,6.337242168318426,2,0.0,O=c1c2ccccc2nc(-c2ccc(OCCCN3CCCCC3)cc2)n1-c1ccccc1,2,2
CHEMBL487064,5.552841968657781,5.552841968657781,0.0,5.552841968657781,5.552841968657781,2,0.0,Cn1c(-c2ccc(OCCCN3CCCCC3)cc2)nc2ccccc2c1=O,2,2
CHEMBL487230,5.7447274948966935,5.7447274948966935,0.0,5.7447274948966935,5.7447274948966935,2,0.0,CCCn1c(-c2ccc(OCCCN3CCCCC3)cc2)nc2ccccc2c1=O,2,2
CHEMBL4873479,6.528708288941061,6.528708288941061,0.0,6.528708288941061,6.528708288941061,2,0.0,COc1ccc2nccc(CCN3CCC(NCc4cc(F)c(Br)c(F)c4)CC3)c2n1,2,2
CHEMBL4875851,5.301029995663981,5.301029995663981,0.0,5.301029995663981,5.301029995663981,2,0.0,Cc1cc(C(=O)O)ccc1-c1ccc(Cl)c(-c2ccc(C(F)(F)F)cc2CN2C(=O)O[C@H](c3cc(C(F)(F)F)cc(C(F)(F)F)c3)[C@@H]2C)c1,2,1
CHEMBL488248,5.537602002101044,5.537602002101044,0.0,5.537602002101044,5.537602002101044,2,0.0,Cn1c(-c2ccc(OCCCN3CCCC3)cc2)nc2ccccc2c1=O,2,2
CHEMBL488249,5.251811972993799,5.251811972993799,0.0,5.251811972993799,5.251811972993799,2,0.0,Cn1c(-c2ccc(OC3CCN(C4CCC4)CC3)cc2)nc2ccccc2c1=O,2,2
CHEMBL488251,5.522878745280337,5.522878745280337,0.0,5.522878745280337,5.522878745280337,2,0.0,CC(C)n1c(-c2ccc(OCCCN3CCCCC3)cc2)nc2ccccc2c1=O,2,2
CHEMBL488294,7.055517327849831,7.055517327849831,0.0,7.055517327849831,7.055517327849831,2,0.0,CC(C)(C)CCN1CCC(CNC(=O)Nc2cccc(Cl)c2)(c2ccccc2)CC1,2,2
CHEMBL488295,6.8696662315049934,6.8696662315049934,0.0,6.8696662315049934,6.8696662315049934,2,0.0,Cc1ccc(CN2CCC(CNC(=O)c3cc(Cl)cc(Cl)c3)CC2)cc1,2,2
CHEMBL494462,5.102372908709558,5.102372908709558,0.0,5.102372908709558,5.102372908709558,2,0.0,CCN(CC)C(=O)c1ccc(C2=CC3(CCNCC3)Oc3ccccc32)cc1,2,2
CHEMBL497999,6.221848749616356,6.221848749616356,0.0,6.221848749616356,6.221848749616356,2,0.0,CS(=O)(=O)c1ccc(OCC2CC2)c(C(=O)N2CCN(c3ccc(C#N)cc3F)CC2)c1,2,2
CHEMBL498260,6.6777807052660805,6.6777807052660805,0.0,6.6777807052660805,6.6777807052660805,2,0.0,N#Cc1ccc2cc1Oc1ccc3cccc(c3c1)N1CC[C@@H](NCCc3cncn3C2)C1=O,2,2
CHEMBL5083403,4.642065152999546,4.642065152999546,0.0,4.642065152999546,4.642065152999546,2,0.0,Fc1ccc([C@]2(CCNCc3cccc(Cl)c3)CCO[C@]3(CCOC3)C2)nc1,2,2
CHEMBL5085562,5.045757490560675,5.045757490560675,0.0,5.045757490560675,5.045757490560675,2,0.0,Cc1cccc(-c2ccc(/C=C/[C@@H]3[C@@H]4[C@@H](C)OC(=O)[C@]4(O)CC(F)(F)[C@H]3C)nc2)c1C#N,2,1
CHEMBL508712,5.698970004336019,5.698970004336019,0.0,5.698970004336019,5.698970004336019,2,0.0,Cc1cccc2c(=O)n(C)c(-c3ccc(OC4CCN(C5CCC5)CC4)cc3)nc12,2,2
CHEMBL512351,5.050609993355087,5.050609993355087,0.0,5.050609993355087,5.050609993355087,2,0.0,COc1ccc(NC(=O)c2ccc(C(=N)N(C)C)cc2)c(C(=O)Nc2ccc(Cl)cn2)c1,2,2
CHEMBL515004,5.552841968657781,5.552841968657781,0.0,5.552841968657781,5.552841968657781,2,0.0,CCCc1nc2ccccc2c(=O)n1-c1ccc(OCCCN2CCCC2)cc1,2,2
CHEMBL518431,6.1487416512809245,6.1487416512809245,0.0,6.1487416512809245,6.1487416512809245,2,0.0,O=c1c2ccccc2ncn1-c1ccc(OCCCN2CCCC2)cc1,2,2
CHEMBL519067,5.769551078621726,5.769551078621726,0.0,5.769551078621726,5.769551078621726,2,0.0,CCn1c(-c2ccc(OCCCN3CCCCC3)cc2)nc2ccccc2c1=O,2,2
CHEMBL5197101,4.6777807052660805,4.6777807052660805,0.0,4.6777807052660805,4.6777807052660805,2,0.0,CCc1cc2ccc(CN3CCN(c4ccc(C(=O)NC)nc4)CC3)cc2[nH]c1=O,2,2
CHEMBL521851,4.1938200260161125,4.1938200260161125,0.0,4.1938200260161125,4.1938200260161125,2,0.0,CS(=O)(=O)N1CCN(Cc2cc3nc(-c4cccc5[nH]ncc45)nc(N4CCOCC4)c3s2)CC1,2,2
CHEMBL5273140,6.200659450546418,6.200659450546418,0.0,6.200659450546418,6.200659450546418,2,0.0,FC(F)(F)c1noc(-c2ccc(CCN3CCC(Nc4nc5ccccc5[nH]4)CC3)cc2)n1,2,2
CHEMBL5282336,6.399996913372259,6.399996913372259,0.0,6.399996913372259,6.399996913372259,2,0.0,COCCCC(=O)NCCN1CCC[C@@H]1Cn1nc(Cc2ccc(Cl)cc2)c2ccccc2c1=O.O=C(O)C(F)(F)F,2,1
CHEMBL5400665,6.045757490560675,6.045757490560675,0.0,6.045757490560675,6.045757490560675,2,0.0,N#Cc1cccc2c1CC(CNCCC1CN(c3ccc4c(n3)NC(=O)CO4)C(=O)O1)C2,2,2
CHEMBL541435,6.0,6.0,0.0,6.0,6.0,2,0.0,COCC1[C@@H]2CC[C@H]1CN(CCN1CCN(c3cccc(Cl)c3)C1=O)C2,2,2
CHEMBL5430344,5.534617148551582,5.534617148551582,0.0,5.534617148551582,5.534617148551582,2,0.0,CC[C@@H]1C(=O)N(C)c2cnc(Nc3ccc(-c4noc(CN5CCNCC5)n4)cc3OC)nc2N1C1CCCC1,2,2
CHEMBL549433,7.958607314841775,7.958607314841775,0.0,7.958607314841775,7.958607314841775,2,0.0,CC[C@@H]1Sc2ccccc2O[C@@H]1c1ccc(OCCCN2CCCC2)cc1,2,2
CHEMBL549438,4.300000029139089,4.300000029139089,0.0,4.300000029139089,4.300000029139089,2,0.0,Cc1cc(CN(C)CCN2CCN(c3cccc(Cl)c3)C2=O)on1,2,2
CHEMBL549639,5.200659450546418,5.200659450546418,0.0,5.200659450546418,5.200659450546418,2,0.0,COc1cccc2c1S(=O)(=O)C(C)C(c1ccc(OCCCN3CCCC3)cc1)O2,2,2
CHEMBL550050,5.318758762624412,5.318758762624412,0.0,5.318758762624412,5.318758762624412,2,0.0,COc1cccc2c1OC(c1ccc(OCCCN3CCCCC3)cc1)C(C)S2(=O)=O,2,2
CHEMBL550393,7.6020599913279625,7.6020599913279625,0.0,7.6020599913279625,7.6020599913279625,2,0.0,C[C@H]1Sc2ccccc2O[C@@H]1c1ccc(OCCCN2CCCC2)cc1,2,2
CHEMBL550517,5.6020599913279625,5.6020599913279625,0.0,5.6020599913279625,5.6020599913279625,2,0.0,COc1cccc2c1OC(c1ccc(OCCCN3CCC[C@H](C)C3)cc1)C(C)S2(=O)=O,2,2
CHEMBL551927,7.199970640755866,7.199970640755866,0.0,7.199970640755866,7.199970640755866,2,0.0,C[C@@]12CC(c3ccccc3)C[C@@H](C1)N(CCN1CCN(c3cccc(Cl)c3)C1=O)C2,2,2
CHEMBL554693,5.59999938302362,5.59999938302362,0.0,5.59999938302362,5.59999938302362,2,0.0,COc1ccc(CCN(C)CCN2CCN(c3cccc(Cl)c3)C2=O)cc1OC,2,2
CHEMBL554738,5.800000874803203,5.800000874803203,0.0,5.800000874803203,5.800000874803203,2,0.0,CN(CCN1CCN(c2cccc(Cl)c2)C1=O)Cc1cc2ccccc2s1,2,2
CHEMBL555744,5.300000202445418,5.300000202445418,0.0,5.300000202445418,5.300000202445418,2,0.0,COC[C@@H]1CCCN1N1CCN(c2cccc(Cl)c2)C1=O,2,2
CHEMBL556100,6.327902142064282,6.327902142064282,0.0,6.327902142064282,6.327902142064282,2,0.0,CC1=C(c2ccc(OCCCN3CCCC3)cc2)Oc2ccccc2S1(=O)=O,2,2
CHEMBL556496,6.699991797446187,6.699991797446187,0.0,6.699991797446187,6.699991797446187,2,0.0,COc1cccc(C2CCCN(CCN3CCN(c4cccc(Cl)c4)C3=O)C2)c1,2,2
CHEMBL556506,5.853871964321762,5.853871964321762,0.0,5.853871964321762,5.853871964321762,2,0.0,C[C@H](C1=C(CCN(C)C)Cc2ccccc21)c1cnccn1,2,2
CHEMBL557110,7.100015437450609,7.100015437450609,0.0,7.100015437450609,7.100015437450609,2,0.0,O=C1N(CCN2CCCC(OCc3ccccc3)C2)CCN1c1cccc(Cl)c1,2,2
CHEMBL557718,5.207608310501746,5.207608310501746,0.0,5.207608310501746,5.207608310501746,2,0.0,COc1cccc2c1O[C@H](c1ccc(OCCCN3CCCC3)cc1)[C@@H](C)S2(=O)=O,2,2
CHEMBL557853,8.301029995663981,8.301029995663981,0.0,8.301029995663981,8.301029995663981,2,0.0,C[C@@H]1Sc2ccccc2O[C@@H]1c1ccc(OCCCN2CCCC2)cc1,2,2
CHEMBL558058,5.200000237109354,5.200000237109354,0.0,5.200000237109354,5.200000237109354,2,0.0,CN(CCN1CCN(c2cccc(C(F)(F)F)c2)C1=O)C[C@]12CC[C@H](CC1)C2(C)C,2,2
CHEMBL55826,5.09151498112135,5.09151498112135,0.0,5.09151498112135,5.09151498112135,2,0.0,N#Cc1ccc2cc1Oc1ccc3cccc(c3c1)N1CC[C@H](NCCc3cncn3C2)C1=O,2,2
CHEMBL559873,6.0999990348465305,6.0999990348465305,0.0,6.0999990348465305,6.0999990348465305,2,0.0,O=C1N(CCN2CCCc3sccc3C2)CCN1c1cccc(Cl)c1,2,2
CHEMBL560270,5.800000874803203,5.800000874803203,0.0,5.800000874803203,5.800000874803203,2,0.0,Cc1cccc(N2CCN(CCN(C)C[C@]34CC[C@H](CC3)C4(C)C)C2=O)c1,2,2
CHEMBL560386,5.309803919971486,5.309803919971486,0.0,5.309803919971486,5.309803919971486,2,0.0,COc1cccc2c1O[C@@H](c1ccc(OCCCN3CCCC3)cc1)[C@H](C)S2(=O)=O,2,2
CHEMBL560863,5.537602002101044,5.537602002101044,0.0,5.537602002101044,5.537602002101044,2,0.0,COc1cccc2c1OC(c1ccc(OCCCN3CCC[C@H]3C)cc1)C(C)S2(=O)=O,2,2
CHEMBL560923,8.356547323513812,8.356547323513812,0.0,8.356547323513812,8.356547323513812,2,0.0,CC1=C(c2ccc(OCCCN3CCCC3)cc2)Oc2ccccc2S1,2,2
CHEMBL561128,8.100015437450608,8.100015437450608,0.0,8.100015437450608,8.100015437450608,2,0.0,O=C1N(CCN2CCC(c3ccc(Cl)cc3)CC2)CCN1c1cccc(Cl)c1,2,2
CHEMBL561324,5.769551078621726,5.769551078621726,0.0,5.769551078621726,5.769551078621726,2,0.0,COc1ccc2c(c1)OC(c1ccc(OCCCN3CCCC3)cc1)C(C)S2(=O)=O,2,2
CHEMBL561326,6.599997654072045,6.599997654072045,0.0,6.599997654072045,6.599997654072045,2,0.0,O=C1N(CCN2CCC(c3nnc(-c4ccccc4)o3)CC2)CCN1c1cccc(Cl)c1,2,2
CHEMBL562464,7.199970640755866,7.199970640755866,0.0,7.199970640755866,7.199970640755866,2,0.0,O=C1N(CCN2C[C@@H]3CC[C@H]2Cc2ccccc2C3)CCN1c1cccc(Cl)c1,2,2
CHEMBL562722,5.154901959985743,5.154901959985743,0.0,5.154901959985743,5.154901959985743,2,0.0,COc1cccc2c1OC(c1ccc(OCCCN3CCCC3)cc1)C(C)S2(=O)=O,2,2
CHEMBL562833,6.0999990348465305,6.0999990348465305,0.0,6.0999990348465305,6.0999990348465305,2,0.0,CC1(C)[C@@H]2CC[C@]13CCN(CCN1CCN(c4cccc(Cl)c4)C1=O)C3C2,2,2
CHEMBL562836,5.499999678657065,5.499999678657065,0.0,5.499999678657065,5.499999678657065,2,0.0,CN(CCN1CCN(c2ccc(F)cc2)C1=O)C[C@]12CC[C@H](CC1)C2(C)C,2,2
CHEMBL562870,4.853871964321762,4.853871964321762,0.0,4.853871964321762,4.853871964321762,2,0.0,COc1cccc2c1OC(c1ccc(OC3CCN(C4CCC4)CC3)cc1)C(C)S2(=O)=O,2,2
CHEMBL562948,5.40000018605658,5.40000018605658,0.0,5.40000018605658,5.40000018605658,2,0.0,CN(CCN1CCN(c2ccccc2)C1=O)C[C@]12CC[C@H](CC1)C2(C)C,2,2
CHEMBL563274,5.499999678657065,5.499999678657065,0.0,5.499999678657065,5.499999678657065,2,0.0,CN(CCN1CCN(c2cccc(Cl)c2)C1=O)C[C@]12CC[C@H](CC1)C2(C)C,2,2
CHEMBL563435,5.700000503883016,5.700000503883016,0.0,5.700000503883016,5.700000503883016,2,0.0,COc1cccc(N2CCN(CCN(C)C[C@]34CC[C@H](CC3)C4(C)C)C2=O)c1,2,2
CHEMBL563563,5.899998417198648,5.899998417198648,0.0,5.899998417198648,5.899998417198648,2,0.0,CC1(C)C[C@@H]2C[C@@](C)(CN2CCN2CCN(c3cccc(Cl)c3)C2=O)C1,2,2
CHEMBL563580,5.800000874803203,5.800000874803203,0.0,5.800000874803203,5.800000874803203,2,0.0,O=C1N(CCN2[C@@H]3CCC[C@H]2CC3)CCN1c1cccc(Cl)c1,2,2
CHEMBL563635,5.499999678657065,5.499999678657065,0.0,5.499999678657065,5.499999678657065,2,0.0,CCN(CC)CCN1CCN(c2cccc(Cl)c2)C1=O,2,2
CHEMBL563779,5.42021640338319,5.42021640338319,0.0,5.42021640338319,5.42021640338319,2,0.0,COc1cccc2c1OC(c1ccc(OCCCN3CCC[C@@H]3C)cc1)C(C)S2(=O)=O,2,2
CHEMBL563860,4.900000142057633,4.900000142057633,0.0,4.900000142057633,4.900000142057633,2,0.0,O=C1N(CCN2C[C@H]3CC[C@@H]2C3)CCN1c1cccc(Cl)c1,2,2
CHEMBL563926,6.199998172182031,6.199998172182031,0.0,6.199998172182031,6.199998172182031,2,0.0,COc1cccc(CCN(C)CCN2CCN(c3cccc(Cl)c3)C2=O)c1,2,2
CHEMBL564514,7.920818753952375,7.920818753952375,0.0,7.920818753952375,7.920818753952375,2,0.0,c1ccc([C@@H]2Sc3ccccc3O[C@@H]2c2ccc(OCCCN3CCCC3)cc2)cc1,2,2
CHEMBL564930,5.899998417198648,5.899998417198648,0.0,5.899998417198648,5.899998417198648,2,0.0,CC1(C)[C@H]2CC[C@]1(C)CN(CCN1CCN(c3cccc(Cl)c3)C1=O)C2,2,2
CHEMBL564948,5.59999938302362,5.59999938302362,0.0,5.59999938302362,5.59999938302362,2,0.0,Cc1ccc(N2CCN(CCN(C)C[C@]34CC[C@H](CC3)C4(C)C)C2=O)cc1,2,2
CHEMBL565007,6.0,6.0,0.0,6.0,6.0,2,0.0,COc1ccc2c(c1)S(=O)(=O)C(C)C(c1ccc(OCCCN3CCCC3)cc1)O2,2,2
CHEMBL565075,6.399996913372259,6.399996913372259,0.0,6.399996913372259,6.399996913372259,2,0.0,O=C1N(CCN2C[C@H]3CC[C@H](CC3)C2)CCN1c1cccc(Cl)c1,2,2
CHEMBL570033,4.958607314841775,4.958607314841775,0.0,4.958607314841775,4.958607314841775,2,0.0,O=C(O)c1ccc(CCCCN2CCC(C(O)(c3ccccc3)c3ccccc3)CC2)cc1,2,1
CHEMBL571389,6.402304814074488,6.402304814074488,0.0,6.402304814074488,6.402304814074488,2,0.0,Cc1ccc(CCCCN2CCC(C(O)(c3ccccc3)c3ccccc3)CC2)cc1,2,1
CHEMBL5742311,6.761953896871205,6.761953896871205,0.0,6.761953896871205,6.761953896871205,2,0.0,FC(F)(F)c1ccc(-n2cc(Cn3ccnc3C3CC3)nn2)cc1,2,2
CHEMBL5745081,5.882728704344236,5.882728704344236,0.0,5.882728704344236,5.882728704344236,2,0.0,O=C(Nc1ccc([C@H]2CNCCO2)cc1)c1cnc(-c2ccccc2)s1,2,2
CHEMBL5746192,5.928117992693874,5.928117992693874,0.0,5.928117992693874,5.928117992693874,2,0.0,COc1cc(F)ccc1-n1cc(Cn2ccnc2C)nn1,2,2
CHEMBL5749720,4.180192935409244,4.180192935409244,0.0,4.180192935409244,4.180192935409244,2,0.0,O=C(Nc1ccc([C@H]2CNCCO2)cc1)c1cncc(Cl)c1,2,2
CHEMBL5753096,8.115204636051018,8.115204636051018,0.0,8.115204636051018,8.115204636051018,2,0.0,CCCc1nccn1Cc1cn(-c2ccc(Cl)c(Cl)c2)nn1,2,2
CHEMBL5755454,8.120330794367947,8.120330794367947,0.0,8.120330794367947,8.120330794367947,2,0.0,Clc1ccc(-n2cc(Cn3ccnc3C3CCC3)nn2)cc1Cl,2,2
CHEMBL5757923,7.337242168318426,7.337242168318426,0.0,7.337242168318426,7.337242168318426,2,0.0,Cc1nccn1Cc1cn(-c2ccc(C(F)(F)F)cc2)nn1,2,2
CHEMBL5763605,7.111259039317107,7.111259039317107,0.0,7.111259039317107,7.111259039317107,2,0.0,CC(C)c1nccn1Cc1cn(-c2ccc(Cl)cc2)nn1,2,2
CHEMBL5764399,8.007004901568658,8.007004901568658,0.0,8.007004901568658,8.007004901568658,2,0.0,CCCc1nccn1Cc1cn(-c2ccc(F)c(Cl)c2)nn1,2,2
CHEMBL5765415,6.279014255846261,6.279014255846261,0.0,6.279014255846261,6.279014255846261,2,0.0,CC(C)(C)c1nccn1Cc1cn(-c2ccc(Cl)c(Cl)c2)nn1,2,2
CHEMBL5765871,6.866461091629782,6.866461091629782,0.0,6.866461091629782,6.866461091629782,2,0.0,OCCc1nccn1Cc1cn(-c2cc(F)cc(C(F)F)c2)nn1,2,2
CHEMBL5769554,5.327902142064282,5.327902142064282,0.0,5.327902142064282,5.327902142064282,2,0.0,CNCC(Cc1ccccc1OC)c1ccc2ccccc2c1,1,1
CHEMBL5770484,8.505845405981557,8.505845405981557,0.0,8.505845405981557,8.505845405981557,2,0.0,CC(C)c1nccn1Cc1cn(-c2ccc(Cl)c(OC(F)F)c2)nn1,2,2
CHEMBL5771198,5.0030507515046185,5.0030507515046185,0.0,5.0030507515046185,5.0030507515046185,2,0.0,Clc1ccc(-n2cc(Cn3ccnc3Cl)nn2)cc1,2,2
CHEMBL5771854,7.924453038607469,7.924453038607469,0.0,7.924453038607469,7.924453038607469,2,0.0,Cc1nccn1Cc1cn(-c2ccc(Cl)c(C(F)(F)F)c2)nn1,2,2
CHEMBL5778585,7.33161408331,7.33161408331,0.0,7.33161408331,7.33161408331,2,0.0,CCCc1nccn1Cc1cn(-c2ccc(Cl)cc2)nn1,2,2
CHEMBL5778781,5.478861916295964,5.478861916295964,0.0,5.478861916295964,5.478861916295964,2,0.0,COc1cc(F)ccc1-n1cc(Cn2ccnc2C2CC2)nn1,2,2
CHEMBL5783150,4.481486060122113,4.481486060122113,0.0,4.481486060122113,4.481486060122113,2,0.0,CNC[C@@H](c1ccc2ccccc2c1)[C@H](O)c1ccccn1,1,1
CHEMBL5784006,4.920818753952375,4.920818753952375,0.0,4.920818753952375,4.920818753952375,2,0.0,Nc1ccc(-c2ccncc2)cc1NC(=O)c1cnc(N2CCNCC2)s1,2,2
CHEMBL5786654,5.443697499232712,5.443697499232712,0.0,5.443697499232712,5.443697499232712,2,0.0,Nc1ccc(-c2cccs2)cc1NC(=O)c1ncc(N2CCNCC2)s1,2,2
CHEMBL5790288,7.018634490921455,7.018634490921455,0.0,7.018634490921455,7.018634490921455,2,0.0,Clc1ccc(-n2cc(Cn3ccnc3C3CC3)nn2)cc1,2,2
CHEMBL5792092,8.671620396561263,8.671620396561263,0.0,8.671620396561263,8.671620396561263,2,0.0,Nc1nccn1Cc1cn(-c2cc(F)cc(C(F)F)c2)nn1,2,2
CHEMBL5794270,5.790484985457369,5.790484985457369,0.0,5.790484985457369,5.790484985457369,2,0.0,Clc1ccc(-n2cc(Cn3ccnc3C3CC3)nn2)c(Cl)c1,2,2
CHEMBL5795063,3.285502591350194,3.285502591350194,0.0,3.285502591350194,3.285502591350194,2,0.0,Cc1cc(C(=O)Nc2ccc([C@H]3CNCCO3)cc2)ccn1,2,2
CHEMBL5798112,8.367542707815275,8.367542707815275,0.0,8.367542707815275,8.367542707815275,2,0.0,CCCCc1nccn1Cc1cn(-c2ccc(F)c(C(F)F)c2)nn1,2,2
CHEMBL5804405,7.764471553092451,7.764471553092451,0.0,7.764471553092451,7.764471553092451,2,0.0,OCCc1nccn1Cc1cn(-c2ccc(Cl)c(Cl)c2)nn1,2,2
CHEMBL5804885,7.581698708680254,7.581698708680254,0.0,7.581698708680254,7.581698708680254,2,0.0,FCCc1nccn1Cc1cn(-c2ccc(Cl)c(Cl)c2)nn1,2,2
CHEMBL5808148,7.498940737782249,7.498940737782249,0.0,7.498940737782249,7.498940737782249,2,0.0,Fc1cc(-n2cc(Cn3ccnc3C3CC3)nn2)ccc1Cl,2,2
CHEMBL5808304,7.462180904926726,7.462180904926726,0.0,7.462180904926726,7.462180904926726,2,0.0,FC(F)(F)Oc1cccc(-n2cc(Cn3ccnc3C3CC3)nn2)c1,2,2
CHEMBL5808945,4.154901959985743,4.154901959985743,0.0,4.154901959985743,4.154901959985743,2,0.0,CN1CCN(c2ncc(C(=O)Nc3cc(-c4cccs4)ccc3N)s2)CC1,2,2
CHEMBL5818494,7.7594507517174005,7.7594507517174005,0.0,7.7594507517174005,7.7594507517174005,2,0.0,Cc1nccn1Cc1cn(-c2cccc(C(F)(F)F)c2)nn1,2,2
CHEMBL5823395,8.114638779968487,8.114638779968487,0.0,8.114638779968487,8.114638779968487,2,0.0,CCCCc1nccn1Cc1cn(-c2ccc(F)c(Cl)c2)nn1,2,2
CHEMBL5825577,4.087724789501188,4.087724789501188,0.0,4.087724789501188,4.087724789501188,2,0.0,O=C(Nc1ccc([C@H]2CNCCO2)cc1)c1ccnc(Cl)c1,2,2
CHEMBL5829328,6.24184537803261,6.24184537803261,0.0,6.24184537803261,6.24184537803261,2,0.0,OCc1nccn1Cc1cn(-c2ccc(Cl)cc2)nn1,2,2
CHEMBL5834447,8.092588639225413,8.092588639225413,0.0,8.092588639225413,8.092588639225413,2,0.0,CC(F)(F)c1cc(-n2cc(Cn3ccnc3CCO)nn2)ccc1F,2,2
CHEMBL5838864,8.645891560852599,8.645891560852599,0.0,8.645891560852599,8.645891560852599,2,0.0,OCCc1nccn1Cc1cn(-c2ccc(Cl)c(OC(F)F)c2)nn1,2,2
CHEMBL5839468,8.332547047110046,8.332547047110046,0.0,8.332547047110046,8.332547047110046,2,0.0,CCc1nccn1Cc1cn(-c2ccc(Cl)c(Cl)c2)nn1,2,2
CHEMBL5840390,7.137272471682025,7.137272471682025,0.0,7.137272471682025,7.137272471682025,2,0.0,CC(C)(C)c1nccn1Cc1cn(-c2ccc(Cl)c(OC(F)F)c2)nn1,2,2
CHEMBL5853493,6.211124884224583,6.211124884224583,0.0,6.211124884224583,6.211124884224583,2,0.0,Cc1nccn1Cc1cn(-c2cccc(S(C)(=O)=O)c2)nn1,2,2
CHEMBL5857118,4.42021640338319,4.42021640338319,0.0,4.42021640338319,4.42021640338319,2,0.0,CN1CCN(c2ccc(C(=O)Nc3cc(-c4ccncc4)ccc3N)nc2)CC1,2,2
CHEMBL5858906,9.318758762624412,9.318758762624412,0.0,9.318758762624412,9.318758762624412,2,0.0,Nc1nccn1Cc1cn(-c2ccc(F)c(C(F)F)c2)nn1,2,2
CHEMBL5863797,8.14206473528057,8.14206473528057,0.0,8.14206473528057,8.14206473528057,2,0.0,Cc1nccn1Cc1cn(-c2cccc(OC(F)(F)F)c2)nn1,2,2
CHEMBL5871384,3.147825095579697,3.147825095579697,0.0,3.147825095579697,3.147825095579697,2,0.0,Cc1cc(C(=O)Nc2ccc([C@H]3CNCCO3)cc2)cc(C)n1,2,2
CHEMBL5875561,7.576754126063192,7.576754126063192,0.0,7.576754126063192,7.576754126063192,2,0.0,Cc1ccc(-n2cc(Cn3ccnc3C)nn2)cc1F,2,2
CHEMBL5877886,8.386158178123932,8.386158178123932,0.0,8.386158178123932,8.386158178123932,2,0.0,CCc1nccn1Cc1cn(-c2ccc(F)c(C(F)F)c2)nn1,2,2
CHEMBL5878770,6.627087997029893,6.627087997029893,0.0,6.627087997029893,6.627087997029893,2,0.0,Fc1ccc(-n2cc(Cc3cc[nH]n3)nn2)cc1C(F)F,2,2
CHEMBL5888883,4.920818753952375,4.920818753952375,0.0,4.920818753952375,4.920818753952375,2,0.0,Cc1nc(N2CCNCC2)sc1C(=O)Nc1cc(-c2cccs2)ccc1N,2,2
CHEMBL5892891,4.218460031394058,4.218460031394058,0.0,4.218460031394058,4.218460031394058,2,0.0,Cc1nc(C(=O)Nc2ccc([C@H]3CNCCO3)cc2)cs1,2,2
CHEMBL5893534,7.410050398674292,7.410050398674292,0.0,7.410050398674292,7.410050398674292,2,0.0,CCCCc1nccn1Cc1cn(-c2ccc(Cl)cc2)nn1,2,2
CHEMBL5893563,7.798602875679548,7.798602875679548,0.0,7.798602875679548,7.798602875679548,2,0.0,Cc1nccn1Cc1cn(-c2cccc(C3CC3)c2)nn1,2,2
CHEMBL5893587,6.3979400086720375,6.3979400086720375,0.0,6.3979400086720375,6.3979400086720375,2,0.0,Nc1ccc(-c2ccccc2)cc1NC(=O)c1cc2ccc(N3CCNCC3)cc2cn1,2,2
CHEMBL5893677,6.109020403010311,6.109020403010311,0.0,6.109020403010311,6.109020403010311,2,0.0,Cc1nccn1Cc1cn(-c2ccc(Cl)cc2Cl)nn1,2,2
CHEMBL5898921,8.280668713016274,8.280668713016274,0.0,8.280668713016274,8.280668713016274,2,0.0,CC(C)c1nccn1Cc1cn(-c2ccc(Cl)c(C(F)F)c2)nn1,2,2
CHEMBL5904342,8.274088367704952,8.274088367704952,0.0,8.274088367704952,8.274088367704952,2,0.0,Cc1cc(-n2cc(Cn3ccnc3C)nn2)ccc1F,2,2
CHEMBL5905884,8.721246399047171,8.721246399047171,0.0,8.721246399047171,8.721246399047171,2,0.0,Cc1nccn1Cc1cn(-c2ccc(F)c(OC(F)F)c2)nn1,2,2
CHEMBL590791,4.958607314841775,4.958607314841775,0.0,4.958607314841775,4.958607314841775,2,0.0,CNC(C)(C)C(=O)N1CCN(C(=O)c2cc(Cc3c[nH]c(=O)c4cc(Cl)c(Cl)n34)ccc2F)CC1,2,2
CHEMBL5908489,5.571865205971211,5.571865205971211,0.0,5.571865205971211,5.571865205971211,2,0.0,CS(=O)(=O)c1cccc(-n2cc(Cn3ccnc3CCF)nn2)c1,2,2
CHEMBL5909140,8.39254497678533,8.39254497678533,0.0,8.39254497678533,8.39254497678533,2,0.0,Cc1nccn1Cc1cn(-c2ccc(F)c(C(C)(F)F)c2)nn1,2,2
CHEMBL5909487,8.154281982033341,8.154281982033341,0.0,8.154281982033341,8.154281982033341,2,0.0,Cc1nccn1Cc1cn(-c2ccc(F)c(Cl)c2)nn1,2,2
CHEMBL5912187,7.673664139071248,7.673664139071248,0.0,7.673664139071248,7.673664139071248,2,0.0,Cc1nccn1Cc1cn(-c2ccc(Cl)c(F)c2)nn1,2,2
CHEMBL5922918,5.119186407719209,5.119186407719209,0.0,5.119186407719209,5.119186407719209,2,0.0,Nc1ccc(-c2ccco2)cc1NC(=O)c1ccc2nc(N3CCNCC3)ccc2c1,2,2
CHEMBL5925044,5.015472686656207,5.015472686656207,0.0,5.015472686656207,5.015472686656207,2,0.0,O=C(Nc1ccc([C@H]2CNCCO2)cc1)c1coc(-c2ccccc2)n1,2,2
CHEMBL5934000,5.350665141287858,5.350665141287858,0.0,5.350665141287858,5.350665141287858,2,0.0,O=C(Nc1ccc([C@H]2CNCCO2)cc1)c1cnc(Cl)c(Cl)c1,2,2
CHEMBL5939964,6.882728704344236,6.882728704344236,0.0,6.882728704344236,6.882728704344236,2,0.0,CC(C)(C)c1nccn1Cc1cn(-c2ccc(F)c(C(F)F)c2)nn1,2,2
CHEMBL5941301,7.485452247339714,7.485452247339714,0.0,7.485452247339714,7.485452247339714,2,0.0,CC(C)c1nccn1Cc1cn(-c2cccc(OC(F)(F)F)c2)nn1,2,2
CHEMBL5951589,8.161150909262744,8.161150909262744,0.0,8.161150909262744,8.161150909262744,2,0.0,Cc1cc(-n2cc(Cn3ccnc3CCO)nn2)ccc1Cl,2,2
CHEMBL5956282,9.187086643357144,9.187086643357144,0.0,9.187086643357144,9.187086643357144,2,0.0,Nc1nccn1Cc1cn(-c2ccc(Cl)c(C(F)F)c2)nn1,2,2
CHEMBL5960420,6.85078088734462,6.85078088734462,0.0,6.85078088734462,6.85078088734462,2,0.0,Cc1nc2ccccc2n1Cc1cn(-c2ccc(Cl)c(Cl)c2)nn1,2,2
CHEMBL5961333,5.853871964321762,5.853871964321762,0.0,5.853871964321762,5.853871964321762,2,0.0,CS(=O)(=O)c1cccc(-n2cc(Cn3ccnc3CCO)nn2)c1,2,2
CHEMBL5961464,7.03810452633215,7.03810452633215,0.0,7.03810452633215,7.03810452633215,2,0.0,FC(F)(F)c1cccc(-n2cc(Cn3ccnc3C3CC3)nn2)c1,2,2
CHEMBL5962619,7.586700235918748,7.586700235918748,0.0,7.586700235918748,7.586700235918748,2,0.0,Cc1nccn1Cc1cn(-c2cc(F)cc(C(F)F)c2)nn1,2,2
CHEMBL5964323,7.386158178123931,7.386158178123931,0.0,7.386158178123931,7.386158178123931,2,0.0,OCCc1nccn1Cc1cn(-c2cccc(C3CC3)c2)nn1,2,2
CHEMBL5965398,7.58838029403677,7.58838029403677,0.0,7.58838029403677,7.58838029403677,2,0.0,CCc1nccn1Cc1cn(-c2ccc(Cl)cc2)nn1,2,2
CHEMBL5965720,8.220403508742175,8.220403508742175,0.0,8.220403508742175,8.220403508742175,2,0.0,FCCc1nccn1Cc1cn(-c2ccc(Cl)c(OC(F)F)c2)nn1,2,2
CHEMBL5968571,8.468521082957745,8.468521082957745,0.0,8.468521082957745,8.468521082957745,2,0.0,CCCc1nccn1Cc1cn(-c2ccc(F)c(C(F)F)c2)nn1,2,2
CHEMBL5969195,5.364516253185088,5.364516253185088,0.0,5.364516253185088,5.364516253185088,2,0.0,Cn1nccc1Cc1cn(-c2ccc(F)c(Cl)c2)nn1,2,2
CHEMBL5969819,5.167491087293763,5.167491087293763,0.0,5.167491087293763,5.167491087293763,2,0.0,Cc1ccc(COC(=O)N2CC[C@H](CNc3ncc4cn[nH]c4n3)C(F)(F)C2)cc1,2,2
CHEMBL5969915,7.548213564475709,7.548213564475709,0.0,7.548213564475709,7.548213564475709,2,0.0,Fc1ccc(-n2cc(Cn3ccnc3C3CC3)nn2)cc1Cl,2,2
CHEMBL5971419,8.785156151952302,8.785156151952302,0.0,8.785156151952302,8.785156151952302,2,0.0,Cc1cc(-n2cc(Cn3ccnc3C)nn2)ccc1Cl,2,2
CHEMBL5971806,5.2839966563652006,5.2839966563652006,0.0,5.2839966563652006,5.2839966563652006,2,0.0,CN1CCN(c2ccc3cc(C(=O)Nc4cc(-c5ccco5)ccc4N)ncc3c2)CC1,2,2
CHEMBL597241,5.481486060122112,5.481486060122112,0.0,5.481486060122112,5.481486060122112,2,0.0,Clc1cnc2nc(N3CCN4CCC3CC4)oc2c1,2,2
CHEMBL5974311,5.065501548756432,5.065501548756432,0.0,5.065501548756432,5.065501548756432,2,0.0,Nc1ccc(-c2cccs2)cc1NC(=O)c1ccc(N2CCNCC2)nc1,2,2
CHEMBL5974489,5.050609993355087,5.050609993355087,0.0,5.050609993355087,5.050609993355087,2,0.0,Nc1ccc(-c2ccoc2)cc1NC(=O)c1cnc2cc(N3CCNCC3)ccc2c1,2,2
CHEMBL5974828,5.292429823902063,5.292429823902063,0.0,5.292429823902063,5.292429823902063,2,0.0,Nc1ccc(-c2ccccc2)cc1NC(=O)c1ccc(N2CCNCC2)nc1,2,2
CHEMBL5976049,7.747146969020107,7.747146969020107,0.0,7.747146969020107,7.747146969020107,2,0.0,Clc1ccc(-n2cc(Cn3ccnc3C3CC3)nn2)cc1Cl,2,2
CHEMBL5978181,5.366531544420413,5.366531544420413,0.0,5.366531544420413,5.366531544420413,2,0.0,COc1ccc(OCCNCCCF)c(F)c1[C@@H]1c2[nH]c3ccccc3c2C[C@@H](C)N1CC(F)F,2,2
CHEMBL5978414,4.844663962534939,4.844663962534939,0.0,4.844663962534939,4.844663962534939,2,0.0,Cc1ncnn1Cc1cn(-c2ccc(Cl)cc2)nn1,2,2
CHEMBL598194,5.281083313985139,5.281083313985139,0.0,5.281083313985139,5.281083313985139,2,0.0,NC1(C(=O)NCc2ccc(Cl)cc2)CCN(c2ncnc3[nH]ccc23)CC1,2,2
CHEMBL5983773,4.359518563029578,4.359518563029578,0.0,4.359518563029578,4.359518563029578,2,0.0,COc1cc(C(=O)NC2CCN(C[C@H](O)c3ccc4c(c3C)COC4=O)CC2)ncc1C#N,2,2
CHEMBL5986147,8.349692476868064,8.349692476868064,0.0,8.349692476868064,8.349692476868064,2,0.0,Cc1cc(-n2cc(Cn3ccnc3C(C)C)nn2)ccc1Cl,2,2
CHEMBL5987086,8.416801226031378,8.416801226031378,0.0,8.416801226031378,8.416801226031378,2,0.0,Cc1nccn1Cc1cn(-c2ccc(F)c(C(F)F)c2)nn1,2,2
CHEMBL5989582,8.164943898279883,8.164943898279883,0.0,8.164943898279883,8.164943898279883,2,0.0,CCCCc1nccn1Cc1cn(-c2ccc(Cl)c(Cl)c2)nn1,2,2
CHEMBL5990369,8.29929628285498,8.29929628285498,0.0,8.29929628285498,8.29929628285498,2,0.0,CCc1nccn1Cc1cn(-c2ccc(F)c(Cl)c2)nn1,2,2
CHEMBL5991109,5.259637310505756,5.259637310505756,0.0,5.259637310505756,5.259637310505756,2,0.0,Clc1ccc(-n2c(-c3ccncc3)cc3ccncc32)cc1,2,2
CHEMBL6000305,7.790484985457369,7.790484985457369,0.0,7.790484985457369,7.790484985457369,2,0.0,Fc1ccc(-n2cc(Cn3ccnc3C3CC3)nn2)cc1C(F)F,2,2
CHEMBL6000376,7.82102305270683,7.82102305270683,0.0,7.82102305270683,7.82102305270683,2,0.0,Cc1cc(-n2cc(Cn3ccnc3C3CC3)nn2)ccc1F,2,2
CHEMBL6004953,8.614393726401687,8.614393726401687,0.0,8.614393726401687,8.614393726401687,2,0.0,CCc1nccn1Cc1cn(-c2ccc(Cl)c(C(F)F)c2)nn1,2,2
CHEMBL6006629,8.795880017344075,8.795880017344075,0.0,8.795880017344075,8.795880017344075,2,0.0,CCc1nccn1Cc1cn(-c2ccc(Cl)c(OC(F)F)c2)nn1,2,2
CHEMBL6008481,5.142667503568731,5.142667503568731,0.0,5.142667503568731,5.142667503568731,2,0.0,CC(C)(C)c1nccn1Cc1cn(-c2ccc(Cl)cc2)nn1,2,2
CHEMBL6009948,4.968591535748375,4.968591535748375,0.0,4.968591535748375,4.968591535748375,2,0.0,O=C(Nc1ccc([C@H]2CNCCO2)cc1)c1ccn(-c2ccccc2)n1,2,2
CHEMBL6010490,4.903089986991944,4.903089986991944,0.0,4.903089986991944,4.903089986991944,2,0.0,Clc1ccc(-n2cc(Cn3ncnc3C3CCCC3)nn2)cc1,2,2
CHEMBL6014639,5.6020599913279625,5.6020599913279625,0.0,5.6020599913279625,5.6020599913279625,2,0.0,Nc1ccc(-c2ccc(F)cc2)cc1NC(=O)c1ccc(N2CCNCC2)cn1,2,2
CHEMBL6021933,7.943095148663527,7.943095148663527,0.0,7.943095148663527,7.943095148663527,2,0.0,CCc1nccn1Cc1cn(-c2cccc(OC(F)(F)F)c2)nn1,2,2
CHEMBL6024609,7.906578314837764,7.906578314837764,0.0,7.906578314837764,7.906578314837764,2,0.0,Cc1cc(-n2cc(Cn3ccnc3C3CC3)nn2)ccc1Cl,2,2
CHEMBL6026134,8.47237009912866,8.47237009912866,0.0,8.47237009912866,8.47237009912866,2,0.0,Cc1nccn1Cc1cn(-c2ccc(Cl)c(C(F)F)c2)nn1,2,2
CHEMBL6027892,8.130768280269024,8.130768280269024,0.0,8.130768280269024,8.130768280269024,2,0.0,CC(C)c1nccn1Cc1cn(-c2ccc(Cl)c(Cl)c2)nn1,2,2
CHEMBL6028836,8.735182176990463,8.735182176990463,0.0,8.735182176990463,8.735182176990463,2,0.0,CCc1nccn1Cc1cn(-c2ccc(Cl)c(C)c2)nn1,2,2
CHEMBL603052,4.790484985457369,4.790484985457369,0.0,4.790484985457369,4.790484985457369,2,0.0,Cc1nc2nc(N3CCN4CCC3CC4)oc2cc1Cl,2,2
CHEMBL6033368,7.059981844992337,7.059981844992337,0.0,7.059981844992337,7.059981844992337,2,0.0,Cc1ccc(-n2cc(Cn3ccnc3C3CC3)nn2)cc1F,2,2
CHEMBL6034751,7.8124792791635365,7.8124792791635365,0.0,7.8124792791635365,7.8124792791635365,2,0.0,FC(F)c1cc(-n2cc(Cn3ccnc3C3CC3)nn2)ccc1Cl,2,2
CHEMBL6035199,7.42021640338319,7.42021640338319,0.0,7.42021640338319,7.42021640338319,2,0.0,FC(F)(F)c1cc(-n2cc(Cn3ccnc3C3CC3)nn2)ccc1Cl,2,2
CHEMBL6040464,7.838631997765026,7.838631997765026,0.0,7.838631997765026,7.838631997765026,2,0.0,OCCc1nccn1Cc1cn(-c2ccc(F)c(C(F)F)c2)nn1,2,2
CHEMBL6044807,7.958607314841775,7.958607314841775,0.0,7.958607314841775,7.958607314841775,2,0.0,CC(C)c1nccn1Cc1cn(-c2ccc(F)c(C(F)F)c2)nn1,2,2
CHEMBL6051432,7.4156687756324695,7.4156687756324695,0.0,7.4156687756324695,7.4156687756324695,2,0.0,Cc1nccn1Cc1cn(-c2ccc(Cl)cc2)nn1,2,2
CHEMBL6052379,7.8696662315049934,7.8696662315049934,0.0,7.8696662315049934,7.8696662315049934,2,0.0,Cc1cc(-n2cc(Cn3ccnc3CCF)nn2)ccc1Cl,2,2
CHEMBL6059656,4.498666821354433,4.498666821354433,0.0,4.498666821354433,4.498666821354433,2,0.0,N#Cc1ccc(C(=O)Nc2ccc([C@H]3CNCCO3)cc2)cn1,2,2
CHEMBL606029,4.920818753952375,4.920818753952375,0.0,4.920818753952375,4.920818753952375,2,0.0,O=C(c1cc(Cc2c[nH]c(=O)c3cc(Cl)c(Cl)n23)ccc1F)N1CCC2(CCCN2)CC1,2,2
CHEMBL6063759,9.2839966563652,9.2839966563652,0.0,9.2839966563652,9.2839966563652,2,0.0,Nc1nccn1Cc1cn(-c2ccc(Cl)c(OC(F)F)c2)nn1,2,2
CHEMBL6064033,5.0467236633326955,5.0467236633326955,0.0,5.0467236633326955,5.0467236633326955,2,0.0,O=C(Nc1ccc([C@H]2CNCCO2)cc1)c1csc(-c2ccccc2)n1,2,2
CHEMBL6064693,8.370590400897282,8.370590400897282,0.0,8.370590400897282,8.370590400897282,2,0.0,OCCc1nccn1Cc1cn(-c2ccc(F)c(OC(F)F)c2)nn1,2,2
CHEMBL640,3.859999988863412,3.859999988863412,0.0,3.859999988863412,3.859999988863412,2,0.0,CCN(CC)CCNC(=O)c1ccc(N)cc1,2,2
CHEMBL79,3.5799999986618127,3.5799999986618127,0.0,3.5799999986618127,3.5799999986618127,2,0.0,CCN(CC)CC(=O)Nc1c(C)cccc1C,2,2
CHEMBL92870,7.79997073344623,7.79997073344623,0.0,7.79997073344623,7.79997073344623,2,0.0,Cc1cccc(C)c1NC(=O)CN1CCN(CCCC(c2ccc(F)cc2)c2ccc(F)cc2)CC1,2,2
CHEMBL9387,5.301029995663981,5.301029995663981,0.0,5.301029995663981,5.301029995663981,2,0.0,Cc1cccc(NC(=O)N[C@@H]2N=C(c3ccccc3)c3ccccc3N(C)C2=O)c1,2,2
