molecule_chembl_id,number_of_measurements,mean_pIC50,median_pIC50,min_pIC50,max_pIC50,std_pIC50,mean_IC50_nM,min_IC50_nM,max_IC50_nM,unique_assays,unique_documents,unique_SMILES,pIC50_range,variability,multiple_assays,multiple_documents,multiple_SMILES
CHEMBL1729,40,7.3108825276682055,7.398973915543969,4.589391457431632,8.18996921359416,0.7376704135647342,803.183625,6.457,25740.0,40,37,1,3.6005777561625285,High,True,True,False
CHEMBL17157,29,6.91791869042146,6.890016705180107,4.251811972993799,8.050609993355087,0.716642957068455,2114.7217241379312,8.9,56000.0,29,25,1,3.7987980203612874,High,True,True,False
CHEMBL296419,25,7.934158205250781,8.096910013008056,5.568636235841012,9.045757490560677,1.035038004620284,254.5992,0.9,2700.0,24,24,1,3.4771212547196644,High,True,True,False
CHEMBL74656,23,7.23492308130293,7.494850021680094,4.6020599913279625,8.698970004336019,0.9232269189423271,1561.2647826086954,2.0,25000.0,23,23,1,4.096910013008056,High,True,True,False
CHEMBL473,23,7.458340875716686,7.853871964321762,4.356547323513812,8.387216143280265,0.938505369406957,2032.7578260869566,4.1,44000.0,23,21,1,4.030668819766452,High,True,True,False
CHEMBL6966,22,6.602752539662399,6.6338031200885155,5.508638306165727,8.0,0.46404829543153986,422.9040909090909,10.0,3100.0,22,22,1,2.491361693834273,High,True,True,False
CHEMBL85,19,6.45946018398983,6.777283528852417,5.377775612133956,6.83000246293343,0.4663540614441548,663.4836842105263,147.91,4190.1,19,19,1,1.452226850799474,High,True,True,False
CHEMBL327980,18,7.914225514730059,7.699513552156626,7.154901959985743,10.537602002101044,0.7619449483594728,22.12061111111111,0.029,70.0,18,18,1,3.3827000421153013,High,True,True,False
CHEMBL45816,17,5.8616734732958715,5.853871964321762,5.481486060122112,6.236572006437063,0.14923045800917503,1454.3058823529411,580.0,3300.0,17,17,1,0.7550859463149511,Moderate,True,True,False
CHEMBL54,15,7.186864049035747,7.51999305704285,5.853871964321762,8.0,0.711063303640815,279.1853333333333,10.0,1400.0,15,15,1,2.146128035678238,High,True,True,False
CHEMBL629,15,5.196533879608203,5.0,4.754748974705894,5.742321425130816,0.2950876082970124,7688.626666666666,1810.0,17589.4,15,15,1,0.9875724504249224,Moderate,True,True,False
CHEMBL536480,13,7.012668880239782,7.050609993355087,5.168770306132936,8.0,0.9463775821267694,868.0715384615385,10.0,6780.0,13,10,1,2.831229693867064,High,True,True,False
CHEMBL1423,13,7.471181563253072,7.698970004336019,5.769551078621726,8.51999305704285,0.6186205135273685,159.48692307692306,3.02,1700.0,13,13,1,2.750441978421124,High,True,True,False
CHEMBL12713,13,8.04141844514806,7.853871964321762,7.830031826003108,8.568636235841012,0.2906716376349736,10.649999999999999,2.7,14.79,13,13,1,0.7386044098379045,Moderate,True,True,False
CHEMBL42,12,6.0622431971066035,6.338545775671872,4.975883927173229,6.719991046891813,0.6203109080865605,2227.4825,190.55,10571.0,12,12,1,1.744107119718584,High,True,True,False
CHEMBL850,12,4.522914298560285,4.579999998661813,3.894149325614857,4.7447274948966935,0.2512478726583713,36377.89916666666,18000.0,127600.0,12,8,1,0.8505781692818366,Moderate,True,True,False
CHEMBL1107,12,6.842685691958159,6.708876931294602,6.699991797446187,7.397940008672037,0.2628339443985048,162.0525,40.0,199.53,12,12,1,0.6979482112258495,Moderate,True,True,False
CHEMBL479,11,6.949619244946276,7.019996628416253,5.799149501908923,7.481486060122112,0.571435396544793,269.4609090909091,33.0,1588.0,11,11,1,1.6823365582131888,High,True,True,False
CHEMBL32,11,3.8716573445670766,3.889999983714797,3.400000000603809,4.100000018985305,0.16843398258669498,146801.7590909091,79432.82,398107.17,11,10,1,0.7000000183814965,Moderate,True,True,False
CHEMBL1008,10,6.49015052431708,6.260000690598032,5.853871964321762,7.639974910810602,0.5814689629599628,518.361,22.91,1400.0,10,10,1,1.7861029464888398,High,True,True,False
CHEMBL192,10,4.770148664870648,4.99000005632961,3.7999999979341847,5.481486060122112,0.768484303818748,50665.734000000004,3300.0,158489.32,10,8,1,1.6814860621879273,High,True,True,False
CHEMBL175691,10,6.218944196720011,6.301029995663981,5.480172006224281,6.301029995663981,0.2595780882175897,781.0,500.0,3310.0,10,10,1,0.8208579894397001,Moderate,True,True,False
CHEMBL1108,9,7.328323457196332,7.489991487059765,6.03282657704446,7.492144128304169,0.48581185168809465,131.7688888888889,32.2,927.2,9,9,1,1.4593175512597085,High,True,True,False
CHEMBL6006710,9,5.419366654421917,5.346787486224656,5.346787486224656,6.0,0.21773750459178126,4111.111111111111,1000.0,4500.0,9,8,1,0.653212513775344,Moderate,True,True,False
CHEMBL376488,9,5.95816854450236,5.795880017344075,5.795880017344075,6.431798275933005,0.2755395598137711,1264.0,370.0,1600.0,9,8,1,0.63591825858893,Moderate,True,True,False
CHEMBL71,9,5.76443113430277,5.829999526735649,5.234517717807385,5.832682665251824,0.19872092757589188,1960.24,1470.0,5827.5,9,9,1,0.598164947444439,Moderate,True,True,False
CHEMBL583,9,4.2227807541324855,4.300000029139089,3.9829666607012193,4.301029995663981,0.12198716405187376,62191.588888888895,50000.0,104000.0,9,9,1,0.31806333496276196,Moderate,True,True,False
CHEMBL715,8,6.366018543263032,6.715004138068466,4.0,6.742321425130816,0.9570834663586615,12673.93375,181.0,100000.0,7,7,1,2.7423214251308163,High,True,True,False
CHEMBL1294,8,5.977594733260973,6.395517451825291,4.111708154643485,6.522878745280337,0.8326340587471631,10400.09625,300.0,77320.0,8,8,1,2.4111705906368526,High,True,True,False
CHEMBL72,8,5.569401363664239,5.856985199745905,4.55517947873249,5.860001341725205,0.5314615771746647,6160.55,1380.38,27849.7,8,8,1,1.304821862992715,High,True,True,False
CHEMBL85606,8,5.821250388347844,5.700000503883016,5.700000503883016,6.199998172182031,0.22465424717583501,1659.825,630.96,1995.26,8,8,1,0.4999976682990148,Moderate,True,True,False
CHEMBL914,8,4.593506620092103,4.639136049077685,4.187086643357144,4.6700000181810175,0.16489399493883233,27654.739999999998,21379.62,65000.0,8,8,1,0.4829133748238732,Moderate,True,True,False
CHEMBL5315124,8,2.8839389066357604,2.998593110387663,2.638272163982407,3.039999999693288,0.19484777785659493,1431379.065,912010.84,2300000.0,8,4,1,0.4017278357108811,Moderate,True,True,False
CHEMBL94454,8,6.393935634624542,6.35999585346894,6.355561410532161,6.455931955649724,0.048123526121313195,405.8375,350.0,441.0,8,8,1,0.10037054511756338,Low,True,True,False
CHEMBL31,8,3.8890141497093884,3.889999983714797,3.886056647693163,3.889999983714797,0.0018254098744929978,129118.72,128824.96,130000.0,8,8,1,0.003943336021634103,Low,True,True,False
CHEMBL11,8,5.469630420831466,5.470000200122707,5.468521082957745,5.470000200122707,0.0006846982006201661,3391.33,3388.44,3400.0,8,8,1,0.0014791171649619628,Low,True,True,False
CHEMBL3305167,7,5.533427133667759,4.7447274948966935,4.585026652029182,7.744727494896693,1.4585368341280376,15149.142857142857,18.0,26000.0,7,4,1,3.159700842867511,High,True,True,False
CHEMBL41,7,6.031316144354352,5.820000358220838,4.910575349755107,8.0,0.9690386920296499,2913.452857142857,10.0,12286.4,7,7,1,3.0894246502448928,High,True,True,False
CHEMBL998,7,6.428565701010313,6.761953896871205,4.407972105609161,6.770011163455189,0.8910105538151004,5730.945714285714,169.82,39086.6,7,7,1,2.3620390578460277,High,True,True,False
CHEMBL123558,7,6.099964537683247,6.250001023441651,5.849999245077862,6.3979400086720375,0.23955405150707818,903.1857142857143,400.0,1412.54,7,7,1,0.5479407635941751,Moderate,True,True,False
CHEMBL708,7,6.871601033310171,6.900008766455315,6.818156412055227,6.919987152892072,0.049438417463856035,135.15285714285716,120.23,152.0,7,7,1,0.10183074083684485,Low,True,True,False
CHEMBL3,7,3.6105933631618727,3.6100000027750423,3.6100000027750423,3.612076995231334,0.0010133557871709348,245136.31285714285,244299.74,245470.89,6,6,1,0.00207699245629156,Low,True,True,False
CHEMBL23,7,4.76055822567941,4.759999957202692,4.759999957202692,4.761953896871205,0.0009534249325195239,17355.721428571425,17300.0,17378.01,7,7,1,0.001953939668513094,Low,True,True,False
CHEMBL549,6,5.729654080650675,5.40000018605658,4.777923739677727,8.0,1.1397322489355852,5434.946666666667,10.0,16675.4,6,6,1,3.2220762603222726,High,True,True,False
CHEMBL370805,6,5.709424526187338,5.189999964386249,5.139999976065226,8.356547323513812,1.297745038082961,5541.046666666666,4.4,7244.36,6,6,1,3.2165473474485857,High,True,True,False
CHEMBL723,6,5.280184685584314,4.97999981255505,4.900000142057633,6.455931955649724,0.6013781009798537,8078.736666666668,350.0,12589.25,6,6,1,1.5559318135920917,High,True,True,False
CHEMBL657,6,4.846793951499617,4.569999968362492,4.496767860088488,5.589999287456538,0.46815881247882574,20062.575,2570.4,31859.0,6,6,1,1.0932314273680506,High,True,True,False
CHEMBL193,6,4.0522515652306454,4.300000029139089,3.552841968657781,4.300000029139089,0.3838182471903878,125912.48,50118.72,280000.0,6,6,1,0.7471580604813082,Moderate,True,True,False
CHEMBL219916,6,6.865087657262265,6.790002703917631,6.790002703917631,7.2400301424456925,0.1836836556207529,144.71,57.54,162.18,6,6,1,0.4500274385280614,Moderate,True,True,False
CHEMBL3400819,6,4.7260485619622035,4.733444580947324,4.522878745280337,4.910094888560602,0.14189386599362183,19650.0,12300.0,30000.0,2,1,1,0.38721614328026455,Moderate,True,False,False
CHEMBL2368925,6,5.070913818098247,5.069999929330243,4.920000156997057,5.22548303427145,0.16532975731314395,9011.519999999999,5950.0,12022.64,6,6,1,0.30548287727439316,Moderate,True,True,False
CHEMBL2204935,6,5.617310127599965,5.613985917337573,5.468521082957745,5.769551078621726,0.16303092570986416,2556.8333333333335,1700.0,3400.0,6,3,1,0.30102999566398125,Moderate,True,True,False
CHEMBL61301,6,7.552185679607255,7.550059011226662,7.550059011226662,7.560036064079095,0.004003751372839993,28.043333333333333,27.54,28.18,6,6,1,0.009977052852432777,Low,True,True,False
CHEMBL75880,6,5.109650953927742,5.110000065251387,5.107905397309519,5.110000065251387,0.0008551446063564921,7768.724999999999,7762.47,7800.0,6,6,1,0.002094667941867634,Low,True,True,False
CHEMBL639,6,7.0,7.0,7.0,7.0,0.0,100.0,100.0,100.0,6,5,1,0.0,Low,True,True,False
CHEMBL4650365,5,7.904756603714657,8.67778070526608,4.657577319177793,8.823908740944319,1.8168243103686499,4401.5599999999995,1.5,22000.0,2,2,1,4.166331421766525,High,True,True,False
CHEMBL4443524,5,5.6058727640142765,5.161150909262744,4.6777807052660805,7.42021640338319,1.0663914568656283,7459.6,38.0,21000.0,5,5,1,2.7424356981171094,High,True,True,False
CHEMBL633,5,5.704575749056067,5.0,5.0,7.522878745280337,1.104850921233007,6206.0,30.0,10000.0,5,5,1,2.5228787452803374,High,True,True,False
CHEMBL1200749,5,4.080676192346379,4.080921907623926,2.994390554639719,4.886056647693163,0.8295516889106691,280000.0,13000.0,1013000.0,5,1,1,1.891666093053444,High,True,False,False
CHEMBL535,5,5.860411554746841,6.301029995663981,5.0,6.599997654072045,0.7506347980590099,3838.8940000000002,251.19,10000.0,5,3,1,1.5999976540720446,High,True,True,False
CHEMBL1200396,5,3.9627879939229773,4.022276394711152,3.062482107982653,4.657577319177793,0.6574446579543728,256000.0,22000.0,866000.0,5,1,1,1.5950952111951402,High,True,False,False
CHEMBL38827,5,5.889121235833801,6.42021640338319,5.089999741487069,6.423658649794207,0.7288047237078468,3473.0620000000004,377.0,8128.31,5,5,1,1.3336589083071386,High,True,True,False
CHEMBL505,5,4.935721484728483,4.68000002720016,4.68000002720016,5.958607314841775,0.5718105623386553,16934.368,1100.0,20892.96,5,5,1,1.2786072876416146,High,True,True,False
CHEMBL5768419,5,5.4870013549621,5.694648630553376,4.924088238517222,6.070581074285707,0.5026123922861713,5330.0,850.0,11910.0,1,1,1,1.146492835768485,High,False,False,False
CHEMBL4861332,5,5.451833010993979,5.619788758288394,4.958607314841775,6.102372908709558,0.4914681066223677,5518.0,790.0,11000.0,5,1,1,1.1437655938677835,High,True,False,False
CHEMBL2441437,5,5.349621277463498,5.346787486224656,4.853871964321762,5.853871964321762,0.3535746836935197,5780.0,1400.0,14000.0,5,4,1,1.0,High,True,True,False
CHEMBL517,5,4.216163765783327,4.040000018741066,4.040000018741066,4.920818753952375,0.3939141135575751,75360.864,12000.0,91201.08,5,5,1,0.8808187352113093,Moderate,True,True,False
CHEMBL1112,5,5.824393051855639,6.047449706101798,5.413412695328245,6.199998172182031,0.38029777814528304,2028.6919999999998,630.96,3860.0,5,5,1,0.7865854768537863,Moderate,True,True,False
CHEMBL4518483,5,5.317235759750627,5.366531544420413,5.031517051446064,5.585026652029182,0.20292482113680888,5260.0,2600.0,9300.0,5,5,1,0.5535096005831175,Moderate,True,True,False
CHEMBL1000,5,4.405315215443264,4.519999959791458,3.9665762445130506,4.519999959791458,0.24541539069504476,46044.268,30199.52,108000.0,5,5,1,0.5534237152784076,Moderate,True,True,False
CHEMBL3305005,5,6.008459391690233,6.221848749616356,5.6777807052660805,6.221848749616356,0.2922914336618759,1180.0,600.0,2100.0,5,3,1,0.5440680443502757,Moderate,True,True,False
CHEMBL46,5,6.1515882223632214,6.090000275786018,6.090000275786018,6.3979400086720375,0.13771483514125357,730.264,400.0,812.83,5,5,1,0.3079397328860196,Moderate,True,True,False
CHEMBL533,5,7.903768825834393,8.0,7.698970004336019,8.0,0.13852995595413314,13.028,10.0,20.0,5,5,1,0.30102999566398125,Moderate,True,True,False
CHEMBL1741,5,4.301448419542612,4.229999967073058,4.229999967073058,4.480000028175458,0.11008691279812201,51153.244,33113.11,58884.37,5,4,1,0.2500000611023996,Low,True,True,False
CHEMBL1088,5,6.446971492039927,6.4900049079866005,6.260000690598032,6.499996931948306,0.10460148331391478,366.59,316.23,549.54,5,5,1,0.23999624135027453,Low,True,True,False
CHEMBL779,5,4.0000000046107935,4.0,3.900000004068662,4.100000018985305,0.07071068339248483,101065.072,79432.82,125892.54,5,3,1,0.2000000149166432,Low,True,True,False
CHEMBL2441417,5,4.773804661678876,4.698970004336019,4.698970004336019,4.886056647693163,0.10247157477463201,17200.0,13000.0,20000.0,5,3,1,0.1870866433571443,Low,True,True,False
CHEMBL1110,5,5.520624160872158,5.489999539566098,5.489999539566098,5.638272163982407,0.06580076211059417,3041.564,2300.0,3235.94,5,5,1,0.14827262441630928,Low,True,True,False
CHEMBL1621,5,5.915210666191469,5.899998417198648,5.886056647693163,6.0,0.04779539274686071,1221.2220000000002,1000.0,1300.0,5,3,1,0.11394335230683694,Low,True,True,False
CHEMBL356066,5,4.972458254100912,4.987162775294828,4.913640169325252,4.987162775294828,0.03288030896618134,10680.0,10300.0,12200.0,5,3,1,0.07352260596957638,Low,True,True,False
CHEMBL289469,5,5.423658558830387,5.420000452721522,5.420000452721522,5.430000267796055,0.005045383112492617,3770.204,3715.35,3801.89,5,5,1,0.009999815074532847,Low,True,True,False
CHEMBL8,5,3.0190045732694615,3.0199999981906998,3.015022873584507,3.0199999981906998,0.0022258377903869595,957194.0719999999,954992.59,966000.0,5,5,1,0.004977124606192707,Low,True,True,False
CHEMBL4,5,2.8495423322604276,2.8500000014212983,2.8477116556169437,2.8500000014212983,0.0010233793549125248,1414030.0320000001,1412537.54,1420000.0,5,5,1,0.0022883458043545524,Low,True,True,False
CHEMBL157101,5,5.720249410720571,5.720000163638921,5.720000163638921,5.721246399047171,0.0005573334177628784,1904.368,1900.0,1905.46,5,5,1,0.0012462354082503069,Low,True,True,False
CHEMBL244946,5,5.700000503883016,5.700000503883016,5.700000503883016,5.700000503883016,0.0,1995.2599999999998,1995.26,1995.26,5,5,1,0.0,Low,True,True,False
CHEMBL475534,5,5.0,5.0,5.0,5.0,0.0,10000.0,10000.0,10000.0,5,5,1,0.0,Low,True,True,False
CHEMBL5883091,4,6.3942493497739665,6.396317481265464,4.508638306165727,8.275724130399212,2.133622416485855,14252.875,5.3,31000.0,2,2,1,3.767085824233485,High,True,True,False
CHEMBL214021,4,5.814737293866141,5.308451535025453,4.82102305270683,7.82102305270683,1.41426943792787,7953.775,15.1,15100.0,4,3,1,3.0,High,True,True,False
CHEMBL3317856,4,3.603871964321762,2.853871964321762,2.853871964321762,5.853871964321762,1.5,1050350.0,1400.0,1400000.0,4,4,1,3.0,High,True,True,False
CHEMBL17423,4,5.656181337869183,5.95999928552668,4.7447274948966935,5.95999928552668,0.6076358953149932,5322.36,1096.48,18000.0,4,4,1,1.2152717906299868,High,True,True,False
CHEMBL256907,4,4.3776745721061285,4.249999993431082,3.900000004068662,5.110698297493689,0.5301252542805354,63221.520000000004,7750.0,125892.54,4,2,1,1.2106982934250272,High,True,True,False
CHEMBL1382,4,7.342510871258229,7.33503554027369,6.799998134593398,7.899974269892137,0.5726237447877786,78.4875,12.59,158.49,4,2,1,1.0999761352987392,High,True,True,False
CHEMBL96153,4,6.830717926874118,6.599997654072045,6.599997654072045,7.522878745280337,0.4614405456041464,195.89249999999998,30.0,251.19,4,4,1,0.9228810912082928,Moderate,True,True,False
CHEMBL845,4,5.136938204812967,5.3488766312299125,4.499999953328896,5.349999603463148,0.4246268209129098,11261.615,4466.84,31622.78,4,4,1,0.8499996501342526,Moderate,True,True,False
CHEMBL1175,4,5.324031204069359,5.250000219777386,5.0,5.796124376722666,0.3385406694823078,5730.135,1599.1,10000.0,4,2,1,0.7961243767226662,Moderate,True,True,False
CHEMBL3775729,4,5.813945018601387,5.7246443432564735,5.530767257493388,6.275724130399211,0.3251115342507001,1821.25,530.0,2946.0,1,1,1,0.7449568729058225,Moderate,False,False,False
CHEMBL5916184,4,8.31961329327685,8.318194010053928,8.022276394711152,8.619788758288394,0.26861499901482266,5.5,2.4,9.5,1,1,1,0.5975123635772412,Moderate,False,False,False
CHEMBL5416410,4,4.56116601838789,4.550000040938768,4.300000029139089,4.844663962534939,0.3021192524927725,32596.5925,14300.0,50118.72,4,2,1,0.5446639333958494,Moderate,True,True,False
CHEMBL2022495,4,5.035000056784465,5.035000056784465,4.769999911123512,5.300000202445418,0.30599581086528216,10997.154999999999,5011.87,16982.44,4,2,1,0.5300002913219055,Moderate,True,True,False
CHEMBL4461925,4,4.62391287280327,4.582948672143603,4.4089353929735005,4.920818753952375,0.2570899928178978,26875.0,12000.0,39000.0,4,3,1,0.5118833609788744,Moderate,True,True,False
CHEMBL1081957,4,5.424999717167987,5.499999678657065,5.100000128334196,5.59999938302362,0.22173528078803245,4194.9325,2511.89,7943.28,2,2,1,0.4999992546894241,Moderate,True,True,False
CHEMBL3703254,4,5.509693839493478,5.509693839493478,5.316052869248487,5.703334809738469,0.22359733259417133,3405.0,1980.0,4830.0,2,2,1,0.38728194048998166,Moderate,True,True,False
CHEMBL3952064,4,4.91004560330931,5.004364805402449,4.627087997029894,5.004364805402449,0.18863840418627814,13325.0,9900.0,23600.0,3,3,1,0.3772768083725557,Moderate,True,True,False
CHEMBL1081023,4,6.184309701505676,6.199998318852138,6.0,6.337242168318426,0.16109043475255358,688.88,460.0,1000.0,2,1,1,0.3372421683184257,Moderate,True,False,False
CHEMBL416956,4,5.33625676365695,5.2550000757275175,5.250000251143582,5.585026652029182,0.16591357034107046,4835.5575,2600.0,5623.41,4,4,1,0.33502640088559943,Moderate,True,True,False
CHEMBL2380459,4,5.635151878060192,5.610924374808178,5.494850021680094,5.823908740944319,0.13741041033606835,2400.0,1500.0,3200.0,1,1,1,0.3290587192642249,Moderate,False,False,False
CHEMBL55,4,4.814376641040066,4.765832206711972,4.72584215073632,5.0,0.12890066457385338,15805.375,10000.0,18800.0,4,4,1,0.2741578492636796,Low,True,True,False
CHEMBL741,4,3.560000000636359,3.600000005447872,3.400000000603809,3.639999991045884,0.10832051090134048,282392.805,229086.77,398107.17,4,2,1,0.2399999904420751,Low,True,True,False
CHEMBL3582317,4,4.994629599382816,4.994578757133947,4.920818753952375,5.068542129310995,0.08522946339558854,10271.0,8540.0,12000.0,4,2,1,0.1477233753586198,Low,True,True,False
CHEMBL5806532,4,5.292337566237876,5.267606240177031,5.267606240177031,5.366531544420413,0.04946265212169113,5125.0,4300.0,5400.0,3,3,1,0.09892530424338197,Low,True,True,False
CHEMBL4098260,4,4.886725823079295,4.886725823079295,4.841637507904751,4.931814138253839,0.052063501806659244,13050.0,11700.0,14400.0,4,2,1,0.09017663034908807,Low,True,True,False
CHEMBL2177736,4,5.042990426297942,5.053230078217669,5.0,5.065501548756432,0.03090742256514692,9075.0,8600.0,10000.0,4,3,1,0.06550154875643166,Low,True,True,False
CHEMBL1125,4,4.861355904780984,4.84885591072468,4.847711655616943,4.900000142057633,0.025785393491975454,13778.654999999999,12589.25,14200.0,3,3,1,0.0522884864406894,Low,True,True,False
CHEMBL76,4,5.601544839251877,5.6020599913279625,5.59999938302362,5.6020599913279625,0.0010303041521712143,2502.9725,2500.0,2511.89,4,4,1,0.002060608304342182,Low,True,True,False
CHEMBL472,4,4.130384152232525,4.130384152232525,4.130000024196025,4.130768280269024,0.00044355285055282587,74065.51000000001,74000.0,74131.02,4,4,1,0.0007682560729991295,Low,True,True,False
CHEMBL1079481,4,6.0,6.0,6.0,6.0,0.0,1000.0,1000.0,1000.0,4,4,1,0.0,Low,True,True,False
CHEMBL3608687,4,4.180456064458132,4.180456064458132,4.180456064458132,4.180456064458132,0.0,66000.0,66000.0,66000.0,4,4,1,0.0,Low,True,True,False
CHEMBL3608740,4,4.301029995663981,4.301029995663981,4.301029995663981,4.301029995663981,0.0,50000.0,50000.0,50000.0,4,4,1,0.0,Low,True,True,False
CHEMBL3608741,4,4.301029995663981,4.301029995663981,4.301029995663981,4.301029995663981,0.0,50000.0,50000.0,50000.0,4,4,1,0.0,Low,True,True,False
CHEMBL3895053,4,4.585026652029182,4.585026652029182,4.585026652029182,4.585026652029182,0.0,26000.0,26000.0,26000.0,4,4,1,0.0,Low,True,True,False
CHEMBL3908640,4,5.0,5.0,5.0,5.0,0.0,10000.0,10000.0,10000.0,4,4,1,0.0,Low,True,True,False
CHEMBL3912135,4,4.920818753952375,4.920818753952375,4.920818753952375,4.920818753952375,0.0,12000.0,12000.0,12000.0,4,4,1,0.0,Low,True,True,False
CHEMBL3964407,4,4.522878745280337,4.522878745280337,4.522878745280337,4.522878745280337,0.0,30000.0,30000.0,30000.0,4,4,1,0.0,Low,True,True,False
CHEMBL3965204,4,4.795880017344075,4.795880017344075,4.795880017344075,4.795880017344075,0.0,16000.0,16000.0,16000.0,4,4,1,0.0,Low,True,True,False
CHEMBL3979144,4,5.0,5.0,5.0,5.0,0.0,10000.0,10000.0,10000.0,4,4,1,0.0,Low,True,True,False
CHEMBL4751083,4,5.522878745280337,5.522878745280337,5.522878745280337,5.522878745280337,0.0,3000.0,3000.0,3000.0,4,4,1,0.0,Low,True,True,False
CHEMBL5394023,4,4.920818753952375,4.920818753952375,4.920818753952375,4.920818753952375,0.0,12000.0,12000.0,12000.0,4,4,1,0.0,Low,True,True,False
CHEMBL5398790,4,5.443697499232712,5.443697499232712,5.443697499232712,5.443697499232712,0.0,3600.0,3600.0,3600.0,4,4,1,0.0,Low,True,True,False
CHEMBL5399407,4,5.267606240177031,5.267606240177031,5.267606240177031,5.267606240177031,0.0,5400.0,5400.0,5400.0,4,4,1,0.0,Low,True,True,False
CHEMBL5400637,4,5.823908740944319,5.823908740944319,5.823908740944319,5.823908740944319,0.0,1500.0,1500.0,1500.0,4,4,1,0.0,Low,True,True,False
CHEMBL5407684,4,5.346787486224656,5.346787486224656,5.346787486224656,5.346787486224656,0.0,4500.0,4500.0,4500.0,4,4,1,0.0,Low,True,True,False
CHEMBL5413311,4,5.275724130399211,5.275724130399211,5.275724130399211,5.275724130399211,0.0,5300.0,5300.0,5300.0,4,4,1,0.0,Low,True,True,False
CHEMBL5421791,4,5.292429823902063,5.292429823902063,5.292429823902063,5.292429823902063,0.0,5100.0,5100.0,5100.0,4,4,1,0.0,Low,True,True,False
CHEMBL5423660,4,5.42021640338319,5.42021640338319,5.42021640338319,5.42021640338319,0.0,3800.0,3800.0,3800.0,4,4,1,0.0,Low,True,True,False
CHEMBL5424508,4,5.173925197299173,5.173925197299173,5.173925197299173,5.173925197299173,0.0,6700.0,6700.0,6700.0,4,4,1,0.0,Low,True,True,False
CHEMBL5424726,4,5.0,5.0,5.0,5.0,0.0,10000.0,10000.0,10000.0,4,4,1,0.0,Low,True,True,False
CHEMBL5424734,4,5.3872161432802645,5.3872161432802645,5.3872161432802645,5.3872161432802645,0.0,4100.0,4100.0,4100.0,4,4,1,0.0,Low,True,True,False
CHEMBL5427839,4,5.154901959985743,5.154901959985743,5.154901959985743,5.154901959985743,0.0,7000.0,7000.0,7000.0,4,4,1,0.0,Low,True,True,False
CHEMBL5432698,4,5.337242168318426,5.337242168318426,5.337242168318426,5.337242168318426,0.0,4600.0,4600.0,4600.0,4,4,1,0.0,Low,True,True,False
CHEMBL652,4,5.410000161858408,5.410000161858408,5.410000161858408,5.410000161858408,0.0,3890.45,3890.45,3890.45,4,4,1,0.0,Low,True,True,False
CHEMBL554,3,3.400000001027921,3.200000003083764,1.0,6.0,2.505992817105278,33543985.78,1000.0,100000000.0,3,1,1,5.0,High,True,False,False
CHEMBL4751770,3,6.316088316234069,5.113509274827518,5.113509274827518,8.721246399047171,2.082927999833623,5133.966666666666,1.9,7700.0,3,3,1,3.6077371242196534,High,True,True,False
CHEMBL4753585,3,6.79642177733104,7.136677139879544,4.886056647693163,8.366531544420413,1.7650089689557953,4359.099999999999,4.3,13000.0,2,2,1,3.48047489672725,High,True,True,False
CHEMBL5942934,3,6.992936900310021,7.823908740944319,4.853871964321762,8.301029995663981,1.8677821803430819,4673.333333333333,5.0,14000.0,2,2,1,3.4471580313422194,High,True,True,False
CHEMBL584,3,3.2333333817413012,3.300000003143145,1.5000000000231246,4.900000142057633,1.7009801792688595,10712184.360000001,12589.25,31622776.6,3,1,1,3.400000142034508,High,True,False,False
CHEMBL461101,3,5.053716360706391,6.161150909262744,2.800000000674397,6.199998172182031,1.9518722681225777,528738.0499999999,630.96,1584893.19,3,2,1,3.3999981715076344,High,True,True,False
CHEMBL4742862,3,6.045811514402548,5.040958607678906,5.040958607678906,8.05551732784983,1.7404562885786172,6069.599999999999,8.8,9100.0,3,3,1,3.0145587201709247,High,True,True,False
CHEMBL255863,3,5.815598761098717,6.346787486224656,4.200000030616179,6.900008766455315,1.4262303073759168,21223.873333333333,125.89,63095.73,3,2,1,2.700008735839136,High,True,True,False
CHEMBL3425810,3,3.939613311625934,3.1169066414243103,3.1169066414243103,5.585026652029182,1.4249697525150247,510200.0,2600.0,764000.0,3,2,1,2.4681200106048715,High,True,True,False
CHEMBL607,3,4.9133349726288476,4.130000024196025,4.119999985703918,6.4900049079866005,1.365445372026368,50104.12333333333,323.59,75857.76,3,3,1,2.370004922282683,High,True,True,False
CHEMBL3775226,3,5.96666292118563,6.399996913372259,4.800000052738446,6.699991797446187,1.0214332670701944,5482.19,199.53,15848.93,1,1,1,1.8999917447077408,High,False,False,False
CHEMBL1081869,3,5.2000000683287375,5.200000237109354,4.399999967876858,6.0,0.8000000160615841,15706.763333333334,1000.0,39810.72,1,1,1,1.600000032123142,High,False,False,False
CHEMBL2403108,3,4.859191441209599,4.337242168318426,4.337242168318426,5.903089986991944,0.9040426596211438,31083.333333333332,1250.0,46000.0,3,2,1,1.565847818673518,High,True,True,False
CHEMBL409224,3,8.086647524954007,8.599980364934842,7.059981844992337,8.599980364934842,0.8891185600404302,30.708,2.512,87.1,3,2,1,1.5399985199425048,High,True,True,False
CHEMBL1908360,3,2.733333335284158,3.1000000025829744,1.8000000001263547,3.300000003143145,0.8144527831271794,5714815.793333333,501187.23,15848931.92,3,1,1,1.5000000030167904,High,True,False,False
CHEMBL305660,3,6.326546811880603,6.480001470881152,5.520000247408364,6.979638717352293,0.7418203050684139,1151.9599999999998,104.8,3019.95,3,3,1,1.459638469943929,High,True,True,False
CHEMBL3353410,3,5.275031705080749,4.790484985457369,4.790484985457369,6.2441251443275085,0.8392595370285254,10990.0,570.0,16200.0,3,3,1,1.4536401588701393,High,True,True,False
CHEMBL434394,3,5.633332468722338,5.200000237109354,5.200000237109354,6.499996931948306,0.7505534417108932,4311.79,316.23,6309.57,3,1,1,1.2999966948389527,High,True,False,False
CHEMBL4864639,3,5.4415447196840345,5.688246138944246,4.6777807052660805,5.958607314841775,0.6751113935107629,8050.0,1100.0,21000.0,3,1,1,1.2808266095756942,High,True,False,False
CHEMBL4643920,3,4.835326351871816,5.2441251443275085,4.017728766960432,5.2441251443275085,0.7080602786060638,35800.0,5700.0,96000.0,2,2,1,1.2263963773670765,High,True,True,False
CHEMBL308954,3,3.9333333577147243,3.7999999979341847,3.400000000603809,4.600000074606178,0.6110101333236608,193905.11666666667,25118.86,398107.17,3,1,1,1.2000000740023689,High,True,False,False
CHEMBL2,3,5.40493080673864,5.800000874803203,4.614790670609513,5.800000874803203,0.6842814304375185,9149.193333333333,1584.89,24277.8,3,3,1,1.18521020419369,High,True,True,False
CHEMBL502,3,5.651134555072488,5.700000503883016,5.059583135318334,6.1938200260161125,0.5686952099058036,3784.42,640.0,8718.0,3,3,1,1.1342368906977782,High,True,True,False
CHEMBL259243,3,7.8199731703864686,8.18996921359416,7.079981083971085,8.18996921359416,0.6408519454351721,32.031333333333336,6.457,83.18,3,2,1,1.1099881296230754,High,True,True,False
CHEMBL6049947,3,5.085893557331814,4.771856392402258,4.689944262249108,5.795880017344075,0.6162288368107364,12976.666666666666,1600.0,20420.0,1,1,1,1.1059357550949667,High,False,False,False
CHEMBL3752154,3,5.203445954163233,4.853871964321762,4.835647144215563,5.920818753952375,0.621329893393968,9933.333333333334,1200.0,14600.0,2,1,1,1.085171609736812,High,True,False,False
CHEMBL709,3,4.500000071561108,4.70000006855703,3.900000004068662,4.900000142057633,0.529150326555003,52811.47,12589.25,125892.54,3,1,1,1.0000001379889705,High,True,False,False
CHEMBL1083426,3,5.6422063181275535,5.688246138944246,5.119186407719209,6.119186407719209,0.5015872295280501,3470.0,760.0,7600.0,1,1,1,1.0,High,False,False,False
CHEMBL254316,3,2.933333331742402,2.800000000674397,2.5000000000231246,3.499999994529686,0.5131601408269633,1687799.54,316227.77,3162277.66,3,1,1,0.9999999945065614,Moderate,True,False,False
CHEMBL1520,3,4.033333322281296,4.100000018985305,3.499999994529686,4.499999953328896,0.5033222782042074,142427.79,31622.78,316227.77,3,1,1,0.9999999587992097,Moderate,True,False,False
CHEMBL1080117,3,6.066664392044135,5.800000874803203,5.700000503883016,6.699991797446187,0.5507519590260345,1259.8933333333334,199.53,1995.26,1,1,1,0.9999912935631707,Moderate,False,False,False
CHEMBL4060355,3,5.7085447214233165,5.920818753952375,5.107905397309519,6.096910013008056,0.5275677502775009,3266.6666666666665,800.0,7800.0,1,1,1,0.989004615698537,Moderate,False,False,False
CHEMBL5895249,3,6.013335053890528,6.221848749616356,5.42021640338319,6.3979400086720375,0.5211471318770621,1600.0,400.0,3800.0,1,1,1,0.9777236052888476,Moderate,False,False,False
CHEMBL2447962,3,3.585047475413616,3.5590909179347827,3.1203307943679466,4.075720713938118,0.4782235688056252,372666.6666666667,84000.0,758000.0,3,1,1,0.9553899195701714,Moderate,True,False,False
CHEMBL5927239,3,5.947212502634916,6.0,5.443697499232712,6.3979400086720375,0.47930635465620186,1666.6666666666667,400.0,3600.0,1,1,1,0.9542425094393252,Moderate,False,False,False
CHEMBL1082111,3,5.433332867751743,5.40000018605658,5.0,5.899998417198648,0.4509241493774328,5080.0,1258.93,10000.0,1,1,1,0.8999984171986481,Moderate,False,False,False
CHEMBL3774769,3,6.066665525051236,5.899998417198648,5.700000503883016,6.599997654072045,0.4725803225030145,1168.46,251.19,1995.26,1,1,1,0.8999971501890283,Moderate,False,False,False
CHEMBL1873475,3,5.695114951801016,5.958607314841775,5.113509274827518,6.013228265733755,0.5044251527084436,3256.6666666666665,970.0,7700.0,3,3,1,0.8997189909062371,Moderate,True,True,False
CHEMBL429436,3,6.80001077059458,7.090016305060156,6.219999701663429,7.090016305060156,0.5023043201705439,255.03999999999996,81.28,602.56,3,2,1,0.8700166033967269,Moderate,True,True,False
CHEMBL1080490,3,6.4862010876868545,6.399996913372259,6.0999990348465305,6.958607314841775,0.43574696140196323,434.1466666666667,110.0,794.33,2,1,1,0.8586082799952441,Moderate,True,False,False
CHEMBL631,3,5.998021616254213,6.096910013008056,5.5406075122407685,6.356547323513812,0.4168616439113602,1373.3333333333333,440.0,2880.0,3,3,1,0.8159398112730436,Moderate,True,True,False
CHEMBL1422,3,3.3666666670257768,3.300000003143145,3.0,3.7999999979341847,0.4041451870659895,553225.5166666667,158489.32,1000000.0,3,1,1,0.7999999979341847,Moderate,True,False,False
CHEMBL1081203,3,5.699999913724988,5.700000503883016,5.300000202445418,6.0999990348465305,0.399999416200883,2600.4866666666667,794.33,5011.87,1,1,1,0.7999988324011129,Moderate,False,False,False
CHEMBL1734,3,6.32287825490542,6.568636235841012,5.800000874803203,6.599997654072045,0.4530965135655804,702.0266666666666,251.19,1584.89,3,2,1,0.7999967792688416,Moderate,True,True,False
CHEMBL3422018,3,5.358849576786782,5.096910013008056,5.096910013008056,5.882728704344236,0.45369263297718243,5770.0,1310.0,8000.0,3,3,1,0.7858186913361793,Moderate,True,True,False
CHEMBL3416026,3,4.813524066746837,4.586700235918748,4.552841968657781,5.301029995663981,0.4225317959781309,19633.333333333332,5000.0,28000.0,3,2,1,0.7481880270062007,Moderate,True,True,False
CHEMBL2158050,3,4.386918102965851,4.627087997029894,3.906578314837765,4.627087997029894,0.4159864589673572,57066.666666666664,23600.0,124000.0,3,3,1,0.7205096821921289,Moderate,True,True,False
CHEMBL1079494,3,5.733333241595376,5.700000503883016,5.40000018605658,6.0999990348465305,0.3511878423712367,2256.8866666666668,794.33,3981.07,1,1,1,0.6999988487899502,Moderate,False,False,False
CHEMBL1081587,3,5.866665829921462,5.700000503883016,5.59999938302362,6.299997602857746,0.37859262422868484,1669.4466666666667,501.19,2511.89,1,1,1,0.6999982198341259,Moderate,False,False,False
CHEMBL1079461,3,6.066665407983386,5.899998417198648,5.800000874803203,6.499996931948306,0.37859217420279884,1053.3500000000001,316.23,1584.89,1,1,1,0.6999960571451034,Moderate,False,False,False
CHEMBL2017291,3,4.799313336224013,5.0,4.3979400086720375,5.0,0.34759949806150287,20000.0,10000.0,40000.0,3,2,1,0.6020599913279625,Moderate,True,True,False
CHEMBL1080489,3,5.466667099323046,5.40000018605658,5.200000237109354,5.800000874803203,0.30550539979125607,3958.51,1584.89,6309.57,1,1,1,0.6000006376938494,Moderate,False,False,False
CHEMBL1079938,3,5.633333288237882,5.499999678657065,5.40000018605658,6.0,0.32145502448386415,2714.4500000000003,1000.0,3981.07,1,1,1,0.5999998139434197,Moderate,False,False,False
CHEMBL212689,3,5.331533559602087,5.136677139879544,5.136677139879544,5.721246399047171,0.3375012191404094,5500.0,1900.0,7300.0,3,2,1,0.584569259167627,Moderate,True,True,False
CHEMBL6037809,3,6.157886907536718,6.221848749616356,5.853871964321762,6.3979400086720375,0.27761636686702895,800.0,400.0,1400.0,1,1,1,0.5440680443502757,Moderate,False,False,False
CHEMBL4109904,3,4.484564051497902,4.303905840004776,4.303905840004776,4.8458804744841535,0.3129092011106176,37866.666666666664,14260.0,49670.0,2,2,1,0.5419746344793772,Moderate,True,True,False
CHEMBL5868410,3,8.57882174638688,8.407823242604133,8.407823242604133,8.920818753952375,0.296178096569977,3.0066666666666664,1.2,3.91,2,2,1,0.5129955113482421,Moderate,True,True,False
CHEMBL4244784,3,4.600000021087795,4.499999953328896,4.399999967876858,4.900000142057633,0.2645752326069835,28007.583333333332,12589.25,39810.72,2,1,1,0.5000001741807747,Moderate,True,False,False
CHEMBL24778,3,4.928728783518886,5.086186147616283,4.600000074606178,5.100000128334196,0.2847711880850673,13754.046666666667,7943.28,25118.86,3,2,1,0.5000000537280185,Moderate,True,True,False
CHEMBL272022,3,4.910000000760746,5.070000019492822,4.589999963296594,5.070000019492822,0.2771281616559279,14242.24,8511.38,25703.96,3,2,1,0.48000005619622765,Moderate,True,True,False
CHEMBL4110570,3,5.496484996597796,5.443697499232712,5.301029995663981,5.7447274948966935,0.2265099503661862,3466.6666666666665,1800.0,5000.0,3,1,1,0.4436974992327123,Moderate,True,False,False
CHEMBL1323,3,4.000000009516788,4.0,3.7999999979341847,4.200000030616179,0.20000001634099723,107195.01666666666,63095.73,158489.32,3,1,1,0.40000003268199436,Moderate,True,False,False
CHEMBL1081237,3,5.999999682328411,6.0,5.800000874803203,6.199998172182031,0.19999864868960332,1071.95,630.96,1584.89,1,1,1,0.39999729737882816,Moderate,False,False,False
CHEMBL1081747,3,6.2333315054100025,6.299997602857746,6.0,6.399996913372259,0.20816498045665038,633.1,398.11,1000.0,1,1,1,0.3999969133722594,Moderate,False,False,False
CHEMBL16,3,3.7465962539105866,3.6200000034433657,3.6197887582883936,4.0,0.21945410694548378,193294.43000000002,100000.0,240000.0,3,3,1,0.38021124171160636,Moderate,True,True,False
CHEMBL5826693,3,5.912991722002534,5.920818753952375,5.721246399047171,6.096910013008056,0.18795407560198343,1300.0,800.0,1900.0,1,1,1,0.3756636139608851,Moderate,False,False,False
CHEMBL3612807,3,4.73946273916895,4.7447274948966935,4.552841968657781,4.920818753952375,0.18404487732232755,19333.333333333332,12000.0,28000.0,3,2,1,0.3679767852945943,Moderate,True,True,False
CHEMBL3954214,3,5.2470889875957285,5.346787486224656,5.017728766960431,5.376750709602099,0.19919596330296452,6100.0,4200.0,9600.0,3,1,1,0.3590219426416681,Moderate,True,False,False
CHEMBL4075203,3,5.361529870326529,5.366531544420413,5.180456064458131,5.537602002101044,0.1786254958048125,4600.0,2900.0,6600.0,1,1,1,0.3571459376429136,Moderate,False,False,False
CHEMBL5945844,3,4.403964387661669,4.407823242604133,4.224025668870631,4.580044251510242,0.17804065790509663,41700.0,26300.0,59700.0,1,1,1,0.35601858263961095,Moderate,False,False,False
CHEMBL215661,3,4.610242417888252,4.565431095965801,4.458420756053419,4.806875401645539,0.1784970614268218,25866.666666666668,15600.0,34800.0,1,1,1,0.3484546455921196,Moderate,False,False,False
CHEMBL246819,3,4.857537092422249,4.886056647693163,4.6777807052660805,5.008773924307505,0.16732947002094145,14600.0,9800.0,21000.0,1,1,1,0.3309932190414244,Moderate,False,False,False
CHEMBL4105584,3,4.7008129608341385,4.610833915635467,4.585026652029182,4.906578314837765,0.17866460028469414,20966.666666666668,12400.0,26000.0,3,2,1,0.3215516628085835,Moderate,True,True,False
CHEMBL4076989,3,5.2975966767840434,5.3979400086720375,5.096910013008056,5.3979400086720375,0.17379974903075152,5333.333333333333,4000.0,8000.0,3,3,1,0.30102999566398125,Moderate,True,True,False
CHEMBL5918605,3,6.035227979105187,6.096910013008056,5.853871964321762,6.154901959985743,0.15971308510000104,966.6666666666666,700.0,1400.0,1,1,1,0.30102999566398125,Moderate,False,False,False
CHEMBL1210614,3,5.866666307027221,5.899998417198648,5.700000503883016,6.0,0.1527520755799123,1418.0633333333335,1000.0,1995.26,1,1,1,0.2999994961169836,Low,False,False,False
CHEMBL1079837,3,5.733332768035095,5.700000503883016,5.59999938302362,5.899998417198648,0.1527518739708791,1922.0266666666666,1258.93,2511.89,1,1,1,0.2999990341750278,Low,False,False,False
CHEMBL1082106,3,6.266664517025512,6.299997602857746,6.0999990348465305,6.399996913372259,0.15275144103513016,564.5433333333334,398.11,794.33,1,1,1,0.2999978785257289,Low,False,False,False
CHEMBL1210552,3,6.266664517025512,6.299997602857746,6.0999990348465305,6.399996913372259,0.15275144103513016,564.5433333333334,398.11,794.33,1,1,1,0.2999978785257289,Low,False,False,False
CHEMBL1952329,3,6.100117674724264,6.008773924307505,6.0,6.291579099865287,0.16586848231268098,830.3333333333334,511.0,1000.0,3,3,1,0.2915790998652872,Low,True,True,False
CHEMBL1084033,3,5.138507295598576,5.094204119632131,5.015922966097169,5.305394801066431,0.14973498041758102,7546.666666666667,4950.0,9640.0,1,1,1,0.28947183496926154,Low,False,False,False
CHEMBL5866597,3,5.637406194063485,5.6020599913279625,5.514278573518419,5.795880017344075,0.1440897596189229,2386.6666666666665,1600.0,3060.0,1,1,1,0.28160144382565555,Low,False,False,False
CHEMBL214335,3,4.478772017971292,4.4089353929735005,4.3872161432802645,4.640164517660112,0.14019124676192685,34300.0,22900.0,41000.0,1,1,1,0.2529483743798471,Low,False,False,False
CHEMBL1684585,3,4.874270117902269,4.950781977329818,4.721246399047171,4.950781977329818,0.13252242791008256,13800.0,11200.0,19000.0,3,3,1,0.22953557828264692,Low,True,True,False
CHEMBL2164389,3,5.2607965779821235,5.337242168318426,5.107905397309519,5.337242168318426,0.1324076464770717,5666.666666666667,4600.0,7800.0,2,1,1,0.22933677100890648,Low,True,False,False
CHEMBL5842189,3,5.907846065275585,5.853871964321762,5.823908740944319,6.045757490560675,0.12037075893636004,1266.6666666666667,900.0,1500.0,1,1,1,0.22184874961635614,Low,False,False,False
CHEMBL3291398,3,3.968684052235009,3.8996294548824375,3.8996294548824375,4.106793246940152,0.11960607111086487,110066.66666666667,78200.0,126000.0,3,2,1,0.20716379205771407,Low,True,True,False
CHEMBL1081966,3,6.599995461155513,6.599997654072045,6.499996931948306,6.699991797446187,0.09999743276697413,255.65,199.53,316.23,1,1,1,0.1999948654978807,Low,False,False,False
CHEMBL3612926,3,4.997645114540556,4.958607314841775,4.920818753952375,5.113509274827518,0.10210470881783588,10233.333333333334,7700.0,12000.0,2,1,1,0.19269052087514282,Low,True,False,False
CHEMBL271128,3,7.459991630932123,7.51999305704285,7.339988778710669,7.51999305704285,0.10392551855036884,35.37,30.2,45.71,3,2,1,0.1800042783321807,Low,True,True,False
CHEMBL4580568,3,5.140493708584536,5.080921907623926,5.080921907623926,5.259637310505756,0.10318138596215676,7366.666666666667,5500.0,8300.0,3,3,1,0.17871540288182963,Low,True,True,False
CHEMBL3612928,3,4.633209818294145,4.6777807052660805,4.522878745280337,4.698970004336019,0.0961350916837995,23666.666666666668,20000.0,30000.0,2,1,1,0.17609125905568135,Low,True,False,False
CHEMBL1083708,3,4.8940403568470785,4.896196279044043,4.815308569182402,4.97061622231479,0.07767626909656632,12900.0,10700.0,15300.0,1,1,1,0.1553076531323887,Low,False,False,False
CHEMBL214585,3,5.02861918799647,5.031050319018657,4.950781977329818,5.104025267640935,0.07665056623978476,9460.0,7870.0,11200.0,1,1,1,0.15324329031111716,Low,False,False,False
CHEMBL1800137,3,5.302342283453712,5.251811972993799,5.251811972993799,5.403402904373539,0.08752106503879917,5050.0,3950.0,5600.0,3,3,1,0.1515909313797401,Low,True,True,False
CHEMBL1935601,3,4.935002870847529,4.920818753952375,4.866461091629782,5.017728766960431,0.07662486071149645,11733.333333333334,9600.0,13600.0,1,1,1,0.151267675330649,Low,False,False,False
CHEMBL3612924,3,4.9374930930545124,4.958607314841775,4.853871964321762,5.0,0.07531738493904565,11666.666666666666,10000.0,14000.0,2,1,1,0.14612803567823818,Low,True,False,False
CHEMBL410885,3,5.80333317155808,5.849999245077862,5.710001024518515,5.849999245077862,0.08082801032600763,1591.64,1412.54,1949.84,3,2,1,0.13999822055934708,Low,True,True,False
CHEMBL271801,3,6.409999612995741,6.4399976732266335,6.350003492533959,6.4399976732266335,0.05195816444841539,390.94666666666666,363.08,446.68,3,2,1,0.08999418069267495,Low,True,True,False
CHEMBL5746422,3,5.824553574203385,5.823908740944319,5.795880017344075,5.853871964321762,0.029001350589493397,1500.0,1400.0,1600.0,1,1,1,0.05799194697768684,Low,False,False,False
CHEMBL2165062,3,4.3740100133337085,4.356547323513812,4.356547323513812,4.4089353929735005,0.03024626600487574,42333.333333333336,39000.0,44000.0,3,2,1,0.052388069459688325,Low,True,True,False
CHEMBL2443262,3,5.242294310504419,5.259637310505756,5.207608310501746,5.259637310505756,0.03003895715798241,5733.333333333333,5500.0,6200.0,3,3,1,0.05202900000401023,Low,True,True,False
CHEMBL1106,3,4.013333339580355,4.0,4.0,4.040000018741066,0.02309402158774431,97067.02666666667,91201.08,100000.0,3,3,1,0.040000018741065624,Low,True,True,False
CHEMBL4075319,3,4.997351439183363,4.987162775294828,4.987162775294828,5.017728766960431,0.017647283516183703,10066.666666666666,9600.0,10300.0,3,2,1,0.030565991665603143,Low,True,True,False
CHEMBL2159976,3,4.696282750980965,4.705533773838407,4.6777807052660805,4.705533773838407,0.016023241611070407,20133.333333333332,19700.0,21000.0,3,3,1,0.02775306857232618,Low,True,True,False
CHEMBL270971,3,6.673330257824624,6.679999195735272,6.659992382003328,6.679999195735272,0.01155093929376394,212.21333333333334,208.93,218.78,3,2,1,0.020006813731943573,Low,True,True,False
CHEMBL3696475,3,4.651142267445998,4.657577319177793,4.638272163982407,4.657577319177793,0.011145836548803868,22333.333333333332,22000.0,23000.0,3,2,1,0.019305155195386448,Low,True,True,False
CHEMBL4640857,3,4.651142267445998,4.657577319177793,4.638272163982407,4.657577319177793,0.011145836548803868,22333.333333333332,22000.0,23000.0,3,2,1,0.019305155195386448,Low,True,True,False
CHEMBL3422012,3,4.579563179966459,4.585026652029182,4.568636235841013,4.585026652029182,0.009463011198369467,26333.333333333332,26000.0,27000.0,3,3,1,0.01639041618816872,Low,True,True,False
CHEMBL4094163,3,6.735233868820287,6.730487055782083,6.730487055782083,6.7447274948966935,0.008221721356198709,184.0,180.0,186.0,3,3,1,0.014240439114610481,Low,True,True,False
CHEMBL40,3,2.5209595817986545,2.520000000057813,2.520000000057813,2.5228787452803374,0.0016620443291528136,3013301.146666667,3000000.0,3019951.72,3,3,1,0.0028787452225245147,Low,True,True,False
CHEMBL3918431,3,5.493948057221452,5.494850021680094,5.492144128304169,5.494850021680094,0.001562248268988708,3206.6666666666665,3200.0,3220.0,3,3,1,0.0027058933759249726,Low,True,True,False
CHEMBL1683074,3,5.769551078621727,5.769551078621726,5.769551078621726,5.769551078621726,0.0,1700.0,1700.0,1700.0,3,3,1,0.0,Low,True,True,False
CHEMBL1767164,3,7.299988937677888,7.299988937677888,7.299988937677888,7.299988937677888,0.0,50.12,50.12,50.12,3,3,1,0.0,Low,True,True,False
CHEMBL2165063,3,4.455931955649724,4.455931955649724,4.455931955649724,4.455931955649724,0.0,35000.0,35000.0,35000.0,3,3,1,0.0,Low,True,True,False
CHEMBL22,3,3.6200000034433657,3.6200000034433657,3.6200000034433657,3.6200000034433657,0.0,239883.29,239883.29,239883.29,3,3,1,0.0,Low,True,True,False
CHEMBL272511,3,5.599999383023619,5.59999938302362,5.59999938302362,5.59999938302362,0.0,2511.89,2511.89,2511.89,3,3,1,0.0,Low,True,True,False
CHEMBL3400817,3,3.759450751717401,3.759450751717401,3.759450751717401,3.759450751717401,0.0,174000.0,174000.0,174000.0,3,3,1,0.0,Low,True,True,False
CHEMBL3422016,3,4.769551078621726,4.769551078621726,4.769551078621726,4.769551078621726,0.0,17000.0,17000.0,17000.0,3,3,1,0.0,Low,True,True,False
CHEMBL3608680,3,4.154901959985743,4.154901959985743,4.154901959985743,4.154901959985743,0.0,70000.0,70000.0,70000.0,3,3,1,0.0,Low,True,True,False
CHEMBL3828074,3,4.823908740944319,4.823908740944319,4.823908740944319,4.823908740944319,0.0,15000.0,15000.0,15000.0,3,2,1,0.0,Low,True,True,False
CHEMBL3929927,3,6.886056647693163,6.886056647693163,6.886056647693163,6.886056647693163,0.0,130.0,130.0,130.0,3,3,1,0.0,Low,True,True,False
CHEMBL3972449,3,5.017728766960431,5.017728766960431,5.017728766960431,5.017728766960431,0.0,9600.0,9600.0,9600.0,3,3,1,0.0,Low,True,True,False
CHEMBL4106866,3,4.154901959985743,4.154901959985743,4.154901959985743,4.154901959985743,0.0,70000.0,70000.0,70000.0,3,3,1,0.0,Low,True,True,False
CHEMBL4108583,3,4.376750709602099,4.376750709602099,4.376750709602099,4.376750709602099,0.0,42000.0,42000.0,42000.0,3,3,1,0.0,Low,True,True,False
CHEMBL4108623,3,4.494850021680094,4.494850021680094,4.494850021680094,4.494850021680094,0.0,32000.0,32000.0,32000.0,3,3,1,0.0,Low,True,True,False
CHEMBL4109584,3,4.346787486224656,4.346787486224656,4.346787486224656,4.346787486224656,0.0,45000.0,45000.0,45000.0,3,3,1,0.0,Low,True,True,False
CHEMBL4110224,3,4.154901959985743,4.154901959985743,4.154901959985743,4.154901959985743,0.0,70000.0,70000.0,70000.0,3,3,1,0.0,Low,True,True,False
CHEMBL4110242,3,4.214670164989233,4.214670164989233,4.214670164989233,4.214670164989233,0.0,61000.0,61000.0,61000.0,3,3,1,0.0,Low,True,True,False
CHEMBL4110286,3,4.154901959985743,4.154901959985743,4.154901959985743,4.154901959985743,0.0,70000.0,70000.0,70000.0,3,3,1,0.0,Low,True,True,False
CHEMBL4110770,3,4.154901959985743,4.154901959985743,4.154901959985743,4.154901959985743,0.0,70000.0,70000.0,70000.0,3,3,1,0.0,Low,True,True,False
CHEMBL4111714,3,4.154901959985743,4.154901959985743,4.154901959985743,4.154901959985743,0.0,70000.0,70000.0,70000.0,3,3,1,0.0,Low,True,True,False
CHEMBL4112037,3,4.154901959985743,4.154901959985743,4.154901959985743,4.154901959985743,0.0,70000.0,70000.0,70000.0,3,3,1,0.0,Low,True,True,False
CHEMBL4112585,3,4.337242168318426,4.337242168318426,4.337242168318426,4.337242168318426,0.0,46000.0,46000.0,46000.0,3,3,1,0.0,Low,True,True,False
CHEMBL4112608,3,4.154901959985743,4.154901959985743,4.154901959985743,4.154901959985743,0.0,70000.0,70000.0,70000.0,3,3,1,0.0,Low,True,True,False
CHEMBL4113428,3,4.154901959985743,4.154901959985743,4.154901959985743,4.154901959985743,0.0,70000.0,70000.0,70000.0,3,3,1,0.0,Low,True,True,False
CHEMBL4113741,3,4.494850021680094,4.494850021680094,4.494850021680094,4.494850021680094,0.0,32000.0,32000.0,32000.0,3,3,1,0.0,Low,True,True,False
CHEMBL4114280,3,4.346787486224656,4.346787486224656,4.346787486224656,4.346787486224656,0.0,45000.0,45000.0,45000.0,3,3,1,0.0,Low,True,True,False
CHEMBL4115295,3,4.154901959985743,4.154901959985743,4.154901959985743,4.154901959985743,0.0,70000.0,70000.0,70000.0,3,3,1,0.0,Low,True,True,False
CHEMBL4115594,3,4.154901959985743,4.154901959985743,4.154901959985743,4.154901959985743,0.0,70000.0,70000.0,70000.0,3,3,1,0.0,Low,True,True,False
CHEMBL472363,3,6.251811972993799,6.251811972993799,6.251811972993799,6.251811972993799,0.0,560.0,560.0,560.0,3,3,1,0.0,Low,True,True,False
CHEMBL5400175,3,5.356547323513812,5.356547323513812,5.356547323513812,5.356547323513812,0.0,4400.0,4400.0,4400.0,3,3,1,0.0,Low,True,True,False
CHEMBL550818,3,7.5376020021010435,7.537602002101044,7.537602002101044,7.537602002101044,0.0,29.0,29.0,29.0,3,3,1,0.0,Low,True,True,False
CHEMBL556450,3,6.092051478387727,6.092051478387727,6.092051478387727,6.092051478387727,0.0,809.0,809.0,809.0,3,3,1,0.0,Low,True,True,False
CHEMBL560177,3,5.499999678657065,5.499999678657065,5.499999678657065,5.499999678657065,0.0,3162.28,3162.28,3162.28,3,3,1,0.0,Low,True,True,False
CHEMBL5741566,3,4.638272163982407,4.638272163982407,4.638272163982407,4.638272163982407,0.0,23000.0,23000.0,23000.0,3,3,1,0.0,Low,True,True,False
CHEMBL5741828,3,5.552841968657781,5.552841968657781,5.552841968657781,5.552841968657781,0.0,2800.0,2800.0,2800.0,3,3,1,0.0,Low,True,True,False
CHEMBL5743400,3,5.376750709602099,5.376750709602099,5.376750709602099,5.376750709602099,0.0,4200.0,4200.0,4200.0,3,3,1,0.0,Low,True,True,False
CHEMBL5743773,3,4.721246399047171,4.721246399047171,4.721246399047171,4.721246399047171,0.0,19000.0,19000.0,19000.0,3,3,1,0.0,Low,True,True,False
CHEMBL5749111,3,5.259637310505756,5.259637310505756,5.259637310505756,5.259637310505756,0.0,5500.0,5500.0,5500.0,3,3,1,0.0,Low,True,True,False
CHEMBL5750839,3,5.259637310505756,5.259637310505756,5.259637310505756,5.259637310505756,0.0,5500.0,5500.0,5500.0,3,3,1,0.0,Low,True,True,False
CHEMBL5752521,3,5.309803919971486,5.309803919971486,5.309803919971486,5.309803919971486,0.0,4900.0,4900.0,4900.0,3,3,1,0.0,Low,True,True,False
CHEMBL5755360,3,5.259637310505756,5.259637310505756,5.259637310505756,5.259637310505756,0.0,5500.0,5500.0,5500.0,3,3,1,0.0,Low,True,True,False
CHEMBL5760349,3,5.337242168318426,5.337242168318426,5.337242168318426,5.337242168318426,0.0,4600.0,4600.0,4600.0,3,3,1,0.0,Low,True,True,False
CHEMBL5765975,3,5.004364805402449,5.004364805402449,5.004364805402449,5.004364805402449,0.0,9900.0,9900.0,9900.0,3,3,1,0.0,Low,True,True,False
CHEMBL5766240,3,5.0,5.0,5.0,5.0,0.0,10000.0,10000.0,10000.0,3,3,1,0.0,Low,True,True,False
CHEMBL5772929,3,5.698970004336019,5.698970004336019,5.698970004336019,5.698970004336019,0.0,2000.0,2000.0,2000.0,3,3,1,0.0,Low,True,True,False
CHEMBL5775252,3,5.301029995663981,5.301029995663981,5.301029995663981,5.301029995663981,0.0,5000.0,5000.0,5000.0,3,3,1,0.0,Low,True,True,False
CHEMBL5775436,3,5.3979400086720375,5.3979400086720375,5.3979400086720375,5.3979400086720375,0.0,4000.0,4000.0,4000.0,3,3,1,0.0,Low,True,True,False
CHEMBL5785143,3,5.259637310505756,5.259637310505756,5.259637310505756,5.259637310505756,0.0,5500.0,5500.0,5500.0,3,3,1,0.0,Low,True,True,False
CHEMBL5786268,3,5.259637310505756,5.259637310505756,5.259637310505756,5.259637310505756,0.0,5500.0,5500.0,5500.0,3,3,1,0.0,Low,True,True,False
CHEMBL5787351,3,5.180456064458131,5.180456064458131,5.180456064458131,5.180456064458131,0.0,6600.0,6600.0,6600.0,3,3,1,0.0,Low,True,True,False
CHEMBL5787584,3,4.3979400086720375,4.3979400086720375,4.3979400086720375,4.3979400086720375,0.0,40000.0,40000.0,40000.0,3,3,1,0.0,Low,True,True,False
CHEMBL5788221,3,5.366531544420414,5.366531544420413,5.366531544420413,5.366531544420413,0.0,4300.0,4300.0,4300.0,3,3,1,0.0,Low,True,True,False
CHEMBL5789323,3,4.698970004336019,4.698970004336019,4.698970004336019,4.698970004336019,0.0,20000.0,20000.0,20000.0,3,3,1,0.0,Low,True,True,False
CHEMBL5792644,3,5.142667503568731,5.142667503568731,5.142667503568731,5.142667503568731,0.0,7200.0,7200.0,7200.0,3,3,1,0.0,Low,True,True,False
CHEMBL5793973,3,5.214670164989233,5.214670164989233,5.214670164989233,5.214670164989233,0.0,6100.0,6100.0,6100.0,3,3,1,0.0,Low,True,True,False
CHEMBL5794076,3,4.7447274948966935,4.7447274948966935,4.7447274948966935,4.7447274948966935,0.0,18000.0,18000.0,18000.0,3,3,1,0.0,Low,True,True,False
CHEMBL5796450,3,5.619788758288394,5.619788758288394,5.619788758288394,5.619788758288394,0.0,2400.0,2400.0,2400.0,3,3,1,0.0,Low,True,True,False
CHEMBL5799995,3,5.236572006437063,5.236572006437063,5.236572006437063,5.236572006437063,0.0,5800.0,5800.0,5800.0,3,3,1,0.0,Low,True,True,False
CHEMBL5802422,3,5.221848749616356,5.221848749616356,5.221848749616356,5.221848749616356,0.0,6000.0,6000.0,6000.0,3,3,1,0.0,Low,True,True,False
CHEMBL5804138,3,5.568636235841012,5.568636235841012,5.568636235841012,5.568636235841012,0.0,2700.0,2700.0,2700.0,3,3,1,0.0,Low,True,True,False
CHEMBL5806385,3,5.267606240177031,5.267606240177031,5.267606240177031,5.267606240177031,0.0,5400.0,5400.0,5400.0,3,3,1,0.0,Low,True,True,False
CHEMBL5806518,3,5.494850021680094,5.494850021680094,5.494850021680094,5.494850021680094,0.0,3200.0,3200.0,3200.0,3,3,1,0.0,Low,True,True,False
CHEMBL5808293,3,5.026872146400301,5.026872146400301,5.026872146400301,5.026872146400301,0.0,9400.0,9400.0,9400.0,3,3,1,0.0,Low,True,True,False
CHEMBL5812119,3,4.943095148663527,4.943095148663527,4.943095148663527,4.943095148663527,0.0,11400.0,11400.0,11400.0,3,3,1,0.0,Low,True,True,False
CHEMBL5818403,3,5.113509274827518,5.113509274827518,5.113509274827518,5.113509274827518,0.0,7700.0,7700.0,7700.0,3,3,1,0.0,Low,True,True,False
CHEMBL5821554,3,5.251811972993799,5.251811972993799,5.251811972993799,5.251811972993799,0.0,5600.0,5600.0,5600.0,3,3,1,0.0,Low,True,True,False
CHEMBL5821714,3,5.346787486224656,5.346787486224656,5.346787486224656,5.346787486224656,0.0,4500.0,4500.0,4500.0,3,3,1,0.0,Low,True,True,False
CHEMBL5824583,3,6.259637310505756,6.259637310505756,6.259637310505756,6.259637310505756,0.0,550.0,550.0,550.0,3,3,1,0.0,Low,True,True,False
CHEMBL5825800,3,5.259637310505756,5.259637310505756,5.259637310505756,5.259637310505756,0.0,5500.0,5500.0,5500.0,3,3,1,0.0,Low,True,True,False
CHEMBL5830899,3,5.259637310505756,5.259637310505756,5.259637310505756,5.259637310505756,0.0,5500.0,5500.0,5500.0,3,3,1,0.0,Low,True,True,False
CHEMBL5832006,3,5.301029995663981,5.301029995663981,5.301029995663981,5.301029995663981,0.0,5000.0,5000.0,5000.0,3,3,1,0.0,Low,True,True,False
CHEMBL5832261,3,5.236572006437063,5.236572006437063,5.236572006437063,5.236572006437063,0.0,5800.0,5800.0,5800.0,3,3,1,0.0,Low,True,True,False
CHEMBL5834106,3,5.301029995663981,5.301029995663981,5.301029995663981,5.301029995663981,0.0,5000.0,5000.0,5000.0,3,3,1,0.0,Low,True,True,False
CHEMBL5837180,3,5.508638306165726,5.508638306165727,5.508638306165727,5.508638306165727,0.0,3100.0,3100.0,3100.0,3,3,1,0.0,Low,True,True,False
CHEMBL5839498,3,5.568636235841012,5.568636235841012,5.568636235841012,5.568636235841012,0.0,2700.0,2700.0,2700.0,3,3,1,0.0,Low,True,True,False
CHEMBL5841669,3,5.221848749616356,5.221848749616356,5.221848749616356,5.221848749616356,0.0,6000.0,6000.0,6000.0,3,3,1,0.0,Low,True,True,False
CHEMBL5846320,3,5.259637310505756,5.259637310505756,5.259637310505756,5.259637310505756,0.0,5500.0,5500.0,5500.0,3,3,1,0.0,Low,True,True,False
CHEMBL5846746,3,5.568636235841012,5.568636235841012,5.568636235841012,5.568636235841012,0.0,2700.0,2700.0,2700.0,3,3,1,0.0,Low,True,True,False
CHEMBL5849595,3,5.552841968657781,5.552841968657781,5.552841968657781,5.552841968657781,0.0,2800.0,2800.0,2800.0,3,3,1,0.0,Low,True,True,False
CHEMBL5850263,3,5.259637310505756,5.259637310505756,5.259637310505756,5.259637310505756,0.0,5500.0,5500.0,5500.0,3,3,1,0.0,Low,True,True,False
CHEMBL5850426,3,5.060480747381382,5.060480747381382,5.060480747381382,5.060480747381382,0.0,8700.0,8700.0,8700.0,3,3,1,0.0,Low,True,True,False
CHEMBL5855181,3,5.387216143280265,5.3872161432802645,5.3872161432802645,5.3872161432802645,0.0,4100.0,4100.0,4100.0,3,3,1,0.0,Low,True,True,False
CHEMBL5860863,3,5.259637310505756,5.259637310505756,5.259637310505756,5.259637310505756,0.0,5500.0,5500.0,5500.0,3,3,1,0.0,Low,True,True,False
CHEMBL5861408,3,5.200659450546418,5.200659450546418,5.200659450546418,5.200659450546418,0.0,6300.0,6300.0,6300.0,3,3,1,0.0,Low,True,True,False
CHEMBL5869828,3,5.259637310505756,5.259637310505756,5.259637310505756,5.259637310505756,0.0,5500.0,5500.0,5500.0,3,3,1,0.0,Low,True,True,False
CHEMBL5871237,3,5.585026652029182,5.585026652029182,5.585026652029182,5.585026652029182,0.0,2600.0,2600.0,2600.0,3,3,1,0.0,Low,True,True,False
CHEMBL5874010,3,5.42021640338319,5.42021640338319,5.42021640338319,5.42021640338319,0.0,3800.0,3800.0,3800.0,3,3,1,0.0,Low,True,True,False
CHEMBL5874469,3,5.214670164989233,5.214670164989233,5.214670164989233,5.214670164989233,0.0,6100.0,6100.0,6100.0,3,3,1,0.0,Low,True,True,False
CHEMBL5886475,3,5.4685210829577455,5.468521082957745,5.468521082957745,5.468521082957745,0.0,3400.0,3400.0,3400.0,3,3,1,0.0,Low,True,True,False
CHEMBL5890757,3,6.259637310505756,6.259637310505756,6.259637310505756,6.259637310505756,0.0,550.0,550.0,550.0,3,3,1,0.0,Low,True,True,False
CHEMBL5892384,3,5.259637310505756,5.259637310505756,5.259637310505756,5.259637310505756,0.0,5500.0,5500.0,5500.0,3,3,1,0.0,Low,True,True,False
CHEMBL5900752,3,5.259637310505756,5.259637310505756,5.259637310505756,5.259637310505756,0.0,5500.0,5500.0,5500.0,3,3,1,0.0,Low,True,True,False
CHEMBL5902781,3,5.5376020021010435,5.537602002101044,5.537602002101044,5.537602002101044,0.0,2900.0,2900.0,2900.0,3,3,1,0.0,Low,True,True,False
CHEMBL5908705,3,5.387216143280265,5.3872161432802645,5.3872161432802645,5.3872161432802645,0.0,4100.0,4100.0,4100.0,3,3,1,0.0,Low,True,True,False
CHEMBL5912040,3,5.356547323513812,5.356547323513812,5.356547323513812,5.356547323513812,0.0,4400.0,4400.0,4400.0,3,3,1,0.0,Low,True,True,False
CHEMBL5926142,3,5.09151498112135,5.09151498112135,5.09151498112135,5.09151498112135,0.0,8100.0,8100.0,8100.0,3,3,1,0.0,Low,True,True,False
CHEMBL5926234,3,5.275724130399211,5.275724130399211,5.275724130399211,5.275724130399211,0.0,5300.0,5300.0,5300.0,3,3,1,0.0,Low,True,True,False
CHEMBL5926652,3,5.366531544420414,5.366531544420413,5.366531544420413,5.366531544420413,0.0,4300.0,4300.0,4300.0,3,3,1,0.0,Low,True,True,False
CHEMBL5927233,3,5.1487416512809245,5.1487416512809245,5.1487416512809245,5.1487416512809245,0.0,7100.0,7100.0,7100.0,3,3,1,0.0,Low,True,True,False
CHEMBL5927490,3,5.366531544420414,5.366531544420413,5.366531544420413,5.366531544420413,0.0,4300.0,4300.0,4300.0,3,3,1,0.0,Low,True,True,False
CHEMBL5930565,3,5.292429823902063,5.292429823902063,5.292429823902063,5.292429823902063,0.0,5100.0,5100.0,5100.0,3,3,1,0.0,Low,True,True,False
CHEMBL5933849,3,5.2839966563652006,5.2839966563652006,5.2839966563652006,5.2839966563652006,0.0,5200.0,5200.0,5200.0,3,3,1,0.0,Low,True,True,False
CHEMBL5933859,3,5.585026652029182,5.585026652029182,5.585026652029182,5.585026652029182,0.0,2600.0,2600.0,2600.0,3,3,1,0.0,Low,True,True,False
CHEMBL5934302,3,5.318758762624412,5.318758762624412,5.318758762624412,5.318758762624412,0.0,4800.0,4800.0,4800.0,3,3,1,0.0,Low,True,True,False
CHEMBL5936875,3,5.229147988357855,5.229147988357855,5.229147988357855,5.229147988357855,0.0,5900.0,5900.0,5900.0,3,3,1,0.0,Low,True,True,False
CHEMBL5943322,3,5.455931955649724,5.455931955649724,5.455931955649724,5.455931955649724,0.0,3500.0,3500.0,3500.0,3,3,1,0.0,Low,True,True,False
CHEMBL5952392,3,5.4089353929735005,5.4089353929735005,5.4089353929735005,5.4089353929735005,0.0,3900.0,3900.0,3900.0,3,3,1,0.0,Low,True,True,False
CHEMBL5954593,3,5.4089353929735005,5.4089353929735005,5.4089353929735005,5.4089353929735005,0.0,3900.0,3900.0,3900.0,3,3,1,0.0,Low,True,True,False
CHEMBL5959655,3,4.958607314841775,4.958607314841775,4.958607314841775,4.958607314841775,0.0,11000.0,11000.0,11000.0,3,3,1,0.0,Low,True,True,False
CHEMBL5965551,3,5.292429823902063,5.292429823902063,5.292429823902063,5.292429823902063,0.0,5100.0,5100.0,5100.0,3,3,1,0.0,Low,True,True,False
CHEMBL5967894,3,5.387216143280265,5.3872161432802645,5.3872161432802645,5.3872161432802645,0.0,4100.0,4100.0,4100.0,3,3,1,0.0,Low,True,True,False
CHEMBL5969609,3,5.318758762624412,5.318758762624412,5.318758762624412,5.318758762624412,0.0,4800.0,4800.0,4800.0,3,3,1,0.0,Low,True,True,False
CHEMBL5970123,3,5.142667503568731,5.142667503568731,5.142667503568731,5.142667503568731,0.0,7200.0,7200.0,7200.0,3,3,1,0.0,Low,True,True,False
CHEMBL5972799,3,5.376750709602099,5.376750709602099,5.376750709602099,5.376750709602099,0.0,4200.0,4200.0,4200.0,3,3,1,0.0,Low,True,True,False
CHEMBL5973051,3,5.267606240177031,5.267606240177031,5.267606240177031,5.267606240177031,0.0,5400.0,5400.0,5400.0,3,3,1,0.0,Low,True,True,False
CHEMBL5974706,3,5.4089353929735005,5.4089353929735005,5.4089353929735005,5.4089353929735005,0.0,3900.0,3900.0,3900.0,3,3,1,0.0,Low,True,True,False
CHEMBL5975525,3,5.376750709602099,5.376750709602099,5.376750709602099,5.376750709602099,0.0,4200.0,4200.0,4200.0,3,3,1,0.0,Low,True,True,False
CHEMBL5978538,3,5.017728766960431,5.017728766960431,5.017728766960431,5.017728766960431,0.0,9600.0,9600.0,9600.0,3,3,1,0.0,Low,True,True,False
CHEMBL5986354,3,6.259637310505756,6.259637310505756,6.259637310505756,6.259637310505756,0.0,550.0,550.0,550.0,3,3,1,0.0,Low,True,True,False
CHEMBL5988920,3,5.568636235841012,5.568636235841012,5.568636235841012,5.568636235841012,0.0,2700.0,2700.0,2700.0,3,3,1,0.0,Low,True,True,False
CHEMBL5991143,3,5.136677139879544,5.136677139879544,5.136677139879544,5.136677139879544,0.0,7300.0,7300.0,7300.0,3,3,1,0.0,Low,True,True,False
CHEMBL5998681,3,5.455931955649724,5.455931955649724,5.455931955649724,5.455931955649724,0.0,3500.0,3500.0,3500.0,3,3,1,0.0,Low,True,True,False
CHEMBL6004070,3,5.2441251443275085,5.2441251443275085,5.2441251443275085,5.2441251443275085,0.0,5700.0,5700.0,5700.0,3,3,1,0.0,Low,True,True,False
CHEMBL6004869,3,4.958607314841775,4.958607314841775,4.958607314841775,4.958607314841775,0.0,11000.0,11000.0,11000.0,3,3,1,0.0,Low,True,True,False
CHEMBL6006180,3,5.022276394711152,5.022276394711152,5.022276394711152,5.022276394711152,0.0,9500.0,9500.0,9500.0,3,3,1,0.0,Low,True,True,False
CHEMBL6007627,3,5.327902142064282,5.327902142064282,5.327902142064282,5.327902142064282,0.0,4700.0,4700.0,4700.0,3,3,1,0.0,Low,True,True,False
CHEMBL6007833,3,5.251811972993799,5.251811972993799,5.251811972993799,5.251811972993799,0.0,5600.0,5600.0,5600.0,3,3,1,0.0,Low,True,True,False
CHEMBL6011841,3,5.638272163982407,5.638272163982407,5.638272163982407,5.638272163982407,0.0,2300.0,2300.0,2300.0,3,3,1,0.0,Low,True,True,False
CHEMBL6013533,3,5.1487416512809245,5.1487416512809245,5.1487416512809245,5.1487416512809245,0.0,7100.0,7100.0,7100.0,3,3,1,0.0,Low,True,True,False
CHEMBL6016064,3,6.259637310505756,6.259637310505756,6.259637310505756,6.259637310505756,0.0,550.0,550.0,550.0,3,3,1,0.0,Low,True,True,False
CHEMBL6016138,3,5.154901959985743,5.154901959985743,5.154901959985743,5.154901959985743,0.0,7000.0,7000.0,7000.0,3,3,1,0.0,Low,True,True,False
CHEMBL6016292,3,5.259637310505756,5.259637310505756,5.259637310505756,5.259637310505756,0.0,5500.0,5500.0,5500.0,3,3,1,0.0,Low,True,True,False
CHEMBL6020463,3,5.259637310505756,5.259637310505756,5.259637310505756,5.259637310505756,0.0,5500.0,5500.0,5500.0,3,3,1,0.0,Low,True,True,False
CHEMBL6021270,3,4.721246399047171,4.721246399047171,4.721246399047171,4.721246399047171,0.0,19000.0,19000.0,19000.0,3,3,1,0.0,Low,True,True,False
CHEMBL6025725,3,4.552841968657781,4.552841968657781,4.552841968657781,4.552841968657781,0.0,28000.0,28000.0,28000.0,3,3,1,0.0,Low,True,True,False
CHEMBL6029215,3,5.259637310505756,5.259637310505756,5.259637310505756,5.259637310505756,0.0,5500.0,5500.0,5500.0,3,3,1,0.0,Low,True,True,False
CHEMBL6039551,3,5.086186147616283,5.086186147616283,5.086186147616283,5.086186147616283,0.0,8200.0,8200.0,8200.0,3,3,1,0.0,Low,True,True,False
CHEMBL6051179,3,5.259637310505756,5.259637310505756,5.259637310505756,5.259637310505756,0.0,5500.0,5500.0,5500.0,3,3,1,0.0,Low,True,True,False
CHEMBL6051199,3,5.443697499232712,5.443697499232712,5.443697499232712,5.443697499232712,0.0,3600.0,3600.0,3600.0,3,3,1,0.0,Low,True,True,False
CHEMBL6052945,3,4.860120913598763,4.860120913598763,4.860120913598763,4.860120913598763,0.0,13800.0,13800.0,13800.0,3,3,1,0.0,Low,True,True,False
CHEMBL6054685,3,5.267606240177031,5.267606240177031,5.267606240177031,5.267606240177031,0.0,5400.0,5400.0,5400.0,3,3,1,0.0,Low,True,True,False
CHEMBL6056553,3,5.0,5.0,5.0,5.0,0.0,10000.0,10000.0,10000.0,3,3,1,0.0,Low,True,True,False
CHEMBL60796,3,9.0,9.0,9.0,9.0,0.0,1.0,1.0,1.0,3,3,1,0.0,Low,True,True,False
CHEMBL94664,3,6.699991797446187,6.699991797446187,6.699991797446187,6.699991797446187,0.0,199.53,199.53,199.53,3,3,1,0.0,Low,True,True,False
CHEMBL271127,2,3.594993576446138,3.594993576446138,0.2700000000002038,6.919987152892072,4.702251010613263,268515958.3,120.23,537031796.37,1,1,1,6.649987152891868,High,False,False,False
CHEMBL5944633,2,6.952939202079719,6.952939202079719,4.7447274948966935,9.161150909262744,3.1228829448892803,9000.345,0.69,18000.0,2,2,1,4.416423414366051,High,True,True,False
CHEMBL4749445,2,6.682258126592544,6.682258126592544,4.568636235841013,8.795880017344075,2.9891127436294798,13500.8,1.6,27000.0,2,2,1,4.227243781503062,High,True,True,False
CHEMBL3954438,2,5.9830168577103775,5.9830168577103775,3.8696662315049934,8.096367483915762,2.9887291176293274,67504.005,8.01,135000.0,2,2,1,4.226701252410768,High,True,True,False
CHEMBL4777139,2,6.940372055361031,6.940372055361031,4.853871964321762,9.0268721464003,2.9507567266404324,7000.47,0.94,14000.0,2,2,1,4.173000182078539,High,True,True,False
CHEMBL4754652,2,6.853871964321762,6.853871964321762,4.853871964321762,8.853871964321762,2.8284271247461903,7000.7,1.4,14000.0,2,2,1,4.0,High,True,True,False
CHEMBL6009034,2,7.096943944915454,7.096943944915454,5.102372908709558,9.09151498112135,2.8207494105189355,3950.405,0.81,7900.0,2,2,1,3.9891420724117914,High,True,True,False
CHEMBL4754747,2,6.470029055969023,6.470029055969023,4.552841968657781,8.387216143280265,2.7113119804821295,14002.05,4.1,28000.0,2,2,1,3.834374174622484,High,True,True,False
CHEMBL3927856,2,6.181807210316995,6.181807210316995,4.279014255846261,8.08460016478773,2.6909556026004844,26304.115,8.23,52600.0,2,2,1,3.8055859089414694,High,True,True,False
CHEMBL5787348,2,6.771816983435478,6.771816983435478,4.886056647693163,8.657577319177793,2.6668678421920236,6501.1,2.2,13000.0,2,2,1,3.7715206714846303,High,True,True,False
CHEMBL5985085,2,6.955047444280301,6.955047444280301,5.086186147616283,8.823908740944319,2.642968991936422,4100.75,1.5,8200.0,2,2,1,3.7377225933280354,High,True,True,False
CHEMBL1223951,2,7.368774455134785,7.368774455134785,5.522878745280337,9.214670164989233,2.6104907476024715,1500.305,0.61,3000.0,2,2,1,3.6917914197088955,High,True,True,False
CHEMBL5810295,2,6.727346441767088,6.727346441767088,4.886056647693163,8.568636235841012,2.6039769990385073,6501.35,2.7,13000.0,2,2,1,3.682579588147849,High,True,True,False
CHEMBL214731,2,6.610924374808178,6.610924374808178,4.823908740944319,8.397940008672037,2.5272217455830233,7502.0,4.0,15000.0,2,2,1,3.574031267727719,High,True,True,False
CHEMBL4797729,2,6.69466991845506,6.69466991845506,4.920818753952375,8.468521082957745,2.508604374471005,6001.7,3.4,12000.0,2,2,1,3.5477023290053697,High,True,True,False
CHEMBL6008411,2,7.1164220669589096,7.1164220669589096,5.346787486224656,8.886056647693163,2.502641224518807,2250.65,1.3,4500.0,2,2,1,3.539269161468507,High,True,True,False
CHEMBL4780699,2,6.796900288168343,6.796900288168343,5.040958607678906,8.55284196865778,2.483276539284366,4551.4,2.8,9100.0,2,2,1,3.5118833609788744,High,True,True,False
CHEMBL5777517,2,6.548455006504028,6.548455006504028,4.795880017344075,8.301029995663981,2.4785153187458855,8002.5,5.0,16000.0,2,2,1,3.5051499783199063,High,True,True,False
CHEMBL5746935,2,6.420818753952375,6.420818753952375,4.698970004336019,8.142667503568731,2.435061854062606,10003.6,7.2,20000.0,2,2,1,3.4436974992327123,High,True,True,False
CHEMBL5783757,2,6.903437700822769,6.903437700822769,5.187086643357144,8.619788758288394,2.4272869432612896,3251.2,2.4,6500.0,2,2,1,3.4327021149312493,High,True,True,False
CHEMBL5864206,2,6.7158991379665025,6.7158991379665025,5.0,8.431798275933005,2.4266478325765304,5001.85,3.7,10000.0,2,2,1,3.431798275933005,High,True,True,False
CHEMBL5887380,2,6.33519937582174,6.33519937582174,4.619788758288394,8.050609993355087,2.425956960354465,12004.45,8.9,24000.0,2,2,1,3.430821235066693,High,True,True,False
CHEMBL5931292,2,7.086315363473087,7.086315363473087,5.376750709602099,8.795880017344075,2.417689519258017,2100.8,1.6,4200.0,2,2,1,3.4191293077419758,High,True,True,False
CHEMBL4758424,2,6.976752417832646,6.976752417832646,5.275724130399211,8.67778070526608,2.405617274068643,2651.05,2.1,5300.0,2,2,1,3.4020565748668696,High,True,True,False
CHEMBL6018540,2,6.465350993942235,6.465350993942235,4.769551078621726,8.161150909262744,2.39822323931741,8503.45,6.9,17000.0,2,2,1,3.3915998306410184,High,True,True,False
CHEMBL4751971,2,6.550363406341198,6.550363406341198,4.886056647693163,8.214670164989233,2.3536851900292564,6503.05,6.1,13000.0,2,2,1,3.32861351729607,High,True,True,False
CHEMBL5884532,2,6.761294656046374,6.761294656046374,5.102372908709558,8.42021640338319,2.346069633999398,3951.9,3.8,7900.0,2,2,1,3.3178434946736317,High,True,True,False
CHEMBL4743256,2,6.926316446103106,6.926316446103106,5.267606240177031,8.585026652029182,2.3457704692673254,2701.3,2.6,5400.0,2,2,1,3.317420411852151,High,True,True,False
CHEMBL3897632,2,6.651352192212188,6.651352192212188,5.0195421077239,8.283162276700475,2.307727952700522,4782.605,5.21,9560.0,2,2,1,3.2636201689765745,High,True,True,False
CHEMBL4759597,2,6.676015270818514,6.676015270818514,5.107905397309519,8.244125144327509,2.217642250407579,3902.85,5.7,7800.0,2,2,1,3.1362197470179893,High,True,True,False
CHEMBL4787725,2,6.451892707326797,6.451892707326797,4.886056647693163,8.017728766960431,2.2144265919867316,6504.8,9.6,13000.0,2,2,1,3.131672119267268,High,True,True,False
CHEMBL53321,2,4.205317024780754,4.205317024780754,2.7000000010815404,5.710634048479968,2.12883975058653,998604.655,1947.0,1995262.31,2,2,1,3.010634047398428,High,True,True,False
CHEMBL52794,2,3.8409943014884838,3.8409943014884838,2.33999999963408,5.341988603342887,2.122726498727233,2287715.95,4550.0,4570881.9,2,2,1,3.0019886037088073,High,True,True,False
CHEMBL216680,2,5.8214816209598865,5.8214816209598865,4.321481620959886,7.3214816209598865,2.121320343559643,23873.85,47.7,47700.0,2,2,1,3.000000000000001,High,True,True,False
CHEMBL502835,2,7.085026652029182,7.085026652029182,5.585026652029182,8.585026652029182,2.1213203435596424,1301.3,2.6,2600.0,2,2,1,3.0,High,True,True,False
CHEMBL532,2,5.9089353929735005,5.9089353929735005,4.4089353929735005,7.4089353929735005,2.1213203435596424,19519.5,39.0,39000.0,2,2,1,3.0,High,True,True,False
CHEMBL572996,2,4.886158178123931,4.886158178123931,3.3861581781239307,6.386158178123931,2.1213203435596424,205705.5,411.0,411000.0,2,2,1,3.0,High,True,True,False
CHEMBL486278,2,6.428117992693874,6.428117992693874,4.928117992693875,7.928117992693874,2.121320343559642,5905.9,11.8,11800.0,2,2,1,2.999999999999999,High,True,True,False
CHEMBL299390,2,4.329869142033596,4.329869142033596,2.8299999994621503,5.8297382846050425,2.1211352832094446,740294.195,1480.0,1479108.39,2,2,1,2.999738285142892,High,True,True,False
CHEMBL53866,2,4.158788659980911,4.158788659980911,2.660000000784029,5.657577319177793,2.1196072489672173,1094980.81,2200.0,2187761.62,2,2,1,2.9975773183937644,High,True,True,False
CHEMBL300907,2,3.9579659781082643,3.9579659781082643,2.4600000005668043,5.455931955649724,2.118443801412604,1735434.25,3500.0,3467368.5,2,2,1,2.99593195508292,High,True,True,False
CHEMBL52348,2,3.0875133259950647,3.0875133259950647,1.5899999999609475,4.585026652029182,2.117803655511891,12864978.915,26000.0,25703957.83,2,2,1,2.9950266520682343,High,True,True,False
CHEMBL214768,2,6.575751490954817,6.575751490954817,5.080921907623926,8.070581074285707,2.114008270183068,4154.25,8.5,8300.0,2,2,1,2.989659166661781,High,True,True,False
CHEMBL3983077,2,5.853871964321762,5.853871964321762,4.455931955649724,7.251811972993799,1.9769857196479577,17528.0,56.0,35000.0,2,2,1,2.795880017344075,High,True,True,False
CHEMBL3936854,2,5.6025608758118715,5.6025608758118715,4.280668713016273,6.924453038607469,1.8694378246202377,26259.5,119.0,52400.0,2,2,1,2.643784325591196,High,True,True,False
CHEMBL6051128,2,6.828788659588897,6.828788659588897,5.698970004336019,7.958607314841775,1.5978048652807524,1005.5,11.0,2000.0,2,2,1,2.259637310505756,High,True,True,False
CHEMBL3093969,2,7.186393906253336,7.186393906253336,6.062983892535186,8.309803919971486,1.5887416775059524,434.95,4.9,865.0,2,1,1,2.2468200274363,High,True,False,False
CHEMBL448,2,2.761032582850901,2.761032582850901,1.642065152999546,3.880000012702256,1.5824589151495512,11465912.835,131825.67,22800000.0,2,2,1,2.23793485970271,High,True,True,False
CHEMBL3975087,2,6.422369947390646,6.422369947390646,5.323306390375134,7.521433504406157,1.5543105882413517,2390.05,30.1,4750.0,2,2,1,2.1981271140310232,High,True,True,False
CHEMBL4782998,2,6.646087215833884,6.646087215833884,5.568636235841012,7.723538195826756,1.523745788698102,1359.45,18.9,2700.0,2,1,1,2.154901959985744,High,True,False,False
CHEMBL3966599,2,6.099136288270488,6.099136288270488,5.092588639225414,7.105683937315561,1.423473336454297,4079.2,78.4,8080.0,2,2,1,2.013095298090147,High,True,True,False
CHEMBL1118,2,2.650000002720549,2.650000002720549,1.699999999993226,3.600000005447872,1.3435028881114575,10101905.895,251188.64,19952623.15,2,1,1,1.900000005454646,High,True,False,False
CHEMBL270190,2,2.1500000012846705,2.1500000012846705,1.1999999999863666,3.1000000025829744,1.3435028860905192,31945031.34,794328.23,63095734.45,2,1,1,1.9000000025966077,High,True,False,False
CHEMBL180672,2,7.6175385076750555,7.6175385076750555,6.7121982700697735,8.522878745280337,1.28034444258347,98.5,3.0,194.0,2,2,1,1.8106804752105639,High,True,True,False
CHEMBL362103,2,7.451544993495972,7.451544993495972,6.6020599913279625,8.301029995663981,1.201353211098537,127.5,5.0,250.0,2,2,1,1.6989700043360187,High,True,True,False
CHEMBL3093982,2,6.421673945037883,6.421673945037883,5.606775883638703,7.236572006437063,1.1524398903822637,1265.5,58.0,2473.0,2,1,1,1.6297961227983597,High,True,False,False
CHEMBL3622105,2,4.818758762624412,4.818758762624412,4.017728766960432,5.619788758288394,1.1328274837356636,49200.0,2400.0,96000.0,2,2,1,1.6020599913279616,High,True,True,False
CHEMBL4061436,2,4.950851231752651,4.950851231752651,4.180456064458132,5.721246399047171,1.0895032939745997,33950.0,1900.0,66000.0,2,2,1,1.5407903345890395,High,True,True,False
CHEMBL1760234,2,7.939713034397075,7.939713034397075,7.180456064458131,8.698970004336019,1.0737515042139558,34.0,2.0,66.0,1,1,1,1.518513939877888,High,False,False,False
CHEMBL1945199,2,5.724031152317581,5.724031152317581,4.966576244513051,6.481486060122112,1.07120300350323,5565.0,330.0,10800.0,2,1,1,1.5149098156090615,High,True,False,False
CHEMBL374731,2,1.5499999998331822,1.5499999998331822,0.7999999999893443,2.29999999967702,1.0606601715589745,81750595.795,5011872.34,158489319.25,2,1,1,1.4999999996876756,High,True,False,False
CHEMBL477015,2,6.921958748213207,6.921958748213207,6.173925197299173,7.669992299127241,1.0578791928127318,345.69,21.38,670.0,2,2,1,1.4960671018280678,High,True,True,False
CHEMBL6175315,2,5.268801001050522,5.268801001050522,4.537602002101044,6.0,1.034071541107982,15000.0,1000.0,29000.0,2,1,1,1.4623979978989556,High,True,False,False
CHEMBL3422759,2,5.26823416356535,5.26823416356535,4.561774192395471,5.97469413473523,0.9990852725021491,14245.0,1060.0,27430.0,2,1,1,1.4129199423397587,High,True,False,False
CHEMBL4475043,2,7.698970004336019,7.698970004336019,7.0,8.397940008672037,0.9884928598239788,52.0,4.0,100.0,2,2,1,1.3979400086720375,High,True,True,False
CHEMBL598270,2,8.0,8.0,7.301029995663981,8.698970004336019,0.9884928598239788,26.0,2.0,50.0,2,1,1,1.3979400086720375,High,True,False,False
CHEMBL584087,2,5.449999293727862,5.449999293727862,4.779999975777493,6.119998611678231,0.9475221222261352,8677.225,758.58,16595.87,2,1,1,1.3399986359007379,High,True,False,False
CHEMBL3093979,2,5.664116674283261,5.664116674283261,5.003094489304334,6.325138859262188,0.9348265390266958,5201.0,473.0,9929.0,2,1,1,1.3220443699578546,High,True,False,False
CHEMBL1346,2,6.450008156126906,6.450008156126906,5.800000874803203,7.100015437450609,0.9192491128892449,832.1600000000001,79.43,1584.89,2,1,1,1.300014562647406,High,True,False,False
CHEMBL412663,2,4.409999978848192,4.409999978848192,3.7699999878429686,5.049999969853415,0.9050966671982454,89368.44,8912.51,169824.37,1,1,1,1.2799999820104464,High,False,False,False
CHEMBL2403843,2,5.328788659588897,5.328788659588897,4.698970004336019,5.958607314841775,0.8906980840942047,10550.0,1100.0,20000.0,2,1,1,1.259637310505756,High,True,False,False
CHEMBL1927165,2,4.700604746618442,4.700604746618442,4.100179497572904,5.301029995663981,0.8491295303914446,42200.0,5000.0,79400.0,2,1,1,1.2008504980910777,High,True,False,False
CHEMBL1111,2,2.700000001496199,2.700000001496199,2.0999999998492527,3.300000003143145,0.8485281397529907,4222234.79,501187.23,7943282.35,2,1,1,1.2000000032938924,High,True,False,False
CHEMBL3093976,2,6.696031347622796,6.696031347622796,6.116338564846382,7.275724130399211,0.8198093954122061,409.0,53.0,765.0,2,1,1,1.159385565552829,High,True,False,False
CHEMBL1081687,2,5.854467797709459,5.854467797709459,5.300000202445418,6.4089353929735005,0.7841355931188034,2700.935,390.0,5011.87,2,1,1,1.1089351905280829,High,True,False,False
CHEMBL4096145,2,5.971547574331764,5.971547574331764,5.42021640338319,6.522878745280337,0.7797000193145124,2050.0,300.0,3800.0,2,1,1,1.1026623418971475,High,True,False,False
CHEMBL2203713,2,4.340968332518619,4.340968332518619,3.795880017344075,4.886056647693163,0.7708712880109404,86500.0,13000.0,160000.0,2,1,1,1.090176630349088,High,True,False,False
CHEMBL9484,2,7.361941505418228,7.361941505418228,6.823908740944319,7.899974269892137,0.7608932325200918,81.295,12.59,150.0,2,2,1,1.0760655289478187,High,True,True,False
CHEMBL363295,2,5.770514974185627,5.770514974185627,5.239999952707271,6.301029995663981,0.750261538417343,3127.2,500.0,5754.4,2,2,1,1.0610300429567099,High,True,True,False
CHEMBL511,2,5.428804954048529,5.428804954048529,4.899002593255283,5.958607314841775,0.7492536840110919,6859.1,1100.0,12618.2,2,2,1,1.0596047215864912,High,True,True,False
CHEMBL2435415,2,5.270303756120384,5.270303756120384,4.7447274948966935,5.795880017344075,0.743277076683888,9800.0,1600.0,18000.0,2,1,1,1.0511525224473814,High,True,False,False
CHEMBL2325205,2,6.54116323835931,6.54116323835931,6.016824927962187,7.0655015487564325,0.7415263498354044,524.0,86.0,962.0,2,1,1,1.0486766207942457,High,True,False,False
CHEMBL1171837,2,5.605209643917787,5.605209643917787,5.096910013008056,6.113509274827518,0.7188442317817797,4385.0,770.0,8000.0,2,2,1,1.0165992618194615,High,True,True,False
CHEMBL4526283,2,5.1020599913279625,5.1020599913279625,4.6020599913279625,5.6020599913279625,0.7071067811865476,13750.0,2500.0,25000.0,2,1,1,1.0,High,True,False,False
CHEMBL3093959,2,7.866531544420413,7.866531544420413,7.366531544420414,8.366531544420413,0.7071067811865472,23.65,4.3,43.0,2,1,1,0.9999999999999991,Moderate,True,False,False
CHEMBL5907444,2,5.1290304611354,5.1290304611354,4.638272163982407,5.619788758288394,0.6940370396808887,12700.0,2400.0,23000.0,2,1,1,0.9815165943059867,Moderate,True,False,False
CHEMBL2420702,2,4.908481870700772,4.908481870700772,4.417936637088292,5.399027104313252,0.6937357223322469,21095.0,3990.0,38200.0,2,1,1,0.9810904672249592,Moderate,True,False,False
CHEMBL184412,2,6.011437838614322,6.011437838614322,5.522878745280337,6.499996931948306,0.6909268958136237,1658.115,316.23,3000.0,2,2,1,0.977118186667969,Moderate,True,True,False
CHEMBL4546097,2,5.234196684033639,5.234196684033639,4.747146969020107,5.721246399047171,0.6887923125220878,9900.0,1900.0,17900.0,2,1,1,0.9740994300270645,Moderate,True,False,False
CHEMBL1170953,2,5.560739102249396,5.560739102249396,5.075720713938118,6.045757490560675,0.6859195827501502,4650.0,900.0,8400.0,2,1,1,0.9700367766225568,Moderate,True,False,False
CHEMBL3604692,2,5.8191360819912035,5.8191360819912035,5.337242168318426,6.301029995663981,0.6815009083410918,2550.0,500.0,4600.0,2,1,1,0.9637878273455556,Moderate,True,False,False
CHEMBL501480,2,6.016226011890569,6.016226011890569,5.537602002101044,6.494850021680094,0.6768765659217388,1610.0,320.0,2900.0,1,1,1,0.9572480195790494,Moderate,False,False,False
CHEMBL3605120,2,5.069830996714503,5.069830996714503,4.6020599913279625,5.537602002101044,0.6615280999025442,13950.0,2900.0,25000.0,2,1,1,0.9355420107730819,Moderate,True,False,False
CHEMBL2031958,2,5.933230545814891,5.933230545814891,5.468521082957745,6.3979400086720375,0.6571984249356926,1900.0,400.0,3400.0,2,2,1,0.9294189257142929,Moderate,True,True,False
CHEMBL1081867,2,5.863951164060431,5.863951164060431,5.40000018605658,6.327902142064282,0.6561257653693074,2225.535,470.0,3981.07,2,1,1,0.9279019560077018,Moderate,True,False,False
CHEMBL2325199,2,7.165993514179084,7.165993514179084,6.7121982700697735,7.619788758288394,0.6417633887597957,109.0,24.0,194.0,2,1,1,0.9075904882186201,Moderate,True,False,False
CHEMBL567419,2,5.270000117462049,5.270000117462049,4.820000071285178,5.720000163638921,0.6363961683718505,8520.535,1905.46,15135.61,2,1,1,0.9000000923537428,Moderate,True,False,False
CHEMBL3775737,2,5.649999635977942,5.649999635977942,5.200000237109354,6.0999990348465305,0.636395252939698,3551.95,794.33,6309.57,1,1,1,0.8999987977371768,Moderate,False,False,False
CHEMBL566324,2,4.935000170847437,4.935000170847437,4.489999942195333,5.380000399499541,0.6293253586189335,18264.03,4168.69,32359.37,2,1,1,0.8900004573042075,Moderate,True,False,False
CHEMBL4845961,2,5.358349385648225,5.358349385648225,4.920818753952375,5.795880017344075,0.6187617532979387,6800.0,1600.0,12000.0,2,1,1,0.8750612633917001,Moderate,True,False,False
CHEMBL583843,2,5.27500018193707,5.27500018193707,4.849999859991125,5.700000503883016,0.6010412193088885,8060.32,1995.26,14125.38,2,1,1,0.8500006438918914,Moderate,True,False,False
CHEMBL4106732,2,5.40135972093719,5.40135972093719,4.978810700930062,5.823908740944319,0.5975745548615414,6000.0,1500.0,10500.0,2,1,1,0.8450980400142569,Moderate,True,False,False
CHEMBL3604691,2,6.110924374808178,6.110924374808178,5.698970004336019,6.522878745280337,0.5825914578005982,1150.0,300.0,2000.0,2,1,1,0.8239087409443187,Moderate,True,False,False
CHEMBL4288117,2,5.411954370472159,5.411954370472159,5.0,5.823908740944319,0.5825914578005982,5750.0,1500.0,10000.0,2,1,1,0.8239087409443187,Moderate,True,False,False
CHEMBL525413,2,6.680955139007747,6.680955139007747,6.275724130399211,7.086186147616283,0.5730831882683206,306.0,82.0,530.0,1,1,1,0.8104620172170725,Moderate,False,False,False
CHEMBL1079462,2,6.099998717915661,6.099998717915661,5.700000503883016,6.499996931948306,0.5656828992099826,1155.745,316.23,1995.26,1,1,1,0.79999642806529,Moderate,False,False,False
CHEMBL1927161,2,4.9991331435954995,4.9991331435954995,4.600326278518962,5.3979400086720375,0.563998077358737,14550.0,4000.0,25100.0,2,1,1,0.7976137301530759,Moderate,True,False,False
CHEMBL3544911,2,5.090228032229065,5.090228032229065,4.698970004336019,5.481486060122112,0.5533224094336973,11650.0,3300.0,20000.0,2,2,1,0.7825160557860933,Moderate,True,True,False
CHEMBL2420704,2,4.970148254847839,4.970148254847839,4.586700235918748,5.3535962737769305,0.5422773888346164,15165.0,4430.0,25900.0,2,1,1,0.7668960378581824,Moderate,True,False,False
CHEMBL172,2,5.20446769648675,5.20446769648675,4.823908740944319,5.585026652029182,0.5381916362106465,8800.0,2600.0,15000.0,2,2,1,0.7611179110848632,Moderate,True,True,False
CHEMBL1081746,2,6.07796622976637,6.07796622976637,5.700000503883016,6.455931955649724,0.5345242556564308,1172.63,350.0,1995.26,2,1,1,0.755931451766708,Moderate,True,False,False
CHEMBL2158563,2,5.126325174808946,5.126325174808946,4.749579997691106,5.503070351926786,0.5327981390387029,10470.0,3140.0,17800.0,2,1,1,0.7534903542356792,Moderate,True,False,False
CHEMBL3186509,2,5.943697499232712,5.943697499232712,5.568636235841012,6.318758762624412,0.5304167254093299,1590.0,480.0,2700.0,2,2,1,0.7501225267834002,Moderate,True,True,False
CHEMBL3422757,2,6.511366893786354,6.511366893786354,6.136677139879544,6.886056647693163,0.529891331657247,430.0,130.0,730.0,2,1,1,0.749379507813619,Moderate,True,False,False
CHEMBL4069631,2,3.9235000197102754,3.9235000197102754,3.5530000030465,4.294000036374051,0.523966148425369,165357.035,50815.94,279898.13,1,1,1,0.741000033327551,Moderate,False,False,False
CHEMBL2325200,2,7.033763117661422,7.033763117661422,6.669586226650809,7.397940008672037,0.5150238983700788,127.0,40.0,214.0,2,1,1,0.7283537820212276,Moderate,True,False,False
CHEMBL299499,2,5.946795749942559,5.946795749942559,5.585026652029182,6.308564847855938,0.5116187647165797,1545.7,491.4,2600.0,2,1,1,0.7235381958267562,Moderate,True,False,False
CHEMBL1916532,2,5.171950898993584,5.171950898993584,4.82102305270683,5.522878745280337,0.49628691963310734,9050.0,3000.0,15100.0,2,2,1,0.7018556925735071,Moderate,True,True,False
CHEMBL3609637,2,5.236384891181235,5.236384891181235,4.889410289700751,5.583359492661719,0.49069618721270053,7755.0,2610.0,12900.0,2,1,1,0.693949202960968,Moderate,True,False,False
CHEMBL4874648,2,4.938892060863587,4.938892060863587,4.6020599913279625,5.275724130399211,0.4763524809794768,15150.0,5300.0,25000.0,2,1,1,0.6736641390712483,Moderate,True,False,False
CHEMBL255511,2,5.888433818764206,5.888433818764206,5.555018887912056,6.221848749616356,0.47151991710879837,1693.0,600.0,2786.0,1,1,1,0.6668298617042998,Moderate,False,False,False
CHEMBL182977,2,8.329976341169303,8.329976341169303,8.0,8.659952682338607,0.46665701694388145,6.094,2.188,10.0,2,2,1,0.6599526823386075,Moderate,True,True,False
CHEMBL3425800,2,4.228574842908994,4.228574842908994,3.8996294548824375,4.557520230935552,0.46519902902723775,76850.0,27700.0,126000.0,2,1,1,0.6578907760531143,Moderate,True,False,False
CHEMBL3604690,2,5.6832657722102065,5.6832657722102065,5.366531544420413,6.0,0.44792984060809526,2650.0,1000.0,4300.0,2,1,1,0.6334684555795871,Moderate,True,False,False
CHEMBL583621,2,4.834999913760181,4.834999913760181,4.519999959791458,5.149999867728904,0.44547720704946864,18639.49,7079.46,30199.52,2,1,1,0.6299999079374459,Moderate,True,False,False
CHEMBL4870418,2,5.989405350465031,5.989405350465031,5.6777807052660805,6.301029995663981,0.44070379961005945,1300.0,500.0,2100.0,2,1,1,0.6232492903979008,Moderate,True,False,False
CHEMBL3422760,2,5.5353927481313026,5.5353927481313026,5.229147988357855,5.84163750790475,0.4330954926772995,3670.0,1440.0,5900.0,2,1,1,0.6124895195468945,Moderate,True,False,False
CHEMBL3703085,2,5.2182594573027945,5.2182594573027945,4.913640169325252,5.522878745280337,0.43079672841827665,7600.0,3000.0,12200.0,2,1,1,0.6092385759550858,Moderate,True,False,False
CHEMBL1235773,2,6.0,6.0,5.698970004336019,6.301029995663981,0.42572070254911626,1250.0,500.0,2000.0,2,1,1,0.6020599913279625,Moderate,True,False,False
CHEMBL243707,2,6.600003184656531,6.600003184656531,6.299997602857746,6.900008766455315,0.42427196256747146,313.54,125.89,501.19,2,1,1,0.6000111635975687,Moderate,True,False,False
CHEMBL3775243,2,6.600003184656531,6.600003184656531,6.299997602857746,6.900008766455315,0.42427196256747146,313.54,125.89,501.19,1,1,1,0.6000111635975687,Moderate,False,False,False
CHEMBL4247149,2,4.699999983938429,4.699999983938429,4.399999967876858,5.0,0.42426409142641974,24905.36,10000.0,39810.72,2,1,1,0.600000032123142,Moderate,True,False,False
CHEMBL1079578,2,5.899998777602826,5.899998777602826,5.59999938302362,6.199998172182031,0.4242632125176299,1571.425,630.96,2511.89,1,1,1,0.5999987891584109,Moderate,False,False,False
CHEMBL1081409,2,6.399484519591274,6.399484519591274,6.0999990348465305,6.698970004336019,0.4235364342598981,497.165,200.0,794.33,2,1,1,0.5989709694894882,Moderate,True,False,False
CHEMBL567620,2,5.014999887774568,5.014999887774568,4.719999935717911,5.309999839831226,0.41719293309793853,11976.2,4897.79,19054.61,2,1,1,0.5899999041133155,Moderate,True,False,False
CHEMBL707,2,5.942265470801914,5.942265470801914,5.654528245632369,6.23000269597146,0.40692188623437275,1402.17,588.84,2215.5,2,2,1,0.5754744503390912,Moderate,True,True,False
CHEMBL4641839,2,4.900122411373262,4.900122411373262,4.619788758288394,5.180456064458131,0.3964516541822154,15300.0,6600.0,24000.0,2,1,1,0.5606673061697371,Moderate,True,False,False
CHEMBL4858888,2,5.721848749616356,5.721848749616356,5.443697499232712,6.0,0.3933652706835837,2300.0,1000.0,3600.0,2,1,1,0.5563025007672877,Moderate,True,False,False
CHEMBL2036782,2,4.495699914119041,4.495699914119041,4.221848749616356,4.769551078621726,0.38728403091136243,38500.0,17000.0,60000.0,2,1,1,0.5477023290053697,Moderate,True,False,False
CHEMBL3945735,2,5.727674575713242,5.727674575713242,5.459670525209127,5.995678626217357,0.3790149629938434,2240.0,1010.0,3470.0,2,2,1,0.53600810100823,Moderate,True,True,False
CHEMBL4280886,2,5.3703225363459826,5.3703225363459826,5.102372908709558,5.638272163982407,0.37893799743625206,5100.0,2300.0,7900.0,2,1,1,0.5358992552728488,Moderate,True,False,False
CHEMBL3422758,2,5.494903042615762,5.494903042615762,5.232844133917819,5.756961951313706,0.37060726282132395,3800.0,1750.0,5850.0,2,1,1,0.5241178173958865,Moderate,True,False,False
CHEMBL583212,2,5.0300001181450575,5.0300001181450575,4.769999911123512,5.290000325166602,0.36769581898968107,11055.525,5128.61,16982.44,2,1,1,0.52000041404309,Moderate,True,False,False
CHEMBL4857808,2,5.263621775341393,5.263621775341393,5.004364805402449,5.522878745280337,0.36664472302740836,6450.0,3000.0,9900.0,2,1,1,0.518513939877888,Moderate,True,False,False
CHEMBL5191392,2,5.563537459966129,5.563537459966129,5.308918507877031,5.818156412055227,0.3600855752816277,3215.0,1520.0,4910.0,2,2,1,0.509237904178196,Moderate,True,True,False
CHEMBL1223657,2,5.55000053862431,5.55000053862431,5.300000202445418,5.800000874803203,0.35355386602202327,3298.38,1584.89,5011.87,1,1,1,0.5000006723577854,Moderate,False,False,False
CHEMBL3754258,2,5.67630851494269,5.67630851494269,5.431798275933005,5.920818753952375,0.34578969614658345,2450.0,1200.0,3700.0,2,1,1,0.4890204780193699,Moderate,True,False,False
CHEMBL3753902,2,5.6419983281826,5.6419983281826,5.3979400086720375,5.886056647693163,0.34515058546182403,2650.0,1300.0,4000.0,1,1,1,0.48811663902112556,Moderate,False,False,False
CHEMBL3612811,2,5.530990451261895,5.530990451261895,5.292429823902063,5.769551078621726,0.33737567466050744,3400.0,1700.0,5100.0,1,1,1,0.4771212547196626,Moderate,False,False,False
CHEMBL5395160,2,5.284318117920506,5.284318117920506,5.045757490560675,5.522878745280337,0.33737567466050744,6000.0,3000.0,9000.0,2,1,1,0.4771212547196626,Moderate,True,False,False
CHEMBL1951612,2,5.234260541478872,5.234260541478872,5.0,5.468521082957745,0.3312944348882862,6700.0,3400.0,10000.0,2,1,1,0.46852108295774464,Moderate,True,False,False
CHEMBL4082422,2,5.768801001050522,5.768801001050522,5.537602002101044,6.0,0.3269647599214345,1950.0,1000.0,2900.0,2,2,1,0.46239799789895564,Moderate,True,True,False
CHEMBL560739,2,7.05395269865476,7.05395269865476,6.823908740944319,7.2839966563652,0.3253312849360874,101.0,52.0,150.0,2,2,1,0.460087915420881,Moderate,True,True,False
CHEMBL4782430,2,4.867591088495232,4.867591088495232,4.638272163982407,5.096910013008056,0.3243059331548486,15500.0,8000.0,23000.0,2,2,1,0.4586378490256493,Moderate,True,True,False
CHEMBL1094521,2,6.69466991845506,6.69466991845506,6.468521082957745,6.920818753952375,0.3198227502751851,230.0,120.0,340.0,2,2,1,0.45229767099463025,Moderate,True,True,False
CHEMBL3612923,2,5.020002580835792,5.020002580835792,4.795880017344075,5.2441251443275085,0.31695716892381093,10850.0,5700.0,16000.0,1,1,1,0.44824512698343355,Moderate,False,False,False
CHEMBL3612925,2,5.020002580835792,5.020002580835792,4.795880017344075,5.2441251443275085,0.31695716892381093,10850.0,5700.0,16000.0,1,1,1,0.44824512698343355,Moderate,False,False,False
CHEMBL1280,2,6.475390988664909,6.475390988664909,6.251811972993799,6.698970004336019,0.3161884762241101,380.0,200.0,560.0,2,2,1,0.44715803134221943,Moderate,True,True,False
CHEMBL5271471,2,5.221848749616356,5.221848749616356,5.0,5.443697499232712,0.31374151050296384,6800.0,3600.0,10000.0,2,1,1,0.4436974992327123,Moderate,True,False,False
CHEMBL568294,2,4.730000118313933,4.730000118313933,4.510000060783276,4.950000175844591,0.31112706508271676,21061.565000000002,11220.18,30902.95,2,1,1,0.44000011506131465,Moderate,True,False,False
CHEMBL2325212,2,6.751134445951316,6.751134445951316,6.531652669587842,6.97061622231479,0.3103941048269635,200.5,107.0,294.0,2,2,1,0.438963552726948,Moderate,True,True,False
CHEMBL5174392,2,5.017724054614842,5.017724054614842,4.798876102792621,5.236572006437063,0.309497741564559,10845.0,5800.0,15890.0,2,1,1,0.43769590364444255,Moderate,True,False,False
CHEMBL3792423,2,5.483288122256525,5.483288122256525,5.267606240177031,5.698970004336019,0.30502024279497486,3700.0,2000.0,5400.0,2,1,1,0.4313637641589878,Moderate,True,False,False
CHEMBL4062339,2,4.851886856369419,4.851886856369419,4.638272163982407,5.065501548756432,0.3020967950958696,15800.0,8600.0,23000.0,2,1,1,0.4272293847740247,Moderate,True,False,False
CHEMBL1927167,2,5.312625826994948,5.312625826994948,5.102372908709558,5.522878745280337,0.2973425285677201,5450.0,3000.0,7900.0,2,1,1,0.4205058365707792,Moderate,True,False,False
CHEMBL559456,2,5.495602007046587,5.495602007046587,5.285670240254767,5.705533773838408,0.296888351769939,3575.0,1970.0,5180.0,1,1,1,0.4198635335836416,Moderate,False,False,False
CHEMBL4648962,2,4.965443574306439,4.965443574306439,4.756961951313706,5.173925197299173,0.29483753874187857,12100.0,6700.0,17500.0,2,2,1,0.4169632459854675,Moderate,True,True,False
CHEMBL2441420,2,4.714728530059051,4.714728530059051,4.508638306165727,4.920818753952375,0.29145558970244645,21500.0,12000.0,31000.0,2,1,1,0.412180447786648,Moderate,True,False,False
CHEMBL568296,2,4.884999884343614,4.884999884343614,4.68000002720016,5.089999741487069,0.2899135782568205,14510.635,8128.31,20892.96,2,1,1,0.40999971428690873,Moderate,True,False,False
CHEMBL87045,2,4.850704444351215,4.850704444351215,4.645891560852599,5.055517327849831,0.2896491575924835,15700.0,8800.0,22600.0,2,2,1,0.4096257669972321,Moderate,True,True,False
CHEMBL3425806,2,4.727346441767088,4.727346441767088,4.522878745280337,4.931814138253839,0.28916098943874874,20850.0,11700.0,30000.0,2,1,1,0.40893539297350134,Moderate,True,False,False
CHEMBL2069504,2,7.3979400086720375,7.3979400086720375,7.1938200260161125,7.602059991327962,0.28866924782336917,44.5,25.0,64.0,1,1,1,0.40823996531184914,Moderate,False,False,False
CHEMBL4064760,2,4.847292068080982,4.847292068080982,4.6439741428068775,5.050609993355087,0.28753496739619827,15800.0,8900.0,22700.0,2,1,1,0.4066358505482093,Moderate,True,False,False
CHEMBL3775197,2,5.500000353164217,5.500000353164217,5.300000202445418,5.700000503883016,0.2828429256231892,3503.565,1995.26,5011.87,1,1,1,0.4000003014375988,Moderate,False,False,False
CHEMBL4242635,2,5.500000353164217,5.500000353164217,5.300000202445418,5.700000503883016,0.2828429256231892,3503.565,1995.26,5011.87,2,1,1,0.4000003014375988,Moderate,True,False,False
CHEMBL4241824,2,4.700000047693264,4.700000047693264,4.499999953328896,4.900000142057633,0.2828428459259891,22106.015,12589.25,31622.78,2,1,1,0.400000188728737,Moderate,True,False,False
CHEMBL4250148,2,4.700000047693264,4.700000047693264,4.499999953328896,4.900000142057633,0.2828428459259891,22106.015,12589.25,31622.78,2,1,1,0.400000188728737,Moderate,True,False,False
CHEMBL1258035,2,6.399997913127038,6.399997913127038,6.199998172182031,6.599997654072045,0.2828423461155341,441.07500000000005,251.19,630.96,1,1,1,0.39999948189001344,Moderate,False,False,False
CHEMBL2207659,2,5.699999047927856,5.699999047927856,5.499999678657065,5.899998417198648,0.28284182048881856,2210.605,1258.93,3162.28,2,1,1,0.3999987385415835,Moderate,True,False,False
CHEMBL5089410,2,5.661196523639753,5.661196523639753,5.468521082957745,5.853871964321762,0.2724842213487093,2400.0,1400.0,3400.0,2,2,1,0.3853508813640172,Moderate,True,True,False
CHEMBL4063658,2,4.474999977868874,4.474999977868874,4.2830000092535,4.666999946484248,0.27152895959107043,36823.645000000004,21527.82,52119.47,1,1,1,0.3839999372307483,Moderate,False,False,False
CHEMBL4877264,2,4.911809653878365,4.911809653878365,4.721246399047171,5.102372908709558,0.26949713947223414,13450.0,7900.0,19000.0,2,1,1,0.38112650966238704,Moderate,True,False,False
CHEMBL4644274,2,6.110924374808178,6.110924374808178,5.920818753952375,6.301029995663981,0.26884994729763434,850.0,500.0,1200.0,2,1,1,0.38021124171160636,Moderate,True,False,False
CHEMBL5590309,2,5.758356159897453,5.758356159897453,5.568636235841012,5.948076083953893,0.2683044896530117,1913.5,1127.0,2700.0,2,1,1,0.3794398481128809,Moderate,True,False,False
CHEMBL2441408,2,4.555629519658554,4.555629519658554,4.366531544420414,4.7447274948966935,0.2674249211990688,30500.0,18000.0,43000.0,2,1,1,0.37819595047627974,Moderate,True,False,False
CHEMBL498042,2,4.887345617645843,4.887345617645843,4.698970004336019,5.075721230955667,0.2664033471631028,14199.994999999999,8399.99,20000.0,1,1,1,0.376751226619648,Moderate,False,False,False
CHEMBL3422755,2,6.068934310343481,6.068934310343481,5.886056647693163,6.251811972993799,0.2586280707751715,930.0,560.0,1300.0,2,1,1,0.36575532530063626,Moderate,True,False,False
CHEMBL5422051,2,4.70446769648675,4.70446769648675,4.522878745280337,4.886056647693163,0.2568055575732152,21500.0,13000.0,30000.0,2,1,1,0.36317790241282566,Moderate,True,False,False
CHEMBL3604799,2,5.920818753952375,5.920818753952375,5.7447274948966935,6.096910013008056,0.24903064677189865,1300.0,800.0,1800.0,1,1,1,0.3521825181113627,Moderate,False,False,False
CHEMBL4641672,2,4.788295136133453,4.788295136133453,4.617982957425132,4.958607314841775,0.24085779296661886,17550.0,11000.0,24100.0,2,1,1,0.340624357416643,Moderate,True,False,False
CHEMBL1951914,2,4.789198036565084,4.789198036565084,4.619788758288394,4.958607314841775,0.23958089893073345,17500.0,11000.0,24000.0,2,1,1,0.338818556553381,Moderate,True,False,False
CHEMBL1684950,2,5.22921037802671,5.22921037802671,5.060480747381382,5.3979400086720375,0.23861973203282566,6350.0,4000.0,8700.0,2,1,1,0.33745926129065573,Moderate,True,False,False
CHEMBL2165068,2,4.07888265682638,4.07888265682638,3.913640169325252,4.2441251443275085,0.23368816690436237,89500.0,57000.0,122000.0,2,1,1,0.3304849750022565,Moderate,True,False,False
CHEMBL2022739,2,4.564999999875367,4.564999999875367,4.399999967876858,4.730000031873875,0.2333452830442848,29215.795,18620.87,39810.72,2,1,1,0.33000006399701665,Moderate,True,False,False
CHEMBL2022729,2,4.365000031985993,4.365000031985993,4.200000030616179,4.530000033355806,0.2333452397287697,46303.91,29512.09,63095.73,2,1,1,0.33000000273962726,Moderate,True,False,False
CHEMBL566759,2,5.794999533025782,5.794999533025782,5.629999780524884,5.95999928552668,0.23334488777497417,1720.355,1096.48,2344.23,2,1,1,0.32999950500179676,Moderate,True,False,False
CHEMBL3696476,2,4.492739730621038,4.492739730621038,4.327902142064283,4.657577319177793,0.23311555332583966,34500.0,22000.0,47000.0,2,1,1,0.32967517711351046,Moderate,True,False,False
CHEMBL3900159,2,4.409908379075887,4.409908379075887,4.247951552180561,4.571865205971212,0.22904154111428102,41650.0,26800.0,56500.0,2,1,1,0.32391365379065107,Moderate,True,False,False
CHEMBL2424931,2,4.075106087881157,4.075106087881157,3.913640169325252,4.236572006437063,0.22834729188279135,90000.0,58000.0,122000.0,2,1,1,0.32293183711181106,Moderate,True,False,False
CHEMBL592374,2,4.83889035263304,4.83889035263304,4.6777807052660805,5.0,0.2278434483355013,15500.0,10000.0,21000.0,2,2,1,0.3222192947339195,Moderate,True,True,False
CHEMBL3612927,2,5.159379381312206,5.159379381312206,5.0,5.318758762624412,0.22539648261435502,7400.0,4800.0,10000.0,1,1,1,0.3187587626244124,Moderate,False,False,False
CHEMBL3794155,2,5.18915226883536,5.18915226883536,5.031517051446064,5.346787486224656,0.22292986233957338,6900.0,4500.0,9300.0,2,1,1,0.31527043477859173,Moderate,True,False,False
CHEMBL498572,2,5.0749999514044175,5.0749999514044175,4.920000156997057,5.229999745811778,0.21920281141593057,8955.539999999999,5888.44,12022.64,2,2,1,0.3099995888147209,Moderate,True,True,False
CHEMBL2424933,2,3.8409057029241023,3.8409057029241023,3.686132779630847,3.995678626217358,0.21888196720945252,153500.0,101000.0,206000.0,2,1,1,0.30954584658651063,Moderate,True,False,False
CHEMBL4518492,2,8.15051499783199,8.15051499783199,8.0,8.301029995663981,0.21286035127455813,7.5,5.0,10.0,1,1,1,0.30102999566398125,Moderate,False,False,False
CHEMBL4645474,2,6.0713337517843655,6.0713337517843655,5.920818753952375,6.221848749616356,0.21286035127455813,900.0,600.0,1200.0,2,1,1,0.30102999566398125,Moderate,True,False,False
CHEMBL3774683,2,6.75000321026368,6.75000321026368,6.599997654072045,6.900008766455315,0.2121398919975298,188.54,125.89,251.19,1,1,1,0.3000111123832703,Moderate,False,False,False
CHEMBL1189679,2,5.550000344969798,5.550000344969798,5.40000018605658,5.700000503883016,0.21213225909319247,2988.165,1995.26,3981.07,2,1,1,0.3000003178264361,Moderate,True,False,False
CHEMBL2207662,2,5.150000101222709,5.150000101222709,5.0,5.300000202445418,0.21213217750649185,7505.9349999999995,5011.87,10000.0,2,1,1,0.3000002024454176,Moderate,True,False,False
CHEMBL4249172,2,4.6500000030336714,4.6500000030336714,4.499999953328896,4.800000052738446,0.21213210464913132,23735.855,15848.93,31622.78,2,1,1,0.30000009940955064,Moderate,True,False,False
CHEMBL1079980,2,5.850000251941508,5.850000251941508,5.700000503883016,6.0,0.21213167805686645,1497.63,1000.0,1995.26,1,1,1,0.2999994961169836,Low,False,False,False
CHEMBL1081868,2,5.850000251941508,5.850000251941508,5.700000503883016,6.0,0.21213167805686645,1497.63,1000.0,1995.26,1,1,1,0.2999994961169836,Low,False,False,False
CHEMBL3774411,2,5.749998900111134,5.749998900111134,5.59999938302362,5.899998417198648,0.2121313514145773,1885.4099999999999,1258.93,2511.89,1,1,1,0.2999990341750278,Low,False,False,False
CHEMBL1080846,2,6.149998801428874,6.149998801428874,6.0,6.299997602857746,0.21213033932042083,750.595,501.19,1000.0,1,1,1,0.29999760285774624,Low,False,False,False
CHEMBL5412864,2,3.7499778667006995,3.7499778667006995,3.6003262785189616,3.8996294548824375,0.21163930563728703,188500.0,126000.0,251000.0,1,1,1,0.2993031763634759,Low,False,False,False
CHEMBL4084182,2,6.516038896634742,6.516038896634742,6.366531544420413,6.665546248849069,0.2114353251759938,323.0,216.0,430.0,2,1,1,0.2990147044286564,Low,True,False,False
CHEMBL4293735,2,4.946428947083463,4.946428947083463,4.801342913045578,5.09151498112135,0.20518263704730305,11950.0,8100.0,15800.0,2,1,1,0.2901720680757718,Low,True,False,False
CHEMBL3612810,2,4.62551856937192,4.62551856937192,4.481486060122113,4.769551078621726,0.20369272800370428,25000.0,17000.0,33000.0,2,1,1,0.28806501849961297,Low,True,False,False
CHEMBL490,2,5.124675540004652,5.124675540004652,4.981744839832274,5.267606240177031,0.20213453466326017,7914.65,5400.0,10429.3,2,2,1,0.28586140034475704,Low,True,True,False
CHEMBL2207747,2,5.22372672602217,5.22372672602217,5.080921907623926,5.366531544420413,0.2019565109510226,6300.0,4300.0,8300.0,2,1,1,0.28560963679648665,Low,True,False,False
CHEMBL4215846,2,4.883501944803923,4.883501944803923,4.7447274948966935,5.022276394711152,0.19625670916966956,13750.0,9500.0,18000.0,2,1,1,0.27754889981445885,Low,True,False,False
CHEMBL4092262,2,4.8464660246693505,4.8464660246693505,4.709965388637482,4.982966660701219,0.19304105074882244,14950.0,10400.0,19500.0,2,1,1,0.2730012720637376,Low,True,False,False
CHEMBL204459,2,5.321509299503434,5.321509299503434,5.187086643357144,5.455931955649724,0.19010234341229842,5000.0,3500.0,6500.0,2,1,1,0.26884531229258,Low,True,False,False
CHEMBL513909,2,5.407484039783617,5.407484039783617,5.277366077466188,5.537602002101044,0.184014587017658,4090.0,2900.0,5280.0,2,2,1,0.26023592463485645,Low,True,True,False
CHEMBL472168,2,5.696272488392665,5.696272488392665,5.568636235841012,5.823908740944319,0.18050491940902555,2100.0,1500.0,2700.0,1,1,1,0.25527250510330646,Low,False,False,False
CHEMBL4062753,2,5.175819994509534,5.175819994509534,5.050609993355087,5.301029995663981,0.17707368177737018,6950.0,5000.0,8900.0,2,1,1,0.2504200023088945,Low,True,False,False
CHEMBL4778540,2,5.580732864744066,5.580732864744066,5.455931955649724,5.705533773838408,0.17649513823771057,2735.0,1970.0,3500.0,2,2,1,0.2496018181886841,Low,True,True,False
CHEMBL387971,2,5.151298138399756,5.151298138399756,5.026872146400301,5.275724130399211,0.1759649253973552,7350.0,5300.0,9400.0,2,1,1,0.24885198399891006,Low,True,False,False
CHEMBL3785865,2,4.461134410173804,4.461134410173804,4.337242168318426,4.585026652029182,0.17521008870468327,36000.0,26000.0,46000.0,1,1,1,0.24778448371075612,Low,False,False,False
CHEMBL4846783,2,6.008412463981093,6.008412463981093,5.886056647693163,6.130768280269024,0.17303725482962196,1020.0,740.0,1300.0,2,1,1,0.2447116325758607,Low,True,False,False
CHEMBL4855340,2,5.498269733945246,5.498269733945246,5.376750709602099,5.619788758288394,0.17185385231242506,3300.0,2400.0,4200.0,2,1,1,0.24303804868629442,Low,True,False,False
CHEMBL4086237,2,4.674564664025037,4.674564664025037,4.555955204081924,4.79317412396815,0.16773910687729893,21950.0,16100.0,27800.0,2,1,1,0.23721891988622623,Low,True,False,False
CHEMBL111,2,5.436577279675408,5.436577279675408,5.318758762624412,5.554395796726403,0.16662054471220272,3795.0,2790.0,4800.0,2,2,1,0.23563703410199022,Low,True,True,False
CHEMBL4635305,2,5.377243666092925,5.377243666092925,5.259637310505756,5.494850021680094,0.1663205030926471,4350.0,3200.0,5500.0,2,2,1,0.23521271117433784,Low,True,True,False
CHEMBL3692706,2,4.653576540361385,4.653576540361385,4.537602002101044,4.769551078621726,0.1640127648977313,23000.0,17000.0,29000.0,2,1,1,0.23194907652068153,Low,True,False,False
CHEMBL573216,2,7.035007620281611,7.035007620281611,6.919987152892072,7.15002808767115,0.1626635049327783,95.51,70.79,120.23,2,1,1,0.23004093477907794,Low,True,False,False
CHEMBL567627,2,4.654999918150695,4.654999918150695,4.539999925177879,4.769999911123512,0.16263454973496802,22911.379999999997,16982.44,28840.32,2,1,1,0.22999998594563298,Low,True,False,False
CHEMBL5409145,2,3.8641953493105836,3.8641953493105836,3.7495799976911055,3.9788107009300617,0.16209058471642704,141500.0,105000.0,178000.0,1,1,1,0.22923070323895622,Low,False,False,False
CHEMBL1097456,2,5.721475095477949,5.721475095477949,5.607303046740334,5.835647144215563,0.16146365976865587,1965.0,1460.0,2470.0,1,1,1,0.22834409747522866,Low,False,False,False
CHEMBL4636056,2,5.440372055361031,5.440372055361031,5.327902142064282,5.552841968657781,0.1590564767431889,3750.0,2800.0,4700.0,2,1,1,0.22493982659349854,Low,True,False,False
CHEMBL567202,2,4.599999926524152,4.599999926524152,4.489999942195333,4.709999910852971,0.15556346969864324,25928.91,19498.45,32359.37,2,1,1,0.21999996865763727,Low,True,False,False
CHEMBL5798072,2,4.590228032229065,4.590228032229065,4.481486060122113,4.698970004336019,0.15378437175284992,26500.0,20000.0,33000.0,1,1,1,0.21748394421390582,Low,False,False,False
CHEMBL83,2,5.9072872003601,5.9072872003601,5.800000874803203,6.014573525916998,0.15172577665974019,1275.9450000000002,967.0,1584.89,2,2,1,0.2145726511137953,Low,True,True,False
CHEMBL3794292,2,4.416341332625912,4.416341332625912,4.309803919971486,4.522878745280337,0.15066665387602773,39500.0,30000.0,49000.0,2,1,1,0.21307482530885125,Low,True,False,False
CHEMBL52627,2,7.574291321488718,7.574291321488718,7.468521082957745,7.680061560019691,0.1495817058259398,27.445,20.89,34.0,2,2,1,0.21154047706194667,Low,True,True,False
CHEMBL4095422,2,4.942194744162849,4.942194744162849,4.838631997765025,5.045757490560675,0.14645984051240987,11750.0,9000.0,14500.0,2,1,1,0.20712549279565007,Low,True,False,False
CHEMBL491571,2,2.1999999997631363,2.1999999997631363,2.0999999998492527,2.29999999967702,0.1414213561155226,6477577.345,5011872.34,7943282.35,2,1,1,0.19999999982776728,Low,True,False,False
CHEMBL1080126,2,6.299997542777145,6.299997542777145,6.199998172182031,6.399996913372259,0.14142046612438364,514.5350000000001,398.11,630.96,1,1,1,0.1999987411902282,Low,False,False,False
CHEMBL1081934,2,6.099999086091016,6.099999086091016,6.0,6.199998172182031,0.141420063774829,815.48,630.96,1000.0,1,1,1,0.1999981721820312,Low,False,False,False
CHEMBL5190339,2,4.956251263797868,4.956251263797868,4.856985199745905,5.055517327849831,0.1403834140656823,11350.0,8800.0,13900.0,1,1,1,0.19853212810392584,Low,False,False,False
CHEMBL1169572,2,6.486121397654723,6.486121397654723,6.3872161432802645,6.585026652029182,0.1398731521263203,335.0,260.0,410.0,1,1,1,0.19781050874891726,Low,False,False,False
CHEMBL5169763,2,4.938924840279597,4.938924840279597,4.841637507904751,5.036212172654444,0.13758506489160788,11800.0,9200.0,14400.0,1,1,1,0.19457466474969376,Low,False,False,False
CHEMBL3742114,2,5.969198375195812,5.969198375195812,5.872895201635192,6.065501548756432,0.13619325414899872,1100.0,860.0,1340.0,2,2,1,0.1926063471212398,Low,True,True,False
CHEMBL3422762,2,5.71382562962742,5.71382562962742,5.617982957425132,5.809668301829708,0.13554200688255458,1980.0,1550.0,2410.0,2,1,1,0.19168534440457652,Low,True,False,False
CHEMBL3957193,2,4.794190147018385,4.794190147018385,4.698970004336019,4.889410289700751,0.13466161719250322,16450.0,12900.0,20000.0,2,1,1,0.19044028536473245,Low,True,False,False
CHEMBL579072,2,4.415000026908535,4.415000026908535,4.319999993033794,4.510000060783276,0.13435033633156215,39382.98,30902.95,47863.01,2,1,1,0.19000006774948197,Low,True,False,False
CHEMBL4756869,2,5.1651091923957315,5.1651091923957315,5.070581074285707,5.259637310505756,0.13368294665680225,7000.0,5500.0,8500.0,2,2,1,0.18905623622004875,Low,True,True,False
CHEMBL4068414,2,6.78998877268406,6.78998877268406,6.699991797446187,6.879985747921933,0.12727494295395542,165.68,131.83,199.53,1,1,1,0.17999395047574573,Low,False,False,False
CHEMBL1952142,2,5.588890191961573,5.588890191961573,5.499999678657065,5.6777807052660805,0.12571016948154085,2631.1400000000003,2100.0,3162.28,2,2,1,0.17778102660901585,Low,True,True,False
CHEMBL3604801,2,5.531743128760553,5.531743128760553,5.443697499232712,5.619788758288394,0.12451532338594933,3000.0,2400.0,3600.0,1,1,1,0.17609125905568135,Low,False,False,False
CHEMBL5934097,2,6.309894379144197,6.309894379144197,6.221848749616356,6.3979400086720375,0.12451532338594933,500.0,400.0,600.0,1,1,1,0.17609125905568135,Low,False,False,False
CHEMBL6057937,2,7.911954370472159,7.911954370472159,7.823908740944319,8.0,0.12451532338594933,12.5,10.0,15.0,1,1,1,0.17609125905568135,Low,False,False,False
CHEMBL5992805,2,4.740743030061056,4.740743030061056,4.657577319177793,4.823908740944319,0.11761407625550974,18500.0,15000.0,22000.0,1,1,1,0.16633142176652527,Low,False,False,False
CHEMBL1760059,2,6.877243666092925,6.877243666092925,6.795880017344075,6.958607314841775,0.11506557554478412,135.0,110.0,160.0,1,1,1,0.16272729749769965,Low,False,False,False
CHEMBL4084106,2,5.664877073462938,5.664877073462938,5.585026652029182,5.7447274948966935,0.11292554895282483,2200.0,1800.0,2600.0,2,1,1,0.15970084286751174,Low,True,False,False
CHEMBL4216500,2,5.036058294834646,5.036058294834646,4.958607314841775,5.113509274827518,0.10953222632500617,9350.0,7700.0,11000.0,2,1,1,0.15490195998574308,Low,True,False,False
CHEMBL5438135,2,4.84518491628705,4.84518491628705,4.769551078621726,4.920818753952375,0.10696239900062693,14500.0,12000.0,17000.0,2,1,1,0.151267675330649,Low,True,False,False
CHEMBL5817627,2,4.734612093494794,4.734612093494794,4.6595558851598815,4.809668301829708,0.10614550776753529,18700.0,15500.0,21900.0,1,1,1,0.15011241666982666,Low,False,False,False
CHEMBL471994,2,6.58310781267176,6.58310781267176,6.508638306165727,6.657577319177793,0.10531578608406364,265.0,220.0,310.0,1,1,1,0.14893901301206647,Low,False,False,False
CHEMBL2146755,2,8.227965977824862,8.227965977824862,8.154901959985743,8.301029995663981,0.10332812494955197,6.0,5.0,7.0,2,2,1,0.14612803567823818,Low,True,True,False
CHEMBL4096468,2,4.926935982160881,4.926935982160881,4.853871964321762,5.0,0.10332812494955197,12000.0,10000.0,14000.0,2,1,1,0.14612803567823818,Low,True,False,False
CHEMBL5928632,2,5.076553228341687,5.076553228341687,5.004364805402449,5.1487416512809245,0.10208984676699448,8500.0,7100.0,9900.0,1,1,1,0.1443768458784751,Low,False,False,False
CHEMBL4066256,2,4.689619755002897,4.689619755002897,4.619788758288394,4.7594507517174005,0.0987559426276818,20700.0,17400.0,24000.0,2,1,1,0.13966199342900687,Low,True,False,False
CHEMBL4588384,2,5.328788659588897,5.328788659588897,5.259637310505756,5.3979400086720375,0.09779477572977402,4750.0,4000.0,5500.0,2,2,1,0.1383026981662816,Low,True,True,False
CHEMBL5778932,2,5.270663704402733,5.270663704402733,5.20690839982342,5.334419008982047,0.09016361640929241,5420.0,4630.0,6210.0,1,1,1,0.12751060915862666,Low,False,False,False
CHEMBL2069397,2,5.4604093769761874,5.4604093769761874,5.3979400086720375,5.522878745280337,0.08834502788860882,3500.0,3000.0,4000.0,1,1,1,0.1249387366082999,Low,False,False,False
CHEMBL2069398,2,5.159379381312206,5.159379381312206,5.096910013008056,5.221848749616356,0.08834502788860882,7000.0,6000.0,8000.0,1,1,1,0.1249387366082999,Low,False,False,False
CHEMBL4093031,2,4.682258126592544,4.682258126592544,4.619788758288394,4.7447274948966935,0.08834502788860882,21000.0,18000.0,24000.0,2,1,1,0.1249387366082999,Low,True,False,False
CHEMBL4442663,2,4.818194010053928,4.818194010053928,4.756961951313706,4.87942606879415,0.08659520792244886,15350.0,13200.0,17500.0,2,2,1,0.12246411748044483,Low,True,True,False
CHEMBL5893791,2,5.1468972290590145,5.1468972290590145,5.086186147616283,5.207608310501746,0.08585843476264797,7200.0,6200.0,8200.0,1,1,1,0.12142216288546237,Low,False,False,False
CHEMBL4093284,2,4.9808886808156405,4.9808886808156405,4.920818753952375,5.040958607678906,0.08495170526079016,10550.0,9100.0,12000.0,2,1,1,0.12013985372653124,Low,True,False,False
CHEMBL3093972,2,6.681675827479206,6.681675827479206,6.623423042943488,6.739928612014925,0.08238187793641091,210.0,182.0,238.0,2,2,1,0.11650556907143717,Low,True,True,False
CHEMBL488817,2,5.479481396066486,5.479481396066486,5.421360790031928,5.537602002101044,0.08219494930741585,3345.0,2900.0,3790.0,2,2,1,0.11624121206911653,Low,True,True,False
CHEMBL5896826,2,4.9430283238465815,4.9430283238465815,4.886056647693163,5.0,0.08057011708729224,11500.0,10000.0,13000.0,2,1,1,0.11394335230683694,Low,True,False,False
CHEMBL2424928,2,3.5651202026087945,3.5651202026087945,3.508638306165727,3.621602099051862,0.07987746397833882,274500.0,239000.0,310000.0,2,1,1,0.11296379288613512,Low,True,False,False
CHEMBL5927039,2,5.063980166013357,5.063980166013357,5.008773924307505,5.119186407719209,0.0780734157480629,8700.0,7600.0,9800.0,1,1,1,0.11041248341170373,Low,False,False,False
CHEMBL566543,2,4.83499991232219,4.83499991232219,4.779999975777493,4.889999848866887,0.07778165619117064,14739.185,12882.5,16595.87,2,1,1,0.10999987308939474,Low,True,False,False
CHEMBL5413224,2,4.672815454512357,4.672815454512357,4.619788758288394,4.72584215073632,0.07499107296776752,21400.0,18800.0,24000.0,2,2,1,0.10605339244792678,Low,True,True,False
CHEMBL5769402,2,5.154990609605652,5.154990609605652,5.102372908709558,5.207608310501746,0.07441266622814673,7050.0,6200.0,7900.0,1,1,1,0.10523540179218749,Low,False,False,False
CHEMBL256154,2,5.797292666524068,5.797292666524068,5.7447274948966935,5.849857838151442,0.07433837862390182,1606.5,1413.0,1800.0,1,1,1,0.10513034325474813,Low,False,False,False
CHEMBL4853672,2,5.906239639581768,5.906239639581768,5.853871964321762,5.958607314841775,0.07405907658265105,1250.0,1100.0,1400.0,2,1,1,0.10473535052001282,Low,True,False,False
CHEMBL1771097,2,5.772577569995745,5.772577569995745,5.721246399047171,5.823908740944319,0.07259323812796481,1700.0,1500.0,1900.0,1,1,1,0.10266234189714751,Low,False,False,False
CHEMBL5877282,2,4.971547574331764,4.971547574331764,4.920818753952375,5.022276394711152,0.07174138578372023,10750.0,9500.0,12000.0,1,1,1,0.1014576407587775,Low,False,False,False
CHEMBL3922156,2,4.17586586865967,4.17586586865967,4.125518182300533,4.226213555018807,0.07120238088319843,67150.0,59400.0,74900.0,2,1,1,0.100695372718274,Low,True,False,False
CHEMBL2207666,2,5.150000182721775,5.150000182721775,5.100000128334196,5.200000237109354,0.07071075503430618,7126.424999999999,6309.57,7943.28,2,2,1,0.10000010877515741,Low,True,True,False
CHEMBL4239085,2,4.449999960602877,4.449999960602877,4.399999967876858,4.499999953328896,0.07071066783169164,35716.75,31622.78,39810.72,2,1,1,0.0999999854520377,Low,True,False,False
CHEMBL3774649,2,5.449999932356823,5.449999932356823,5.40000018605658,5.499999678657065,0.07071031933301615,3571.675,3162.28,3981.07,1,1,1,0.09999949260048435,Low,False,False,False
CHEMBL3774783,2,5.849999646000926,5.849999646000926,5.800000874803203,5.899998417198648,0.0707089403298082,1421.91,1258.93,1584.89,1,1,1,0.09999754239544512,Low,False,False,False
CHEMBL3775589,2,5.849999646000926,5.849999646000926,5.800000874803203,5.899998417198648,0.0707089403298082,1421.91,1258.93,1584.89,1,1,1,0.09999754239544512,Low,False,False,False
CHEMBL3978935,2,5.805416957817734,5.805416957817734,5.756961951313706,5.853871964321762,0.0685257273628731,1575.0,1400.0,1750.0,2,2,1,0.09691001300805624,Low,True,True,False
CHEMBL6048972,2,4.872363747448347,4.872363747448347,4.823908740944319,4.920818753952375,0.0685257273628731,13500.0,12000.0,15000.0,1,1,1,0.09691001300805624,Low,False,False,False
CHEMBL2111101,2,6.434351101701188,6.434351101701188,6.3872161432802645,6.481486060122112,0.06665889746076228,370.0,330.0,410.0,2,2,1,0.09426991684184749,Low,True,True,False
CHEMBL4463663,2,5.009539493076637,5.009539493076637,4.962573502059376,5.056505484093897,0.06641994146690261,9840.0,8780.0,10900.0,2,1,1,0.0939319820345208,Low,True,False,False
CHEMBL5178777,2,4.704567941425494,4.704567941425494,4.6595558851598815,4.749579997691106,0.06365666044112997,19850.0,17800.0,21900.0,1,1,1,0.09002411253122489,Low,False,False,False
CHEMBL4638897,2,5.2167812539024645,5.2167812539024645,5.173925197299173,5.259637310505756,0.06060761647820372,6100.0,5500.0,6700.0,2,2,1,0.08571211320658279,Low,True,True,False
CHEMBL4559965,2,4.595557066320094,4.595557066320094,4.552841968657781,4.638272163982407,0.06040827043213459,25500.0,23000.0,28000.0,2,1,1,0.08543019532462637,Low,True,False,False
CHEMBL3612814,2,4.811711521471744,4.811711521471744,4.769551078621726,4.853871964321762,0.05962387007415119,15500.0,14000.0,17000.0,2,1,1,0.08432088570003593,Low,True,False,False
CHEMBL3422983,2,8.630000345299017,8.630000345299017,8.588380294036769,8.671620396561263,0.058859640961732365,2.355,2.13,2.58,1,1,1,0.08324010252449376,Low,False,False,False
CHEMBL1927162,2,5.261439372640169,5.261439372640169,5.221848749616356,5.301029995663981,0.05598959602307623,5500.0,5000.0,6000.0,2,1,1,0.07918124604762511,Low,True,False,False
CHEMBL3582336,2,4.5303901820725905,4.5303901820725905,4.492144128304169,4.568636235841013,0.05408808794655356,29600.0,27000.0,32200.0,2,1,1,0.07649210753684432,Low,True,False,False
CHEMBL568523,2,4.395000033044167,4.395000033044167,4.360000032076103,4.430000034012231,0.04949747605210755,40402.55,37153.52,43651.58,2,1,1,0.07000000193612799,Low,True,False,False
CHEMBL531475,2,5.489405350465031,5.489405350465031,5.455931955649724,5.522878745280337,0.04733852892647574,3250.0,3000.0,3500.0,2,2,1,0.06694678963061307,Low,True,True,False
CHEMBL2324256,2,6.802599111418644,6.802599111418644,6.769551078621726,6.835647144215563,0.04673697619115327,158.0,146.0,170.0,2,1,1,0.06609606559383696,Low,True,False,False
CHEMBL4789376,2,4.173393743112328,4.173393743112328,4.142667503568732,4.204119982655925,0.04345346468327905,67250.0,62500.0,72000.0,2,2,1,0.06145247908719309,Low,True,True,False
CHEMBL567417,2,5.42999999937279,5.42999999937279,5.40000018605658,5.459999812689,0.04242614286044522,3724.2200000000003,3467.37,3981.07,2,1,1,0.05999962663242009,Low,True,False,False
CHEMBL3735506,2,7.329223388945211,7.329223388945211,7.30189945437661,7.356547323513812,0.038641878844310806,46.95,44.0,49.9,2,2,1,0.05464786913720232,Low,True,True,False
CHEMBL2046888,2,5.527197737691734,5.527197737691734,5.499999678657065,5.554395796726403,0.038463863957052966,2976.1400000000003,2790.0,3162.28,1,1,1,0.05439611806933797,Low,False,False,False
CHEMBL4075906,2,5.155612172363577,5.155612172363577,5.130768280269024,5.180456064458131,0.03513456914225129,7000.0,6600.0,7400.0,2,1,1,0.04968778418910702,Low,True,False,False
CHEMBL1404,2,4.896856977793783,4.896856977793783,4.872895201635193,4.920818753952375,0.0338870688220281,12700.0,12000.0,13400.0,2,2,1,0.04792355231718215,Low,True,True,False
CHEMBL4207042,2,4.0789451182796945,4.0789451182796945,4.055517327849832,4.102372908709558,0.03313189896234746,83500.0,79000.0,88000.0,2,1,1,0.04685558085972641,Low,True,False,False
CHEMBL4470253,2,4.779152432179641,4.779152432179641,4.756961951313706,4.801342913045578,0.03138207899618783,16650.0,15800.0,17500.0,2,2,1,0.044380961731872226,Low,True,True,False
CHEMBL4297454,2,5.530740137411754,5.530740137411754,5.508638306165727,5.552841968657781,0.03125670950141258,2950.0,2800.0,3100.0,2,1,1,0.04420366249205365,Low,True,False,False
CHEMBL3221520,2,4.421848733554786,4.421848733554786,4.399999967876858,4.443697499232713,0.030898820742836997,37905.36,36000.0,39810.72,1,1,1,0.04369753135585519,Low,False,False,False
CHEMBL2046892,2,7.378277572964857,7.378277572964857,7.356547323513812,7.400007822415902,0.0307312134874186,41.905,39.81,44.0,1,1,1,0.04346049890208992,Low,False,False,False
CHEMBL2206790,2,4.6787886938674115,4.6787886938674115,4.657577319177793,4.70000006855703,0.029997413762635303,20976.309999999998,19952.62,22000.0,2,2,1,0.04242274937923618,Low,True,True,False
CHEMBL3290336,2,4.658026434624244,4.658026434624244,4.638272163982407,4.6777807052660805,0.027936757456474223,22000.0,21000.0,23000.0,2,2,1,0.03950854128367354,Low,True,True,False
CHEMBL5198665,2,4.336975516026629,4.336975516026629,4.317403708539446,4.356547323513812,0.027678715588529346,46075.0,44000.0,48150.0,2,1,1,0.039143614974365804,Low,True,False,False
CHEMBL3814374,2,4.572301001672965,4.572301001672965,4.552841968657781,4.591760034688151,0.027519228400740968,26800.0,25600.0,28000.0,2,1,1,0.03891806603037029,Low,True,False,False
CHEMBL4637576,2,5.240743030061056,5.240743030061056,5.221848749616356,5.259637310505756,0.026720547656175313,5750.0,5500.0,6000.0,2,2,1,0.03778856088939975,Low,True,True,False
CHEMBL487063,2,5.083937228732995,5.083937228732995,5.065501548756432,5.102372908709558,0.02607198865442586,8250.0,7900.0,8600.0,2,2,1,0.036871359953126515,Low,True,True,False
CHEMBL2046891,2,6.218285089309547,6.218285089309547,6.199998172182031,6.236572006437063,0.025861606215725905,605.48,580.0,630.96,1,1,1,0.03657383425503191,Low,False,False,False
CHEMBL4082282,2,4.777665384530738,4.777665384530738,4.7594507517174005,4.795880017344075,0.025759380758267527,16700.0,16000.0,17400.0,1,1,1,0.03642926562667448,Low,False,False,False
CHEMBL4537828,2,4.739104175180438,4.739104175180438,4.721246399047171,4.756961951313706,0.025254709201489072,18250.0,17500.0,19000.0,2,2,1,0.035715552266534445,Low,True,True,False
CHEMBL3937515,2,5.109271675191453,5.109271675191453,5.09151498112135,5.127028369261557,0.02511175757685059,7782.0,7464.0,8100.0,2,1,1,0.03551338814020699,Low,True,False,False
CHEMBL1782376,2,5.903437700822769,5.903437700822769,5.886056647693163,5.920818753952375,0.024580521064216015,1250.0,1200.0,1300.0,1,1,1,0.034762106259211834,Low,False,False,False
CHEMBL4069245,2,4.682258126592544,4.682258126592544,4.665546248849069,4.698970004336019,0.023634164157543328,20800.0,20000.0,21600.0,2,1,1,0.033423755486949425,Low,True,False,False
CHEMBL2046889,2,7.784760906033978,7.784760906033978,7.769551078621726,7.79997073344623,0.02150994420776096,16.425,15.85,17.0,1,1,1,0.03041965482450415,Low,False,False,False
CHEMBL5396132,2,4.537860356969059,4.537860356969059,4.522878745280337,4.552841968657781,0.021187198436397353,29000.0,28000.0,30000.0,2,1,1,0.02996322337744317,Low,True,False,False
CHEMBL3929578,2,4.690625659270356,4.690625659270356,4.675717544702307,4.705533773838407,0.021083257811548337,20400.0,19700.0,21100.0,2,1,1,0.029816229136099714,Low,True,False,False
CHEMBL4084845,2,5.508864383480216,5.508864383480216,5.494850021680094,5.522878745280337,0.01981930052573572,3100.0,3000.0,3200.0,2,2,1,0.028028723600243666,Low,True,True,False
CHEMBL1824043,2,5.058169282423191,5.058169282423191,5.045757490560675,5.070581074285707,0.017552924385322393,8750.0,8500.0,9000.0,2,2,1,0.02482358372503235,Low,True,True,False
CHEMBL4751724,2,4.8980757681268825,4.8980757681268825,4.886056647693163,4.910094888560602,0.016997603125161635,12650.0,12300.0,13000.0,2,1,1,0.024038240867438887,Low,True,False,False
CHEMBL4848514,2,5.2637680516965055,5.2637680516965055,5.251811972993799,5.275724130399211,0.016908448654166297,5450.0,5300.0,5600.0,2,1,1,0.023912157405411527,Low,True,False,False
CHEMBL2216904,2,5.029343687319669,5.029343687319669,5.017728766960431,5.040958607678906,0.016425977897917055,9350.0,9100.0,9600.0,2,1,1,0.023229840718475003,Low,True,False,False
CHEMBL1813065,2,5.011138197355576,5.011138197355576,5.0,5.022276394711152,0.015751789760643998,9750.0,9500.0,10000.0,2,2,1,0.022276394711152392,Low,True,True,False
CHEMBL3707392,2,5.232986946971932,5.232986946971932,5.221848749616356,5.2441251443275085,0.015751789760643998,5850.0,5700.0,6000.0,2,2,1,0.022276394711152392,Low,True,True,False
CHEMBL3221523,2,4.7106232338021,4.7106232338021,4.70000006855703,4.721246399047171,0.015023424364909612,19476.309999999998,19000.0,19952.62,1,1,1,0.021246330490141574,Low,False,False,False
CHEMBL5414274,2,5.667679012221937,5.667679012221937,5.657577319177793,5.6777807052660805,0.014285951305957757,2150.0,2100.0,2200.0,1,1,1,0.02020338608828709,Low,False,False,False
CHEMBL511142,2,5.109999942516765,5.109999942516765,5.100000128334196,5.119999756699334,0.01414187283819992,7764.53,7585.78,7943.28,2,2,1,0.019999628365138022,Low,True,True,False
CHEMBL2046893,2,8.609884561611619,8.609884561611619,8.599980364934842,8.619788758288394,0.014006649264706373,2.456,2.4,2.512,1,1,1,0.01980839335355178,Low,False,False,False
CHEMBL4081080,2,7.164413578642458,7.164413578642458,7.154901959985743,7.173925197299173,0.013451460104447335,68.5,67.0,70.0,2,2,1,0.01902323731343003,Low,True,True,False
CHEMBL3946901,2,6.689484600035645,6.689484600035645,6.679999195735272,6.698970004336019,0.013414387406180096,204.465,200.0,208.93,1,1,1,0.018970808600746736,Low,False,False,False
CHEMBL6043476,2,4.9300604567993815,4.9300604567993815,4.920818753952375,4.939302159646388,0.01306974150565885,11750.0,11500.0,12000.0,2,1,1,0.0184834056940133,Low,True,False,False
CHEMBL2046895,2,6.708345284371319,6.708345284371319,6.699991797446187,6.71669877129645,0.011813614502626808,195.765,192.0,199.53,1,1,1,0.016706973850262763,Low,False,False,False
CHEMBL4103004,2,5.094279528162921,5.094279528162921,5.086186147616283,5.102372908709558,0.011445768534501242,8050.0,7900.0,8200.0,2,1,1,0.016186761093274882,Low,True,False,False
CHEMBL4517408,2,5.088915960315991,5.088915960315991,5.080921907623926,5.096910013008056,0.01130529773544346,8150.0,8000.0,8300.0,2,2,1,0.01598810538412998,Low,True,True,False
CHEMBL4851581,2,5.22921037802671,5.22921037802671,5.221848749616356,5.236572006437063,0.010410914739072984,5900.0,5800.0,6000.0,2,2,1,0.014723256820706965,Low,True,True,False
CHEMBL4633136,2,4.831270369354671,4.831270369354671,4.823908740944319,4.838631997765025,0.01041091473907267,14750.0,14500.0,15000.0,2,2,1,0.014723256820706077,Low,True,True,False
CHEMBL4540218,2,5.9643035166248355,5.9643035166248355,5.958607314841775,5.969999718407896,0.00805564581561846,1085.76,1071.52,1100.0,1,1,1,0.0113924035661217,Low,False,False,False
CHEMBL1951415,2,4.563078233388282,4.563078233388282,4.557520230935552,4.568636235841013,0.007860202448354909,27350.0,27000.0,27700.0,2,1,1,0.011116004905461274,Low,True,False,False
CHEMBL3938107,2,5.915409160019882,5.915409160019882,5.90999956608739,5.920818753952375,0.007650321106262124,1215.135,1200.0,1230.27,1,1,1,0.010819187864984592,Low,False,False,False
CHEMBL4641082,2,5.392578075976151,5.392578075976151,5.3872161432802645,5.3979400086720375,0.007582917939054383,4050.0,4000.0,4100.0,2,2,1,0.010723865391772947,Low,True,True,False
CHEMBL4633141,2,4.881102503363039,4.881102503363039,4.876148359032914,4.886056647693163,0.007006218101615729,13150.0,13000.0,13300.0,2,2,1,0.009908288660248843,Low,True,True,False
CHEMBL5088392,2,5.04098483160756,5.04098483160756,5.036212172654444,5.045757490560675,0.0067495590200768694,9100.0,9000.0,9200.0,2,1,1,0.009545317906230366,Low,True,False,False
CHEMBL559251,2,5.263621775341393,5.263621775341393,5.259637310505756,5.267606240177031,0.005634884209357272,5450.0,5400.0,5500.0,2,2,1,0.007968929671275049,Low,True,True,False
CHEMBL2046890,2,7.203789475628806,7.203789475628806,7.199970640755866,7.207608310501746,0.005400648069774756,62.55,62.0,63.1,1,1,1,0.0076376697458799825,Low,False,False,False
CHEMBL3921885,2,5.5564208820982826,5.5564208820982826,5.552841968657781,5.5599997955387845,0.005061347926117263,2777.115,2754.23,2800.0,1,1,1,0.00715782688100397,Low,False,False,False
CHEMBL1957002,2,5.02343597906928,5.02343597906928,5.019999811738259,5.026872146400301,0.004859474442112993,9474.965,9400.0,9549.93,1,1,1,0.006872334662041624,Low,False,False,False
CHEMBL4554053,2,5.452966216037528,5.452966216037528,5.450000476425332,5.455931955649724,0.0041941891820347615,3524.065,3500.0,3548.13,1,1,1,0.005931479224392078,Low,False,False,False
CHEMBL4635680,2,4.654636228064817,4.654636228064817,4.651695136951839,4.657577319177793,0.004159330940146773,22150.0,22000.0,22300.0,2,2,1,0.005882182225954047,Low,True,True,False
CHEMBL243001,2,5.792940021707611,5.792940021707611,5.790000026071146,5.795880017344075,0.004157781702405688,1610.905,1600.0,1621.81,1,1,1,0.0058799912729288195,Low,False,False,False
CHEMBL12780,2,8.157460701153699,8.157460701153699,8.154901959985743,8.160019442321657,0.0036186064623275733,6.959,6.918,7.0,2,2,1,0.005117482335913692,Low,True,True,False
CHEMBL300927,2,4.127469380402163,4.127469380402163,4.1249387366083,4.130000024196025,0.003578870774815144,74565.51000000001,74131.02,75000.0,2,2,1,0.005061287587724728,Low,True,True,False
CHEMBL1956988,2,5.492424780623096,5.492424780623096,5.489999539566098,5.494850021680094,0.003429808794830688,3217.9700000000003,3200.0,3235.94,1,1,1,0.00485048211399608,Low,False,False,False
CHEMBL2046894,2,5.102288791147394,5.102288791147394,5.100000128334196,5.104577453960593,0.0032366579901238167,7901.639999999999,7860.0,7943.28,1,1,1,0.004577325626396345,Low,False,False,False
CHEMBL443476,2,7.0577495864210835,7.0577495864210835,7.055517327849831,7.059981844992337,0.003156890346190018,87.55,87.1,88.0,2,2,1,0.004464517142506175,Low,True,True,False
CHEMBL4798032,2,4.997839313108679,4.997839313108679,4.995678626217358,5.0,0.003055672705747741,10050.0,10000.0,10100.0,2,2,1,0.0043213737826421905,Low,True,True,False
CHEMBL4473519,2,5.277862255635183,5.277862255635183,5.275724130399211,5.280000380871156,0.0030237657067650474,5274.035,5248.07,5300.0,1,1,1,0.004276250471945353,Low,False,False,False
CHEMBL53871,2,4.802050200164606,4.802050200164606,4.800000052738446,4.804100347590766,0.0028993462949395274,15774.465,15700.0,15848.93,2,2,1,0.004100294852319664,Low,True,True,False
CHEMBL1956999,2,6.888036676436635,6.888036676436635,6.886056647693163,6.890016705180107,0.002800183502906858,129.41,128.82,130.0,1,1,1,0.0039600574869442795,Low,False,False,False
CHEMBL1956991,2,5.888028248280025,5.888028248280025,5.886056647693163,5.889999848866887,0.0027882642895232595,1294.125,1288.25,1300.0,1,1,1,0.0039432011737243755,Low,False,False,False
CHEMBL1956998,2,5.888028248280025,5.888028248280025,5.886056647693163,5.889999848866887,0.0027882642895232595,1294.125,1288.25,1300.0,1,1,1,0.0039432011737243755,Low,False,False,False
CHEMBL439849,2,5.2537594949355615,5.2537594949355615,5.251811972993799,5.255707016877324,0.0027542119430592543,5575.0,5550.0,5600.0,2,2,1,0.0038950438835243517,Low,True,True,False
CHEMBL4517296,2,5.191910090037293,5.191910090037293,5.190000154058473,5.1938200260161125,0.0027010573645108683,6428.27,6400.0,6456.54,1,1,1,0.0038198719576394424,Low,False,False,False
CHEMBL52999,2,7.44183562515991,7.44183562515991,7.439973751087107,7.443697499232712,0.002633087565188087,36.155,36.0,36.31,2,2,1,0.0037237481456049437,Low,True,True,False
CHEMBL1956995,2,4.868230526915262,4.868230526915262,4.866461091629782,4.869999962200743,0.0025023593784682875,13544.814999999999,13489.63,13600.0,1,1,1,0.003538870570960917,Low,False,False,False
CHEMBL284348,2,2.3582736618763778,2.3582736618763778,2.356547323513812,2.3600000002389434,0.002441411125585287,4382579.16,4365158.32,4400000.0,2,2,1,0.003452676725131276,Low,True,True,False
CHEMBL716,2,5.238285979572167,5.238285979572167,5.236572006437063,5.239999952707271,0.002423924053207708,5777.2,5754.4,5800.0,2,2,1,0.0034279462702082597,Low,True,True,False
CHEMBL1824044,2,4.887733468696958,4.887733468696958,4.886056647693163,4.889410289700751,0.0023713830052373287,12950.0,12900.0,13000.0,2,2,1,0.0033536420075881423,Low,True,True,False
CHEMBL53661,2,6.8616372411120725,6.8616372411120725,6.859995049380551,6.863279432843593,0.002322409818733991,137.51999999999998,137.0,138.04,2,2,1,0.003284383463042495,Low,True,True,False
CHEMBL1957004,2,4.791587075019647,4.791587075019647,4.790000026071145,4.79317412396815,0.002244426147122322,16159.05,16100.0,16218.1,1,1,1,0.003174097897004735,Low,False,False,False
CHEMBL4641148,2,4.385633045811932,4.385633045811932,4.384049948343599,4.3872161432802645,0.0022388379102742002,41150.0,41000.0,41300.0,2,2,1,0.0031661949366652564,Low,True,True,False
CHEMBL4565200,2,6.551419669242297,6.551419669242297,6.549997369826814,6.552841968657781,0.0020114351231318513,280.91999999999996,280.0,281.84,1,1,1,0.0028445988309666603,Low,False,False,False
CHEMBL52832,2,6.338620224107771,6.338620224107771,6.337242168318426,6.339998279897117,0.0019488651869991203,458.54499999999996,457.09,460.0,2,2,1,0.002756111578690934,Low,True,True,False
CHEMBL415944,2,6.881357226133084,6.881357226133084,6.879985747921933,6.882728704344236,0.0019395630867094387,131.41500000000002,131.0,131.83,2,2,1,0.0027429564223027114,Low,True,True,False
CHEMBL55835,2,6.2386606944899174,6.2386606944899174,6.237321436272564,6.239999952707271,0.0018939971345012176,577.22,575.44,579.0,2,2,1,0.0026785164347069568,Low,True,True,False
CHEMBL4638321,2,4.308478500347128,4.308478500347128,4.30715308072277,4.309803919971486,0.001874426408602464,49150.0,49000.0,49300.0,2,2,1,0.002650839248715897,Low,True,True,False
CHEMBL298978,2,8.208802395055628,8.208802395055628,8.207608310501746,8.20999647960951,0.0016886905707202014,6.183,6.166,6.2,2,2,1,0.002388169107764071,Low,True,True,False
CHEMBL43,2,6.678889950500676,6.678889950500676,6.6777807052660805,6.679999195735272,0.0015687096547630608,209.465,208.93,210.0,2,2,1,0.0022184904691915364,Low,True,True,False
CHEMBL4640061,2,4.310692048984388,4.310692048984388,4.309803919971486,4.311580177997289,0.0012560040951822926,48900.0,48800.0,49000.0,2,2,1,0.001776258025802946,Low,True,True,False
CHEMBL301956,2,7.9593983803467125,7.9593983803467125,7.958607314841775,7.96018944585165,0.001118735565807763,10.98,10.96,11.0,2,2,1,0.0015821310098749208,Low,True,True,False
CHEMBL1956989,2,5.509318832137387,5.509318832137387,5.508638306165727,5.509999358109048,0.0009624090586696674,3095.15,3090.3,3100.0,1,1,1,0.0013610519433209234,Low,False,False,False
CHEMBL60889,2,5.319379423197597,5.319379423197597,5.318758762624412,5.320000083770781,0.0008777466002273792,4793.15,4786.3,4800.0,2,2,1,0.0012413211463684348,Low,True,True,False
CHEMBL3814424,2,5.43121218315898,5.43121218315898,5.430626090384954,5.431798275933005,0.0008288603498354862,3705.0,3700.0,3710.0,2,2,1,0.0011721855480510968,Low,True,True,False
CHEMBL556312,2,7.629487265191106,7.629487265191106,7.628932137728263,7.630042392653947,0.0007850687867964957,23.47,23.44,23.5,2,2,1,0.00111025492568384,Low,True,True,False
CHEMBL3091687,2,5.050122569489481,5.050122569489481,5.049635145623877,5.050609993355087,0.0006893214413631741,8910.0,8900.0,8920.0,2,2,1,0.0009748477312099268,Low,True,True,False
CHEMBL4636306,2,4.327440617467693,4.327440617467693,4.326979092871103,4.327902142064283,0.0006526943438660221,47050.0,47000.0,47100.0,2,2,1,0.000923049193179537,Low,True,True,False
CHEMBL488468,2,5.713993110622622,5.713993110622622,5.713543530253017,5.714442690992226,0.0006358026560714191,1932.0,1930.0,1934.0,2,2,1,0.0008991607392090373,Low,True,True,False
CHEMBL1095819,2,6.142366119424651,6.142366119424651,6.142064735280571,6.142667503568731,0.0004262215440424369,720.5,720.0,721.0,2,2,1,0.0006027682881599716,Low,True,True,False
CHEMBL4099387,2,6.060241268734609,6.060241268734609,6.060001790087838,6.060480747381382,0.0003386739501641673,870.48,870.0,870.96,1,1,1,0.00047895729354419103,Low,False,False,False
CHEMBL4465428,2,3.9505881823674223,3.9505881823674223,3.9503943874050265,3.950781977329818,0.00027406746413972304,112050.0,112000.0,112100.0,2,2,1,0.00038758992479159815,Low,True,True,False
CHEMBL3323084,2,4.920999785426764,4.920999785426764,4.920818753952375,4.921180816901152,0.00025601716629618097,11995.0,11990.0,12000.0,2,1,1,0.0003620629487768312,Low,True,False,False
CHEMBL273235,2,6.69018895189646,6.69018895189646,6.69000807121882,6.690369832574101,0.00025580390749034343,204.08499999999998,204.0,204.17,2,2,1,0.0003617613552808763,Low,True,True,False
CHEMBL1957012,2,4.600163176562569,4.600163176562569,4.600000074606178,4.600326278518962,0.00023066099877933676,25109.43,25100.0,25118.86,1,1,1,0.0003262039127838179,Low,False,False,False
CHEMBL1957001,2,5.619894643379946,5.619894643379946,5.619788758288394,5.620000528471499,0.00014974413252668436,2399.415,2398.83,2400.0,1,1,1,0.00021177018310503115,Low,False,False,False
CHEMBL1688,2,3.8751699320367345,3.8751699320367345,3.8751698505861407,3.875170013487328,1.151885339798256e-07,133299.975,133299.95,133300.0,1,1,1,1.6290118720618807e-07,Low,False,False,False
CHEMBL1080787,2,4.698970004336019,4.698970004336019,4.698970004336019,4.698970004336019,0.0,20000.0,20000.0,20000.0,2,2,1,0.0,Low,True,True,False
CHEMBL1082723,2,4.516555351901465,4.516555351901465,4.516555351901465,4.516555351901465,0.0,30440.0,30440.0,30440.0,2,2,1,0.0,Low,True,True,False
CHEMBL1088949,2,5.318758762624412,5.318758762624412,5.318758762624412,5.318758762624412,0.0,4800.0,4800.0,4800.0,2,2,1,0.0,Low,True,True,False
CHEMBL1089078,2,5.103473782510445,5.103473782510445,5.103473782510445,5.103473782510445,0.0,7880.0,7880.0,7880.0,2,2,1,0.0,Low,True,True,False
CHEMBL1091605,2,4.522878745280337,4.522878745280337,4.522878745280337,4.522878745280337,0.0,30000.0,30000.0,30000.0,2,2,1,0.0,Low,True,True,False
CHEMBL1091834,2,5.41907502432438,5.41907502432438,5.41907502432438,5.41907502432438,0.0,3810.0,3810.0,3810.0,2,2,1,0.0,Low,True,True,False
CHEMBL1091836,2,6.415668775632469,6.415668775632469,6.415668775632469,6.415668775632469,0.0,384.0,384.0,384.0,2,2,1,0.0,Low,True,True,False
CHEMBL1092105,2,5.177178354696896,5.177178354696896,5.177178354696896,5.177178354696896,0.0,6650.0,6650.0,6650.0,2,2,1,0.0,Low,True,True,False
CHEMBL1092106,2,5.036684488613888,5.036684488613888,5.036684488613888,5.036684488613888,0.0,9190.0,9190.0,9190.0,2,2,1,0.0,Low,True,True,False
CHEMBL1092108,2,5.636388020107855,5.636388020107855,5.636388020107855,5.636388020107855,0.0,2310.0,2310.0,2310.0,2,2,1,0.0,Low,True,True,False
CHEMBL1092109,2,4.860120913598763,4.860120913598763,4.860120913598763,4.860120913598763,0.0,13800.0,13800.0,13800.0,2,2,1,0.0,Low,True,True,False
CHEMBL1093113,2,4.896196279044043,4.896196279044043,4.896196279044043,4.896196279044043,0.0,12700.0,12700.0,12700.0,2,2,1,0.0,Low,True,True,False
CHEMBL1093696,2,4.920818753952375,4.920818753952375,4.920818753952375,4.920818753952375,0.0,12000.0,12000.0,12000.0,2,2,1,0.0,Low,True,True,False
CHEMBL1094028,2,6.7495799976911055,6.7495799976911055,6.7495799976911055,6.7495799976911055,0.0,178.0,178.0,178.0,2,2,1,0.0,Low,True,True,False
CHEMBL1094029,2,6.72584215073632,6.72584215073632,6.72584215073632,6.72584215073632,0.0,188.0,188.0,188.0,2,2,1,0.0,Low,True,True,False
CHEMBL1094030,2,6.694648630553376,6.694648630553376,6.694648630553376,6.694648630553376,0.0,202.0,202.0,202.0,2,2,1,0.0,Low,True,True,False
CHEMBL1214598,2,6.267606240177031,6.267606240177031,6.267606240177031,6.267606240177031,0.0,540.0,540.0,540.0,2,1,1,0.0,Low,True,False,False
CHEMBL12186,2,8.0,8.0,8.0,8.0,0.0,10.0,10.0,10.0,2,2,1,0.0,Low,True,True,False
CHEMBL1230468,2,4.552841968657781,4.552841968657781,4.552841968657781,4.552841968657781,0.0,28000.0,28000.0,28000.0,2,2,1,0.0,Low,True,True,False
CHEMBL1236904,2,5.522878745280337,5.522878745280337,5.522878745280337,5.522878745280337,0.0,3000.0,3000.0,3000.0,2,2,1,0.0,Low,True,True,False
CHEMBL1614712,2,6.886056647693163,6.886056647693163,6.886056647693163,6.886056647693163,0.0,130.0,130.0,130.0,2,2,1,0.0,Low,True,True,False
CHEMBL163238,2,4.6899999882307535,4.6899999882307535,4.6899999882307535,4.6899999882307535,0.0,20417.38,20417.38,20417.38,2,2,1,0.0,Low,True,True,False
CHEMBL1642258,2,5.4089353929735005,5.4089353929735005,5.4089353929735005,5.4089353929735005,0.0,3900.0,3900.0,3900.0,2,2,1,0.0,Low,True,True,False
CHEMBL1683351,2,5.130768280269024,5.130768280269024,5.130768280269024,5.130768280269024,0.0,7400.0,7400.0,7400.0,2,2,1,0.0,Low,True,True,False
CHEMBL16900,2,5.221848749616356,5.221848749616356,5.221848749616356,5.221848749616356,0.0,6000.0,6000.0,6000.0,2,2,1,0.0,Low,True,True,False
CHEMBL1824041,2,4.3872161432802645,4.3872161432802645,4.3872161432802645,4.3872161432802645,0.0,41000.0,41000.0,41000.0,2,2,1,0.0,Low,True,True,False
CHEMBL1916542,2,4.721246399047171,4.721246399047171,4.721246399047171,4.721246399047171,0.0,19000.0,19000.0,19000.0,2,2,1,0.0,Low,True,True,False
CHEMBL1927163,2,5.698970004336019,5.698970004336019,5.698970004336019,5.698970004336019,0.0,2000.0,2000.0,2000.0,2,1,1,0.0,Low,True,False,False
CHEMBL1950351,2,5.508638306165727,5.508638306165727,5.508638306165727,5.508638306165727,0.0,3100.0,3100.0,3100.0,2,2,1,0.0,Low,True,True,False
CHEMBL1957287,2,6.0999990348465305,6.0999990348465305,6.0999990348465305,6.0999990348465305,0.0,794.33,794.33,794.33,2,2,1,0.0,Low,True,True,False
CHEMBL2022496,2,5.100000128334196,5.100000128334196,5.100000128334196,5.100000128334196,0.0,7943.28,7943.28,7943.28,2,2,1,0.0,Low,True,True,False
CHEMBL2022497,2,4.499999953328896,4.499999953328896,4.499999953328896,4.499999953328896,0.0,31622.78,31622.78,31622.78,2,2,1,0.0,Low,True,True,False
CHEMBL2022499,2,5.100000128334196,5.100000128334196,5.100000128334196,5.100000128334196,0.0,7943.28,7943.28,7943.28,2,2,1,0.0,Low,True,True,False
CHEMBL2022733,2,4.900000142057633,4.900000142057633,4.900000142057633,4.900000142057633,0.0,12589.25,12589.25,12589.25,2,1,1,0.0,Low,True,False,False
CHEMBL2041193,2,4.657577319177793,4.657577319177793,4.657577319177793,4.657577319177793,0.0,22000.0,22000.0,22000.0,2,2,1,0.0,Low,True,True,False
CHEMBL2041933,2,4.823908740944319,4.823908740944319,4.823908740944319,4.823908740944319,0.0,15000.0,15000.0,15000.0,2,2,1,0.0,Low,True,True,False
CHEMBL2058833,2,4.872895201635193,4.872895201635193,4.872895201635193,4.872895201635193,0.0,13400.0,13400.0,13400.0,2,2,1,0.0,Low,True,True,False
CHEMBL2069502,2,6.42021640338319,6.42021640338319,6.42021640338319,6.42021640338319,0.0,380.0,380.0,380.0,2,2,1,0.0,Low,True,True,False
CHEMBL2078876,2,6.3979400086720375,6.3979400086720375,6.3979400086720375,6.3979400086720375,0.0,400.0,400.0,400.0,2,2,1,0.0,Low,True,True,False
CHEMBL209821,2,5.42021640338319,5.42021640338319,5.42021640338319,5.42021640338319,0.0,3800.0,3800.0,3800.0,2,2,1,0.0,Low,True,True,False
CHEMBL210537,2,6.522878745280337,6.522878745280337,6.522878745280337,6.522878745280337,0.0,300.0,300.0,300.0,2,2,1,0.0,Low,True,True,False
CHEMBL214323,2,5.769551078621726,5.769551078621726,5.769551078621726,5.769551078621726,0.0,1700.0,1700.0,1700.0,2,2,1,0.0,Low,True,True,False
CHEMBL214629,2,5.09151498112135,5.09151498112135,5.09151498112135,5.09151498112135,0.0,8100.0,8100.0,8100.0,2,2,1,0.0,Low,True,True,False
CHEMBL2146757,2,8.045757490560675,8.045757490560675,8.045757490560675,8.045757490560675,0.0,9.0,9.0,9.0,2,2,1,0.0,Low,True,True,False
CHEMBL2146851,2,7.376750709602099,7.376750709602099,7.376750709602099,7.376750709602099,0.0,42.0,42.0,42.0,2,2,1,0.0,Low,True,True,False
CHEMBL2146870,2,5.721246399047171,5.721246399047171,5.721246399047171,5.721246399047171,0.0,1900.0,1900.0,1900.0,2,2,1,0.0,Low,True,True,False
CHEMBL2146871,2,6.366531544420413,6.366531544420413,6.366531544420413,6.366531544420413,0.0,430.0,430.0,430.0,2,2,1,0.0,Low,True,True,False
CHEMBL2146872,2,6.552841968657781,6.552841968657781,6.552841968657781,6.552841968657781,0.0,280.0,280.0,280.0,2,2,1,0.0,Low,True,True,False
CHEMBL2146873,2,6.769551078621726,6.769551078621726,6.769551078621726,6.769551078621726,0.0,170.0,170.0,170.0,2,2,1,0.0,Low,True,True,False
CHEMBL2146876,2,5.795880017344075,5.795880017344075,5.795880017344075,5.795880017344075,0.0,1600.0,1600.0,1600.0,2,2,1,0.0,Low,True,True,False
CHEMBL2151164,2,5.070581074285707,5.070581074285707,5.070581074285707,5.070581074285707,0.0,8500.0,8500.0,8500.0,2,2,1,0.0,Low,True,True,False
CHEMBL2165064,2,3.632644078973981,3.632644078973981,3.632644078973981,3.632644078973981,0.0,233000.0,233000.0,233000.0,2,2,1,0.0,Low,True,True,False
CHEMBL218974,2,4.978810700930062,4.978810700930062,4.978810700930062,4.978810700930062,0.0,10500.0,10500.0,10500.0,2,2,1,0.0,Low,True,True,False
CHEMBL2207500,2,4.958607314841775,4.958607314841775,4.958607314841775,4.958607314841775,0.0,11000.0,11000.0,11000.0,2,2,1,0.0,Low,True,True,False
CHEMBL2207501,2,5.022276394711152,5.022276394711152,5.022276394711152,5.022276394711152,0.0,9500.0,9500.0,9500.0,2,2,1,0.0,Low,True,True,False
CHEMBL2207658,2,5.499999678657065,5.499999678657065,5.499999678657065,5.499999678657065,0.0,3162.28,3162.28,3162.28,2,1,1,0.0,Low,True,False,False
CHEMBL2207663,2,5.0,5.0,5.0,5.0,0.0,10000.0,10000.0,10000.0,2,1,1,0.0,Low,True,False,False
CHEMBL2325697,2,4.301029995663981,4.301029995663981,4.301029995663981,4.301029995663981,0.0,50000.0,50000.0,50000.0,2,2,1,0.0,Low,True,True,False
CHEMBL237119,2,5.337242168318426,5.337242168318426,5.337242168318426,5.337242168318426,0.0,4600.0,4600.0,4600.0,2,2,1,0.0,Low,True,True,False
CHEMBL237336,2,5.958607314841775,5.958607314841775,5.958607314841775,5.958607314841775,0.0,1100.0,1100.0,1100.0,2,2,1,0.0,Low,True,True,False
CHEMBL2382287,2,4.603800652904264,4.603800652904264,4.603800652904264,4.603800652904264,0.0,24900.0,24900.0,24900.0,2,2,1,0.0,Low,True,True,False
CHEMBL2382343,2,4.3223930472795065,4.3223930472795065,4.3223930472795065,4.3223930472795065,0.0,47600.0,47600.0,47600.0,2,2,1,0.0,Low,True,True,False
CHEMBL2382345,2,5.001304841688344,5.001304841688344,5.001304841688344,5.001304841688344,0.0,9970.0,9970.0,9970.0,2,2,1,0.0,Low,True,True,False
CHEMBL2407174,2,5.539102157243452,5.539102157243452,5.539102157243452,5.539102157243452,0.0,2890.0,2890.0,2890.0,2,2,1,0.0,Low,True,True,False
CHEMBL2426288,2,5.376750709602099,5.376750709602099,5.376750709602099,5.376750709602099,0.0,4200.0,4200.0,4200.0,2,2,1,0.0,Low,True,True,False
CHEMBL2426677,2,5.537602002101044,5.537602002101044,5.537602002101044,5.537602002101044,0.0,2900.0,2900.0,2900.0,2,2,1,0.0,Low,True,True,False
CHEMBL250125,2,5.0,5.0,5.0,5.0,0.0,10000.0,10000.0,10000.0,2,2,1,0.0,Low,True,True,False
CHEMBL250689,2,6.3979400086720375,6.3979400086720375,6.3979400086720375,6.3979400086720375,0.0,400.0,400.0,400.0,2,2,1,0.0,Low,True,True,False
CHEMBL257023,2,4.721246399047171,4.721246399047171,4.721246399047171,4.721246399047171,0.0,19000.0,19000.0,19000.0,2,2,1,0.0,Low,True,True,False
CHEMBL272150,2,5.700000503883016,5.700000503883016,5.700000503883016,5.700000503883016,0.0,1995.26,1995.26,1995.26,2,2,1,0.0,Low,True,True,False
CHEMBL3120274,2,5.568636235841012,5.568636235841012,5.568636235841012,5.568636235841012,0.0,2700.0,2700.0,2700.0,2,2,1,0.0,Low,True,True,False
CHEMBL3128178,2,5.214670164989233,5.214670164989233,5.214670164989233,5.214670164989233,0.0,6100.0,6100.0,6100.0,2,2,1,0.0,Low,True,True,False
CHEMBL3217922,2,5.161150909262744,5.161150909262744,5.161150909262744,5.161150909262744,0.0,6900.0,6900.0,6900.0,2,2,1,0.0,Low,True,True,False
CHEMBL3217923,2,5.1249387366083,5.1249387366083,5.1249387366083,5.1249387366083,0.0,7500.0,7500.0,7500.0,2,2,1,0.0,Low,True,True,False
CHEMBL3217925,2,4.154901959985743,4.154901959985743,4.154901959985743,4.154901959985743,0.0,70000.0,70000.0,70000.0,2,2,1,0.0,Low,True,True,False
CHEMBL3218816,2,4.7447274948966935,4.7447274948966935,4.7447274948966935,4.7447274948966935,0.0,18000.0,18000.0,18000.0,2,2,1,0.0,Low,True,True,False
CHEMBL3221493,2,4.200000030616179,4.200000030616179,4.200000030616179,4.200000030616179,0.0,63095.73,63095.73,63095.73,2,2,1,0.0,Low,True,True,False
CHEMBL3221496,2,4.100000018985305,4.100000018985305,4.100000018985305,4.100000018985305,0.0,79432.82,79432.82,79432.82,2,2,1,0.0,Low,True,True,False
CHEMBL3221502,2,4.300000029139089,4.300000029139089,4.300000029139089,4.300000029139089,0.0,50118.72,50118.72,50118.72,2,2,1,0.0,Low,True,True,False
CHEMBL3260567,2,4.508078287413849,4.508078287413849,4.508078287413849,4.508078287413849,0.0,31040.0,31040.0,31040.0,2,2,1,0.0,Low,True,True,False
CHEMBL3262624,2,4.603800652904264,4.603800652904264,4.603800652904264,4.603800652904264,0.0,24900.0,24900.0,24900.0,2,2,1,0.0,Low,True,True,False
CHEMBL3262896,2,5.795880017344075,5.795880017344075,5.795880017344075,5.795880017344075,0.0,1600.0,1600.0,1600.0,2,2,1,0.0,Low,True,True,False
CHEMBL3289440,2,5.721246399047171,5.721246399047171,5.721246399047171,5.721246399047171,0.0,1900.0,1900.0,1900.0,2,2,1,0.0,Low,True,True,False
CHEMBL3301607,2,4.070581074285707,4.070581074285707,4.070581074285707,4.070581074285707,0.0,85000.0,85000.0,85000.0,2,2,1,0.0,Low,True,True,False
CHEMBL3318989,2,6.0,6.0,6.0,6.0,0.0,1000.0,1000.0,1000.0,2,2,1,0.0,Low,True,True,False
CHEMBL3353406,2,5.366531544420413,5.366531544420413,5.366531544420413,5.366531544420413,0.0,4300.0,4300.0,4300.0,2,2,1,0.0,Low,True,True,False
CHEMBL3353407,2,5.130768280269024,5.130768280269024,5.130768280269024,5.130768280269024,0.0,7400.0,7400.0,7400.0,2,2,1,0.0,Low,True,True,False
CHEMBL3353408,2,4.8297382846050425,4.8297382846050425,4.8297382846050425,4.8297382846050425,0.0,14800.0,14800.0,14800.0,2,2,1,0.0,Low,True,True,False
CHEMBL3353409,2,4.806875401645539,4.806875401645539,4.806875401645539,4.806875401645539,0.0,15600.0,15600.0,15600.0,2,2,1,0.0,Low,True,True,False
CHEMBL3355639,2,6.3979400086720375,6.3979400086720375,6.3979400086720375,6.3979400086720375,0.0,400.0,400.0,400.0,2,2,1,0.0,Low,True,True,False
CHEMBL3415610,2,4.657577319177793,4.657577319177793,4.657577319177793,4.657577319177793,0.0,22000.0,22000.0,22000.0,2,2,1,0.0,Low,True,True,False
CHEMBL3422009,2,5.853871964321762,5.853871964321762,5.853871964321762,5.853871964321762,0.0,1400.0,1400.0,1400.0,2,2,1,0.0,Low,True,True,False
CHEMBL3422010,2,4.619788758288394,4.619788758288394,4.619788758288394,4.619788758288394,0.0,24000.0,24000.0,24000.0,2,2,1,0.0,Low,True,True,False
CHEMBL3593771,2,4.872895201635193,4.872895201635193,4.872895201635193,4.872895201635193,0.0,13400.0,13400.0,13400.0,2,2,1,0.0,Low,True,True,False
CHEMBL3604734,2,6.399996913372259,6.399996913372259,6.399996913372259,6.399996913372259,0.0,398.11,398.11,398.11,2,2,1,0.0,Low,True,True,False
CHEMBL3608684,2,4.301029995663981,4.301029995663981,4.301029995663981,4.301029995663981,0.0,50000.0,50000.0,50000.0,2,2,1,0.0,Low,True,True,False
CHEMBL3650825,2,5.308918507877031,5.308918507877031,5.308918507877031,5.308918507877031,0.0,4910.0,4910.0,4910.0,2,2,1,0.0,Low,True,True,False
CHEMBL3650827,2,5.437707135543525,5.437707135543525,5.437707135543525,5.437707135543525,0.0,3650.0,3650.0,3650.0,2,2,1,0.0,Low,True,True,False
CHEMBL3650830,2,5.371611069949688,5.371611069949688,5.371611069949688,5.371611069949688,0.0,4250.0,4250.0,4250.0,2,2,1,0.0,Low,True,True,False
CHEMBL3650831,2,5.111820506081675,5.111820506081675,5.111820506081675,5.111820506081675,0.0,7730.0,7730.0,7730.0,2,2,1,0.0,Low,True,True,False
CHEMBL3650834,2,5.282329496997738,5.282329496997738,5.282329496997738,5.282329496997738,0.0,5220.0,5220.0,5220.0,2,2,1,0.0,Low,True,True,False
CHEMBL3650838,2,5.431798275933005,5.431798275933005,5.431798275933005,5.431798275933005,0.0,3700.0,3700.0,3700.0,2,2,1,0.0,Low,True,True,False
CHEMBL3650845,2,4.684659523372712,4.684659523372712,4.684659523372712,4.684659523372712,0.0,20670.0,20670.0,20670.0,2,2,1,0.0,Low,True,True,False
CHEMBL3650848,2,5.488116639021126,5.488116639021126,5.488116639021126,5.488116639021126,0.0,3250.0,3250.0,3250.0,2,2,1,0.0,Low,True,True,False
CHEMBL3650850,2,4.682563503464901,4.682563503464901,4.682563503464901,4.682563503464901,0.0,20770.0,20770.0,20770.0,2,2,1,0.0,Low,True,True,False
CHEMBL3650851,2,4.82102305270683,4.82102305270683,4.82102305270683,4.82102305270683,0.0,15100.0,15100.0,15100.0,2,2,1,0.0,Low,True,True,False
CHEMBL3663684,2,4.96738123914928,4.96738123914928,4.96738123914928,4.96738123914928,0.0,10780.0,10780.0,10780.0,2,2,1,0.0,Low,True,True,False
CHEMBL3664031,2,5.376750709602099,5.376750709602099,5.376750709602099,5.376750709602099,0.0,4200.0,4200.0,4200.0,2,2,1,0.0,Low,True,True,False
CHEMBL3675746,2,6.0,6.0,6.0,6.0,0.0,1000.0,1000.0,1000.0,2,2,1,0.0,Low,True,True,False
CHEMBL3703220,2,5.100726812682396,5.100726812682396,5.100726812682396,5.100726812682396,0.0,7930.0,7930.0,7930.0,2,2,1,0.0,Low,True,True,False
CHEMBL3703237,2,5.66354026615147,5.66354026615147,5.66354026615147,5.66354026615147,0.0,2170.0,2170.0,2170.0,2,2,1,0.0,Low,True,True,False
CHEMBL3703255,2,5.026872146400301,5.026872146400301,5.026872146400301,5.026872146400301,0.0,9400.0,9400.0,9400.0,2,2,1,0.0,Low,True,True,False
CHEMBL3703258,2,5.458420756053419,5.458420756053419,5.458420756053419,5.458420756053419,0.0,3480.0,3480.0,3480.0,2,2,1,0.0,Low,True,True,False
CHEMBL3703259,2,5.235823867609669,5.235823867609669,5.235823867609669,5.235823867609669,0.0,5810.0,5810.0,5810.0,2,2,1,0.0,Low,True,True,False
CHEMBL3703260,2,5.161150909262744,5.161150909262744,5.161150909262744,5.161150909262744,0.0,6900.0,6900.0,6900.0,2,2,1,0.0,Low,True,True,False
CHEMBL3703261,2,5.555955204081924,5.555955204081924,5.555955204081924,5.555955204081924,0.0,2780.0,2780.0,2780.0,2,2,1,0.0,Low,True,True,False
CHEMBL3703262,2,5.035269078946371,5.035269078946371,5.035269078946371,5.035269078946371,0.0,9220.0,9220.0,9220.0,2,2,1,0.0,Low,True,True,False
CHEMBL3703263,2,5.3535962737769305,5.3535962737769305,5.3535962737769305,5.3535962737769305,0.0,4430.0,4430.0,4430.0,2,2,1,0.0,Low,True,True,False
CHEMBL3703264,2,5.348721986001856,5.348721986001856,5.348721986001856,5.348721986001856,0.0,4480.0,4480.0,4480.0,2,2,1,0.0,Low,True,True,False
CHEMBL3703265,2,5.777283528852417,5.777283528852417,5.777283528852417,5.777283528852417,0.0,1670.0,1670.0,1670.0,2,2,1,0.0,Low,True,True,False
CHEMBL3703266,2,5.010105436281227,5.010105436281227,5.010105436281227,5.010105436281227,0.0,9770.0,9770.0,9770.0,2,2,1,0.0,Low,True,True,False
CHEMBL3703268,2,5.2182446253475305,5.2182446253475305,5.2182446253475305,5.2182446253475305,0.0,6050.0,6050.0,6050.0,2,2,1,0.0,Low,True,True,False
CHEMBL3703271,2,5.0851281824599495,5.0851281824599495,5.0851281824599495,5.0851281824599495,0.0,8220.0,8220.0,8220.0,2,2,1,0.0,Low,True,True,False
CHEMBL3703285,2,5.100179497572904,5.100179497572904,5.100179497572904,5.100179497572904,0.0,7940.0,7940.0,7940.0,2,2,1,0.0,Low,True,True,False
CHEMBL3703289,2,5.272458742971444,5.272458742971444,5.272458742971444,5.272458742971444,0.0,5340.0,5340.0,5340.0,2,2,1,0.0,Low,True,True,False
CHEMBL3703295,2,5.277366077466188,5.277366077466188,5.277366077466188,5.277366077466188,0.0,5280.0,5280.0,5280.0,2,2,1,0.0,Low,True,True,False
CHEMBL3703298,2,5.488116639021126,5.488116639021126,5.488116639021126,5.488116639021126,0.0,3250.0,3250.0,3250.0,2,2,1,0.0,Low,True,True,False
CHEMBL3703299,2,5.102372908709558,5.102372908709558,5.102372908709558,5.102372908709558,0.0,7900.0,7900.0,7900.0,2,2,1,0.0,Low,True,True,False
CHEMBL3703300,2,5.2403321553103694,5.2403321553103694,5.2403321553103694,5.2403321553103694,0.0,5750.0,5750.0,5750.0,2,2,1,0.0,Low,True,True,False
CHEMBL3703301,2,5.536107011014092,5.536107011014092,5.536107011014092,5.536107011014092,0.0,2910.0,2910.0,2910.0,2,2,1,0.0,Low,True,True,False
CHEMBL3703304,2,5.364516253185088,5.364516253185088,5.364516253185088,5.364516253185088,0.0,4320.0,4320.0,4320.0,2,2,1,0.0,Low,True,True,False
CHEMBL3754515,2,5.7447274948966935,5.7447274948966935,5.7447274948966935,5.7447274948966935,0.0,1800.0,1800.0,1800.0,2,2,1,0.0,Low,True,True,False
CHEMBL377566,2,4.714442690992226,4.714442690992226,4.714442690992226,4.714442690992226,0.0,19300.0,19300.0,19300.0,2,2,1,0.0,Low,True,True,False
CHEMBL3793380,2,4.2839966563652006,4.2839966563652006,4.2839966563652006,4.2839966563652006,0.0,52000.0,52000.0,52000.0,2,1,1,0.0,Low,True,False,False
CHEMBL3827961,2,5.494850021680094,5.494850021680094,5.494850021680094,5.494850021680094,0.0,3200.0,3200.0,3200.0,2,2,1,0.0,Low,True,True,False
CHEMBL3828585,2,5.853871964321762,5.853871964321762,5.853871964321762,5.853871964321762,0.0,1400.0,1400.0,1400.0,2,2,1,0.0,Low,True,True,False
CHEMBL384400,2,5.481486060122112,5.481486060122112,5.481486060122112,5.481486060122112,0.0,3300.0,3300.0,3300.0,2,2,1,0.0,Low,True,True,False
CHEMBL3933749,2,4.692503962086787,4.692503962086787,4.692503962086787,4.692503962086787,0.0,20300.0,20300.0,20300.0,2,2,1,0.0,Low,True,True,False
CHEMBL393718,2,5.455931955649724,5.455931955649724,5.455931955649724,5.455931955649724,0.0,3500.0,3500.0,3500.0,2,2,1,0.0,Low,True,True,False
CHEMBL3967984,2,5.045757490560675,5.045757490560675,5.045757490560675,5.045757490560675,0.0,9000.0,9000.0,9000.0,2,2,1,0.0,Low,True,True,False
CHEMBL3973534,2,6.301029995663981,6.301029995663981,6.301029995663981,6.301029995663981,0.0,500.0,500.0,500.0,2,2,1,0.0,Low,True,True,False
CHEMBL3983509,2,6.698970004336019,6.698970004336019,6.698970004336019,6.698970004336019,0.0,200.0,200.0,200.0,2,2,1,0.0,Low,True,True,False
CHEMBL401895,2,5.920818753952375,5.920818753952375,5.920818753952375,5.920818753952375,0.0,1200.0,1200.0,1200.0,2,2,1,0.0,Low,True,True,False
CHEMBL4066553,2,5.42021640338319,5.42021640338319,5.42021640338319,5.42021640338319,0.0,3800.0,3800.0,3800.0,2,2,1,0.0,Low,True,True,False
CHEMBL4069395,2,5.0,5.0,5.0,5.0,0.0,10000.0,10000.0,10000.0,2,2,1,0.0,Low,True,True,False
CHEMBL4076061,2,4.987162775294828,4.987162775294828,4.987162775294828,4.987162775294828,0.0,10300.0,10300.0,10300.0,2,2,1,0.0,Low,True,True,False
CHEMBL4098822,2,4.823908740944319,4.823908740944319,4.823908740944319,4.823908740944319,0.0,15000.0,15000.0,15000.0,2,2,1,0.0,Low,True,True,False
CHEMBL4099807,2,4.698970004336019,4.698970004336019,4.698970004336019,4.698970004336019,0.0,20000.0,20000.0,20000.0,2,2,1,0.0,Low,True,True,False
CHEMBL4100435,2,6.0,6.0,6.0,6.0,0.0,1000.0,1000.0,1000.0,2,2,1,0.0,Low,True,True,False
CHEMBL4102566,2,5.3979400086720375,5.3979400086720375,5.3979400086720375,5.3979400086720375,0.0,4000.0,4000.0,4000.0,2,2,1,0.0,Low,True,True,False
CHEMBL4107016,2,4.229147988357856,4.229147988357856,4.229147988357856,4.229147988357856,0.0,59000.0,59000.0,59000.0,2,2,1,0.0,Low,True,True,False
CHEMBL4107668,2,4.6020599913279625,4.6020599913279625,4.6020599913279625,4.6020599913279625,0.0,25000.0,25000.0,25000.0,2,2,1,0.0,Low,True,True,False
CHEMBL4107759,2,5.007004901568658,5.007004901568658,5.007004901568658,5.007004901568658,0.0,9840.0,9840.0,9840.0,2,2,1,0.0,Low,True,True,False
CHEMBL4107878,2,4.758951849328356,4.758951849328356,4.758951849328356,4.758951849328356,0.0,17420.0,17420.0,17420.0,2,2,1,0.0,Low,True,True,False
CHEMBL4110584,2,4.9434762759209,4.9434762759209,4.9434762759209,4.9434762759209,0.0,11390.0,11390.0,11390.0,2,2,1,0.0,Low,True,True,False
CHEMBL4110737,2,4.135607594849411,4.135607594849411,4.135607594849411,4.135607594849411,0.0,73180.0,73180.0,73180.0,2,2,1,0.0,Low,True,True,False
CHEMBL4112613,2,4.920818753952375,4.920818753952375,4.920818753952375,4.920818753952375,0.0,12000.0,12000.0,12000.0,2,2,1,0.0,Low,True,True,False
CHEMBL4114218,2,4.698970004336019,4.698970004336019,4.698970004336019,4.698970004336019,0.0,20000.0,20000.0,20000.0,2,2,1,0.0,Low,True,True,False
CHEMBL4114258,2,4.154901959985743,4.154901959985743,4.154901959985743,4.154901959985743,0.0,70000.0,70000.0,70000.0,2,2,1,0.0,Low,True,True,False
CHEMBL4174323,2,5.6777807052660805,5.6777807052660805,5.6777807052660805,5.6777807052660805,0.0,2100.0,2100.0,2100.0,2,2,1,0.0,Low,True,True,False
CHEMBL4280558,2,6.522878745280337,6.522878745280337,6.522878745280337,6.522878745280337,0.0,300.0,300.0,300.0,2,2,1,0.0,Low,True,True,False
CHEMBL4283367,2,5.221848749616356,5.221848749616356,5.221848749616356,5.221848749616356,0.0,6000.0,6000.0,6000.0,2,2,1,0.0,Low,True,True,False
CHEMBL4288439,2,6.638272163982407,6.638272163982407,6.638272163982407,6.638272163982407,0.0,230.0,230.0,230.0,2,2,1,0.0,Low,True,True,False
CHEMBL4290141,2,5.200659450546418,5.200659450546418,5.200659450546418,5.200659450546418,0.0,6300.0,6300.0,6300.0,2,2,1,0.0,Low,True,True,False
CHEMBL4290774,2,5.221848749616356,5.221848749616356,5.221848749616356,5.221848749616356,0.0,6000.0,6000.0,6000.0,2,2,1,0.0,Low,True,True,False
CHEMBL4297310,2,5.430626090384954,5.430626090384954,5.430626090384954,5.430626090384954,0.0,3710.0,3710.0,3710.0,2,2,1,0.0,Low,True,True,False
CHEMBL4439006,2,4.769551078621726,4.769551078621726,4.769551078621726,4.769551078621726,0.0,17000.0,17000.0,17000.0,2,1,1,0.0,Low,True,False,False
CHEMBL4483673,2,6.3979400086720375,6.3979400086720375,6.3979400086720375,6.3979400086720375,0.0,400.0,400.0,400.0,2,2,1,0.0,Low,True,True,False
CHEMBL4529465,2,4.886056647693163,4.886056647693163,4.886056647693163,4.886056647693163,0.0,13000.0,13000.0,13000.0,2,2,1,0.0,Low,True,True,False
CHEMBL453654,2,5.42021640338319,5.42021640338319,5.42021640338319,5.42021640338319,0.0,3800.0,3800.0,3800.0,2,2,1,0.0,Low,True,True,False
CHEMBL453893,2,5.958607314841775,5.958607314841775,5.958607314841775,5.958607314841775,0.0,1100.0,1100.0,1100.0,2,2,1,0.0,Low,True,True,False
CHEMBL453894,2,6.455931955649724,6.455931955649724,6.455931955649724,6.455931955649724,0.0,350.0,350.0,350.0,2,2,1,0.0,Low,True,True,False
CHEMBL4541206,2,6.3979400086720375,6.3979400086720375,6.3979400086720375,6.3979400086720375,0.0,400.0,400.0,400.0,2,2,1,0.0,Low,True,True,False
CHEMBL454642,2,5.102372908709558,5.102372908709558,5.102372908709558,5.102372908709558,0.0,7900.0,7900.0,7900.0,2,2,1,0.0,Low,True,True,False
CHEMBL454879,2,5.366531544420413,5.366531544420413,5.366531544420413,5.366531544420413,0.0,4300.0,4300.0,4300.0,2,2,1,0.0,Low,True,True,False
CHEMBL455681,2,5.537602002101044,5.537602002101044,5.537602002101044,5.537602002101044,0.0,2900.0,2900.0,2900.0,2,2,1,0.0,Low,True,True,False
CHEMBL4594376,2,3.6643415477106975,3.6643415477106975,3.6643415477106975,3.6643415477106975,0.0,216600.0,216600.0,216600.0,2,2,1,0.0,Low,True,True,False
CHEMBL4632807,2,6.065501548756432,6.065501548756432,6.065501548756432,6.065501548756432,0.0,860.0,860.0,860.0,2,2,1,0.0,Low,True,True,False
CHEMBL4634867,2,5.366531544420413,5.366531544420413,5.366531544420413,5.366531544420413,0.0,4300.0,4300.0,4300.0,2,2,1,0.0,Low,True,True,False
CHEMBL4635900,2,4.958607314841775,4.958607314841775,4.958607314841775,4.958607314841775,0.0,11000.0,11000.0,11000.0,2,2,1,0.0,Low,True,True,False
CHEMBL468397,2,6.7495799976911055,6.7495799976911055,6.7495799976911055,6.7495799976911055,0.0,178.0,178.0,178.0,2,2,1,0.0,Low,True,True,False
CHEMBL4741793,2,4.924453038607469,4.924453038607469,4.924453038607469,4.924453038607469,0.0,11900.0,11900.0,11900.0,2,2,1,0.0,Low,True,True,False
CHEMBL4755698,2,4.954677021213342,4.954677021213342,4.954677021213342,4.954677021213342,0.0,11100.0,11100.0,11100.0,2,2,1,0.0,Low,True,True,False
CHEMBL476106,2,5.221848749616356,5.221848749616356,5.221848749616356,5.221848749616356,0.0,6000.0,6000.0,6000.0,2,2,1,0.0,Low,True,True,False
CHEMBL4762625,2,5.552841968657781,5.552841968657781,5.552841968657781,5.552841968657781,0.0,2800.0,2800.0,2800.0,2,2,1,0.0,Low,True,True,False
CHEMBL476322,2,6.455931955649724,6.455931955649724,6.455931955649724,6.455931955649724,0.0,350.0,350.0,350.0,2,2,1,0.0,Low,True,True,False
CHEMBL476723,2,5.301029995663981,5.301029995663981,5.301029995663981,5.301029995663981,0.0,5000.0,5000.0,5000.0,2,2,1,0.0,Low,True,True,False
CHEMBL476954,2,4.607303046740334,4.607303046740334,4.607303046740334,4.607303046740334,0.0,24700.0,24700.0,24700.0,2,2,1,0.0,Low,True,True,False
CHEMBL477363,2,5.09151498112135,5.09151498112135,5.09151498112135,5.09151498112135,0.0,8100.0,8100.0,8100.0,2,2,1,0.0,Low,True,True,False
CHEMBL477364,2,5.585026652029182,5.585026652029182,5.585026652029182,5.585026652029182,0.0,2600.0,2600.0,2600.0,2,2,1,0.0,Low,True,True,False
CHEMBL478615,2,5.173925197299173,5.173925197299173,5.173925197299173,5.173925197299173,0.0,6700.0,6700.0,6700.0,2,2,1,0.0,Low,True,True,False
CHEMBL478616,2,5.795880017344075,5.795880017344075,5.795880017344075,5.795880017344075,0.0,1600.0,1600.0,1600.0,2,2,1,0.0,Low,True,True,False
CHEMBL479036,2,5.4089353929735005,5.4089353929735005,5.4089353929735005,5.4089353929735005,0.0,3900.0,3900.0,3900.0,2,2,1,0.0,Low,True,True,False
CHEMBL479241,2,5.958607314841775,5.958607314841775,5.958607314841775,5.958607314841775,0.0,1100.0,1100.0,1100.0,2,2,1,0.0,Low,True,True,False
CHEMBL479242,2,5.180456064458131,5.180456064458131,5.180456064458131,5.180456064458131,0.0,6600.0,6600.0,6600.0,2,2,1,0.0,Low,True,True,False
CHEMBL479252,2,5.6020599913279625,5.6020599913279625,5.6020599913279625,5.6020599913279625,0.0,2500.0,2500.0,2500.0,2,2,1,0.0,Low,True,True,False
CHEMBL4796370,2,5.585026652029182,5.585026652029182,5.585026652029182,5.585026652029182,0.0,2600.0,2600.0,2600.0,2,2,1,0.0,Low,True,True,False
CHEMBL487059,2,6.769551078621726,6.769551078621726,6.769551078621726,6.769551078621726,0.0,170.0,170.0,170.0,2,2,1,0.0,Low,True,True,False
CHEMBL487060,2,6.337242168318426,6.337242168318426,6.337242168318426,6.337242168318426,0.0,460.0,460.0,460.0,2,2,1,0.0,Low,True,True,False
CHEMBL487064,2,5.552841968657781,5.552841968657781,5.552841968657781,5.552841968657781,0.0,2800.0,2800.0,2800.0,2,2,1,0.0,Low,True,True,False
CHEMBL487230,2,5.7447274948966935,5.7447274948966935,5.7447274948966935,5.7447274948966935,0.0,1800.0,1800.0,1800.0,2,2,1,0.0,Low,True,True,False
CHEMBL4873479,2,6.528708288941061,6.528708288941061,6.528708288941061,6.528708288941061,0.0,296.0,296.0,296.0,2,2,1,0.0,Low,True,True,False
CHEMBL4875851,2,5.301029995663981,5.301029995663981,5.301029995663981,5.301029995663981,0.0,5000.0,5000.0,5000.0,2,1,1,0.0,Low,True,False,False
CHEMBL488248,2,5.537602002101044,5.537602002101044,5.537602002101044,5.537602002101044,0.0,2900.0,2900.0,2900.0,2,2,1,0.0,Low,True,True,False
CHEMBL488249,2,5.251811972993799,5.251811972993799,5.251811972993799,5.251811972993799,0.0,5600.0,5600.0,5600.0,2,2,1,0.0,Low,True,True,False
CHEMBL488251,2,5.522878745280337,5.522878745280337,5.522878745280337,5.522878745280337,0.0,3000.0,3000.0,3000.0,2,2,1,0.0,Low,True,True,False
CHEMBL488294,2,7.055517327849831,7.055517327849831,7.055517327849831,7.055517327849831,0.0,88.0,88.0,88.0,2,2,1,0.0,Low,True,True,False
CHEMBL488295,2,6.8696662315049934,6.8696662315049934,6.8696662315049934,6.8696662315049934,0.0,135.0,135.0,135.0,2,2,1,0.0,Low,True,True,False
CHEMBL494462,2,5.102372908709558,5.102372908709558,5.102372908709558,5.102372908709558,0.0,7900.0,7900.0,7900.0,2,2,1,0.0,Low,True,True,False
CHEMBL497999,2,6.221848749616356,6.221848749616356,6.221848749616356,6.221848749616356,0.0,600.0,600.0,600.0,2,2,1,0.0,Low,True,True,False
CHEMBL498260,2,6.6777807052660805,6.6777807052660805,6.6777807052660805,6.6777807052660805,0.0,210.0,210.0,210.0,2,2,1,0.0,Low,True,True,False
CHEMBL5083403,2,4.642065152999546,4.642065152999546,4.642065152999546,4.642065152999546,0.0,22800.0,22800.0,22800.0,2,2,1,0.0,Low,True,True,False
CHEMBL5085562,2,5.045757490560675,5.045757490560675,5.045757490560675,5.045757490560675,0.0,9000.0,9000.0,9000.0,2,1,1,0.0,Low,True,False,False
CHEMBL508712,2,5.698970004336019,5.698970004336019,5.698970004336019,5.698970004336019,0.0,2000.0,2000.0,2000.0,2,2,1,0.0,Low,True,True,False
CHEMBL512351,2,5.050609993355087,5.050609993355087,5.050609993355087,5.050609993355087,0.0,8900.0,8900.0,8900.0,2,2,1,0.0,Low,True,True,False
CHEMBL515004,2,5.552841968657781,5.552841968657781,5.552841968657781,5.552841968657781,0.0,2800.0,2800.0,2800.0,2,2,1,0.0,Low,True,True,False
CHEMBL518431,2,6.1487416512809245,6.1487416512809245,6.1487416512809245,6.1487416512809245,0.0,710.0,710.0,710.0,2,2,1,0.0,Low,True,True,False
CHEMBL519067,2,5.769551078621726,5.769551078621726,5.769551078621726,5.769551078621726,0.0,1700.0,1700.0,1700.0,2,2,1,0.0,Low,True,True,False
CHEMBL5197101,2,4.6777807052660805,4.6777807052660805,4.6777807052660805,4.6777807052660805,0.0,21000.0,21000.0,21000.0,2,2,1,0.0,Low,True,True,False
CHEMBL521851,2,4.1938200260161125,4.1938200260161125,4.1938200260161125,4.1938200260161125,0.0,64000.0,64000.0,64000.0,2,2,1,0.0,Low,True,True,False
CHEMBL5273140,2,6.200659450546418,6.200659450546418,6.200659450546418,6.200659450546418,0.0,630.0,630.0,630.0,2,2,1,0.0,Low,True,True,False
CHEMBL5282336,2,6.399996913372259,6.399996913372259,6.399996913372259,6.399996913372259,0.0,398.11,398.11,398.11,2,1,1,0.0,Low,True,False,False
CHEMBL5400665,2,6.045757490560675,6.045757490560675,6.045757490560675,6.045757490560675,0.0,900.0,900.0,900.0,2,2,1,0.0,Low,True,True,False
CHEMBL541435,2,6.0,6.0,6.0,6.0,0.0,1000.0,1000.0,1000.0,2,2,1,0.0,Low,True,True,False
CHEMBL5430344,2,5.534617148551582,5.534617148551582,5.534617148551582,5.534617148551582,0.0,2920.0,2920.0,2920.0,2,2,1,0.0,Low,True,True,False
CHEMBL549433,2,7.958607314841775,7.958607314841775,7.958607314841775,7.958607314841775,0.0,11.0,11.0,11.0,2,2,1,0.0,Low,True,True,False
CHEMBL549438,2,4.300000029139089,4.300000029139089,4.300000029139089,4.300000029139089,0.0,50118.72,50118.72,50118.72,2,2,1,0.0,Low,True,True,False
CHEMBL549639,2,5.200659450546418,5.200659450546418,5.200659450546418,5.200659450546418,0.0,6300.0,6300.0,6300.0,2,2,1,0.0,Low,True,True,False
CHEMBL550050,2,5.318758762624412,5.318758762624412,5.318758762624412,5.318758762624412,0.0,4800.0,4800.0,4800.0,2,2,1,0.0,Low,True,True,False
CHEMBL550393,2,7.602059991327962,7.602059991327962,7.602059991327962,7.602059991327962,0.0,25.0,25.0,25.0,2,2,1,0.0,Low,True,True,False
CHEMBL550517,2,5.6020599913279625,5.6020599913279625,5.6020599913279625,5.6020599913279625,0.0,2500.0,2500.0,2500.0,2,2,1,0.0,Low,True,True,False
CHEMBL551927,2,7.199970640755866,7.199970640755866,7.199970640755866,7.199970640755866,0.0,63.1,63.1,63.1,2,2,1,0.0,Low,True,True,False
CHEMBL554693,2,5.59999938302362,5.59999938302362,5.59999938302362,5.59999938302362,0.0,2511.89,2511.89,2511.89,2,2,1,0.0,Low,True,True,False
CHEMBL554738,2,5.800000874803203,5.800000874803203,5.800000874803203,5.800000874803203,0.0,1584.89,1584.89,1584.89,2,2,1,0.0,Low,True,True,False
CHEMBL555744,2,5.300000202445418,5.300000202445418,5.300000202445418,5.300000202445418,0.0,5011.87,5011.87,5011.87,2,2,1,0.0,Low,True,True,False
CHEMBL556100,2,6.327902142064282,6.327902142064282,6.327902142064282,6.327902142064282,0.0,470.0,470.0,470.0,2,2,1,0.0,Low,True,True,False
CHEMBL556496,2,6.699991797446187,6.699991797446187,6.699991797446187,6.699991797446187,0.0,199.53,199.53,199.53,2,2,1,0.0,Low,True,True,False
CHEMBL556506,2,5.853871964321762,5.853871964321762,5.853871964321762,5.853871964321762,0.0,1400.0,1400.0,1400.0,2,2,1,0.0,Low,True,True,False
CHEMBL557110,2,7.100015437450609,7.100015437450609,7.100015437450609,7.100015437450609,0.0,79.43,79.43,79.43,2,2,1,0.0,Low,True,True,False
CHEMBL557718,2,5.207608310501746,5.207608310501746,5.207608310501746,5.207608310501746,0.0,6200.0,6200.0,6200.0,2,2,1,0.0,Low,True,True,False
CHEMBL557853,2,8.301029995663981,8.301029995663981,8.301029995663981,8.301029995663981,0.0,5.0,5.0,5.0,2,2,1,0.0,Low,True,True,False
CHEMBL558058,2,5.200000237109354,5.200000237109354,5.200000237109354,5.200000237109354,0.0,6309.57,6309.57,6309.57,2,2,1,0.0,Low,True,True,False
CHEMBL55826,2,5.09151498112135,5.09151498112135,5.09151498112135,5.09151498112135,0.0,8100.0,8100.0,8100.0,2,2,1,0.0,Low,True,True,False
CHEMBL559873,2,6.0999990348465305,6.0999990348465305,6.0999990348465305,6.0999990348465305,0.0,794.33,794.33,794.33,2,2,1,0.0,Low,True,True,False
CHEMBL560270,2,5.800000874803203,5.800000874803203,5.800000874803203,5.800000874803203,0.0,1584.89,1584.89,1584.89,2,2,1,0.0,Low,True,True,False
CHEMBL560386,2,5.309803919971486,5.309803919971486,5.309803919971486,5.309803919971486,0.0,4900.0,4900.0,4900.0,2,2,1,0.0,Low,True,True,False
CHEMBL560863,2,5.537602002101044,5.537602002101044,5.537602002101044,5.537602002101044,0.0,2900.0,2900.0,2900.0,2,2,1,0.0,Low,True,True,False
CHEMBL560923,2,8.356547323513812,8.356547323513812,8.356547323513812,8.356547323513812,0.0,4.4,4.4,4.4,2,2,1,0.0,Low,True,True,False
CHEMBL561128,2,8.100015437450608,8.100015437450608,8.100015437450608,8.100015437450608,0.0,7.943,7.943,7.943,2,2,1,0.0,Low,True,True,False
CHEMBL561324,2,5.769551078621726,5.769551078621726,5.769551078621726,5.769551078621726,0.0,1700.0,1700.0,1700.0,2,2,1,0.0,Low,True,True,False
CHEMBL561326,2,6.599997654072045,6.599997654072045,6.599997654072045,6.599997654072045,0.0,251.19,251.19,251.19,2,2,1,0.0,Low,True,True,False
CHEMBL562464,2,7.199970640755866,7.199970640755866,7.199970640755866,7.199970640755866,0.0,63.1,63.1,63.1,2,2,1,0.0,Low,True,True,False
CHEMBL562722,2,5.154901959985743,5.154901959985743,5.154901959985743,5.154901959985743,0.0,7000.0,7000.0,7000.0,2,2,1,0.0,Low,True,True,False
CHEMBL562833,2,6.0999990348465305,6.0999990348465305,6.0999990348465305,6.0999990348465305,0.0,794.33,794.33,794.33,2,2,1,0.0,Low,True,True,False
CHEMBL562836,2,5.499999678657065,5.499999678657065,5.499999678657065,5.499999678657065,0.0,3162.28,3162.28,3162.28,2,2,1,0.0,Low,True,True,False
CHEMBL562870,2,4.853871964321762,4.853871964321762,4.853871964321762,4.853871964321762,0.0,14000.0,14000.0,14000.0,2,2,1,0.0,Low,True,True,False
CHEMBL562948,2,5.40000018605658,5.40000018605658,5.40000018605658,5.40000018605658,0.0,3981.07,3981.07,3981.07,2,2,1,0.0,Low,True,True,False
CHEMBL563274,2,5.499999678657065,5.499999678657065,5.499999678657065,5.499999678657065,0.0,3162.28,3162.28,3162.28,2,2,1,0.0,Low,True,True,False
CHEMBL563435,2,5.700000503883016,5.700000503883016,5.700000503883016,5.700000503883016,0.0,1995.26,1995.26,1995.26,2,2,1,0.0,Low,True,True,False
CHEMBL563563,2,5.899998417198648,5.899998417198648,5.899998417198648,5.899998417198648,0.0,1258.93,1258.93,1258.93,2,2,1,0.0,Low,True,True,False
CHEMBL563580,2,5.800000874803203,5.800000874803203,5.800000874803203,5.800000874803203,0.0,1584.89,1584.89,1584.89,2,2,1,0.0,Low,True,True,False
CHEMBL563635,2,5.499999678657065,5.499999678657065,5.499999678657065,5.499999678657065,0.0,3162.28,3162.28,3162.28,2,2,1,0.0,Low,True,True,False
CHEMBL563779,2,5.42021640338319,5.42021640338319,5.42021640338319,5.42021640338319,0.0,3800.0,3800.0,3800.0,2,2,1,0.0,Low,True,True,False
CHEMBL563860,2,4.900000142057633,4.900000142057633,4.900000142057633,4.900000142057633,0.0,12589.25,12589.25,12589.25,2,2,1,0.0,Low,True,True,False
CHEMBL563926,2,6.199998172182031,6.199998172182031,6.199998172182031,6.199998172182031,0.0,630.96,630.96,630.96,2,2,1,0.0,Low,True,True,False
CHEMBL564514,2,7.920818753952375,7.920818753952375,7.920818753952375,7.920818753952375,0.0,12.0,12.0,12.0,2,2,1,0.0,Low,True,True,False
CHEMBL564930,2,5.899998417198648,5.899998417198648,5.899998417198648,5.899998417198648,0.0,1258.93,1258.93,1258.93,2,2,1,0.0,Low,True,True,False
CHEMBL564948,2,5.59999938302362,5.59999938302362,5.59999938302362,5.59999938302362,0.0,2511.89,2511.89,2511.89,2,2,1,0.0,Low,True,True,False
CHEMBL565007,2,6.0,6.0,6.0,6.0,0.0,1000.0,1000.0,1000.0,2,2,1,0.0,Low,True,True,False
CHEMBL565075,2,6.399996913372259,6.399996913372259,6.399996913372259,6.399996913372259,0.0,398.11,398.11,398.11,2,2,1,0.0,Low,True,True,False
CHEMBL570033,2,4.958607314841775,4.958607314841775,4.958607314841775,4.958607314841775,0.0,11000.0,11000.0,11000.0,2,1,1,0.0,Low,True,False,False
CHEMBL571389,2,6.402304814074488,6.402304814074488,6.402304814074488,6.402304814074488,0.0,396.0,396.0,396.0,2,1,1,0.0,Low,True,False,False
CHEMBL5742311,2,6.761953896871205,6.761953896871205,6.761953896871205,6.761953896871205,0.0,173.0,173.0,173.0,2,2,1,0.0,Low,True,True,False
CHEMBL5745081,2,5.882728704344236,5.882728704344236,5.882728704344236,5.882728704344236,0.0,1310.0,1310.0,1310.0,2,2,1,0.0,Low,True,True,False
CHEMBL5746192,2,5.928117992693874,5.928117992693874,5.928117992693874,5.928117992693874,0.0,1180.0,1180.0,1180.0,2,2,1,0.0,Low,True,True,False
CHEMBL5749720,2,4.180192935409244,4.180192935409244,4.180192935409244,4.180192935409244,0.0,66040.0,66040.0,66040.0,2,2,1,0.0,Low,True,True,False
CHEMBL5753096,2,8.115204636051018,8.115204636051018,8.115204636051018,8.115204636051018,0.0,7.67,7.67,7.67,2,2,1,0.0,Low,True,True,False
CHEMBL5755454,2,8.120330794367947,8.120330794367947,8.120330794367947,8.120330794367947,0.0,7.58,7.58,7.58,2,2,1,0.0,Low,True,True,False
CHEMBL5757923,2,7.337242168318426,7.337242168318426,7.337242168318426,7.337242168318426,0.0,46.0,46.0,46.0,2,2,1,0.0,Low,True,True,False
CHEMBL5763605,2,7.111259039317107,7.111259039317107,7.111259039317107,7.111259039317107,0.0,77.4,77.4,77.4,2,2,1,0.0,Low,True,True,False
CHEMBL5764399,2,8.007004901568658,8.007004901568658,8.007004901568658,8.007004901568658,0.0,9.84,9.84,9.84,2,2,1,0.0,Low,True,True,False
CHEMBL5765415,2,6.279014255846261,6.279014255846261,6.279014255846261,6.279014255846261,0.0,526.0,526.0,526.0,2,2,1,0.0,Low,True,True,False
CHEMBL5765871,2,6.866461091629782,6.866461091629782,6.866461091629782,6.866461091629782,0.0,136.0,136.0,136.0,2,2,1,0.0,Low,True,True,False
CHEMBL5769554,2,5.327902142064282,5.327902142064282,5.327902142064282,5.327902142064282,0.0,4700.0,4700.0,4700.0,1,1,1,0.0,Low,False,False,False
CHEMBL5770484,2,8.505845405981557,8.505845405981557,8.505845405981557,8.505845405981557,0.0,3.12,3.12,3.12,2,2,1,0.0,Low,True,True,False
CHEMBL5771198,2,5.0030507515046185,5.0030507515046185,5.0030507515046185,5.0030507515046185,0.0,9930.0,9930.0,9930.0,2,2,1,0.0,Low,True,True,False
CHEMBL5771854,2,7.924453038607469,7.924453038607469,7.924453038607469,7.924453038607469,0.0,11.9,11.9,11.9,2,2,1,0.0,Low,True,True,False
CHEMBL5778585,2,7.33161408331,7.33161408331,7.33161408331,7.33161408331,0.0,46.6,46.6,46.6,2,2,1,0.0,Low,True,True,False
CHEMBL5778781,2,5.478861916295964,5.478861916295964,5.478861916295964,5.478861916295964,0.0,3320.0,3320.0,3320.0,2,2,1,0.0,Low,True,True,False
CHEMBL5783150,2,4.481486060122113,4.481486060122113,4.481486060122113,4.481486060122113,0.0,33000.0,33000.0,33000.0,1,1,1,0.0,Low,False,False,False
CHEMBL5784006,2,4.920818753952375,4.920818753952375,4.920818753952375,4.920818753952375,0.0,12000.0,12000.0,12000.0,2,2,1,0.0,Low,True,True,False
CHEMBL5786654,2,5.443697499232712,5.443697499232712,5.443697499232712,5.443697499232712,0.0,3600.0,3600.0,3600.0,2,2,1,0.0,Low,True,True,False
CHEMBL5790288,2,7.018634490921455,7.018634490921455,7.018634490921455,7.018634490921455,0.0,95.8,95.8,95.8,2,2,1,0.0,Low,True,True,False
CHEMBL5792092,2,8.671620396561263,8.671620396561263,8.671620396561263,8.671620396561263,0.0,2.13,2.13,2.13,2,2,1,0.0,Low,True,True,False
CHEMBL5794270,2,5.790484985457369,5.790484985457369,5.790484985457369,5.790484985457369,0.0,1620.0,1620.0,1620.0,2,2,1,0.0,Low,True,True,False
CHEMBL5795063,2,3.285502591350194,3.285502591350194,3.285502591350194,3.285502591350194,0.0,518200.0,518200.0,518200.0,2,2,1,0.0,Low,True,True,False
CHEMBL5798112,2,8.367542707815275,8.367542707815275,8.367542707815275,8.367542707815275,0.0,4.29,4.29,4.29,2,2,1,0.0,Low,True,True,False
CHEMBL5804405,2,7.764471553092451,7.764471553092451,7.764471553092451,7.764471553092451,0.0,17.2,17.2,17.2,2,2,1,0.0,Low,True,True,False
CHEMBL5804885,2,7.581698708680254,7.581698708680254,7.581698708680254,7.581698708680254,0.0,26.2,26.2,26.2,2,2,1,0.0,Low,True,True,False
CHEMBL5808148,2,7.498940737782249,7.498940737782249,7.498940737782249,7.498940737782249,0.0,31.7,31.7,31.7,2,2,1,0.0,Low,True,True,False
CHEMBL5808304,2,7.462180904926726,7.462180904926726,7.462180904926726,7.462180904926726,0.0,34.5,34.5,34.5,2,2,1,0.0,Low,True,True,False
CHEMBL5808945,2,4.154901959985743,4.154901959985743,4.154901959985743,4.154901959985743,0.0,70000.0,70000.0,70000.0,2,2,1,0.0,Low,True,True,False
CHEMBL5818494,2,7.7594507517174,7.7594507517174,7.7594507517174,7.7594507517174,0.0,17.4,17.4,17.4,2,2,1,0.0,Low,True,True,False
CHEMBL5823395,2,8.114638779968487,8.114638779968487,8.114638779968487,8.114638779968487,0.0,7.68,7.68,7.68,2,2,1,0.0,Low,True,True,False
CHEMBL5825577,2,4.087724789501188,4.087724789501188,4.087724789501188,4.087724789501188,0.0,81710.0,81710.0,81710.0,2,2,1,0.0,Low,True,True,False
CHEMBL5829328,2,6.24184537803261,6.24184537803261,6.24184537803261,6.24184537803261,0.0,573.0,573.0,573.0,2,2,1,0.0,Low,True,True,False
CHEMBL5834447,2,8.092588639225413,8.092588639225413,8.092588639225413,8.092588639225413,0.0,8.08,8.08,8.08,2,2,1,0.0,Low,True,True,False
CHEMBL5838864,2,8.645891560852599,8.645891560852599,8.645891560852599,8.645891560852599,0.0,2.26,2.26,2.26,2,2,1,0.0,Low,True,True,False
CHEMBL5839468,2,8.332547047110046,8.332547047110046,8.332547047110046,8.332547047110046,0.0,4.65,4.65,4.65,2,2,1,0.0,Low,True,True,False
CHEMBL5840390,2,7.137272471682025,7.137272471682025,7.137272471682025,7.137272471682025,0.0,72.9,72.9,72.9,2,2,1,0.0,Low,True,True,False
CHEMBL5853493,2,6.211124884224583,6.211124884224583,6.211124884224583,6.211124884224583,0.0,615.0,615.0,615.0,2,2,1,0.0,Low,True,True,False
CHEMBL5857118,2,4.42021640338319,4.42021640338319,4.42021640338319,4.42021640338319,0.0,38000.0,38000.0,38000.0,2,2,1,0.0,Low,True,True,False
CHEMBL5858906,2,9.318758762624412,9.318758762624412,9.318758762624412,9.318758762624412,0.0,0.48,0.48,0.48,2,2,1,0.0,Low,True,True,False
CHEMBL5863797,2,8.14206473528057,8.14206473528057,8.14206473528057,8.14206473528057,0.0,7.21,7.21,7.21,2,2,1,0.0,Low,True,True,False
CHEMBL5871384,2,3.147825095579697,3.147825095579697,3.147825095579697,3.147825095579697,0.0,711500.0,711500.0,711500.0,2,2,1,0.0,Low,True,True,False
CHEMBL5875561,2,7.576754126063192,7.576754126063192,7.576754126063192,7.576754126063192,0.0,26.5,26.5,26.5,2,2,1,0.0,Low,True,True,False
CHEMBL5877886,2,8.386158178123932,8.386158178123932,8.386158178123932,8.386158178123932,0.0,4.11,4.11,4.11,2,2,1,0.0,Low,True,True,False
CHEMBL5878770,2,6.627087997029893,6.627087997029893,6.627087997029893,6.627087997029893,0.0,236.0,236.0,236.0,2,2,1,0.0,Low,True,True,False
CHEMBL5888883,2,4.920818753952375,4.920818753952375,4.920818753952375,4.920818753952375,0.0,12000.0,12000.0,12000.0,2,2,1,0.0,Low,True,True,False
CHEMBL5892891,2,4.218460031394058,4.218460031394058,4.218460031394058,4.218460031394058,0.0,60470.0,60470.0,60470.0,2,2,1,0.0,Low,True,True,False
CHEMBL5893534,2,7.410050398674292,7.410050398674292,7.410050398674292,7.410050398674292,0.0,38.9,38.9,38.9,2,2,1,0.0,Low,True,True,False
CHEMBL5893563,2,7.798602875679548,7.798602875679548,7.798602875679548,7.798602875679548,0.0,15.9,15.9,15.9,2,2,1,0.0,Low,True,True,False
CHEMBL5893587,2,6.3979400086720375,6.3979400086720375,6.3979400086720375,6.3979400086720375,0.0,400.0,400.0,400.0,2,2,1,0.0,Low,True,True,False
CHEMBL5893677,2,6.109020403010311,6.109020403010311,6.109020403010311,6.109020403010311,0.0,778.0,778.0,778.0,2,2,1,0.0,Low,True,True,False
CHEMBL5898921,2,8.280668713016274,8.280668713016274,8.280668713016274,8.280668713016274,0.0,5.24,5.24,5.24,2,2,1,0.0,Low,True,True,False
CHEMBL5904342,2,8.274088367704952,8.274088367704952,8.274088367704952,8.274088367704952,0.0,5.32,5.32,5.32,2,2,1,0.0,Low,True,True,False
CHEMBL5905884,2,8.721246399047171,8.721246399047171,8.721246399047171,8.721246399047171,0.0,1.9,1.9,1.9,2,2,1,0.0,Low,True,True,False
CHEMBL590791,2,4.958607314841775,4.958607314841775,4.958607314841775,4.958607314841775,0.0,11000.0,11000.0,11000.0,2,2,1,0.0,Low,True,True,False
CHEMBL5908489,2,5.571865205971211,5.571865205971211,5.571865205971211,5.571865205971211,0.0,2680.0,2680.0,2680.0,2,2,1,0.0,Low,True,True,False
CHEMBL5909140,2,8.39254497678533,8.39254497678533,8.39254497678533,8.39254497678533,0.0,4.05,4.05,4.05,2,2,1,0.0,Low,True,True,False
CHEMBL5909487,2,8.154281982033341,8.154281982033341,8.154281982033341,8.154281982033341,0.0,7.01,7.01,7.01,2,2,1,0.0,Low,True,True,False
CHEMBL5912187,2,7.673664139071248,7.673664139071248,7.673664139071248,7.673664139071248,0.0,21.2,21.2,21.2,2,2,1,0.0,Low,True,True,False
CHEMBL5922918,2,5.119186407719209,5.119186407719209,5.119186407719209,5.119186407719209,0.0,7600.0,7600.0,7600.0,2,2,1,0.0,Low,True,True,False
CHEMBL5925044,2,5.015472686656207,5.015472686656207,5.015472686656207,5.015472686656207,0.0,9650.0,9650.0,9650.0,2,2,1,0.0,Low,True,True,False
CHEMBL5934000,2,5.350665141287858,5.350665141287858,5.350665141287858,5.350665141287858,0.0,4460.0,4460.0,4460.0,2,2,1,0.0,Low,True,True,False
CHEMBL5939964,2,6.882728704344236,6.882728704344236,6.882728704344236,6.882728704344236,0.0,131.0,131.0,131.0,2,2,1,0.0,Low,True,True,False
CHEMBL5941301,2,7.485452247339714,7.485452247339714,7.485452247339714,7.485452247339714,0.0,32.7,32.7,32.7,2,2,1,0.0,Low,True,True,False
CHEMBL5951589,2,8.161150909262744,8.161150909262744,8.161150909262744,8.161150909262744,0.0,6.9,6.9,6.9,2,2,1,0.0,Low,True,True,False
CHEMBL5956282,2,9.187086643357144,9.187086643357144,9.187086643357144,9.187086643357144,0.0,0.65,0.65,0.65,2,2,1,0.0,Low,True,True,False
CHEMBL5960420,2,6.85078088734462,6.85078088734462,6.85078088734462,6.85078088734462,0.0,141.0,141.0,141.0,2,2,1,0.0,Low,True,True,False
CHEMBL5961333,2,5.853871964321762,5.853871964321762,5.853871964321762,5.853871964321762,0.0,1400.0,1400.0,1400.0,2,2,1,0.0,Low,True,True,False
CHEMBL5961464,2,7.03810452633215,7.03810452633215,7.03810452633215,7.03810452633215,0.0,91.6,91.6,91.6,2,2,1,0.0,Low,True,True,False
CHEMBL5962619,2,7.586700235918748,7.586700235918748,7.586700235918748,7.586700235918748,0.0,25.9,25.9,25.9,2,2,1,0.0,Low,True,True,False
CHEMBL5964323,2,7.386158178123931,7.386158178123931,7.386158178123931,7.386158178123931,0.0,41.1,41.1,41.1,2,2,1,0.0,Low,True,True,False
CHEMBL5965398,2,7.58838029403677,7.58838029403677,7.58838029403677,7.58838029403677,0.0,25.8,25.8,25.8,2,2,1,0.0,Low,True,True,False
CHEMBL5965720,2,8.220403508742175,8.220403508742175,8.220403508742175,8.220403508742175,0.0,6.02,6.02,6.02,2,2,1,0.0,Low,True,True,False
CHEMBL5968571,2,8.468521082957745,8.468521082957745,8.468521082957745,8.468521082957745,0.0,3.4,3.4,3.4,2,2,1,0.0,Low,True,True,False
CHEMBL5969195,2,5.364516253185088,5.364516253185088,5.364516253185088,5.364516253185088,0.0,4320.0,4320.0,4320.0,2,2,1,0.0,Low,True,True,False
CHEMBL5969819,2,5.167491087293763,5.167491087293763,5.167491087293763,5.167491087293763,0.0,6800.0,6800.0,6800.0,2,2,1,0.0,Low,True,True,False
CHEMBL5969915,2,7.548213564475709,7.548213564475709,7.548213564475709,7.548213564475709,0.0,28.3,28.3,28.3,2,2,1,0.0,Low,True,True,False
CHEMBL5971419,2,8.785156151952302,8.785156151952302,8.785156151952302,8.785156151952302,0.0,1.64,1.64,1.64,2,2,1,0.0,Low,True,True,False
CHEMBL5971806,2,5.2839966563652006,5.2839966563652006,5.2839966563652006,5.2839966563652006,0.0,5200.0,5200.0,5200.0,2,2,1,0.0,Low,True,True,False
CHEMBL597241,2,5.481486060122112,5.481486060122112,5.481486060122112,5.481486060122112,0.0,3300.0,3300.0,3300.0,2,2,1,0.0,Low,True,True,False
CHEMBL5974311,2,5.065501548756432,5.065501548756432,5.065501548756432,5.065501548756432,0.0,8600.0,8600.0,8600.0,2,2,1,0.0,Low,True,True,False
CHEMBL5974489,2,5.050609993355087,5.050609993355087,5.050609993355087,5.050609993355087,0.0,8900.0,8900.0,8900.0,2,2,1,0.0,Low,True,True,False
CHEMBL5974828,2,5.292429823902063,5.292429823902063,5.292429823902063,5.292429823902063,0.0,5100.0,5100.0,5100.0,2,2,1,0.0,Low,True,True,False
CHEMBL5976049,2,7.747146969020107,7.747146969020107,7.747146969020107,7.747146969020107,0.0,17.9,17.9,17.9,2,2,1,0.0,Low,True,True,False
CHEMBL5978181,2,5.366531544420413,5.366531544420413,5.366531544420413,5.366531544420413,0.0,4300.0,4300.0,4300.0,2,2,1,0.0,Low,True,True,False
CHEMBL5978414,2,4.844663962534939,4.844663962534939,4.844663962534939,4.844663962534939,0.0,14300.0,14300.0,14300.0,2,2,1,0.0,Low,True,True,False
CHEMBL598194,2,5.281083313985139,5.281083313985139,5.281083313985139,5.281083313985139,0.0,5235.0,5235.0,5235.0,2,2,1,0.0,Low,True,True,False
CHEMBL5983773,2,4.359518563029578,4.359518563029578,4.359518563029578,4.359518563029578,0.0,43700.0,43700.0,43700.0,2,2,1,0.0,Low,True,True,False
CHEMBL5986147,2,8.349692476868064,8.349692476868064,8.349692476868064,8.349692476868064,0.0,4.47,4.47,4.47,2,2,1,0.0,Low,True,True,False
CHEMBL5987086,2,8.416801226031378,8.416801226031378,8.416801226031378,8.416801226031378,0.0,3.83,3.83,3.83,2,2,1,0.0,Low,True,True,False
CHEMBL5989582,2,8.164943898279883,8.164943898279883,8.164943898279883,8.164943898279883,0.0,6.84,6.84,6.84,2,2,1,0.0,Low,True,True,False
CHEMBL5990369,2,8.29929628285498,8.29929628285498,8.29929628285498,8.29929628285498,0.0,5.02,5.02,5.02,2,2,1,0.0,Low,True,True,False
CHEMBL5991109,2,5.259637310505756,5.259637310505756,5.259637310505756,5.259637310505756,0.0,5500.0,5500.0,5500.0,2,2,1,0.0,Low,True,True,False
CHEMBL6000305,2,7.790484985457369,7.790484985457369,7.790484985457369,7.790484985457369,0.0,16.2,16.2,16.2,2,2,1,0.0,Low,True,True,False
CHEMBL6000376,2,7.82102305270683,7.82102305270683,7.82102305270683,7.82102305270683,0.0,15.1,15.1,15.1,2,2,1,0.0,Low,True,True,False
CHEMBL6004953,2,8.614393726401687,8.614393726401687,8.614393726401687,8.614393726401687,0.0,2.43,2.43,2.43,2,2,1,0.0,Low,True,True,False
CHEMBL6006629,2,8.795880017344075,8.795880017344075,8.795880017344075,8.795880017344075,0.0,1.6,1.6,1.6,2,2,1,0.0,Low,True,True,False
CHEMBL6008481,2,5.142667503568731,5.142667503568731,5.142667503568731,5.142667503568731,0.0,7200.0,7200.0,7200.0,2,2,1,0.0,Low,True,True,False
CHEMBL6009948,2,4.968591535748375,4.968591535748375,4.968591535748375,4.968591535748375,0.0,10750.0,10750.0,10750.0,2,2,1,0.0,Low,True,True,False
CHEMBL6010490,2,4.903089986991944,4.903089986991944,4.903089986991944,4.903089986991944,0.0,12500.0,12500.0,12500.0,2,2,1,0.0,Low,True,True,False
CHEMBL6014639,2,5.6020599913279625,5.6020599913279625,5.6020599913279625,5.6020599913279625,0.0,2500.0,2500.0,2500.0,2,2,1,0.0,Low,True,True,False
CHEMBL6021933,2,7.943095148663527,7.943095148663527,7.943095148663527,7.943095148663527,0.0,11.4,11.4,11.4,2,2,1,0.0,Low,True,True,False
CHEMBL6024609,2,7.906578314837764,7.906578314837764,7.906578314837764,7.906578314837764,0.0,12.4,12.4,12.4,2,2,1,0.0,Low,True,True,False
CHEMBL6026134,2,8.47237009912866,8.47237009912866,8.47237009912866,8.47237009912866,0.0,3.37,3.37,3.37,2,2,1,0.0,Low,True,True,False
CHEMBL6027892,2,8.130768280269024,8.130768280269024,8.130768280269024,8.130768280269024,0.0,7.4,7.4,7.4,2,2,1,0.0,Low,True,True,False
CHEMBL6028836,2,8.735182176990463,8.735182176990463,8.735182176990463,8.735182176990463,0.0,1.84,1.84,1.84,2,2,1,0.0,Low,True,True,False
CHEMBL603052,2,4.790484985457369,4.790484985457369,4.790484985457369,4.790484985457369,0.0,16200.0,16200.0,16200.0,2,2,1,0.0,Low,True,True,False
CHEMBL6033368,2,7.059981844992337,7.059981844992337,7.059981844992337,7.059981844992337,0.0,87.1,87.1,87.1,2,2,1,0.0,Low,True,True,False
CHEMBL6034751,2,7.812479279163536,7.812479279163536,7.812479279163536,7.812479279163536,0.0,15.4,15.4,15.4,2,2,1,0.0,Low,True,True,False
CHEMBL6035199,2,7.42021640338319,7.42021640338319,7.42021640338319,7.42021640338319,0.0,38.0,38.0,38.0,2,2,1,0.0,Low,True,True,False
CHEMBL6040464,2,7.838631997765026,7.838631997765026,7.838631997765026,7.838631997765026,0.0,14.5,14.5,14.5,2,2,1,0.0,Low,True,True,False
CHEMBL6044807,2,7.958607314841775,7.958607314841775,7.958607314841775,7.958607314841775,0.0,11.0,11.0,11.0,2,2,1,0.0,Low,True,True,False
CHEMBL6051432,2,7.415668775632469,7.415668775632469,7.415668775632469,7.415668775632469,0.0,38.4,38.4,38.4,2,2,1,0.0,Low,True,True,False
CHEMBL6052379,2,7.8696662315049934,7.8696662315049934,7.8696662315049934,7.8696662315049934,0.0,13.5,13.5,13.5,2,2,1,0.0,Low,True,True,False
CHEMBL6059656,2,4.498666821354433,4.498666821354433,4.498666821354433,4.498666821354433,0.0,31720.0,31720.0,31720.0,2,2,1,0.0,Low,True,True,False
CHEMBL606029,2,4.920818753952375,4.920818753952375,4.920818753952375,4.920818753952375,0.0,12000.0,12000.0,12000.0,2,2,1,0.0,Low,True,True,False
CHEMBL6063759,2,9.2839966563652,9.2839966563652,9.2839966563652,9.2839966563652,0.0,0.52,0.52,0.52,2,2,1,0.0,Low,True,True,False
CHEMBL6064033,2,5.046723663332696,5.046723663332696,5.046723663332696,5.046723663332696,0.0,8980.0,8980.0,8980.0,2,2,1,0.0,Low,True,True,False
CHEMBL6064693,2,8.370590400897282,8.370590400897282,8.370590400897282,8.370590400897282,0.0,4.26,4.26,4.26,2,2,1,0.0,Low,True,True,False
CHEMBL640,2,3.859999988863412,3.859999988863412,3.859999988863412,3.859999988863412,0.0,138038.43,138038.43,138038.43,2,2,1,0.0,Low,True,True,False
CHEMBL79,2,3.5799999986618127,3.5799999986618127,3.5799999986618127,3.5799999986618127,0.0,263026.8,263026.8,263026.8,2,2,1,0.0,Low,True,True,False
CHEMBL92870,2,7.79997073344623,7.79997073344623,7.79997073344623,7.79997073344623,0.0,15.85,15.85,15.85,2,2,1,0.0,Low,True,True,False
CHEMBL9387,2,5.301029995663981,5.301029995663981,5.301029995663981,5.301029995663981,0.0,5000.0,5000.0,5000.0,2,2,1,0.0,Low,True,True,False
